fiscal_year,fiscal_year_start,triage_level,ctas_urgency_score,visit_disposition,main_problem,admission_status,ed_visits,median_los_minutes,median_los_hours,admission_flag,is_suppressed
2021-2022,2021,CTAS I - Resuscitation,1,Admitted,Acute Myocardial Infarction,Admitted,1360,93.0,1.55,1,0
2021-2022,2021,CTAS I - Resuscitation,1,Admitted,Asthma,Admitted,822,456.0,7.6,1,0
2021-2022,2021,CTAS I - Resuscitation,1,Admitted,Influenzal Pneumonia,Admitted,0,0.0,0.0,1,1
2021-2022,2021,CTAS I - Resuscitation,1,Admitted,Motor Vehicle Collisions,Admitted,3032,324.0,5.4,1,0
2021-2022,2021,CTAS I - Resuscitation,1,Admitted,Pneumonia,Admitted,1656,561.0,9.35,1,0
2021-2022,2021,CTAS I - Resuscitation,1,Admitted,Trauma,Admitted,8476,348.0,5.8,1,0
2021-2022,2021,CTAS I - Resuscitation,1,Admitted,Unintentional Falls,Admitted,2393,456.0,7.6,1,0
2021-2022,2021,CTAS I - Resuscitation,1,Death,Acute Myocardial Infarction,Not Admitted,365,36.0,0.6,0,0
2021-2022,2021,CTAS I - Resuscitation,1,Death,Asthma,Not Admitted,0,18.0,0.3,0,1
2021-2022,2021,CTAS I - Resuscitation,1,Death,Influenzal Pneumonia,Not Admitted,0,0.0,0.0,0,1
2021-2022,2021,CTAS I - Resuscitation,1,Death,Motor Vehicle Collisions,Not Admitted,195,30.0,0.5,0,0
2021-2022,2021,CTAS I - Resuscitation,1,Death,Pneumonia,Not Admitted,32,324.0,5.4,0,0
2021-2022,2021,CTAS I - Resuscitation,1,Death,Trauma,Not Admitted,683,60.0,1.0,0,0
2021-2022,2021,CTAS I - Resuscitation,1,Death,Unintentional Falls,Not Admitted,120,201.0,3.35,0,0
2021-2022,2021,CTAS I - Resuscitation,1,Discharged Home,Acute Myocardial Infarction,Not Admitted,7,36.0,0.6,0,0
2021-2022,2021,CTAS I - Resuscitation,1,Discharged Home,Asthma,Not Admitted,813,252.0,4.2,0,0
2021-2022,2021,CTAS I - Resuscitation,1,Discharged Home,Influenzal Pneumonia,Not Admitted,0,0.0,0.0,0,1
2021-2022,2021,CTAS I - Resuscitation,1,Discharged Home,Motor Vehicle Collisions,Not Admitted,752,294.0,4.9,0,0
2021-2022,2021,CTAS I - Resuscitation,1,Discharged Home,Pneumonia,Not Admitted,353,198.0,3.3,0,0
2021-2022,2021,CTAS I - Resuscitation,1,Discharged Home,Trauma,Not Admitted,4095,258.0,4.3,0,0
2021-2022,2021,CTAS I - Resuscitation,1,Discharged Home,Unintentional Falls,Not Admitted,760,264.0,4.4,0,0
2021-2022,2021,CTAS I - Resuscitation,1,Intra-Facility Transfer,Acute Myocardial Infarction,Not Admitted,158,33.0,0.55,0,0
2021-2022,2021,CTAS I - Resuscitation,1,Intra-Facility Transfer,Asthma,Not Admitted,9,102.0,1.7,0,0
2021-2022,2021,CTAS I - Resuscitation,1,Intra-Facility Transfer,Influenzal Pneumonia,Not Admitted,0,0.0,0.0,0,1
2021-2022,2021,CTAS I - Resuscitation,1,Intra-Facility Transfer,Motor Vehicle Collisions,Not Admitted,16,237.0,3.95,0,0
2021-2022,2021,CTAS I - Resuscitation,1,Intra-Facility Transfer,Pneumonia,Not Admitted,5,222.0,3.7,0,0
2021-2022,2021,CTAS I - Resuscitation,1,Intra-Facility Transfer,Trauma,Not Admitted,87,144.0,2.4,0,0
2021-2022,2021,CTAS I - Resuscitation,1,Intra-Facility Transfer,Unintentional Falls,Not Admitted,15,150.0,2.5,0,0
2021-2022,2021,CTAS I - Resuscitation,1,Not Seen Or Left,Acute Myocardial Infarction,Not Admitted,0,411.0,6.85,0,1
2021-2022,2021,CTAS I - Resuscitation,1,Not Seen Or Left,Asthma,Not Admitted,9,180.0,3.0,0,0
2021-2022,2021,CTAS I - Resuscitation,1,Not Seen Or Left,Influenzal Pneumonia,Not Admitted,0,0.0,0.0,0,1
2021-2022,2021,CTAS I - Resuscitation,1,Not Seen Or Left,Motor Vehicle Collisions,Not Admitted,22,213.0,3.55,0,0
2021-2022,2021,CTAS I - Resuscitation,1,Not Seen Or Left,Pneumonia,Not Admitted,7,222.0,3.7,0,0
2021-2022,2021,CTAS I - Resuscitation,1,Not Seen Or Left,Trauma,Not Admitted,138,228.0,3.8,0,0
2021-2022,2021,CTAS I - Resuscitation,1,Not Seen Or Left,Unintentional Falls,Not Admitted,24,372.0,6.2,0,0
2021-2022,2021,CTAS I - Resuscitation,1,Transferred,Acute Myocardial Infarction,Not Admitted,554,78.0,1.3,0,0
2021-2022,2021,CTAS I - Resuscitation,1,Transferred,Asthma,Not Admitted,146,327.0,5.45,0,0
2021-2022,2021,CTAS I - Resuscitation,1,Transferred,Influenzal Pneumonia,Not Admitted,0,198.0,3.3,0,1
2021-2022,2021,CTAS I - Resuscitation,1,Transferred,Motor Vehicle Collisions,Not Admitted,581,120.0,2.0,0,0
2021-2022,2021,CTAS I - Resuscitation,1,Transferred,Pneumonia,Not Admitted,227,300.0,5.0,0,0
2021-2022,2021,CTAS I - Resuscitation,1,Transferred,Trauma,Not Admitted,1758,156.0,2.6,0,0
2021-2022,2021,CTAS I - Resuscitation,1,Transferred,Unintentional Falls,Not Admitted,400,192.0,3.2,0,0
2021-2022,2021,CTAS I - Resuscitation,1,Unknown,Acute Myocardial Infarction,Not Admitted,0,0.0,0.0,0,1
2021-2022,2021,CTAS I - Resuscitation,1,Unknown,Asthma,Not Admitted,0,0.0,0.0,0,1
2021-2022,2021,CTAS I - Resuscitation,1,Unknown,Influenzal Pneumonia,Not Admitted,0,0.0,0.0,0,1
2021-2022,2021,CTAS I - Resuscitation,1,Unknown,Motor Vehicle Collisions,Not Admitted,0,0.0,0.0,0,1
2021-2022,2021,CTAS I - Resuscitation,1,Unknown,Pneumonia,Not Admitted,0,0.0,0.0,0,1
2021-2022,2021,CTAS I - Resuscitation,1,Unknown,Trauma,Not Admitted,0,0.0,0.0,0,1
2021-2022,2021,CTAS I - Resuscitation,1,Unknown,Unintentional Falls,Not Admitted,0,0.0,0.0,0,1
2021-2022,2021,CTAS II - Emergent,2,Admitted,Acute Myocardial Infarction,Admitted,13347,528.0,8.8,1,0
2021-2022,2021,CTAS II - Emergent,2,Admitted,Asthma,Admitted,2250,564.0,9.4,1,0
2021-2022,2021,CTAS II - Emergent,2,Admitted,Influenzal Pneumonia,Admitted,0,1506.0,25.1,1,1
2021-2022,2021,CTAS II - Emergent,2,Admitted,Motor Vehicle Collisions,Admitted,4363,462.0,7.7,1,0
2021-2022,2021,CTAS II - Emergent,2,Admitted,Pneumonia,Admitted,11251,768.0,12.8,1,0
2021-2022,2021,CTAS II - Emergent,2,Admitted,Trauma,Admitted,29489,588.0,9.8,1,0
2021-2022,2021,CTAS II - Emergent,2,Admitted,Unintentional Falls,Admitted,17236,660.0,11.0,1,0
2021-2022,2021,CTAS II - Emergent,2,Death,Acute Myocardial Infarction,Not Admitted,88,180.0,3.0,0,0
2021-2022,2021,CTAS II - Emergent,2,Death,Asthma,Not Admitted,0,0.0,0.0,0,1
2021-2022,2021,CTAS II - Emergent,2,Death,Influenzal Pneumonia,Not Admitted,0,0.0,0.0,0,1
2021-2022,2021,CTAS II - Emergent,2,Death,Motor Vehicle Collisions,Not Admitted,0,126.0,2.1,0,1
2021-2022,2021,CTAS II - Emergent,2,Death,Pneumonia,Not Admitted,36,357.0,5.95,0,0
2021-2022,2021,CTAS II - Emergent,2,Death,Trauma,Not Admitted,49,288.0,4.8,0,0
2021-2022,2021,CTAS II - Emergent,2,Death,Unintentional Falls,Not Admitted,30,324.0,5.4,0,0
2021-2022,2021,CTAS II - Emergent,2,Discharged Home,Acute Myocardial Infarction,Not Admitted,463,288.0,4.8,0,0
2021-2022,2021,CTAS II - Emergent,2,Discharged Home,Asthma,Not Admitted,9616,240.0,4.0,0,0
2021-2022,2021,CTAS II - Emergent,2,Discharged Home,Influenzal Pneumonia,Not Admitted,7,204.0,3.4,0,0
2021-2022,2021,CTAS II - Emergent,2,Discharged Home,Motor Vehicle Collisions,Not Admitted,28661,210.0,3.5,0,0
2021-2022,2021,CTAS II - Emergent,2,Discharged Home,Pneumonia,Not Admitted,9007,264.0,4.4,0,0
2021-2022,2021,CTAS II - Emergent,2,Discharged Home,Trauma,Not Admitted,182660,186.0,3.1,0,0
2021-2022,2021,CTAS II - Emergent,2,Discharged Home,Unintentional Falls,Not Admitted,63926,210.0,3.5,0,0
2021-2022,2021,CTAS II - Emergent,2,Intra-Facility Transfer,Acute Myocardial Infarction,Not Admitted,146,66.0,1.1,0,0
2021-2022,2021,CTAS II - Emergent,2,Intra-Facility Transfer,Asthma,Not Admitted,27,216.0,3.6,0,0
2021-2022,2021,CTAS II - Emergent,2,Intra-Facility Transfer,Influenzal Pneumonia,Not Admitted,0,0.0,0.0,0,1
2021-2022,2021,CTAS II - Emergent,2,Intra-Facility Transfer,Motor Vehicle Collisions,Not Admitted,85,288.0,4.8,0,0
2021-2022,2021,CTAS II - Emergent,2,Intra-Facility Transfer,Pneumonia,Not Admitted,13,336.0,5.6,0,0
2021-2022,2021,CTAS II - Emergent,2,Intra-Facility Transfer,Trauma,Not Admitted,1319,204.0,3.4,0,0
2021-2022,2021,CTAS II - Emergent,2,Intra-Facility Transfer,Unintentional Falls,Not Admitted,230,270.0,4.5,0,0
2021-2022,2021,CTAS II - Emergent,2,Not Seen Or Left,Acute Myocardial Infarction,Not Admitted,104,315.0,5.25,0,0
2021-2022,2021,CTAS II - Emergent,2,Not Seen Or Left,Asthma,Not Admitted,122,222.0,3.7,0,0
2021-2022,2021,CTAS II - Emergent,2,Not Seen Or Left,Influenzal Pneumonia,Not Admitted,0,0.0,0.0,0,1
2021-2022,2021,CTAS II - Emergent,2,Not Seen Or Left,Motor Vehicle Collisions,Not Admitted,926,162.0,2.7,0,0
2021-2022,2021,CTAS II - Emergent,2,Not Seen Or Left,Pneumonia,Not Admitted,106,276.0,4.6,0,0
2021-2022,2021,CTAS II - Emergent,2,Not Seen Or Left,Trauma,Not Admitted,6290,156.0,2.6,0,0
2021-2022,2021,CTAS II - Emergent,2,Not Seen Or Left,Unintentional Falls,Not Admitted,1728,180.0,3.0,0,0
2021-2022,2021,CTAS II - Emergent,2,Transferred,Acute Myocardial Infarction,Not Admitted,4487,138.0,2.3,0,0
2021-2022,2021,CTAS II - Emergent,2,Transferred,Asthma,Not Admitted,317,348.0,5.8,0,0
2021-2022,2021,CTAS II - Emergent,2,Transferred,Influenzal Pneumonia,Not Admitted,0,462.0,7.7,0,1
2021-2022,2021,CTAS II - Emergent,2,Transferred,Motor Vehicle Collisions,Not Admitted,2439,228.0,3.8,0,0
2021-2022,2021,CTAS II - Emergent,2,Transferred,Pneumonia,Not Admitted,1150,384.0,6.4,0,0
2021-2022,2021,CTAS II - Emergent,2,Transferred,Trauma,Not Admitted,14647,276.0,4.6,0,0
2021-2022,2021,CTAS II - Emergent,2,Transferred,Unintentional Falls,Not Admitted,7147,330.0,5.5,0,0
2021-2022,2021,CTAS II - Emergent,2,Unknown,Acute Myocardial Infarction,Not Admitted,0,0.0,0.0,0,1
2021-2022,2021,CTAS II - Emergent,2,Unknown,Asthma,Not Admitted,0,0.0,0.0,0,1
2021-2022,2021,CTAS II - Emergent,2,Unknown,Influenzal Pneumonia,Not Admitted,0,0.0,0.0,0,1
2021-2022,2021,CTAS II - Emergent,2,Unknown,Motor Vehicle Collisions,Not Admitted,0,0.0,0.0,0,1
2021-2022,2021,CTAS II - Emergent,2,Unknown,Pneumonia,Not Admitted,0,0.0,0.0,0,1
2021-2022,2021,CTAS II - Emergent,2,Unknown,Trauma,Not Admitted,0,0.0,0.0,0,1
2021-2022,2021,CTAS II - Emergent,2,Unknown,Unintentional Falls,Not Admitted,0,0.0,0.0,0,1
2021-2022,2021,CTAS III - Urgent,3,Admitted,Acute Myocardial Infarction,Admitted,3592,666.0,11.1,1,0
2021-2022,2021,Less urgent,3,Admitted,Acute Myocardial Infarction,Admitted,311,582.0,9.7,1,0
2021-2022,2021,Non-urgent,3,Admitted,Acute Myocardial Infarction,Admitted,39,516.0,8.6,1,0
2021-2022,2021,Unknown,3,Admitted,Acute Myocardial Infarction,Admitted,68,240.0,4.0,1,0
2021-2022,2021,CTAS III - Urgent,3,Admitted,Asthma,Admitted,882,660.0,11.0,1,0
2021-2022,2021,Less urgent,3,Admitted,Asthma,Admitted,27,354.0,5.9,1,0
2021-2022,2021,Non-urgent,3,Admitted,Asthma,Admitted,7,450.0,7.5,1,0
2021-2022,2021,Unknown,3,Admitted,Asthma,Admitted,15,246.0,4.1,1,0
2021-2022,2021,CTAS III - Urgent,3,Admitted,Influenzal Pneumonia,Admitted,9,768.0,12.8,1,0
2021-2022,2021,Less urgent,3,Admitted,Influenzal Pneumonia,Admitted,0,0.0,0.0,1,1
2021-2022,2021,Non-urgent,3,Admitted,Influenzal Pneumonia,Admitted,0,0.0,0.0,1,1
2021-2022,2021,Unknown,3,Admitted,Influenzal Pneumonia,Admitted,0,132.0,2.2,1,1
2021-2022,2021,CTAS III - Urgent,3,Admitted,Motor Vehicle Collisions,Admitted,2394,480.0,8.0,1,0
2021-2022,2021,Less urgent,3,Admitted,Motor Vehicle Collisions,Admitted,277,420.0,7.0,1,0
2021-2022,2021,Non-urgent,3,Admitted,Motor Vehicle Collisions,Admitted,47,342.0,5.7,1,0
2021-2022,2021,Unknown,3,Admitted,Motor Vehicle Collisions,Admitted,46,198.0,3.3,1,0
2021-2022,2021,CTAS III - Urgent,3,Admitted,Pneumonia,Admitted,9424,792.0,13.2,1,0
2021-2022,2021,Less urgent,3,Admitted,Pneumonia,Admitted,599,558.0,9.3,1,0
2021-2022,2021,Non-urgent,3,Admitted,Pneumonia,Admitted,60,420.0,7.0,1,0
2021-2022,2021,Unknown,3,Admitted,Pneumonia,Admitted,120,210.0,3.5,1,0
2021-2022,2021,CTAS III - Urgent,3,Admitted,Trauma,Admitted,48227,618.0,10.3,1,0
2021-2022,2021,Less urgent,3,Admitted,Trauma,Admitted,5615,462.0,7.7,1,0
2021-2022,2021,Non-urgent,3,Admitted,Trauma,Admitted,822,378.0,6.3,1,0
2021-2022,2021,Unknown,3,Admitted,Trauma,Admitted,321,270.0,4.5,1,0
2021-2022,2021,CTAS III - Urgent,3,Admitted,Unintentional Falls,Admitted,37604,642.0,10.7,1,0
2021-2022,2021,Less urgent,3,Admitted,Unintentional Falls,Admitted,3820,480.0,8.0,1,0
2021-2022,2021,Non-urgent,3,Admitted,Unintentional Falls,Admitted,503,396.0,6.6,1,0
2021-2022,2021,Unknown,3,Admitted,Unintentional Falls,Admitted,190,306.0,5.1,1,0
2021-2022,2021,CTAS III - Urgent,3,Death,Acute Myocardial Infarction,Not Admitted,30,276.0,4.6,0,0
2021-2022,2021,Less urgent,3,Death,Acute Myocardial Infarction,Not Admitted,0,168.0,2.8,0,1
2021-2022,2021,Non-urgent,3,Death,Acute Myocardial Infarction,Not Admitted,0,0.0,0.0,0,1
2021-2022,2021,Unknown,3,Death,Acute Myocardial Infarction,Not Admitted,9,42.0,0.7,0,0
2021-2022,2021,CTAS III - Urgent,3,Death,Asthma,Not Admitted,0,0.0,0.0,0,1
2021-2022,2021,Less urgent,3,Death,Asthma,Not Admitted,0,0.0,0.0,0,1
2021-2022,2021,Non-urgent,3,Death,Asthma,Not Admitted,0,84.0,1.4,0,1
2021-2022,2021,Unknown,3,Death,Asthma,Not Admitted,0,0.0,0.0,0,1
2021-2022,2021,CTAS III - Urgent,3,Death,Influenzal Pneumonia,Not Admitted,0,0.0,0.0,0,1
2021-2022,2021,Less urgent,3,Death,Influenzal Pneumonia,Not Admitted,0,0.0,0.0,0,1
2021-2022,2021,Non-urgent,3,Death,Influenzal Pneumonia,Not Admitted,0,0.0,0.0,0,1
2021-2022,2021,Unknown,3,Death,Influenzal Pneumonia,Not Admitted,0,0.0,0.0,0,1
2021-2022,2021,CTAS III - Urgent,3,Death,Motor Vehicle Collisions,Not Admitted,0,0.0,0.0,0,1
2021-2022,2021,Less urgent,3,Death,Motor Vehicle Collisions,Not Admitted,0,117.0,1.95,0,1
2021-2022,2021,Non-urgent,3,Death,Motor Vehicle Collisions,Not Admitted,0,0.0,0.0,0,1
2021-2022,2021,Unknown,3,Death,Motor Vehicle Collisions,Not Admitted,0,180.0,3.0,0,1
2021-2022,2021,CTAS III - Urgent,3,Death,Pneumonia,Not Admitted,14,426.0,7.1,0,0
2021-2022,2021,Less urgent,3,Death,Pneumonia,Not Admitted,0,0.0,0.0,0,1
2021-2022,2021,Non-urgent,3,Death,Pneumonia,Not Admitted,0,0.0,0.0,0,1
2021-2022,2021,Unknown,3,Death,Pneumonia,Not Admitted,0,0.0,0.0,0,1
2021-2022,2021,CTAS III - Urgent,3,Death,Trauma,Not Admitted,39,402.0,6.7,0,0
2021-2022,2021,Less urgent,3,Death,Trauma,Not Admitted,6,147.0,2.45,0,0
2021-2022,2021,Non-urgent,3,Death,Trauma,Not Admitted,0,90.0,1.5,0,1
2021-2022,2021,Unknown,3,Death,Trauma,Not Admitted,20,69.0,1.15,0,0
2021-2022,2021,CTAS III - Urgent,3,Death,Unintentional Falls,Not Admitted,30,462.0,7.7,0,0
2021-2022,2021,Less urgent,3,Death,Unintentional Falls,Not Admitted,0,357.0,5.95,0,1
2021-2022,2021,Non-urgent,3,Death,Unintentional Falls,Not Admitted,0,0.0,0.0,0,1
2021-2022,2021,Unknown,3,Death,Unintentional Falls,Not Admitted,0,96.0,1.6,0,1
2021-2022,2021,CTAS III - Urgent,3,Discharged Home,Acute Myocardial Infarction,Not Admitted,213,411.0,6.85,0,0
2021-2022,2021,Less urgent,3,Discharged Home,Acute Myocardial Infarction,Not Admitted,28,333.0,5.55,0,0
2021-2022,2021,Non-urgent,3,Discharged Home,Acute Myocardial Infarction,Not Admitted,19,90.0,1.5,0,0
2021-2022,2021,Unknown,3,Discharged Home,Acute Myocardial Infarction,Not Admitted,7,342.0,5.7,0,0
2021-2022,2021,CTAS III - Urgent,3,Discharged Home,Asthma,Not Admitted,16927,192.0,3.2,0,0
2021-2022,2021,Less urgent,3,Discharged Home,Asthma,Not Admitted,6090,138.0,2.3,0,0
2021-2022,2021,Non-urgent,3,Discharged Home,Asthma,Not Admitted,1274,114.0,1.9,0,0
2021-2022,2021,Unknown,3,Discharged Home,Asthma,Not Admitted,203,96.0,1.6,0,0
2021-2022,2021,CTAS III - Urgent,3,Discharged Home,Influenzal Pneumonia,Not Admitted,28,252.0,4.2,0,0
2021-2022,2021,Less urgent,3,Discharged Home,Influenzal Pneumonia,Not Admitted,7,258.0,4.3,0,0
2021-2022,2021,Non-urgent,3,Discharged Home,Influenzal Pneumonia,Not Admitted,0,84.0,1.4,0,1
2021-2022,2021,Unknown,3,Discharged Home,Influenzal Pneumonia,Not Admitted,0,0.0,0.0,0,1
2021-2022,2021,CTAS III - Urgent,3,Discharged Home,Motor Vehicle Collisions,Not Admitted,64405,168.0,2.8,0,0
2021-2022,2021,Less urgent,3,Discharged Home,Motor Vehicle Collisions,Not Admitted,29591,138.0,2.3,0,0
2021-2022,2021,Non-urgent,3,Discharged Home,Motor Vehicle Collisions,Not Admitted,4443,120.0,2.0,0,0
2021-2022,2021,Unknown,3,Discharged Home,Motor Vehicle Collisions,Not Admitted,552,102.0,1.7,0,0
2021-2022,2021,CTAS III - Urgent,3,Discharged Home,Pneumonia,Not Admitted,20185,234.0,3.9,0,0
2021-2022,2021,Less urgent,3,Discharged Home,Pneumonia,Not Admitted,5707,174.0,2.9,0,0
2021-2022,2021,Non-urgent,3,Discharged Home,Pneumonia,Not Admitted,1195,150.0,2.5,0,0
2021-2022,2021,Unknown,3,Discharged Home,Pneumonia,Not Admitted,157,132.0,2.2,0,0
2021-2022,2021,CTAS III - Urgent,3,Discharged Home,Trauma,Not Admitted,731133,150.0,2.5,0,0
2021-2022,2021,Less urgent,3,Discharged Home,Trauma,Not Admitted,568538,126.0,2.1,0,0
2021-2022,2021,Non-urgent,3,Discharged Home,Trauma,Not Admitted,128699,108.0,1.8,0,0
2021-2022,2021,Unknown,3,Discharged Home,Trauma,Not Admitted,7366,84.0,1.4,0,0
2021-2022,2021,CTAS III - Urgent,3,Discharged Home,Unintentional Falls,Not Admitted,280679,174.0,2.9,0,0
2021-2022,2021,Less urgent,3,Discharged Home,Unintentional Falls,Not Admitted,169765,138.0,2.3,0,0
2021-2022,2021,Non-urgent,3,Discharged Home,Unintentional Falls,Not Admitted,26457,126.0,2.1,0,0
2021-2022,2021,Unknown,3,Discharged Home,Unintentional Falls,Not Admitted,2089,96.0,1.6,0,0
2021-2022,2021,CTAS III - Urgent,3,Intra-Facility Transfer,Acute Myocardial Infarction,Not Admitted,8,255.0,4.25,0,0
2021-2022,2021,Less urgent,3,Intra-Facility Transfer,Acute Myocardial Infarction,Not Admitted,0,66.0,1.1,0,1
2021-2022,2021,Non-urgent,3,Intra-Facility Transfer,Acute Myocardial Infarction,Not Admitted,0,0.0,0.0,0,1
2021-2022,2021,Unknown,3,Intra-Facility Transfer,Acute Myocardial Infarction,Not Admitted,0,12.0,0.2,0,1
2021-2022,2021,CTAS III - Urgent,3,Intra-Facility Transfer,Asthma,Not Admitted,0,120.0,2.0,0,1
2021-2022,2021,Less urgent,3,Intra-Facility Transfer,Asthma,Not Admitted,0,108.0,1.8,0,1
2021-2022,2021,Non-urgent,3,Intra-Facility Transfer,Asthma,Not Admitted,0,0.0,0.0,0,1
2021-2022,2021,Unknown,3,Intra-Facility Transfer,Asthma,Not Admitted,0,0.0,0.0,0,1
2021-2022,2021,CTAS III - Urgent,3,Intra-Facility Transfer,Influenzal Pneumonia,Not Admitted,0,0.0,0.0,0,1
2021-2022,2021,Less urgent,3,Intra-Facility Transfer,Influenzal Pneumonia,Not Admitted,0,0.0,0.0,0,1
2021-2022,2021,Non-urgent,3,Intra-Facility Transfer,Influenzal Pneumonia,Not Admitted,0,0.0,0.0,0,1
2021-2022,2021,Unknown,3,Intra-Facility Transfer,Influenzal Pneumonia,Not Admitted,0,0.0,0.0,0,1
2021-2022,2021,CTAS III - Urgent,3,Intra-Facility Transfer,Motor Vehicle Collisions,Not Admitted,96,264.0,4.4,0,0
2021-2022,2021,Less urgent,3,Intra-Facility Transfer,Motor Vehicle Collisions,Not Admitted,34,159.0,2.65,0,0
2021-2022,2021,Non-urgent,3,Intra-Facility Transfer,Motor Vehicle Collisions,Not Admitted,15,132.0,2.2,0,0
2021-2022,2021,Unknown,3,Intra-Facility Transfer,Motor Vehicle Collisions,Not Admitted,0,48.0,0.8,0,1
2021-2022,2021,CTAS III - Urgent,3,Intra-Facility Transfer,Pneumonia,Not Admitted,14,240.0,4.0,0,0
2021-2022,2021,Less urgent,3,Intra-Facility Transfer,Pneumonia,Not Admitted,0,210.0,3.5,0,1
2021-2022,2021,Non-urgent,3,Intra-Facility Transfer,Pneumonia,Not Admitted,0,0.0,0.0,0,1
2021-2022,2021,Unknown,3,Intra-Facility Transfer,Pneumonia,Not Admitted,0,0.0,0.0,0,1
2021-2022,2021,CTAS III - Urgent,3,Intra-Facility Transfer,Trauma,Not Admitted,2292,240.0,4.0,0,0
2021-2022,2021,Less urgent,3,Intra-Facility Transfer,Trauma,Not Admitted,754,186.0,3.1,0,0
2021-2022,2021,Non-urgent,3,Intra-Facility Transfer,Trauma,Not Admitted,253,132.0,2.2,0,0
2021-2022,2021,Unknown,3,Intra-Facility Transfer,Trauma,Not Admitted,32,66.0,1.1,0,0
2021-2022,2021,CTAS III - Urgent,3,Intra-Facility Transfer,Unintentional Falls,Not Admitted,597,288.0,4.8,0,0
2021-2022,2021,Less urgent,3,Intra-Facility Transfer,Unintentional Falls,Not Admitted,179,204.0,3.4,0,0
2021-2022,2021,Non-urgent,3,Intra-Facility Transfer,Unintentional Falls,Not Admitted,53,144.0,2.4,0,0
2021-2022,2021,Unknown,3,Intra-Facility Transfer,Unintentional Falls,Not Admitted,11,90.0,1.5,0,0
2021-2022,2021,CTAS III - Urgent,3,Not Seen Or Left,Acute Myocardial Infarction,Not Admitted,46,360.0,6.0,0,0
2021-2022,2021,Less urgent,3,Not Seen Or Left,Acute Myocardial Infarction,Not Admitted,6,276.0,4.6,0,0
2021-2022,2021,Non-urgent,3,Not Seen Or Left,Acute Myocardial Infarction,Not Admitted,0,174.0,2.9,0,1
2021-2022,2021,Unknown,3,Not Seen Or Left,Acute Myocardial Infarction,Not Admitted,0,144.0,2.4,0,1
2021-2022,2021,CTAS III - Urgent,3,Not Seen Or Left,Asthma,Not Admitted,252,186.0,3.1,0,0
2021-2022,2021,Less urgent,3,Not Seen Or Left,Asthma,Not Admitted,83,144.0,2.4,0,0
2021-2022,2021,Non-urgent,3,Not Seen Or Left,Asthma,Not Admitted,13,180.0,3.0,0,0
2021-2022,2021,Unknown,3,Not Seen Or Left,Asthma,Not Admitted,11,48.0,0.8,0,0
2021-2022,2021,CTAS III - Urgent,3,Not Seen Or Left,Influenzal Pneumonia,Not Admitted,0,0.0,0.0,0,1
2021-2022,2021,Less urgent,3,Not Seen Or Left,Influenzal Pneumonia,Not Admitted,0,0.0,0.0,0,1
2021-2022,2021,Non-urgent,3,Not Seen Or Left,Influenzal Pneumonia,Not Admitted,0,0.0,0.0,0,1
2021-2022,2021,Unknown,3,Not Seen Or Left,Influenzal Pneumonia,Not Admitted,0,0.0,0.0,0,1
2021-2022,2021,CTAS III - Urgent,3,Not Seen Or Left,Motor Vehicle Collisions,Not Admitted,2687,168.0,2.8,0,0
2021-2022,2021,Less urgent,3,Not Seen Or Left,Motor Vehicle Collisions,Not Admitted,1302,162.0,2.7,0,0
2021-2022,2021,Non-urgent,3,Not Seen Or Left,Motor Vehicle Collisions,Not Admitted,221,138.0,2.3,0,0
2021-2022,2021,Unknown,3,Not Seen Or Left,Motor Vehicle Collisions,Not Admitted,75,42.0,0.7,0,0
2021-2022,2021,CTAS III - Urgent,3,Not Seen Or Left,Pneumonia,Not Admitted,178,294.0,4.9,0,0
2021-2022,2021,Less urgent,3,Not Seen Or Left,Pneumonia,Not Admitted,49,162.0,2.7,0,0
2021-2022,2021,Non-urgent,3,Not Seen Or Left,Pneumonia,Not Admitted,9,252.0,4.2,0,0
2021-2022,2021,Unknown,3,Not Seen Or Left,Pneumonia,Not Admitted,9,132.0,2.2,0,0
2021-2022,2021,CTAS III - Urgent,3,Not Seen Or Left,Trauma,Not Admitted,31508,156.0,2.6,0,0
2021-2022,2021,Less urgent,3,Not Seen Or Left,Trauma,Not Admitted,25663,144.0,2.4,0,0
2021-2022,2021,Non-urgent,3,Not Seen Or Left,Trauma,Not Admitted,7735,108.0,1.8,0,0
2021-2022,2021,Unknown,3,Not Seen Or Left,Trauma,Not Admitted,2487,30.0,0.5,0,0
2021-2022,2021,CTAS III - Urgent,3,Not Seen Or Left,Unintentional Falls,Not Admitted,9181,162.0,2.7,0,0
2021-2022,2021,Less urgent,3,Not Seen Or Left,Unintentional Falls,Not Admitted,6302,144.0,2.4,0,0
2021-2022,2021,Non-urgent,3,Not Seen Or Left,Unintentional Falls,Not Admitted,1111,129.0,2.15,0,0
2021-2022,2021,Unknown,3,Not Seen Or Left,Unintentional Falls,Not Admitted,276,48.0,0.8,0,0
2021-2022,2021,CTAS III - Urgent,3,Transferred,Acute Myocardial Infarction,Not Admitted,858,270.0,4.5,0,0
2021-2022,2021,Less urgent,3,Transferred,Acute Myocardial Infarction,Not Admitted,112,339.0,5.65,0,0
2021-2022,2021,Non-urgent,3,Transferred,Acute Myocardial Infarction,Not Admitted,19,276.0,4.6,0,0
2021-2022,2021,Unknown,3,Transferred,Acute Myocardial Infarction,Not Admitted,43,111.0,1.85,0,0
2021-2022,2021,CTAS III - Urgent,3,Transferred,Asthma,Not Admitted,168,300.0,5.0,0,0
2021-2022,2021,Less urgent,3,Transferred,Asthma,Not Admitted,44,231.0,3.85,0,0
2021-2022,2021,Non-urgent,3,Transferred,Asthma,Not Admitted,6,183.0,3.05,0,0
2021-2022,2021,Unknown,3,Transferred,Asthma,Not Admitted,0,0.0,0.0,0,1
2021-2022,2021,CTAS III - Urgent,3,Transferred,Influenzal Pneumonia,Not Admitted,0,450.0,7.5,0,1
2021-2022,2021,Less urgent,3,Transferred,Influenzal Pneumonia,Not Admitted,0,0.0,0.0,0,1
2021-2022,2021,Non-urgent,3,Transferred,Influenzal Pneumonia,Not Admitted,0,0.0,0.0,0,1
2021-2022,2021,Unknown,3,Transferred,Influenzal Pneumonia,Not Admitted,0,0.0,0.0,0,1
2021-2022,2021,CTAS III - Urgent,3,Transferred,Motor Vehicle Collisions,Not Admitted,1511,228.0,3.8,0,0
2021-2022,2021,Less urgent,3,Transferred,Motor Vehicle Collisions,Not Admitted,270,204.0,3.4,0,0
2021-2022,2021,Non-urgent,3,Transferred,Motor Vehicle Collisions,Not Admitted,31,186.0,3.1,0,0
2021-2022,2021,Unknown,3,Transferred,Motor Vehicle Collisions,Not Admitted,69,216.0,3.6,0,0
2021-2022,2021,CTAS III - Urgent,3,Transferred,Pneumonia,Not Admitted,1435,408.0,6.8,0,0
2021-2022,2021,Less urgent,3,Transferred,Pneumonia,Not Admitted,187,318.0,5.3,0,0
2021-2022,2021,Non-urgent,3,Transferred,Pneumonia,Not Admitted,34,255.0,4.25,0,0
2021-2022,2021,Unknown,3,Transferred,Pneumonia,Not Admitted,23,216.0,3.6,0,0
2021-2022,2021,CTAS III - Urgent,3,Transferred,Trauma,Not Admitted,31933,318.0,5.3,0,0
2021-2022,2021,Less urgent,3,Transferred,Trauma,Not Admitted,7576,216.0,3.6,0,0
2021-2022,2021,Non-urgent,3,Transferred,Trauma,Not Admitted,1298,168.0,2.8,0,0
2021-2022,2021,Unknown,3,Transferred,Trauma,Not Admitted,357,174.0,2.9,0,0
2021-2022,2021,CTAS III - Urgent,3,Transferred,Unintentional Falls,Not Admitted,22034,354.0,5.9,0,0
2021-2022,2021,Less urgent,3,Transferred,Unintentional Falls,Not Admitted,4236,246.0,4.1,0,0
2021-2022,2021,Non-urgent,3,Transferred,Unintentional Falls,Not Admitted,566,210.0,3.5,0,0
2021-2022,2021,Unknown,3,Transferred,Unintentional Falls,Not Admitted,158,198.0,3.3,0,0
2021-2022,2021,CTAS III - Urgent,3,Unknown,Acute Myocardial Infarction,Not Admitted,0,0.0,0.0,0,1
2021-2022,2021,Less urgent,3,Unknown,Acute Myocardial Infarction,Not Admitted,0,0.0,0.0,0,1
2021-2022,2021,Non-urgent,3,Unknown,Acute Myocardial Infarction,Not Admitted,0,0.0,0.0,0,1
2021-2022,2021,Unknown,3,Unknown,Acute Myocardial Infarction,Not Admitted,0,0.0,0.0,0,1
2021-2022,2021,CTAS III - Urgent,3,Unknown,Asthma,Not Admitted,0,0.0,0.0,0,1
2021-2022,2021,Less urgent,3,Unknown,Asthma,Not Admitted,0,0.0,0.0,0,1
2021-2022,2021,Non-urgent,3,Unknown,Asthma,Not Admitted,0,0.0,0.0,0,1
2021-2022,2021,Unknown,3,Unknown,Asthma,Not Admitted,0,0.0,0.0,0,1
2021-2022,2021,CTAS III - Urgent,3,Unknown,Influenzal Pneumonia,Not Admitted,0,0.0,0.0,0,1
2021-2022,2021,Less urgent,3,Unknown,Influenzal Pneumonia,Not Admitted,0,0.0,0.0,0,1
2021-2022,2021,Non-urgent,3,Unknown,Influenzal Pneumonia,Not Admitted,0,0.0,0.0,0,1
2021-2022,2021,Unknown,3,Unknown,Influenzal Pneumonia,Not Admitted,0,0.0,0.0,0,1
2021-2022,2021,CTAS III - Urgent,3,Unknown,Motor Vehicle Collisions,Not Admitted,0,0.0,0.0,0,1
2021-2022,2021,Less urgent,3,Unknown,Motor Vehicle Collisions,Not Admitted,0,0.0,0.0,0,1
2021-2022,2021,Non-urgent,3,Unknown,Motor Vehicle Collisions,Not Admitted,0,0.0,0.0,0,1
2021-2022,2021,Unknown,3,Unknown,Motor Vehicle Collisions,Not Admitted,0,0.0,0.0,0,1
2021-2022,2021,CTAS III - Urgent,3,Unknown,Pneumonia,Not Admitted,0,0.0,0.0,0,1
2021-2022,2021,Less urgent,3,Unknown,Pneumonia,Not Admitted,0,0.0,0.0,0,1
2021-2022,2021,Non-urgent,3,Unknown,Pneumonia,Not Admitted,0,0.0,0.0,0,1
2021-2022,2021,Unknown,3,Unknown,Pneumonia,Not Admitted,0,0.0,0.0,0,1
2021-2022,2021,CTAS III - Urgent,3,Unknown,Trauma,Not Admitted,0,0.0,0.0,0,1
2021-2022,2021,Less urgent,3,Unknown,Trauma,Not Admitted,0,0.0,0.0,0,1
2021-2022,2021,Non-urgent,3,Unknown,Trauma,Not Admitted,0,0.0,0.0,0,1
2021-2022,2021,Unknown,3,Unknown,Trauma,Not Admitted,0,0.0,0.0,0,1
2021-2022,2021,CTAS III - Urgent,3,Unknown,Unintentional Falls,Not Admitted,0,0.0,0.0,0,1
2021-2022,2021,Less urgent,3,Unknown,Unintentional Falls,Not Admitted,0,0.0,0.0,0,1
2021-2022,2021,Non-urgent,3,Unknown,Unintentional Falls,Not Admitted,0,0.0,0.0,0,1
2021-2022,2021,Unknown,3,Unknown,Unintentional Falls,Not Admitted,0,0.0,0.0,0,1
2020-2021,2020,CTAS I - Resuscitation,1,Admitted,Acute Myocardial Infarction,Admitted,1399,84.0,1.4,1,0
2020-2021,2020,CTAS I - Resuscitation,1,Admitted,Asthma,Admitted,328,411.0,6.85,1,0
2020-2021,2020,CTAS I - Resuscitation,1,Admitted,Influenzal Pneumonia,Admitted,0,360.0,6.0,1,1
2020-2021,2020,CTAS I - Resuscitation,1,Admitted,Motor Vehicle Collisions,Admitted,2611,300.0,5.0,1,0
2020-2021,2020,CTAS I - Resuscitation,1,Admitted,Pneumonia,Admitted,1483,456.0,7.6,1,0
2020-2021,2020,CTAS I - Resuscitation,1,Admitted,Trauma,Admitted,7500,306.0,5.1,1,0
2020-2021,2020,CTAS I - Resuscitation,1,Admitted,Unintentional Falls,Admitted,2133,366.0,6.1,1,0
2020-2021,2020,CTAS I - Resuscitation,1,Death,Acute Myocardial Infarction,Not Admitted,346,24.0,0.4,0,0
2020-2021,2020,CTAS I - Resuscitation,1,Death,Asthma,Not Admitted,0,12.0,0.2,0,1
2020-2021,2020,CTAS I - Resuscitation,1,Death,Influenzal Pneumonia,Not Admitted,0,0.0,0.0,0,1
2020-2021,2020,CTAS I - Resuscitation,1,Death,Motor Vehicle Collisions,Not Admitted,201,36.0,0.6,0,0
2020-2021,2020,CTAS I - Resuscitation,1,Death,Pneumonia,Not Admitted,27,180.0,3.0,0,0
2020-2021,2020,CTAS I - Resuscitation,1,Death,Trauma,Not Admitted,674,42.0,0.7,0,0
2020-2021,2020,CTAS I - Resuscitation,1,Death,Unintentional Falls,Not Admitted,104,165.0,2.75,0,0
2020-2021,2020,CTAS I - Resuscitation,1,Discharged Home,Acute Myocardial Infarction,Not Admitted,18,105.0,1.75,0,0
2020-2021,2020,CTAS I - Resuscitation,1,Discharged Home,Asthma,Not Admitted,317,234.0,3.9,0,0
2020-2021,2020,CTAS I - Resuscitation,1,Discharged Home,Influenzal Pneumonia,Not Admitted,0,0.0,0.0,0,1
2020-2021,2020,CTAS I - Resuscitation,1,Discharged Home,Motor Vehicle Collisions,Not Admitted,599,282.0,4.7,0,0
2020-2021,2020,CTAS I - Resuscitation,1,Discharged Home,Pneumonia,Not Admitted,107,216.0,3.6,0,0
2020-2021,2020,CTAS I - Resuscitation,1,Discharged Home,Trauma,Not Admitted,3272,252.0,4.2,0,0
2020-2021,2020,CTAS I - Resuscitation,1,Discharged Home,Unintentional Falls,Not Admitted,625,264.0,4.4,0,0
2020-2021,2020,CTAS I - Resuscitation,1,Intra-Facility Transfer,Acute Myocardial Infarction,Not Admitted,16,69.0,1.15,0,0
2020-2021,2020,CTAS I - Resuscitation,1,Intra-Facility Transfer,Asthma,Not Admitted,0,114.0,1.9,0,1
2020-2021,2020,CTAS I - Resuscitation,1,Intra-Facility Transfer,Influenzal Pneumonia,Not Admitted,0,0.0,0.0,0,1
2020-2021,2020,CTAS I - Resuscitation,1,Intra-Facility Transfer,Motor Vehicle Collisions,Not Admitted,12,93.0,1.55,0,0
2020-2021,2020,CTAS I - Resuscitation,1,Intra-Facility Transfer,Pneumonia,Not Admitted,0,0.0,0.0,0,1
2020-2021,2020,CTAS I - Resuscitation,1,Intra-Facility Transfer,Trauma,Not Admitted,76,120.0,2.0,0,0
2020-2021,2020,CTAS I - Resuscitation,1,Intra-Facility Transfer,Unintentional Falls,Not Admitted,17,156.0,2.6,0,0
2020-2021,2020,CTAS I - Resuscitation,1,Not Seen Or Left,Acute Myocardial Infarction,Not Admitted,0,465.0,7.75,0,1
2020-2021,2020,CTAS I - Resuscitation,1,Not Seen Or Left,Asthma,Not Admitted,15,216.0,3.6,0,0
2020-2021,2020,CTAS I - Resuscitation,1,Not Seen Or Left,Influenzal Pneumonia,Not Admitted,0,0.0,0.0,0,1
2020-2021,2020,CTAS I - Resuscitation,1,Not Seen Or Left,Motor Vehicle Collisions,Not Admitted,25,186.0,3.1,0,0
2020-2021,2020,CTAS I - Resuscitation,1,Not Seen Or Left,Pneumonia,Not Admitted,0,909.0,15.15,0,1
2020-2021,2020,CTAS I - Resuscitation,1,Not Seen Or Left,Trauma,Not Admitted,132,183.0,3.05,0,0
2020-2021,2020,CTAS I - Resuscitation,1,Not Seen Or Left,Unintentional Falls,Not Admitted,16,222.0,3.7,0,0
2020-2021,2020,CTAS I - Resuscitation,1,Transferred,Acute Myocardial Infarction,Not Admitted,504,84.0,1.4,0,0
2020-2021,2020,CTAS I - Resuscitation,1,Transferred,Asthma,Not Admitted,42,261.0,4.35,0,0
2020-2021,2020,CTAS I - Resuscitation,1,Transferred,Influenzal Pneumonia,Not Admitted,0,0.0,0.0,0,1
2020-2021,2020,CTAS I - Resuscitation,1,Transferred,Motor Vehicle Collisions,Not Admitted,464,108.0,1.8,0,0
2020-2021,2020,CTAS I - Resuscitation,1,Transferred,Pneumonia,Not Admitted,96,291.0,4.85,0,0
2020-2021,2020,CTAS I - Resuscitation,1,Transferred,Trauma,Not Admitted,1508,150.0,2.5,0,0
2020-2021,2020,CTAS I - Resuscitation,1,Transferred,Unintentional Falls,Not Admitted,366,192.0,3.2,0,0
2020-2021,2020,CTAS I - Resuscitation,1,Unknown,Acute Myocardial Infarction,Not Admitted,0,0.0,0.0,0,1
2020-2021,2020,CTAS I - Resuscitation,1,Unknown,Asthma,Not Admitted,0,0.0,0.0,0,1
2020-2021,2020,CTAS I - Resuscitation,1,Unknown,Influenzal Pneumonia,Not Admitted,0,0.0,0.0,0,1
2020-2021,2020,CTAS I - Resuscitation,1,Unknown,Motor Vehicle Collisions,Not Admitted,0,0.0,0.0,0,1
2020-2021,2020,CTAS I - Resuscitation,1,Unknown,Pneumonia,Not Admitted,0,0.0,0.0,0,1
2020-2021,2020,CTAS I - Resuscitation,1,Unknown,Trauma,Not Admitted,0,0.0,0.0,0,1
2020-2021,2020,CTAS I - Resuscitation,1,Unknown,Unintentional Falls,Not Admitted,0,0.0,0.0,0,1
2020-2021,2020,CTAS II - Emergent,2,Admitted,Acute Myocardial Infarction,Admitted,12615,462.0,7.7,1,0
2020-2021,2020,CTAS II - Emergent,2,Admitted,Asthma,Admitted,1049,558.0,9.3,1,0
2020-2021,2020,CTAS II - Emergent,2,Admitted,Influenzal Pneumonia,Admitted,16,441.0,7.35,1,0
2020-2021,2020,CTAS II - Emergent,2,Admitted,Motor Vehicle Collisions,Admitted,4420,420.0,7.0,1,0
2020-2021,2020,CTAS II - Emergent,2,Admitted,Pneumonia,Admitted,10150,636.0,10.6,1,0
2020-2021,2020,CTAS II - Emergent,2,Admitted,Trauma,Admitted,26928,504.0,8.4,1,0
2020-2021,2020,CTAS II - Emergent,2,Admitted,Unintentional Falls,Admitted,15512,558.0,9.3,1,0
2020-2021,2020,CTAS II - Emergent,2,Death,Acute Myocardial Infarction,Not Admitted,73,198.0,3.3,0,0
2020-2021,2020,CTAS II - Emergent,2,Death,Asthma,Not Admitted,0,0.0,0.0,0,1
2020-2021,2020,CTAS II - Emergent,2,Death,Influenzal Pneumonia,Not Admitted,0,0.0,0.0,0,1
2020-2021,2020,CTAS II - Emergent,2,Death,Motor Vehicle Collisions,Not Admitted,0,120.0,2.0,0,1
2020-2021,2020,CTAS II - Emergent,2,Death,Pneumonia,Not Admitted,46,321.0,5.35,0,0
2020-2021,2020,CTAS II - Emergent,2,Death,Trauma,Not Admitted,40,264.0,4.4,0,0
2020-2021,2020,CTAS II - Emergent,2,Death,Unintentional Falls,Not Admitted,26,297.0,4.95,0,0
2020-2021,2020,CTAS II - Emergent,2,Discharged Home,Acute Myocardial Infarction,Not Admitted,415,282.0,4.7,0,0
2020-2021,2020,CTAS II - Emergent,2,Discharged Home,Asthma,Not Admitted,4988,204.0,3.4,0,0
2020-2021,2020,CTAS II - Emergent,2,Discharged Home,Influenzal Pneumonia,Not Admitted,19,258.0,4.3,0,0
2020-2021,2020,CTAS II - Emergent,2,Discharged Home,Motor Vehicle Collisions,Not Admitted,24237,192.0,3.2,0,0
2020-2021,2020,CTAS II - Emergent,2,Discharged Home,Pneumonia,Not Admitted,5789,264.0,4.4,0,0
2020-2021,2020,CTAS II - Emergent,2,Discharged Home,Trauma,Not Admitted,145072,174.0,2.9,0,0
2020-2021,2020,CTAS II - Emergent,2,Discharged Home,Unintentional Falls,Not Admitted,50555,192.0,3.2,0,0
2020-2021,2020,CTAS II - Emergent,2,Intra-Facility Transfer,Acute Myocardial Infarction,Not Admitted,61,90.0,1.5,0,0
2020-2021,2020,CTAS II - Emergent,2,Intra-Facility Transfer,Asthma,Not Admitted,0,168.0,2.8,0,1
2020-2021,2020,CTAS II - Emergent,2,Intra-Facility Transfer,Influenzal Pneumonia,Not Admitted,0,0.0,0.0,0,1
2020-2021,2020,CTAS II - Emergent,2,Intra-Facility Transfer,Motor Vehicle Collisions,Not Admitted,80,228.0,3.8,0,0
2020-2021,2020,CTAS II - Emergent,2,Intra-Facility Transfer,Pneumonia,Not Admitted,5,114.0,1.9,0,0
2020-2021,2020,CTAS II - Emergent,2,Intra-Facility Transfer,Trauma,Not Admitted,1157,192.0,3.2,0,0
2020-2021,2020,CTAS II - Emergent,2,Intra-Facility Transfer,Unintentional Falls,Not Admitted,189,228.0,3.8,0,0
2020-2021,2020,CTAS II - Emergent,2,Not Seen Or Left,Acute Myocardial Infarction,Not Admitted,87,306.0,5.1,0,0
2020-2021,2020,CTAS II - Emergent,2,Not Seen Or Left,Asthma,Not Admitted,66,189.0,3.15,0,0
2020-2021,2020,CTAS II - Emergent,2,Not Seen Or Left,Influenzal Pneumonia,Not Admitted,0,0.0,0.0,0,1
2020-2021,2020,CTAS II - Emergent,2,Not Seen Or Left,Motor Vehicle Collisions,Not Admitted,581,162.0,2.7,0,0
2020-2021,2020,CTAS II - Emergent,2,Not Seen Or Left,Pneumonia,Not Admitted,74,300.0,5.0,0,0
2020-2021,2020,CTAS II - Emergent,2,Not Seen Or Left,Trauma,Not Admitted,3597,144.0,2.4,0,0
2020-2021,2020,CTAS II - Emergent,2,Not Seen Or Left,Unintentional Falls,Not Admitted,919,162.0,2.7,0,0
2020-2021,2020,CTAS II - Emergent,2,Transferred,Acute Myocardial Infarction,Not Admitted,4242,132.0,2.2,0,0
2020-2021,2020,CTAS II - Emergent,2,Transferred,Asthma,Not Admitted,108,288.0,4.8,0,0
2020-2021,2020,CTAS II - Emergent,2,Transferred,Influenzal Pneumonia,Not Admitted,0,1326.0,22.1,0,1
2020-2021,2020,CTAS II - Emergent,2,Transferred,Motor Vehicle Collisions,Not Admitted,2305,210.0,3.5,0,0
2020-2021,2020,CTAS II - Emergent,2,Transferred,Pneumonia,Not Admitted,796,360.0,6.0,0,0
2020-2021,2020,CTAS II - Emergent,2,Transferred,Trauma,Not Admitted,12332,252.0,4.2,0,0
2020-2021,2020,CTAS II - Emergent,2,Transferred,Unintentional Falls,Not Admitted,5889,306.0,5.1,0,0
2020-2021,2020,CTAS II - Emergent,2,Unknown,Acute Myocardial Infarction,Not Admitted,0,0.0,0.0,0,1
2020-2021,2020,CTAS II - Emergent,2,Unknown,Asthma,Not Admitted,0,0.0,0.0,0,1
2020-2021,2020,CTAS II - Emergent,2,Unknown,Influenzal Pneumonia,Not Admitted,0,0.0,0.0,0,1
2020-2021,2020,CTAS II - Emergent,2,Unknown,Motor Vehicle Collisions,Not Admitted,0,0.0,0.0,0,1
2020-2021,2020,CTAS II - Emergent,2,Unknown,Pneumonia,Not Admitted,0,0.0,0.0,0,1
2020-2021,2020,CTAS II - Emergent,2,Unknown,Trauma,Not Admitted,0,0.0,0.0,0,1
2020-2021,2020,CTAS II - Emergent,2,Unknown,Unintentional Falls,Not Admitted,0,0.0,0.0,0,1
2020-2021,2020,CTAS III - Urgent,3,Admitted,Acute Myocardial Infarction,Admitted,3519,564.0,9.4,1,0
2020-2021,2020,Less urgent,3,Admitted,Acute Myocardial Infarction,Admitted,335,456.0,7.6,1,0
2020-2021,2020,Non-urgent,3,Admitted,Acute Myocardial Infarction,Admitted,38,483.0,8.05,1,0
2020-2021,2020,Unknown,3,Admitted,Acute Myocardial Infarction,Admitted,44,264.0,4.4,1,0
2020-2021,2020,CTAS III - Urgent,3,Admitted,Asthma,Admitted,499,642.0,10.7,1,0
2020-2021,2020,Less urgent,3,Admitted,Asthma,Admitted,19,456.0,7.6,1,0
2020-2021,2020,Non-urgent,3,Admitted,Asthma,Admitted,0,330.0,5.5,1,1
2020-2021,2020,Unknown,3,Admitted,Asthma,Admitted,0,162.0,2.7,1,1
2020-2021,2020,CTAS III - Urgent,3,Admitted,Influenzal Pneumonia,Admitted,12,576.0,9.6,1,0
2020-2021,2020,Less urgent,3,Admitted,Influenzal Pneumonia,Admitted,6,486.0,8.1,1,0
2020-2021,2020,Non-urgent,3,Admitted,Influenzal Pneumonia,Admitted,0,0.0,0.0,1,1
2020-2021,2020,Unknown,3,Admitted,Influenzal Pneumonia,Admitted,0,0.0,0.0,1,1
2020-2021,2020,CTAS III - Urgent,3,Admitted,Motor Vehicle Collisions,Admitted,2488,414.0,6.9,1,0
2020-2021,2020,Less urgent,3,Admitted,Motor Vehicle Collisions,Admitted,339,360.0,6.0,1,0
2020-2021,2020,Non-urgent,3,Admitted,Motor Vehicle Collisions,Admitted,65,312.0,5.2,1,0
2020-2021,2020,Unknown,3,Admitted,Motor Vehicle Collisions,Admitted,40,237.0,3.95,1,0
2020-2021,2020,CTAS III - Urgent,3,Admitted,Pneumonia,Admitted,8327,630.0,10.5,1,0
2020-2021,2020,Less urgent,3,Admitted,Pneumonia,Admitted,587,462.0,7.7,1,0
2020-2021,2020,Non-urgent,3,Admitted,Pneumonia,Admitted,33,432.0,7.2,1,0
2020-2021,2020,Unknown,3,Admitted,Pneumonia,Admitted,100,210.0,3.5,1,0
2020-2021,2020,CTAS III - Urgent,3,Admitted,Trauma,Admitted,43774,510.0,8.5,1,0
2020-2021,2020,Less urgent,3,Admitted,Trauma,Admitted,5721,396.0,6.6,1,0
2020-2021,2020,Non-urgent,3,Admitted,Trauma,Admitted,795,348.0,5.8,1,0
2020-2021,2020,Unknown,3,Admitted,Trauma,Admitted,242,210.0,3.5,1,0
2020-2021,2020,CTAS III - Urgent,3,Admitted,Unintentional Falls,Admitted,33829,528.0,8.8,1,0
2020-2021,2020,Less urgent,3,Admitted,Unintentional Falls,Admitted,3957,408.0,6.8,1,0
2020-2021,2020,Non-urgent,3,Admitted,Unintentional Falls,Admitted,488,366.0,6.1,1,0
2020-2021,2020,Unknown,3,Admitted,Unintentional Falls,Admitted,131,285.0,4.75,1,0
2020-2021,2020,CTAS III - Urgent,3,Death,Acute Myocardial Infarction,Not Admitted,15,168.0,2.8,0,0
2020-2021,2020,Less urgent,3,Death,Acute Myocardial Infarction,Not Admitted,0,192.0,3.2,0,1
2020-2021,2020,Non-urgent,3,Death,Acute Myocardial Infarction,Not Admitted,0,0.0,0.0,0,1
2020-2021,2020,Unknown,3,Death,Acute Myocardial Infarction,Not Admitted,0,27.0,0.45,0,1
2020-2021,2020,CTAS III - Urgent,3,Death,Asthma,Not Admitted,0,0.0,0.0,0,1
2020-2021,2020,Less urgent,3,Death,Asthma,Not Admitted,0,0.0,0.0,0,1
2020-2021,2020,Non-urgent,3,Death,Asthma,Not Admitted,0,0.0,0.0,0,1
2020-2021,2020,Unknown,3,Death,Asthma,Not Admitted,0,0.0,0.0,0,1
2020-2021,2020,CTAS III - Urgent,3,Death,Influenzal Pneumonia,Not Admitted,0,0.0,0.0,0,1
2020-2021,2020,Less urgent,3,Death,Influenzal Pneumonia,Not Admitted,0,0.0,0.0,0,1
2020-2021,2020,Non-urgent,3,Death,Influenzal Pneumonia,Not Admitted,0,0.0,0.0,0,1
2020-2021,2020,Unknown,3,Death,Influenzal Pneumonia,Not Admitted,0,0.0,0.0,0,1
2020-2021,2020,CTAS III - Urgent,3,Death,Motor Vehicle Collisions,Not Admitted,0,72.0,1.2,0,1
2020-2021,2020,Less urgent,3,Death,Motor Vehicle Collisions,Not Admitted,0,120.0,2.0,0,1
2020-2021,2020,Non-urgent,3,Death,Motor Vehicle Collisions,Not Admitted,0,0.0,0.0,0,1
2020-2021,2020,Unknown,3,Death,Motor Vehicle Collisions,Not Admitted,0,249.0,4.15,0,1
2020-2021,2020,CTAS III - Urgent,3,Death,Pneumonia,Not Admitted,17,318.0,5.3,0,0
2020-2021,2020,Less urgent,3,Death,Pneumonia,Not Admitted,0,498.0,8.3,0,1
2020-2021,2020,Non-urgent,3,Death,Pneumonia,Not Admitted,0,0.0,0.0,0,1
2020-2021,2020,Unknown,3,Death,Pneumonia,Not Admitted,0,66.0,1.1,0,1
2020-2021,2020,CTAS III - Urgent,3,Death,Trauma,Not Admitted,34,225.0,3.75,0,0
2020-2021,2020,Less urgent,3,Death,Trauma,Not Admitted,7,120.0,2.0,0,0
2020-2021,2020,Non-urgent,3,Death,Trauma,Not Admitted,7,150.0,2.5,0,0
2020-2021,2020,Unknown,3,Death,Trauma,Not Admitted,11,264.0,4.4,0,0
2020-2021,2020,CTAS III - Urgent,3,Death,Unintentional Falls,Not Admitted,23,264.0,4.4,0,0
2020-2021,2020,Less urgent,3,Death,Unintentional Falls,Not Admitted,0,108.0,1.8,0,1
2020-2021,2020,Non-urgent,3,Death,Unintentional Falls,Not Admitted,0,258.0,4.3,0,1
2020-2021,2020,Unknown,3,Death,Unintentional Falls,Not Admitted,0,264.0,4.4,0,1
2020-2021,2020,CTAS III - Urgent,3,Discharged Home,Acute Myocardial Infarction,Not Admitted,168,432.0,7.2,0,0
2020-2021,2020,Less urgent,3,Discharged Home,Acute Myocardial Infarction,Not Admitted,41,282.0,4.7,0,0
2020-2021,2020,Non-urgent,3,Discharged Home,Acute Myocardial Infarction,Not Admitted,14,186.0,3.1,0,0
2020-2021,2020,Unknown,3,Discharged Home,Acute Myocardial Infarction,Not Admitted,5,1182.0,19.7,0,0
2020-2021,2020,CTAS III - Urgent,3,Discharged Home,Asthma,Not Admitted,11841,162.0,2.7,0,0
2020-2021,2020,Less urgent,3,Discharged Home,Asthma,Not Admitted,4452,114.0,1.9,0,0
2020-2021,2020,Non-urgent,3,Discharged Home,Asthma,Not Admitted,746,84.0,1.4,0,0
2020-2021,2020,Unknown,3,Discharged Home,Asthma,Not Admitted,101,96.0,1.6,0,0
2020-2021,2020,CTAS III - Urgent,3,Discharged Home,Influenzal Pneumonia,Not Admitted,34,198.0,3.3,0,0
2020-2021,2020,Less urgent,3,Discharged Home,Influenzal Pneumonia,Not Admitted,5,288.0,4.8,0,0
2020-2021,2020,Non-urgent,3,Discharged Home,Influenzal Pneumonia,Not Admitted,0,444.0,7.4,0,1
2020-2021,2020,Unknown,3,Discharged Home,Influenzal Pneumonia,Not Admitted,0,0.0,0.0,0,1
2020-2021,2020,CTAS III - Urgent,3,Discharged Home,Motor Vehicle Collisions,Not Admitted,59040,144.0,2.4,0,0
2020-2021,2020,Less urgent,3,Discharged Home,Motor Vehicle Collisions,Not Admitted,30221,114.0,1.9,0,0
2020-2021,2020,Non-urgent,3,Discharged Home,Motor Vehicle Collisions,Not Admitted,4165,108.0,1.8,0,0
2020-2021,2020,Unknown,3,Discharged Home,Motor Vehicle Collisions,Not Admitted,449,96.0,1.6,0,0
2020-2021,2020,CTAS III - Urgent,3,Discharged Home,Pneumonia,Not Admitted,12787,216.0,3.6,0,0
2020-2021,2020,Less urgent,3,Discharged Home,Pneumonia,Not Admitted,3270,162.0,2.7,0,0
2020-2021,2020,Non-urgent,3,Discharged Home,Pneumonia,Not Admitted,559,126.0,2.1,0,0
2020-2021,2020,Unknown,3,Discharged Home,Pneumonia,Not Admitted,95,114.0,1.9,0,0
2020-2021,2020,CTAS III - Urgent,3,Discharged Home,Trauma,Not Admitted,605599,132.0,2.2,0,0
2020-2021,2020,Less urgent,3,Discharged Home,Trauma,Not Admitted,505792,102.0,1.7,0,0
2020-2021,2020,Non-urgent,3,Discharged Home,Trauma,Not Admitted,106573,90.0,1.5,0,0
2020-2021,2020,Unknown,3,Discharged Home,Trauma,Not Admitted,4985,72.0,1.2,0,0
2020-2021,2020,CTAS III - Urgent,3,Discharged Home,Unintentional Falls,Not Admitted,232901,150.0,2.5,0,0
2020-2021,2020,Less urgent,3,Discharged Home,Unintentional Falls,Not Admitted,150543,114.0,1.9,0,0
2020-2021,2020,Non-urgent,3,Discharged Home,Unintentional Falls,Not Admitted,21562,102.0,1.7,0,0
2020-2021,2020,Unknown,3,Discharged Home,Unintentional Falls,Not Admitted,1403,84.0,1.4,0,0
2020-2021,2020,CTAS III - Urgent,3,Intra-Facility Transfer,Acute Myocardial Infarction,Not Admitted,0,222.0,3.7,0,1
2020-2021,2020,Less urgent,3,Intra-Facility Transfer,Acute Myocardial Infarction,Not Admitted,0,0.0,0.0,0,1
2020-2021,2020,Non-urgent,3,Intra-Facility Transfer,Acute Myocardial Infarction,Not Admitted,0,0.0,0.0,0,1
2020-2021,2020,Unknown,3,Intra-Facility Transfer,Acute Myocardial Infarction,Not Admitted,0,0.0,0.0,0,1
2020-2021,2020,CTAS III - Urgent,3,Intra-Facility Transfer,Asthma,Not Admitted,6,183.0,3.05,0,0
2020-2021,2020,Less urgent,3,Intra-Facility Transfer,Asthma,Not Admitted,0,0.0,0.0,0,1
2020-2021,2020,Non-urgent,3,Intra-Facility Transfer,Asthma,Not Admitted,0,0.0,0.0,0,1
2020-2021,2020,Unknown,3,Intra-Facility Transfer,Asthma,Not Admitted,0,0.0,0.0,0,1
2020-2021,2020,CTAS III - Urgent,3,Intra-Facility Transfer,Influenzal Pneumonia,Not Admitted,0,0.0,0.0,0,1
2020-2021,2020,Less urgent,3,Intra-Facility Transfer,Influenzal Pneumonia,Not Admitted,0,0.0,0.0,0,1
2020-2021,2020,Non-urgent,3,Intra-Facility Transfer,Influenzal Pneumonia,Not Admitted,0,0.0,0.0,0,1
2020-2021,2020,Unknown,3,Intra-Facility Transfer,Influenzal Pneumonia,Not Admitted,0,0.0,0.0,0,1
2020-2021,2020,CTAS III - Urgent,3,Intra-Facility Transfer,Motor Vehicle Collisions,Not Admitted,116,204.0,3.4,0,0
2020-2021,2020,Less urgent,3,Intra-Facility Transfer,Motor Vehicle Collisions,Not Admitted,40,198.0,3.3,0,0
2020-2021,2020,Non-urgent,3,Intra-Facility Transfer,Motor Vehicle Collisions,Not Admitted,16,132.0,2.2,0,0
2020-2021,2020,Unknown,3,Intra-Facility Transfer,Motor Vehicle Collisions,Not Admitted,0,195.0,3.25,0,1
2020-2021,2020,CTAS III - Urgent,3,Intra-Facility Transfer,Pneumonia,Not Admitted,12,219.0,3.65,0,0
2020-2021,2020,Less urgent,3,Intra-Facility Transfer,Pneumonia,Not Admitted,0,150.0,2.5,0,1
2020-2021,2020,Non-urgent,3,Intra-Facility Transfer,Pneumonia,Not Admitted,0,0.0,0.0,0,1
2020-2021,2020,Unknown,3,Intra-Facility Transfer,Pneumonia,Not Admitted,0,0.0,0.0,0,1
2020-2021,2020,CTAS III - Urgent,3,Intra-Facility Transfer,Trauma,Not Admitted,2248,198.0,3.3,0,0
2020-2021,2020,Less urgent,3,Intra-Facility Transfer,Trauma,Not Admitted,800,174.0,2.9,0,0
2020-2021,2020,Non-urgent,3,Intra-Facility Transfer,Trauma,Not Admitted,272,120.0,2.0,0,0
2020-2021,2020,Unknown,3,Intra-Facility Transfer,Trauma,Not Admitted,30,66.0,1.1,0,0
2020-2021,2020,CTAS III - Urgent,3,Intra-Facility Transfer,Unintentional Falls,Not Admitted,570,216.0,3.6,0,0
2020-2021,2020,Less urgent,3,Intra-Facility Transfer,Unintentional Falls,Not Admitted,179,168.0,2.8,0,0
2020-2021,2020,Non-urgent,3,Intra-Facility Transfer,Unintentional Falls,Not Admitted,61,132.0,2.2,0,0
2020-2021,2020,Unknown,3,Intra-Facility Transfer,Unintentional Falls,Not Admitted,12,27.0,0.45,0,0
2020-2021,2020,CTAS III - Urgent,3,Not Seen Or Left,Acute Myocardial Infarction,Not Admitted,40,270.0,4.5,0,0
2020-2021,2020,Less urgent,3,Not Seen Or Left,Acute Myocardial Infarction,Not Admitted,6,174.0,2.9,0,0
2020-2021,2020,Non-urgent,3,Not Seen Or Left,Acute Myocardial Infarction,Not Admitted,0,0.0,0.0,0,1
2020-2021,2020,Unknown,3,Not Seen Or Left,Acute Myocardial Infarction,Not Admitted,0,0.0,0.0,0,1
2020-2021,2020,CTAS III - Urgent,3,Not Seen Or Left,Asthma,Not Admitted,130,147.0,2.45,0,0
2020-2021,2020,Less urgent,3,Not Seen Or Left,Asthma,Not Admitted,41,141.0,2.35,0,0
2020-2021,2020,Non-urgent,3,Not Seen Or Left,Asthma,Not Admitted,10,84.0,1.4,0,0
2020-2021,2020,Unknown,3,Not Seen Or Left,Asthma,Not Admitted,0,12.0,0.2,0,1
2020-2021,2020,CTAS III - Urgent,3,Not Seen Or Left,Influenzal Pneumonia,Not Admitted,0,0.0,0.0,0,1
2020-2021,2020,Less urgent,3,Not Seen Or Left,Influenzal Pneumonia,Not Admitted,0,0.0,0.0,0,1
2020-2021,2020,Non-urgent,3,Not Seen Or Left,Influenzal Pneumonia,Not Admitted,0,0.0,0.0,0,1
2020-2021,2020,Unknown,3,Not Seen Or Left,Influenzal Pneumonia,Not Admitted,0,0.0,0.0,0,1
2020-2021,2020,CTAS III - Urgent,3,Not Seen Or Left,Motor Vehicle Collisions,Not Admitted,1543,132.0,2.2,0,0
2020-2021,2020,Less urgent,3,Not Seen Or Left,Motor Vehicle Collisions,Not Admitted,765,132.0,2.2,0,0
2020-2021,2020,Non-urgent,3,Not Seen Or Left,Motor Vehicle Collisions,Not Admitted,131,84.0,1.4,0,0
2020-2021,2020,Unknown,3,Not Seen Or Left,Motor Vehicle Collisions,Not Admitted,29,90.0,1.5,0,0
2020-2021,2020,CTAS III - Urgent,3,Not Seen Or Left,Pneumonia,Not Admitted,146,252.0,4.2,0,0
2020-2021,2020,Less urgent,3,Not Seen Or Left,Pneumonia,Not Admitted,27,210.0,3.5,0,0
2020-2021,2020,Non-urgent,3,Not Seen Or Left,Pneumonia,Not Admitted,7,144.0,2.4,0,0
2020-2021,2020,Unknown,3,Not Seen Or Left,Pneumonia,Not Admitted,0,0.0,0.0,0,1
2020-2021,2020,CTAS III - Urgent,3,Not Seen Or Left,Trauma,Not Admitted,16027,126.0,2.1,0,0
2020-2021,2020,Less urgent,3,Not Seen Or Left,Trauma,Not Admitted,13494,120.0,2.0,0,0
2020-2021,2020,Non-urgent,3,Not Seen Or Left,Trauma,Not Admitted,3815,96.0,1.6,0,0
2020-2021,2020,Unknown,3,Not Seen Or Left,Trauma,Not Admitted,866,30.0,0.5,0,0
2020-2021,2020,CTAS III - Urgent,3,Not Seen Or Left,Unintentional Falls,Not Admitted,4516,132.0,2.2,0,0
2020-2021,2020,Less urgent,3,Not Seen Or Left,Unintentional Falls,Not Admitted,3164,120.0,2.0,0,0
2020-2021,2020,Non-urgent,3,Not Seen Or Left,Unintentional Falls,Not Admitted,514,108.0,1.8,0,0
2020-2021,2020,Unknown,3,Not Seen Or Left,Unintentional Falls,Not Admitted,107,33.0,0.55,0,0
2020-2021,2020,CTAS III - Urgent,3,Transferred,Acute Myocardial Infarction,Not Admitted,957,252.0,4.2,0,0
2020-2021,2020,Less urgent,3,Transferred,Acute Myocardial Infarction,Not Admitted,116,273.0,4.55,0,0
2020-2021,2020,Non-urgent,3,Transferred,Acute Myocardial Infarction,Not Admitted,16,306.0,5.1,0,0
2020-2021,2020,Unknown,3,Transferred,Acute Myocardial Infarction,Not Admitted,25,150.0,2.5,0,0
2020-2021,2020,CTAS III - Urgent,3,Transferred,Asthma,Not Admitted,147,252.0,4.2,0,0
2020-2021,2020,Less urgent,3,Transferred,Asthma,Not Admitted,22,165.0,2.75,0,0
2020-2021,2020,Non-urgent,3,Transferred,Asthma,Not Admitted,5,294.0,4.9,0,0
2020-2021,2020,Unknown,3,Transferred,Asthma,Not Admitted,0,75.0,1.25,0,1
2020-2021,2020,CTAS III - Urgent,3,Transferred,Influenzal Pneumonia,Not Admitted,7,342.0,5.7,0,0
2020-2021,2020,Less urgent,3,Transferred,Influenzal Pneumonia,Not Admitted,0,0.0,0.0,0,1
2020-2021,2020,Non-urgent,3,Transferred,Influenzal Pneumonia,Not Admitted,0,0.0,0.0,0,1
2020-2021,2020,Unknown,3,Transferred,Influenzal Pneumonia,Not Admitted,0,0.0,0.0,0,1
2020-2021,2020,CTAS III - Urgent,3,Transferred,Motor Vehicle Collisions,Not Admitted,1388,222.0,3.7,0,0
2020-2021,2020,Less urgent,3,Transferred,Motor Vehicle Collisions,Not Admitted,259,186.0,3.1,0,0
2020-2021,2020,Non-urgent,3,Transferred,Motor Vehicle Collisions,Not Admitted,38,138.0,2.3,0,0
2020-2021,2020,Unknown,3,Transferred,Motor Vehicle Collisions,Not Admitted,85,180.0,3.0,0,0
2020-2021,2020,CTAS III - Urgent,3,Transferred,Pneumonia,Not Admitted,1046,366.0,6.1,0,0
2020-2021,2020,Less urgent,3,Transferred,Pneumonia,Not Admitted,153,285.0,4.75,0,0
2020-2021,2020,Non-urgent,3,Transferred,Pneumonia,Not Admitted,21,180.0,3.0,0,0
2020-2021,2020,Unknown,3,Transferred,Pneumonia,Not Admitted,11,291.0,4.85,0,0
2020-2021,2020,CTAS III - Urgent,3,Transferred,Trauma,Not Admitted,26791,288.0,4.8,0,0
2020-2021,2020,Less urgent,3,Transferred,Trauma,Not Admitted,6835,192.0,3.2,0,0
2020-2021,2020,Non-urgent,3,Transferred,Trauma,Not Admitted,1125,150.0,2.5,0,0
2020-2021,2020,Unknown,3,Transferred,Trauma,Not Admitted,286,150.0,2.5,0,0
2020-2021,2020,CTAS III - Urgent,3,Transferred,Unintentional Falls,Not Admitted,18256,324.0,5.4,0,0
2020-2021,2020,Less urgent,3,Transferred,Unintentional Falls,Not Admitted,3750,228.0,3.8,0,0
2020-2021,2020,Non-urgent,3,Transferred,Unintentional Falls,Not Admitted,458,192.0,3.2,0,0
2020-2021,2020,Unknown,3,Transferred,Unintentional Falls,Not Admitted,110,168.0,2.8,0,0
2020-2021,2020,CTAS III - Urgent,3,Unknown,Acute Myocardial Infarction,Not Admitted,0,0.0,0.0,0,1
2020-2021,2020,Less urgent,3,Unknown,Acute Myocardial Infarction,Not Admitted,0,0.0,0.0,0,1
2020-2021,2020,Non-urgent,3,Unknown,Acute Myocardial Infarction,Not Admitted,0,0.0,0.0,0,1
2020-2021,2020,Unknown,3,Unknown,Acute Myocardial Infarction,Not Admitted,0,0.0,0.0,0,1
2020-2021,2020,CTAS III - Urgent,3,Unknown,Asthma,Not Admitted,0,0.0,0.0,0,1
2020-2021,2020,Less urgent,3,Unknown,Asthma,Not Admitted,0,0.0,0.0,0,1
2020-2021,2020,Non-urgent,3,Unknown,Asthma,Not Admitted,0,0.0,0.0,0,1
2020-2021,2020,Unknown,3,Unknown,Asthma,Not Admitted,0,0.0,0.0,0,1
2020-2021,2020,CTAS III - Urgent,3,Unknown,Influenzal Pneumonia,Not Admitted,0,0.0,0.0,0,1
2020-2021,2020,Less urgent,3,Unknown,Influenzal Pneumonia,Not Admitted,0,0.0,0.0,0,1
2020-2021,2020,Non-urgent,3,Unknown,Influenzal Pneumonia,Not Admitted,0,0.0,0.0,0,1
2020-2021,2020,Unknown,3,Unknown,Influenzal Pneumonia,Not Admitted,0,0.0,0.0,0,1
2020-2021,2020,CTAS III - Urgent,3,Unknown,Motor Vehicle Collisions,Not Admitted,0,0.0,0.0,0,1
2020-2021,2020,Less urgent,3,Unknown,Motor Vehicle Collisions,Not Admitted,0,0.0,0.0,0,1
2020-2021,2020,Non-urgent,3,Unknown,Motor Vehicle Collisions,Not Admitted,0,0.0,0.0,0,1
2020-2021,2020,Unknown,3,Unknown,Motor Vehicle Collisions,Not Admitted,0,0.0,0.0,0,1
2020-2021,2020,CTAS III - Urgent,3,Unknown,Pneumonia,Not Admitted,0,0.0,0.0,0,1
2020-2021,2020,Less urgent,3,Unknown,Pneumonia,Not Admitted,0,0.0,0.0,0,1
2020-2021,2020,Non-urgent,3,Unknown,Pneumonia,Not Admitted,0,0.0,0.0,0,1
2020-2021,2020,Unknown,3,Unknown,Pneumonia,Not Admitted,0,0.0,0.0,0,1
2020-2021,2020,CTAS III - Urgent,3,Unknown,Trauma,Not Admitted,0,0.0,0.0,0,1
2020-2021,2020,Less urgent,3,Unknown,Trauma,Not Admitted,0,0.0,0.0,0,1
2020-2021,2020,Non-urgent,3,Unknown,Trauma,Not Admitted,0,0.0,0.0,0,1
2020-2021,2020,Unknown,3,Unknown,Trauma,Not Admitted,0,0.0,0.0,0,1
2020-2021,2020,CTAS III - Urgent,3,Unknown,Unintentional Falls,Not Admitted,0,0.0,0.0,0,1
2020-2021,2020,Less urgent,3,Unknown,Unintentional Falls,Not Admitted,0,0.0,0.0,0,1
2020-2021,2020,Non-urgent,3,Unknown,Unintentional Falls,Not Admitted,0,0.0,0.0,0,1
2020-2021,2020,Unknown,3,Unknown,Unintentional Falls,Not Admitted,0,0.0,0.0,0,1
2019-2020,2019,CTAS I - Resuscitation,1,Admitted,Acute Myocardial Infarction,Admitted,1499,96.0,1.6,1,0
2019-2020,2019,CTAS I - Resuscitation,1,Admitted,Asthma,Admitted,1030,423.0,7.05,1,0
2019-2020,2019,CTAS I - Resuscitation,1,Admitted,Influenzal Pneumonia,Admitted,20,657.0,10.95,1,0
2019-2020,2019,CTAS I - Resuscitation,1,Admitted,Motor Vehicle Collisions,Admitted,2640,306.0,5.1,1,0
2019-2020,2019,CTAS I - Resuscitation,1,Admitted,Pneumonia,Admitted,2615,534.0,8.9,1,0
2019-2020,2019,CTAS I - Resuscitation,1,Admitted,Trauma,Admitted,7545,306.0,5.1,1,0
2019-2020,2019,CTAS I - Resuscitation,1,Admitted,Unintentional Falls,Admitted,2004,378.0,6.3,1,0
2019-2020,2019,CTAS I - Resuscitation,1,Death,Acute Myocardial Infarction,Not Admitted,369,36.0,0.6,0,0
2019-2020,2019,CTAS I - Resuscitation,1,Death,Asthma,Not Admitted,0,0.0,0.0,0,1
2019-2020,2019,CTAS I - Resuscitation,1,Death,Influenzal Pneumonia,Not Admitted,0,48.0,0.8,0,1
2019-2020,2019,CTAS I - Resuscitation,1,Death,Motor Vehicle Collisions,Not Admitted,210,30.0,0.5,0,0
2019-2020,2019,CTAS I - Resuscitation,1,Death,Pneumonia,Not Admitted,53,186.0,3.1,0,0
2019-2020,2019,CTAS I - Resuscitation,1,Death,Trauma,Not Admitted,652,30.0,0.5,0,0
2019-2020,2019,CTAS I - Resuscitation,1,Death,Unintentional Falls,Not Admitted,89,138.0,2.3,0,0
2019-2020,2019,CTAS I - Resuscitation,1,Discharged Home,Acute Myocardial Infarction,Not Admitted,25,66.0,1.1,0,0
2019-2020,2019,CTAS I - Resuscitation,1,Discharged Home,Asthma,Not Admitted,965,222.0,3.7,0,0
2019-2020,2019,CTAS I - Resuscitation,1,Discharged Home,Influenzal Pneumonia,Not Admitted,0,108.0,1.8,0,1
2019-2020,2019,CTAS I - Resuscitation,1,Discharged Home,Motor Vehicle Collisions,Not Admitted,732,306.0,5.1,0,0
2019-2020,2019,CTAS I - Resuscitation,1,Discharged Home,Pneumonia,Not Admitted,800,180.0,3.0,0,0
2019-2020,2019,CTAS I - Resuscitation,1,Discharged Home,Trauma,Not Admitted,4129,252.0,4.2,0,0
2019-2020,2019,CTAS I - Resuscitation,1,Discharged Home,Unintentional Falls,Not Admitted,733,264.0,4.4,0,0
2019-2020,2019,CTAS I - Resuscitation,1,Intra-Facility Transfer,Acute Myocardial Infarction,Not Admitted,9,66.0,1.1,0,0
2019-2020,2019,CTAS I - Resuscitation,1,Intra-Facility Transfer,Asthma,Not Admitted,0,258.0,4.3,0,1
2019-2020,2019,CTAS I - Resuscitation,1,Intra-Facility Transfer,Influenzal Pneumonia,Not Admitted,0,0.0,0.0,0,1
2019-2020,2019,CTAS I - Resuscitation,1,Intra-Facility Transfer,Motor Vehicle Collisions,Not Admitted,7,192.0,3.2,0,0
2019-2020,2019,CTAS I - Resuscitation,1,Intra-Facility Transfer,Pneumonia,Not Admitted,0,291.0,4.85,0,1
2019-2020,2019,CTAS I - Resuscitation,1,Intra-Facility Transfer,Trauma,Not Admitted,72,171.0,2.85,0,0
2019-2020,2019,CTAS I - Resuscitation,1,Intra-Facility Transfer,Unintentional Falls,Not Admitted,8,189.0,3.15,0,0
2019-2020,2019,CTAS I - Resuscitation,1,Not Seen Or Left,Acute Myocardial Infarction,Not Admitted,0,348.0,5.8,0,1
2019-2020,2019,CTAS I - Resuscitation,1,Not Seen Or Left,Asthma,Not Admitted,18,276.0,4.6,0,0
2019-2020,2019,CTAS I - Resuscitation,1,Not Seen Or Left,Influenzal Pneumonia,Not Admitted,0,0.0,0.0,0,1
2019-2020,2019,CTAS I - Resuscitation,1,Not Seen Or Left,Motor Vehicle Collisions,Not Admitted,16,282.0,4.7,0,0
2019-2020,2019,CTAS I - Resuscitation,1,Not Seen Or Left,Pneumonia,Not Admitted,7,300.0,5.0,0,0
2019-2020,2019,CTAS I - Resuscitation,1,Not Seen Or Left,Trauma,Not Admitted,120,192.0,3.2,0,0
2019-2020,2019,CTAS I - Resuscitation,1,Not Seen Or Left,Unintentional Falls,Not Admitted,19,222.0,3.7,0,0
2019-2020,2019,CTAS I - Resuscitation,1,Transferred,Acute Myocardial Infarction,Not Admitted,690,72.0,1.2,0,0
2019-2020,2019,CTAS I - Resuscitation,1,Transferred,Asthma,Not Admitted,137,276.0,4.6,0,0
2019-2020,2019,CTAS I - Resuscitation,1,Transferred,Influenzal Pneumonia,Not Admitted,0,330.0,5.5,0,1
2019-2020,2019,CTAS I - Resuscitation,1,Transferred,Motor Vehicle Collisions,Not Admitted,566,108.0,1.8,0,0
2019-2020,2019,CTAS I - Resuscitation,1,Transferred,Pneumonia,Not Admitted,305,258.0,4.3,0,0
2019-2020,2019,CTAS I - Resuscitation,1,Transferred,Trauma,Not Admitted,1739,144.0,2.4,0,0
2019-2020,2019,CTAS I - Resuscitation,1,Transferred,Unintentional Falls,Not Admitted,382,186.0,3.1,0,0
2019-2020,2019,CTAS I - Resuscitation,1,Unknown,Acute Myocardial Infarction,Not Admitted,0,0.0,0.0,0,1
2019-2020,2019,CTAS I - Resuscitation,1,Unknown,Asthma,Not Admitted,0,0.0,0.0,0,1
2019-2020,2019,CTAS I - Resuscitation,1,Unknown,Influenzal Pneumonia,Not Admitted,0,0.0,0.0,0,1
2019-2020,2019,CTAS I - Resuscitation,1,Unknown,Motor Vehicle Collisions,Not Admitted,0,0.0,0.0,0,1
2019-2020,2019,CTAS I - Resuscitation,1,Unknown,Pneumonia,Not Admitted,0,0.0,0.0,0,1
2019-2020,2019,CTAS I - Resuscitation,1,Unknown,Trauma,Not Admitted,0,0.0,0.0,0,1
2019-2020,2019,CTAS I - Resuscitation,1,Unknown,Unintentional Falls,Not Admitted,0,0.0,0.0,0,1
2019-2020,2019,CTAS II - Emergent,2,Admitted,Acute Myocardial Infarction,Admitted,14213,528.0,8.8,1,0
2019-2020,2019,CTAS II - Emergent,2,Admitted,Asthma,Admitted,3509,558.0,9.3,1,0
2019-2020,2019,CTAS II - Emergent,2,Admitted,Influenzal Pneumonia,Admitted,177,798.0,13.3,1,0
2019-2020,2019,CTAS II - Emergent,2,Admitted,Motor Vehicle Collisions,Admitted,4210,444.0,7.4,1,0
2019-2020,2019,CTAS II - Emergent,2,Admitted,Pneumonia,Admitted,19039,762.0,12.7,1,0
2019-2020,2019,CTAS II - Emergent,2,Admitted,Trauma,Admitted,27635,534.0,8.9,1,0
2019-2020,2019,CTAS II - Emergent,2,Admitted,Unintentional Falls,Admitted,15976,588.0,9.8,1,0
2019-2020,2019,CTAS II - Emergent,2,Death,Acute Myocardial Infarction,Not Admitted,86,210.0,3.5,0,0
2019-2020,2019,CTAS II - Emergent,2,Death,Asthma,Not Admitted,0,486.0,8.1,0,1
2019-2020,2019,CTAS II - Emergent,2,Death,Influenzal Pneumonia,Not Admitted,0,0.0,0.0,0,1
2019-2020,2019,CTAS II - Emergent,2,Death,Motor Vehicle Collisions,Not Admitted,8,63.0,1.05,0,0
2019-2020,2019,CTAS II - Emergent,2,Death,Pneumonia,Not Admitted,41,204.0,3.4,0,0
2019-2020,2019,CTAS II - Emergent,2,Death,Trauma,Not Admitted,53,222.0,3.7,0,0
2019-2020,2019,CTAS II - Emergent,2,Death,Unintentional Falls,Not Admitted,36,330.0,5.5,0,0
2019-2020,2019,CTAS II - Emergent,2,Discharged Home,Acute Myocardial Infarction,Not Admitted,512,297.0,4.95,0,0
2019-2020,2019,CTAS II - Emergent,2,Discharged Home,Asthma,Not Admitted,13766,216.0,3.6,0,0
2019-2020,2019,CTAS II - Emergent,2,Discharged Home,Influenzal Pneumonia,Not Admitted,139,258.0,4.3,0,0
2019-2020,2019,CTAS II - Emergent,2,Discharged Home,Motor Vehicle Collisions,Not Admitted,28076,198.0,3.3,0,0
2019-2020,2019,CTAS II - Emergent,2,Discharged Home,Pneumonia,Not Admitted,20282,222.0,3.7,0,0
2019-2020,2019,CTAS II - Emergent,2,Discharged Home,Trauma,Not Admitted,185414,174.0,2.9,0,0
2019-2020,2019,CTAS II - Emergent,2,Discharged Home,Unintentional Falls,Not Admitted,61410,198.0,3.3,0,0
2019-2020,2019,CTAS II - Emergent,2,Intra-Facility Transfer,Acute Myocardial Infarction,Not Admitted,50,90.0,1.5,0,0
2019-2020,2019,CTAS II - Emergent,2,Intra-Facility Transfer,Asthma,Not Admitted,38,177.0,2.95,0,0
2019-2020,2019,CTAS II - Emergent,2,Intra-Facility Transfer,Influenzal Pneumonia,Not Admitted,0,0.0,0.0,0,1
2019-2020,2019,CTAS II - Emergent,2,Intra-Facility Transfer,Motor Vehicle Collisions,Not Admitted,89,228.0,3.8,0,0
2019-2020,2019,CTAS II - Emergent,2,Intra-Facility Transfer,Pneumonia,Not Admitted,37,210.0,3.5,0,0
2019-2020,2019,CTAS II - Emergent,2,Intra-Facility Transfer,Trauma,Not Admitted,1205,204.0,3.4,0,0
2019-2020,2019,CTAS II - Emergent,2,Intra-Facility Transfer,Unintentional Falls,Not Admitted,227,252.0,4.2,0,0
2019-2020,2019,CTAS II - Emergent,2,Not Seen Or Left,Acute Myocardial Infarction,Not Admitted,86,300.0,5.0,0,0
2019-2020,2019,CTAS II - Emergent,2,Not Seen Or Left,Asthma,Not Admitted,123,210.0,3.5,0,0
2019-2020,2019,CTAS II - Emergent,2,Not Seen Or Left,Influenzal Pneumonia,Not Admitted,0,108.0,1.8,0,1
2019-2020,2019,CTAS II - Emergent,2,Not Seen Or Left,Motor Vehicle Collisions,Not Admitted,678,156.0,2.6,0,0
2019-2020,2019,CTAS II - Emergent,2,Not Seen Or Left,Pneumonia,Not Admitted,159,303.0,5.05,0,0
2019-2020,2019,CTAS II - Emergent,2,Not Seen Or Left,Trauma,Not Admitted,5167,144.0,2.4,0,0
2019-2020,2019,CTAS II - Emergent,2,Not Seen Or Left,Unintentional Falls,Not Admitted,1326,156.0,2.6,0,0
2019-2020,2019,CTAS II - Emergent,2,Transferred,Acute Myocardial Infarction,Not Admitted,4628,120.0,2.0,0,0
2019-2020,2019,CTAS II - Emergent,2,Transferred,Asthma,Not Admitted,471,360.0,6.0,0,0
2019-2020,2019,CTAS II - Emergent,2,Transferred,Influenzal Pneumonia,Not Admitted,14,387.0,6.45,0,0
2019-2020,2019,CTAS II - Emergent,2,Transferred,Motor Vehicle Collisions,Not Admitted,2177,204.0,3.4,0,0
2019-2020,2019,CTAS II - Emergent,2,Transferred,Pneumonia,Not Admitted,2004,318.0,5.3,0,0
2019-2020,2019,CTAS II - Emergent,2,Transferred,Trauma,Not Admitted,13795,252.0,4.2,0,0
2019-2020,2019,CTAS II - Emergent,2,Transferred,Unintentional Falls,Not Admitted,6888,300.0,5.0,0,0
2019-2020,2019,CTAS II - Emergent,2,Unknown,Acute Myocardial Infarction,Not Admitted,0,0.0,0.0,0,1
2019-2020,2019,CTAS II - Emergent,2,Unknown,Asthma,Not Admitted,0,0.0,0.0,0,1
2019-2020,2019,CTAS II - Emergent,2,Unknown,Influenzal Pneumonia,Not Admitted,0,0.0,0.0,0,1
2019-2020,2019,CTAS II - Emergent,2,Unknown,Motor Vehicle Collisions,Not Admitted,0,0.0,0.0,0,1
2019-2020,2019,CTAS II - Emergent,2,Unknown,Pneumonia,Not Admitted,0,0.0,0.0,0,1
2019-2020,2019,CTAS II - Emergent,2,Unknown,Trauma,Not Admitted,0,0.0,0.0,0,1
2019-2020,2019,CTAS II - Emergent,2,Unknown,Unintentional Falls,Not Admitted,0,0.0,0.0,0,1
2019-2020,2019,CTAS III - Urgent,3,Admitted,Acute Myocardial Infarction,Admitted,3749,624.0,10.4,1,0
2019-2020,2019,Less urgent,3,Admitted,Acute Myocardial Infarction,Admitted,353,582.0,9.7,1,0
2019-2020,2019,Non-urgent,3,Admitted,Acute Myocardial Infarction,Admitted,44,408.0,6.8,1,0
2019-2020,2019,Unknown,3,Admitted,Acute Myocardial Infarction,Admitted,63,234.0,3.9,1,0
2019-2020,2019,CTAS III - Urgent,3,Admitted,Asthma,Admitted,1439,648.0,10.8,1,0
2019-2020,2019,Less urgent,3,Admitted,Asthma,Admitted,79,588.0,9.8,1,0
2019-2020,2019,Non-urgent,3,Admitted,Asthma,Admitted,7,336.0,5.6,1,0
2019-2020,2019,Unknown,3,Admitted,Asthma,Admitted,16,246.0,4.1,1,0
2019-2020,2019,CTAS III - Urgent,3,Admitted,Influenzal Pneumonia,Admitted,135,816.0,13.6,1,0
2019-2020,2019,Less urgent,3,Admitted,Influenzal Pneumonia,Admitted,12,480.0,8.0,1,0
2019-2020,2019,Non-urgent,3,Admitted,Influenzal Pneumonia,Admitted,0,702.0,11.7,1,1
2019-2020,2019,Unknown,3,Admitted,Influenzal Pneumonia,Admitted,0,1746.0,29.1,1,1
2019-2020,2019,CTAS III - Urgent,3,Admitted,Motor Vehicle Collisions,Admitted,2326,480.0,8.0,1,0
2019-2020,2019,Less urgent,3,Admitted,Motor Vehicle Collisions,Admitted,395,378.0,6.3,1,0
2019-2020,2019,Non-urgent,3,Admitted,Motor Vehicle Collisions,Admitted,67,336.0,5.6,1,0
2019-2020,2019,Unknown,3,Admitted,Motor Vehicle Collisions,Admitted,56,120.0,2.0,1,0
2019-2020,2019,CTAS III - Urgent,3,Admitted,Pneumonia,Admitted,15262,756.0,12.6,1,0
2019-2020,2019,Less urgent,3,Admitted,Pneumonia,Admitted,1143,480.0,8.0,1,0
2019-2020,2019,Non-urgent,3,Admitted,Pneumonia,Admitted,135,456.0,7.6,1,0
2019-2020,2019,Unknown,3,Admitted,Pneumonia,Admitted,177,219.0,3.65,1,0
2019-2020,2019,CTAS III - Urgent,3,Admitted,Trauma,Admitted,44102,552.0,9.2,1,0
2019-2020,2019,Less urgent,3,Admitted,Trauma,Admitted,6929,456.0,7.6,1,0
2019-2020,2019,Non-urgent,3,Admitted,Trauma,Admitted,1163,372.0,6.2,1,0
2019-2020,2019,Unknown,3,Admitted,Trauma,Admitted,344,228.0,3.8,1,0
2019-2020,2019,CTAS III - Urgent,3,Admitted,Unintentional Falls,Admitted,33941,564.0,9.4,1,0
2019-2020,2019,Less urgent,3,Admitted,Unintentional Falls,Admitted,4769,492.0,8.2,1,0
2019-2020,2019,Non-urgent,3,Admitted,Unintentional Falls,Admitted,717,402.0,6.7,1,0
2019-2020,2019,Unknown,3,Admitted,Unintentional Falls,Admitted,185,270.0,4.5,1,0
2019-2020,2019,CTAS III - Urgent,3,Death,Acute Myocardial Infarction,Not Admitted,14,180.0,3.0,0,0
2019-2020,2019,Less urgent,3,Death,Acute Myocardial Infarction,Not Admitted,0,54.0,0.9,0,1
2019-2020,2019,Non-urgent,3,Death,Acute Myocardial Infarction,Not Admitted,0,720.0,12.0,0,1
2019-2020,2019,Unknown,3,Death,Acute Myocardial Infarction,Not Admitted,10,15.0,0.25,0,0
2019-2020,2019,CTAS III - Urgent,3,Death,Asthma,Not Admitted,0,0.0,0.0,0,1
2019-2020,2019,Less urgent,3,Death,Asthma,Not Admitted,0,0.0,0.0,0,1
2019-2020,2019,Non-urgent,3,Death,Asthma,Not Admitted,0,0.0,0.0,0,1
2019-2020,2019,Unknown,3,Death,Asthma,Not Admitted,0,0.0,0.0,0,1
2019-2020,2019,CTAS III - Urgent,3,Death,Influenzal Pneumonia,Not Admitted,0,0.0,0.0,0,1
2019-2020,2019,Less urgent,3,Death,Influenzal Pneumonia,Not Admitted,0,0.0,0.0,0,1
2019-2020,2019,Non-urgent,3,Death,Influenzal Pneumonia,Not Admitted,0,0.0,0.0,0,1
2019-2020,2019,Unknown,3,Death,Influenzal Pneumonia,Not Admitted,0,0.0,0.0,0,1
2019-2020,2019,CTAS III - Urgent,3,Death,Motor Vehicle Collisions,Not Admitted,0,0.0,0.0,0,1
2019-2020,2019,Less urgent,3,Death,Motor Vehicle Collisions,Not Admitted,0,0.0,0.0,0,1
2019-2020,2019,Non-urgent,3,Death,Motor Vehicle Collisions,Not Admitted,0,468.0,7.8,0,1
2019-2020,2019,Unknown,3,Death,Motor Vehicle Collisions,Not Admitted,0,72.0,1.2,0,1
2019-2020,2019,CTAS III - Urgent,3,Death,Pneumonia,Not Admitted,15,288.0,4.8,0,0
2019-2020,2019,Less urgent,3,Death,Pneumonia,Not Admitted,0,0.0,0.0,0,1
2019-2020,2019,Non-urgent,3,Death,Pneumonia,Not Admitted,0,0.0,0.0,0,1
2019-2020,2019,Unknown,3,Death,Pneumonia,Not Admitted,0,0.0,0.0,0,1
2019-2020,2019,CTAS III - Urgent,3,Death,Trauma,Not Admitted,33,318.0,5.3,0,0
2019-2020,2019,Less urgent,3,Death,Trauma,Not Admitted,9,162.0,2.7,0,0
2019-2020,2019,Non-urgent,3,Death,Trauma,Not Admitted,0,468.0,7.8,0,1
2019-2020,2019,Unknown,3,Death,Trauma,Not Admitted,15,42.0,0.7,0,0
2019-2020,2019,CTAS III - Urgent,3,Death,Unintentional Falls,Not Admitted,23,318.0,5.3,0,0
2019-2020,2019,Less urgent,3,Death,Unintentional Falls,Not Admitted,5,432.0,7.2,0,0
2019-2020,2019,Non-urgent,3,Death,Unintentional Falls,Not Admitted,0,0.0,0.0,0,1
2019-2020,2019,Unknown,3,Death,Unintentional Falls,Not Admitted,0,429.0,7.15,0,1
2019-2020,2019,CTAS III - Urgent,3,Discharged Home,Acute Myocardial Infarction,Not Admitted,196,351.0,5.85,0,0
2019-2020,2019,Less urgent,3,Discharged Home,Acute Myocardial Infarction,Not Admitted,36,270.0,4.5,0,0
2019-2020,2019,Non-urgent,3,Discharged Home,Acute Myocardial Infarction,Not Admitted,14,195.0,3.25,0,0
2019-2020,2019,Unknown,3,Discharged Home,Acute Myocardial Infarction,Not Admitted,5,144.0,2.4,0,0
2019-2020,2019,CTAS III - Urgent,3,Discharged Home,Asthma,Not Admitted,25868,168.0,2.8,0,0
2019-2020,2019,Less urgent,3,Discharged Home,Asthma,Not Admitted,10081,120.0,2.0,0,0
2019-2020,2019,Non-urgent,3,Discharged Home,Asthma,Not Admitted,2030,108.0,1.8,0,0
2019-2020,2019,Unknown,3,Discharged Home,Asthma,Not Admitted,206,72.0,1.2,0,0
2019-2020,2019,CTAS III - Urgent,3,Discharged Home,Influenzal Pneumonia,Not Admitted,325,210.0,3.5,0,0
2019-2020,2019,Less urgent,3,Discharged Home,Influenzal Pneumonia,Not Admitted,98,168.0,2.8,0,0
2019-2020,2019,Non-urgent,3,Discharged Home,Influenzal Pneumonia,Not Admitted,26,129.0,2.15,0,0
2019-2020,2019,Unknown,3,Discharged Home,Influenzal Pneumonia,Not Admitted,0,0.0,0.0,0,1
2019-2020,2019,CTAS III - Urgent,3,Discharged Home,Motor Vehicle Collisions,Not Admitted,70671,162.0,2.7,0,0
2019-2020,2019,Less urgent,3,Discharged Home,Motor Vehicle Collisions,Not Admitted,34927,132.0,2.2,0,0
2019-2020,2019,Non-urgent,3,Discharged Home,Motor Vehicle Collisions,Not Admitted,5250,120.0,2.0,0,0
2019-2020,2019,Unknown,3,Discharged Home,Motor Vehicle Collisions,Not Admitted,510,96.0,1.6,0,0
2019-2020,2019,CTAS III - Urgent,3,Discharged Home,Pneumonia,Not Admitted,52181,192.0,3.2,0,0
2019-2020,2019,Less urgent,3,Discharged Home,Pneumonia,Not Admitted,17925,144.0,2.4,0,0
2019-2020,2019,Non-urgent,3,Discharged Home,Pneumonia,Not Admitted,3935,132.0,2.2,0,0
2019-2020,2019,Unknown,3,Discharged Home,Pneumonia,Not Admitted,308,102.0,1.7,0,0
2019-2020,2019,CTAS III - Urgent,3,Discharged Home,Trauma,Not Admitted,750318,144.0,2.4,0,0
2019-2020,2019,Less urgent,3,Discharged Home,Trauma,Not Admitted,656322,120.0,2.0,0,0
2019-2020,2019,Non-urgent,3,Discharged Home,Trauma,Not Admitted,149355,108.0,1.8,0,0
2019-2020,2019,Unknown,3,Discharged Home,Trauma,Not Admitted,6095,72.0,1.2,0,0
2019-2020,2019,CTAS III - Urgent,3,Discharged Home,Unintentional Falls,Not Admitted,274045,162.0,2.7,0,0
2019-2020,2019,Less urgent,3,Discharged Home,Unintentional Falls,Not Admitted,190517,132.0,2.2,0,0
2019-2020,2019,Non-urgent,3,Discharged Home,Unintentional Falls,Not Admitted,30297,120.0,2.0,0,0
2019-2020,2019,Unknown,3,Discharged Home,Unintentional Falls,Not Admitted,1580,84.0,1.4,0,0
2019-2020,2019,CTAS III - Urgent,3,Intra-Facility Transfer,Acute Myocardial Infarction,Not Admitted,11,186.0,3.1,0,0
2019-2020,2019,Less urgent,3,Intra-Facility Transfer,Acute Myocardial Infarction,Not Admitted,0,864.0,14.4,0,1
2019-2020,2019,Non-urgent,3,Intra-Facility Transfer,Acute Myocardial Infarction,Not Admitted,0,0.0,0.0,0,1
2019-2020,2019,Unknown,3,Intra-Facility Transfer,Acute Myocardial Infarction,Not Admitted,0,0.0,0.0,0,1
2019-2020,2019,CTAS III - Urgent,3,Intra-Facility Transfer,Asthma,Not Admitted,12,156.0,2.6,0,0
2019-2020,2019,Less urgent,3,Intra-Facility Transfer,Asthma,Not Admitted,0,339.0,5.65,0,1
2019-2020,2019,Non-urgent,3,Intra-Facility Transfer,Asthma,Not Admitted,0,0.0,0.0,0,1
2019-2020,2019,Unknown,3,Intra-Facility Transfer,Asthma,Not Admitted,0,0.0,0.0,0,1
2019-2020,2019,CTAS III - Urgent,3,Intra-Facility Transfer,Influenzal Pneumonia,Not Admitted,0,102.0,1.7,0,1
2019-2020,2019,Less urgent,3,Intra-Facility Transfer,Influenzal Pneumonia,Not Admitted,0,0.0,0.0,0,1
2019-2020,2019,Non-urgent,3,Intra-Facility Transfer,Influenzal Pneumonia,Not Admitted,0,0.0,0.0,0,1
2019-2020,2019,Unknown,3,Intra-Facility Transfer,Influenzal Pneumonia,Not Admitted,0,0.0,0.0,0,1
2019-2020,2019,CTAS III - Urgent,3,Intra-Facility Transfer,Motor Vehicle Collisions,Not Admitted,116,216.0,3.6,0,0
2019-2020,2019,Less urgent,3,Intra-Facility Transfer,Motor Vehicle Collisions,Not Admitted,47,282.0,4.7,0,0
2019-2020,2019,Non-urgent,3,Intra-Facility Transfer,Motor Vehicle Collisions,Not Admitted,17,204.0,3.4,0,0
2019-2020,2019,Unknown,3,Intra-Facility Transfer,Motor Vehicle Collisions,Not Admitted,0,24.0,0.4,0,1
2019-2020,2019,CTAS III - Urgent,3,Intra-Facility Transfer,Pneumonia,Not Admitted,42,249.0,4.15,0,0
2019-2020,2019,Less urgent,3,Intra-Facility Transfer,Pneumonia,Not Admitted,0,198.0,3.3,0,1
2019-2020,2019,Non-urgent,3,Intra-Facility Transfer,Pneumonia,Not Admitted,0,0.0,0.0,0,1
2019-2020,2019,Unknown,3,Intra-Facility Transfer,Pneumonia,Not Admitted,0,0.0,0.0,0,1
2019-2020,2019,CTAS III - Urgent,3,Intra-Facility Transfer,Trauma,Not Admitted,2342,210.0,3.5,0,0
2019-2020,2019,Less urgent,3,Intra-Facility Transfer,Trauma,Not Admitted,925,174.0,2.9,0,0
2019-2020,2019,Non-urgent,3,Intra-Facility Transfer,Trauma,Not Admitted,319,150.0,2.5,0,0
2019-2020,2019,Unknown,3,Intra-Facility Transfer,Trauma,Not Admitted,20,120.0,2.0,0,0
2019-2020,2019,CTAS III - Urgent,3,Intra-Facility Transfer,Unintentional Falls,Not Admitted,558,246.0,4.1,0,0
2019-2020,2019,Less urgent,3,Intra-Facility Transfer,Unintentional Falls,Not Admitted,257,168.0,2.8,0,0
2019-2020,2019,Non-urgent,3,Intra-Facility Transfer,Unintentional Falls,Not Admitted,61,138.0,2.3,0,0
2019-2020,2019,Unknown,3,Intra-Facility Transfer,Unintentional Falls,Not Admitted,5,54.0,0.9,0,0
2019-2020,2019,CTAS III - Urgent,3,Not Seen Or Left,Acute Myocardial Infarction,Not Admitted,27,378.0,6.3,0,0
2019-2020,2019,Less urgent,3,Not Seen Or Left,Acute Myocardial Infarction,Not Admitted,7,246.0,4.1,0,0
2019-2020,2019,Non-urgent,3,Not Seen Or Left,Acute Myocardial Infarction,Not Admitted,0,336.0,5.6,0,1
2019-2020,2019,Unknown,3,Not Seen Or Left,Acute Myocardial Infarction,Not Admitted,0,0.0,0.0,0,1
2019-2020,2019,CTAS III - Urgent,3,Not Seen Or Left,Asthma,Not Admitted,284,144.0,2.4,0,0
2019-2020,2019,Less urgent,3,Not Seen Or Left,Asthma,Not Admitted,100,126.0,2.1,0,0
2019-2020,2019,Non-urgent,3,Not Seen Or Left,Asthma,Not Admitted,13,84.0,1.4,0,0
2019-2020,2019,Unknown,3,Not Seen Or Left,Asthma,Not Admitted,7,126.0,2.1,0,0
2019-2020,2019,CTAS III - Urgent,3,Not Seen Or Left,Influenzal Pneumonia,Not Admitted,0,156.0,2.6,0,1
2019-2020,2019,Less urgent,3,Not Seen Or Left,Influenzal Pneumonia,Not Admitted,0,258.0,4.3,0,1
2019-2020,2019,Non-urgent,3,Not Seen Or Left,Influenzal Pneumonia,Not Admitted,0,0.0,0.0,0,1
2019-2020,2019,Unknown,3,Not Seen Or Left,Influenzal Pneumonia,Not Admitted,0,0.0,0.0,0,1
2019-2020,2019,CTAS III - Urgent,3,Not Seen Or Left,Motor Vehicle Collisions,Not Admitted,2518,150.0,2.5,0,0
2019-2020,2019,Less urgent,3,Not Seen Or Left,Motor Vehicle Collisions,Not Admitted,1405,132.0,2.2,0,0
2019-2020,2019,Non-urgent,3,Not Seen Or Left,Motor Vehicle Collisions,Not Admitted,231,120.0,2.0,0,0
2019-2020,2019,Unknown,3,Not Seen Or Left,Motor Vehicle Collisions,Not Admitted,66,78.0,1.3,0,0
2019-2020,2019,CTAS III - Urgent,3,Not Seen Or Left,Pneumonia,Not Admitted,263,231.0,3.85,0,0
2019-2020,2019,Less urgent,3,Not Seen Or Left,Pneumonia,Not Admitted,83,210.0,3.5,0,0
2019-2020,2019,Non-urgent,3,Not Seen Or Left,Pneumonia,Not Admitted,20,210.0,3.5,0,0
2019-2020,2019,Unknown,3,Not Seen Or Left,Pneumonia,Not Admitted,16,207.0,3.45,0,0
2019-2020,2019,CTAS III - Urgent,3,Not Seen Or Left,Trauma,Not Admitted,28243,138.0,2.3,0,0
2019-2020,2019,Less urgent,3,Not Seen Or Left,Trauma,Not Admitted,27412,132.0,2.2,0,0
2019-2020,2019,Non-urgent,3,Not Seen Or Left,Trauma,Not Admitted,7639,108.0,1.8,0,0
2019-2020,2019,Unknown,3,Not Seen Or Left,Trauma,Not Admitted,2261,36.0,0.6,0,0
2019-2020,2019,CTAS III - Urgent,3,Not Seen Or Left,Unintentional Falls,Not Admitted,7766,150.0,2.5,0,0
2019-2020,2019,Less urgent,3,Not Seen Or Left,Unintentional Falls,Not Admitted,6471,138.0,2.3,0,0
2019-2020,2019,Non-urgent,3,Not Seen Or Left,Unintentional Falls,Not Admitted,988,114.0,1.9,0,0
2019-2020,2019,Unknown,3,Not Seen Or Left,Unintentional Falls,Not Admitted,179,36.0,0.6,0,0
2019-2020,2019,CTAS III - Urgent,3,Transferred,Acute Myocardial Infarction,Not Admitted,908,240.0,4.0,0,0
2019-2020,2019,Less urgent,3,Transferred,Acute Myocardial Infarction,Not Admitted,128,288.0,4.8,0,0
2019-2020,2019,Non-urgent,3,Transferred,Acute Myocardial Infarction,Not Admitted,26,282.0,4.7,0,0
2019-2020,2019,Unknown,3,Transferred,Acute Myocardial Infarction,Not Admitted,42,132.0,2.2,0,0
2019-2020,2019,CTAS III - Urgent,3,Transferred,Asthma,Not Admitted,253,282.0,4.7,0,0
2019-2020,2019,Less urgent,3,Transferred,Asthma,Not Admitted,33,234.0,3.9,0,0
2019-2020,2019,Non-urgent,3,Transferred,Asthma,Not Admitted,0,30.0,0.5,0,1
2019-2020,2019,Unknown,3,Transferred,Asthma,Not Admitted,7,174.0,2.9,0,0
2019-2020,2019,CTAS III - Urgent,3,Transferred,Influenzal Pneumonia,Not Admitted,14,321.0,5.35,0,0
2019-2020,2019,Less urgent,3,Transferred,Influenzal Pneumonia,Not Admitted,0,612.0,10.2,0,1
2019-2020,2019,Non-urgent,3,Transferred,Influenzal Pneumonia,Not Admitted,0,420.0,7.0,0,1
2019-2020,2019,Unknown,3,Transferred,Influenzal Pneumonia,Not Admitted,0,0.0,0.0,0,1
2019-2020,2019,CTAS III - Urgent,3,Transferred,Motor Vehicle Collisions,Not Admitted,1274,234.0,3.9,0,0
2019-2020,2019,Less urgent,3,Transferred,Motor Vehicle Collisions,Not Admitted,239,201.0,3.35,0,0
2019-2020,2019,Non-urgent,3,Transferred,Motor Vehicle Collisions,Not Admitted,38,174.0,2.9,0,0
2019-2020,2019,Unknown,3,Transferred,Motor Vehicle Collisions,Not Admitted,88,135.0,2.25,0,0
2019-2020,2019,CTAS III - Urgent,3,Transferred,Pneumonia,Not Admitted,2544,342.0,5.7,0,0
2019-2020,2019,Less urgent,3,Transferred,Pneumonia,Not Admitted,335,276.0,4.6,0,0
2019-2020,2019,Non-urgent,3,Transferred,Pneumonia,Not Admitted,63,252.0,4.2,0,0
2019-2020,2019,Unknown,3,Transferred,Pneumonia,Not Admitted,22,225.0,3.75,0,0
2019-2020,2019,CTAS III - Urgent,3,Transferred,Trauma,Not Admitted,30710,288.0,4.8,0,0
2019-2020,2019,Less urgent,3,Transferred,Trauma,Not Admitted,9280,204.0,3.4,0,0
2019-2020,2019,Non-urgent,3,Transferred,Trauma,Not Admitted,1599,168.0,2.8,0,0
2019-2020,2019,Unknown,3,Transferred,Trauma,Not Admitted,329,138.0,2.3,0,0
2019-2020,2019,CTAS III - Urgent,3,Transferred,Unintentional Falls,Not Admitted,21204,318.0,5.3,0,0
2019-2020,2019,Less urgent,3,Transferred,Unintentional Falls,Not Admitted,5313,240.0,4.0,0,0
2019-2020,2019,Non-urgent,3,Transferred,Unintentional Falls,Not Admitted,701,213.0,3.55,0,0
2019-2020,2019,Unknown,3,Transferred,Unintentional Falls,Not Admitted,121,192.0,3.2,0,0
2019-2020,2019,CTAS III - Urgent,3,Unknown,Acute Myocardial Infarction,Not Admitted,0,0.0,0.0,0,1
2019-2020,2019,Less urgent,3,Unknown,Acute Myocardial Infarction,Not Admitted,0,0.0,0.0,0,1
2019-2020,2019,Non-urgent,3,Unknown,Acute Myocardial Infarction,Not Admitted,0,0.0,0.0,0,1
2019-2020,2019,Unknown,3,Unknown,Acute Myocardial Infarction,Not Admitted,0,0.0,0.0,0,1
2019-2020,2019,CTAS III - Urgent,3,Unknown,Asthma,Not Admitted,0,0.0,0.0,0,1
2019-2020,2019,Less urgent,3,Unknown,Asthma,Not Admitted,0,0.0,0.0,0,1
2019-2020,2019,Non-urgent,3,Unknown,Asthma,Not Admitted,0,0.0,0.0,0,1
2019-2020,2019,Unknown,3,Unknown,Asthma,Not Admitted,0,0.0,0.0,0,1
2019-2020,2019,CTAS III - Urgent,3,Unknown,Influenzal Pneumonia,Not Admitted,0,0.0,0.0,0,1
2019-2020,2019,Less urgent,3,Unknown,Influenzal Pneumonia,Not Admitted,0,0.0,0.0,0,1
2019-2020,2019,Non-urgent,3,Unknown,Influenzal Pneumonia,Not Admitted,0,0.0,0.0,0,1
2019-2020,2019,Unknown,3,Unknown,Influenzal Pneumonia,Not Admitted,0,0.0,0.0,0,1
2019-2020,2019,CTAS III - Urgent,3,Unknown,Motor Vehicle Collisions,Not Admitted,0,0.0,0.0,0,1
2019-2020,2019,Less urgent,3,Unknown,Motor Vehicle Collisions,Not Admitted,0,0.0,0.0,0,1
2019-2020,2019,Non-urgent,3,Unknown,Motor Vehicle Collisions,Not Admitted,0,0.0,0.0,0,1
2019-2020,2019,Unknown,3,Unknown,Motor Vehicle Collisions,Not Admitted,0,0.0,0.0,0,1
2019-2020,2019,CTAS III - Urgent,3,Unknown,Pneumonia,Not Admitted,0,0.0,0.0,0,1
2019-2020,2019,Less urgent,3,Unknown,Pneumonia,Not Admitted,0,0.0,0.0,0,1
2019-2020,2019,Non-urgent,3,Unknown,Pneumonia,Not Admitted,0,0.0,0.0,0,1
2019-2020,2019,Unknown,3,Unknown,Pneumonia,Not Admitted,0,0.0,0.0,0,1
2019-2020,2019,CTAS III - Urgent,3,Unknown,Trauma,Not Admitted,0,0.0,0.0,0,1
2019-2020,2019,Less urgent,3,Unknown,Trauma,Not Admitted,0,0.0,0.0,0,1
2019-2020,2019,Non-urgent,3,Unknown,Trauma,Not Admitted,0,0.0,0.0,0,1
2019-2020,2019,Unknown,3,Unknown,Trauma,Not Admitted,0,0.0,0.0,0,1
2019-2020,2019,CTAS III - Urgent,3,Unknown,Unintentional Falls,Not Admitted,0,0.0,0.0,0,1
2019-2020,2019,Less urgent,3,Unknown,Unintentional Falls,Not Admitted,0,0.0,0.0,0,1
2019-2020,2019,Non-urgent,3,Unknown,Unintentional Falls,Not Admitted,0,0.0,0.0,0,1
2019-2020,2019,Unknown,3,Unknown,Unintentional Falls,Not Admitted,0,0.0,0.0,0,1
2018-2019,2018,CTAS I - Resuscitation,1,Admitted,Acute Myocardial Infarction,Admitted,1377,96.0,1.6,1,0
2018-2019,2018,CTAS I - Resuscitation,1,Admitted,Asthma,Admitted,818,435.0,7.25,1,0
2018-2019,2018,CTAS I - Resuscitation,1,Admitted,Influenzal Pneumonia,Admitted,22,528.0,8.8,1,0
2018-2019,2018,CTAS I - Resuscitation,1,Admitted,Motor Vehicle Collisions,Admitted,2983,300.0,5.0,1,0
2018-2019,2018,CTAS I - Resuscitation,1,Admitted,Pneumonia,Admitted,2064,540.0,9.0,1,0
2018-2019,2018,CTAS I - Resuscitation,1,Admitted,Trauma,Admitted,7853,300.0,5.0,1,0
2018-2019,2018,CTAS I - Resuscitation,1,Admitted,Unintentional Falls,Admitted,2123,378.0,6.3,1,0
2018-2019,2018,CTAS I - Resuscitation,1,Death,Acute Myocardial Infarction,Not Admitted,363,36.0,0.6,0,0
2018-2019,2018,CTAS I - Resuscitation,1,Death,Asthma,Not Admitted,5,66.0,1.1,0,0
2018-2019,2018,CTAS I - Resuscitation,1,Death,Influenzal Pneumonia,Not Admitted,0,0.0,0.0,0,1
2018-2019,2018,CTAS I - Resuscitation,1,Death,Motor Vehicle Collisions,Not Admitted,211,30.0,0.5,0,0
2018-2019,2018,CTAS I - Resuscitation,1,Death,Pneumonia,Not Admitted,37,156.0,2.6,0,0
2018-2019,2018,CTAS I - Resuscitation,1,Death,Trauma,Not Admitted,688,36.0,0.6,0,0
2018-2019,2018,CTAS I - Resuscitation,1,Death,Unintentional Falls,Not Admitted,109,120.0,2.0,0,0
2018-2019,2018,CTAS I - Resuscitation,1,Discharged Home,Acute Myocardial Infarction,Not Admitted,15,192.0,3.2,0,0
2018-2019,2018,CTAS I - Resuscitation,1,Discharged Home,Asthma,Not Admitted,685,210.0,3.5,0,0
2018-2019,2018,CTAS I - Resuscitation,1,Discharged Home,Influenzal Pneumonia,Not Admitted,0,93.0,1.55,0,1
2018-2019,2018,CTAS I - Resuscitation,1,Discharged Home,Motor Vehicle Collisions,Not Admitted,679,291.0,4.85,0,0
2018-2019,2018,CTAS I - Resuscitation,1,Discharged Home,Pneumonia,Not Admitted,486,174.0,2.9,0,0
2018-2019,2018,CTAS I - Resuscitation,1,Discharged Home,Trauma,Not Admitted,3944,240.0,4.0,0,0
2018-2019,2018,CTAS I - Resuscitation,1,Discharged Home,Unintentional Falls,Not Admitted,690,252.0,4.2,0,0
2018-2019,2018,CTAS I - Resuscitation,1,Intra-Facility Transfer,Acute Myocardial Infarction,Not Admitted,6,48.0,0.8,0,0
2018-2019,2018,CTAS I - Resuscitation,1,Intra-Facility Transfer,Asthma,Not Admitted,0,234.0,3.9,0,1
2018-2019,2018,CTAS I - Resuscitation,1,Intra-Facility Transfer,Influenzal Pneumonia,Not Admitted,0,0.0,0.0,0,1
2018-2019,2018,CTAS I - Resuscitation,1,Intra-Facility Transfer,Motor Vehicle Collisions,Not Admitted,10,75.0,1.25,0,0
2018-2019,2018,CTAS I - Resuscitation,1,Intra-Facility Transfer,Pneumonia,Not Admitted,0,204.0,3.4,0,1
2018-2019,2018,CTAS I - Resuscitation,1,Intra-Facility Transfer,Trauma,Not Admitted,71,126.0,2.1,0,0
2018-2019,2018,CTAS I - Resuscitation,1,Intra-Facility Transfer,Unintentional Falls,Not Admitted,7,258.0,4.3,0,0
2018-2019,2018,CTAS I - Resuscitation,1,Not Seen Or Left,Acute Myocardial Infarction,Not Admitted,0,96.0,1.6,0,1
2018-2019,2018,CTAS I - Resuscitation,1,Not Seen Or Left,Asthma,Not Admitted,10,177.0,2.95,0,0
2018-2019,2018,CTAS I - Resuscitation,1,Not Seen Or Left,Influenzal Pneumonia,Not Admitted,0,0.0,0.0,0,1
2018-2019,2018,CTAS I - Resuscitation,1,Not Seen Or Left,Motor Vehicle Collisions,Not Admitted,23,252.0,4.2,0,0
2018-2019,2018,CTAS I - Resuscitation,1,Not Seen Or Left,Pneumonia,Not Admitted,7,336.0,5.6,0,0
2018-2019,2018,CTAS I - Resuscitation,1,Not Seen Or Left,Trauma,Not Admitted,119,186.0,3.1,0,0
2018-2019,2018,CTAS I - Resuscitation,1,Not Seen Or Left,Unintentional Falls,Not Admitted,16,228.0,3.8,0,0
2018-2019,2018,CTAS I - Resuscitation,1,Transferred,Acute Myocardial Infarction,Not Admitted,720,72.0,1.2,0,0
2018-2019,2018,CTAS I - Resuscitation,1,Transferred,Asthma,Not Admitted,127,240.0,4.0,0,0
2018-2019,2018,CTAS I - Resuscitation,1,Transferred,Influenzal Pneumonia,Not Admitted,0,384.0,6.4,0,1
2018-2019,2018,CTAS I - Resuscitation,1,Transferred,Motor Vehicle Collisions,Not Admitted,622,120.0,2.0,0,0
2018-2019,2018,CTAS I - Resuscitation,1,Transferred,Pneumonia,Not Admitted,237,252.0,4.2,0,0
2018-2019,2018,CTAS I - Resuscitation,1,Transferred,Trauma,Not Admitted,1750,144.0,2.4,0,0
2018-2019,2018,CTAS I - Resuscitation,1,Transferred,Unintentional Falls,Not Admitted,396,186.0,3.1,0,0
2018-2019,2018,CTAS I - Resuscitation,1,Unknown,Acute Myocardial Infarction,Not Admitted,0,0.0,0.0,0,1
2018-2019,2018,CTAS I - Resuscitation,1,Unknown,Asthma,Not Admitted,0,0.0,0.0,0,1
2018-2019,2018,CTAS I - Resuscitation,1,Unknown,Influenzal Pneumonia,Not Admitted,0,0.0,0.0,0,1
2018-2019,2018,CTAS I - Resuscitation,1,Unknown,Motor Vehicle Collisions,Not Admitted,0,0.0,0.0,0,1
2018-2019,2018,CTAS I - Resuscitation,1,Unknown,Pneumonia,Not Admitted,0,0.0,0.0,0,1
2018-2019,2018,CTAS I - Resuscitation,1,Unknown,Trauma,Not Admitted,0,0.0,0.0,0,1
2018-2019,2018,CTAS I - Resuscitation,1,Unknown,Unintentional Falls,Not Admitted,0,0.0,0.0,0,1
2018-2019,2018,CTAS II - Emergent,2,Admitted,Acute Myocardial Infarction,Admitted,13117,528.0,8.8,1,0
2018-2019,2018,CTAS II - Emergent,2,Admitted,Asthma,Admitted,3688,546.0,9.1,1,0
2018-2019,2018,CTAS II - Emergent,2,Admitted,Influenzal Pneumonia,Admitted,136,681.0,11.35,1,0
2018-2019,2018,CTAS II - Emergent,2,Admitted,Motor Vehicle Collisions,Admitted,4288,426.0,7.1,1,0
2018-2019,2018,CTAS II - Emergent,2,Admitted,Pneumonia,Admitted,18741,762.0,12.7,1,0
2018-2019,2018,CTAS II - Emergent,2,Admitted,Trauma,Admitted,27690,516.0,8.6,1,0
2018-2019,2018,CTAS II - Emergent,2,Admitted,Unintentional Falls,Admitted,15789,576.0,9.6,1,0
2018-2019,2018,CTAS II - Emergent,2,Death,Acute Myocardial Infarction,Not Admitted,83,132.0,2.2,0,0
2018-2019,2018,CTAS II - Emergent,2,Death,Asthma,Not Admitted,0,0.0,0.0,0,1
2018-2019,2018,CTAS II - Emergent,2,Death,Influenzal Pneumonia,Not Admitted,0,0.0,0.0,0,1
2018-2019,2018,CTAS II - Emergent,2,Death,Motor Vehicle Collisions,Not Admitted,5,210.0,3.5,0,0
2018-2019,2018,CTAS II - Emergent,2,Death,Pneumonia,Not Admitted,34,351.0,5.85,0,0
2018-2019,2018,CTAS II - Emergent,2,Death,Trauma,Not Admitted,41,294.0,4.9,0,0
2018-2019,2018,CTAS II - Emergent,2,Death,Unintentional Falls,Not Admitted,24,306.0,5.1,0,0
2018-2019,2018,CTAS II - Emergent,2,Discharged Home,Acute Myocardial Infarction,Not Admitted,455,294.0,4.9,0,0
2018-2019,2018,CTAS II - Emergent,2,Discharged Home,Asthma,Not Admitted,13875,210.0,3.5,0,0
2018-2019,2018,CTAS II - Emergent,2,Discharged Home,Influenzal Pneumonia,Not Admitted,102,246.0,4.1,0,0
2018-2019,2018,CTAS II - Emergent,2,Discharged Home,Motor Vehicle Collisions,Not Admitted,26219,198.0,3.3,0,0
2018-2019,2018,CTAS II - Emergent,2,Discharged Home,Pneumonia,Not Admitted,18267,222.0,3.7,0,0
2018-2019,2018,CTAS II - Emergent,2,Discharged Home,Trauma,Not Admitted,173476,174.0,2.9,0,0
2018-2019,2018,CTAS II - Emergent,2,Discharged Home,Unintentional Falls,Not Admitted,57031,192.0,3.2,0,0
2018-2019,2018,CTAS II - Emergent,2,Intra-Facility Transfer,Acute Myocardial Infarction,Not Admitted,57,84.0,1.4,0,0
2018-2019,2018,CTAS II - Emergent,2,Intra-Facility Transfer,Asthma,Not Admitted,42,189.0,3.15,0,0
2018-2019,2018,CTAS II - Emergent,2,Intra-Facility Transfer,Influenzal Pneumonia,Not Admitted,0,0.0,0.0,0,1
2018-2019,2018,CTAS II - Emergent,2,Intra-Facility Transfer,Motor Vehicle Collisions,Not Admitted,73,204.0,3.4,0,0
2018-2019,2018,CTAS II - Emergent,2,Intra-Facility Transfer,Pneumonia,Not Admitted,35,216.0,3.6,0,0
2018-2019,2018,CTAS II - Emergent,2,Intra-Facility Transfer,Trauma,Not Admitted,1255,210.0,3.5,0,0
2018-2019,2018,CTAS II - Emergent,2,Intra-Facility Transfer,Unintentional Falls,Not Admitted,262,234.0,3.9,0,0
2018-2019,2018,CTAS II - Emergent,2,Not Seen Or Left,Acute Myocardial Infarction,Not Admitted,94,294.0,4.9,0,0
2018-2019,2018,CTAS II - Emergent,2,Not Seen Or Left,Asthma,Not Admitted,142,192.0,3.2,0,0
2018-2019,2018,CTAS II - Emergent,2,Not Seen Or Left,Influenzal Pneumonia,Not Admitted,0,0.0,0.0,0,1
2018-2019,2018,CTAS II - Emergent,2,Not Seen Or Left,Motor Vehicle Collisions,Not Admitted,550,168.0,2.8,0,0
2018-2019,2018,CTAS II - Emergent,2,Not Seen Or Left,Pneumonia,Not Admitted,127,297.0,4.95,0,0
2018-2019,2018,CTAS II - Emergent,2,Not Seen Or Left,Trauma,Not Admitted,4415,144.0,2.4,0,0
2018-2019,2018,CTAS II - Emergent,2,Not Seen Or Left,Unintentional Falls,Not Admitted,1148,156.0,2.6,0,0
2018-2019,2018,CTAS II - Emergent,2,Transferred,Acute Myocardial Infarction,Not Admitted,4631,132.0,2.2,0,0
2018-2019,2018,CTAS II - Emergent,2,Transferred,Asthma,Not Admitted,456,327.0,5.45,0,0
2018-2019,2018,CTAS II - Emergent,2,Transferred,Influenzal Pneumonia,Not Admitted,13,330.0,5.5,0,0
2018-2019,2018,CTAS II - Emergent,2,Transferred,Motor Vehicle Collisions,Not Admitted,2093,204.0,3.4,0,0
2018-2019,2018,CTAS II - Emergent,2,Transferred,Pneumonia,Not Admitted,1944,306.0,5.1,0,0
2018-2019,2018,CTAS II - Emergent,2,Transferred,Trauma,Not Admitted,13300,246.0,4.1,0,0
2018-2019,2018,CTAS II - Emergent,2,Transferred,Unintentional Falls,Not Admitted,6640,294.0,4.9,0,0
2018-2019,2018,CTAS II - Emergent,2,Unknown,Acute Myocardial Infarction,Not Admitted,0,0.0,0.0,0,1
2018-2019,2018,CTAS II - Emergent,2,Unknown,Asthma,Not Admitted,0,0.0,0.0,0,1
2018-2019,2018,CTAS II - Emergent,2,Unknown,Influenzal Pneumonia,Not Admitted,0,0.0,0.0,0,1
2018-2019,2018,CTAS II - Emergent,2,Unknown,Motor Vehicle Collisions,Not Admitted,0,0.0,0.0,0,1
2018-2019,2018,CTAS II - Emergent,2,Unknown,Pneumonia,Not Admitted,0,0.0,0.0,0,1
2018-2019,2018,CTAS II - Emergent,2,Unknown,Trauma,Not Admitted,0,0.0,0.0,0,1
2018-2019,2018,CTAS II - Emergent,2,Unknown,Unintentional Falls,Not Admitted,0,0.0,0.0,0,1
2018-2019,2018,CTAS III - Urgent,3,Admitted,Acute Myocardial Infarction,Admitted,4010,630.0,10.5,1,0
2018-2019,2018,Less urgent,3,Admitted,Acute Myocardial Infarction,Admitted,382,549.0,9.15,1,0
2018-2019,2018,Non-urgent,3,Admitted,Acute Myocardial Infarction,Admitted,54,537.0,8.95,1,0
2018-2019,2018,Unknown,3,Admitted,Acute Myocardial Infarction,Admitted,56,189.0,3.15,1,0
2018-2019,2018,CTAS III - Urgent,3,Admitted,Asthma,Admitted,1428,618.0,10.3,1,0
2018-2019,2018,Less urgent,3,Admitted,Asthma,Admitted,81,618.0,10.3,1,0
2018-2019,2018,Non-urgent,3,Admitted,Asthma,Admitted,12,507.0,8.45,1,0
2018-2019,2018,Unknown,3,Admitted,Asthma,Admitted,14,270.0,4.5,1,0
2018-2019,2018,CTAS III - Urgent,3,Admitted,Influenzal Pneumonia,Admitted,103,858.0,14.3,1,0
2018-2019,2018,Less urgent,3,Admitted,Influenzal Pneumonia,Admitted,9,558.0,9.3,1,0
2018-2019,2018,Non-urgent,3,Admitted,Influenzal Pneumonia,Admitted,0,789.0,13.15,1,1
2018-2019,2018,Unknown,3,Admitted,Influenzal Pneumonia,Admitted,0,0.0,0.0,1,1
2018-2019,2018,CTAS III - Urgent,3,Admitted,Motor Vehicle Collisions,Admitted,2415,468.0,7.8,1,0
2018-2019,2018,Less urgent,3,Admitted,Motor Vehicle Collisions,Admitted,461,390.0,6.5,1,0
2018-2019,2018,Non-urgent,3,Admitted,Motor Vehicle Collisions,Admitted,60,330.0,5.5,1,0
2018-2019,2018,Unknown,3,Admitted,Motor Vehicle Collisions,Admitted,53,258.0,4.3,1,0
2018-2019,2018,CTAS III - Urgent,3,Admitted,Pneumonia,Admitted,14555,744.0,12.4,1,0
2018-2019,2018,Less urgent,3,Admitted,Pneumonia,Admitted,1287,486.0,8.1,1,0
2018-2019,2018,Non-urgent,3,Admitted,Pneumonia,Admitted,117,474.0,7.9,1,0
2018-2019,2018,Unknown,3,Admitted,Pneumonia,Admitted,170,204.0,3.4,1,0
2018-2019,2018,CTAS III - Urgent,3,Admitted,Trauma,Admitted,43752,540.0,9.0,1,0
2018-2019,2018,Less urgent,3,Admitted,Trauma,Admitted,7932,456.0,7.6,1,0
2018-2019,2018,Non-urgent,3,Admitted,Trauma,Admitted,1134,372.0,6.2,1,0
2018-2019,2018,Unknown,3,Admitted,Trauma,Admitted,332,228.0,3.8,1,0
2018-2019,2018,CTAS III - Urgent,3,Admitted,Unintentional Falls,Admitted,33292,552.0,9.2,1,0
2018-2019,2018,Less urgent,3,Admitted,Unintentional Falls,Admitted,5456,486.0,8.1,1,0
2018-2019,2018,Non-urgent,3,Admitted,Unintentional Falls,Admitted,728,414.0,6.9,1,0
2018-2019,2018,Unknown,3,Admitted,Unintentional Falls,Admitted,186,228.0,3.8,1,0
2018-2019,2018,CTAS III - Urgent,3,Death,Acute Myocardial Infarction,Not Admitted,22,162.0,2.7,0,0
2018-2019,2018,Less urgent,3,Death,Acute Myocardial Infarction,Not Admitted,0,417.0,6.95,0,1
2018-2019,2018,Non-urgent,3,Death,Acute Myocardial Infarction,Not Admitted,0,0.0,0.0,0,1
2018-2019,2018,Unknown,3,Death,Acute Myocardial Infarction,Not Admitted,7,36.0,0.6,0,0
2018-2019,2018,CTAS III - Urgent,3,Death,Asthma,Not Admitted,0,222.0,3.7,0,1
2018-2019,2018,Less urgent,3,Death,Asthma,Not Admitted,0,0.0,0.0,0,1
2018-2019,2018,Non-urgent,3,Death,Asthma,Not Admitted,0,0.0,0.0,0,1
2018-2019,2018,Unknown,3,Death,Asthma,Not Admitted,0,0.0,0.0,0,1
2018-2019,2018,CTAS III - Urgent,3,Death,Influenzal Pneumonia,Not Admitted,0,0.0,0.0,0,1
2018-2019,2018,Less urgent,3,Death,Influenzal Pneumonia,Not Admitted,0,0.0,0.0,0,1
2018-2019,2018,Non-urgent,3,Death,Influenzal Pneumonia,Not Admitted,0,0.0,0.0,0,1
2018-2019,2018,Unknown,3,Death,Influenzal Pneumonia,Not Admitted,0,0.0,0.0,0,1
2018-2019,2018,CTAS III - Urgent,3,Death,Motor Vehicle Collisions,Not Admitted,0,141.0,2.35,0,1
2018-2019,2018,Less urgent,3,Death,Motor Vehicle Collisions,Not Admitted,0,36.0,0.6,0,1
2018-2019,2018,Non-urgent,3,Death,Motor Vehicle Collisions,Not Admitted,0,0.0,0.0,0,1
2018-2019,2018,Unknown,3,Death,Motor Vehicle Collisions,Not Admitted,0,66.0,1.1,0,1
2018-2019,2018,CTAS III - Urgent,3,Death,Pneumonia,Not Admitted,15,318.0,5.3,0,0
2018-2019,2018,Less urgent,3,Death,Pneumonia,Not Admitted,0,198.0,3.3,0,1
2018-2019,2018,Non-urgent,3,Death,Pneumonia,Not Admitted,0,18.0,0.3,0,1
2018-2019,2018,Unknown,3,Death,Pneumonia,Not Admitted,0,144.0,2.4,0,1
2018-2019,2018,CTAS III - Urgent,3,Death,Trauma,Not Admitted,21,342.0,5.7,0,0
2018-2019,2018,Less urgent,3,Death,Trauma,Not Admitted,7,108.0,1.8,0,0
2018-2019,2018,Non-urgent,3,Death,Trauma,Not Admitted,6,90.0,1.5,0,0
2018-2019,2018,Unknown,3,Death,Trauma,Not Admitted,11,36.0,0.6,0,0
2018-2019,2018,CTAS III - Urgent,3,Death,Unintentional Falls,Not Admitted,13,348.0,5.8,0,0
2018-2019,2018,Less urgent,3,Death,Unintentional Falls,Not Admitted,0,138.0,2.3,0,1
2018-2019,2018,Non-urgent,3,Death,Unintentional Falls,Not Admitted,0,294.0,4.9,0,1
2018-2019,2018,Unknown,3,Death,Unintentional Falls,Not Admitted,0,174.0,2.9,0,1
2018-2019,2018,CTAS III - Urgent,3,Discharged Home,Acute Myocardial Infarction,Not Admitted,174,414.0,6.9,0,0
2018-2019,2018,Less urgent,3,Discharged Home,Acute Myocardial Infarction,Not Admitted,46,306.0,5.1,0,0
2018-2019,2018,Non-urgent,3,Discharged Home,Acute Myocardial Infarction,Not Admitted,13,228.0,3.8,0,0
2018-2019,2018,Unknown,3,Discharged Home,Acute Myocardial Infarction,Not Admitted,0,78.0,1.3,0,1
2018-2019,2018,CTAS III - Urgent,3,Discharged Home,Asthma,Not Admitted,25648,168.0,2.8,0,0
2018-2019,2018,Less urgent,3,Discharged Home,Asthma,Not Admitted,10501,120.0,2.0,0,0
2018-2019,2018,Non-urgent,3,Discharged Home,Asthma,Not Admitted,1744,96.0,1.6,0,0
2018-2019,2018,Unknown,3,Discharged Home,Asthma,Not Admitted,204,96.0,1.6,0,0
2018-2019,2018,CTAS III - Urgent,3,Discharged Home,Influenzal Pneumonia,Not Admitted,264,201.0,3.35,0,0
2018-2019,2018,Less urgent,3,Discharged Home,Influenzal Pneumonia,Not Admitted,88,126.0,2.1,0,0
2018-2019,2018,Non-urgent,3,Discharged Home,Influenzal Pneumonia,Not Admitted,8,162.0,2.7,0,0
2018-2019,2018,Unknown,3,Discharged Home,Influenzal Pneumonia,Not Admitted,0,66.0,1.1,0,1
2018-2019,2018,CTAS III - Urgent,3,Discharged Home,Motor Vehicle Collisions,Not Admitted,70299,156.0,2.6,0,0
2018-2019,2018,Less urgent,3,Discharged Home,Motor Vehicle Collisions,Not Admitted,39583,126.0,2.1,0,0
2018-2019,2018,Non-urgent,3,Discharged Home,Motor Vehicle Collisions,Not Admitted,4907,114.0,1.9,0,0
2018-2019,2018,Unknown,3,Discharged Home,Motor Vehicle Collisions,Not Admitted,536,90.0,1.5,0,0
2018-2019,2018,CTAS III - Urgent,3,Discharged Home,Pneumonia,Not Admitted,45517,186.0,3.1,0,0
2018-2019,2018,Less urgent,3,Discharged Home,Pneumonia,Not Admitted,18385,138.0,2.3,0,0
2018-2019,2018,Non-urgent,3,Discharged Home,Pneumonia,Not Admitted,2926,126.0,2.1,0,0
2018-2019,2018,Unknown,3,Discharged Home,Pneumonia,Not Admitted,248,111.0,1.85,0,0
2018-2019,2018,CTAS III - Urgent,3,Discharged Home,Trauma,Not Admitted,713368,144.0,2.4,0,0
2018-2019,2018,Less urgent,3,Discharged Home,Trauma,Not Admitted,758810,114.0,1.9,0,0
2018-2019,2018,Non-urgent,3,Discharged Home,Trauma,Not Admitted,136102,102.0,1.7,0,0
2018-2019,2018,Unknown,3,Discharged Home,Trauma,Not Admitted,7053,72.0,1.2,0,0
2018-2019,2018,CTAS III - Urgent,3,Discharged Home,Unintentional Falls,Not Admitted,265849,162.0,2.7,0,0
2018-2019,2018,Less urgent,3,Discharged Home,Unintentional Falls,Not Admitted,224479,126.0,2.1,0,0
2018-2019,2018,Non-urgent,3,Discharged Home,Unintentional Falls,Not Admitted,29214,114.0,1.9,0,0
2018-2019,2018,Unknown,3,Discharged Home,Unintentional Falls,Not Admitted,1816,84.0,1.4,0,0
2018-2019,2018,CTAS III - Urgent,3,Intra-Facility Transfer,Acute Myocardial Infarction,Not Admitted,5,282.0,4.7,0,0
2018-2019,2018,Less urgent,3,Intra-Facility Transfer,Acute Myocardial Infarction,Not Admitted,0,0.0,0.0,0,1
2018-2019,2018,Non-urgent,3,Intra-Facility Transfer,Acute Myocardial Infarction,Not Admitted,0,0.0,0.0,0,1
2018-2019,2018,Unknown,3,Intra-Facility Transfer,Acute Myocardial Infarction,Not Admitted,0,6.0,0.1,0,1
2018-2019,2018,CTAS III - Urgent,3,Intra-Facility Transfer,Asthma,Not Admitted,16,171.0,2.85,0,0
2018-2019,2018,Less urgent,3,Intra-Facility Transfer,Asthma,Not Admitted,0,60.0,1.0,0,1
2018-2019,2018,Non-urgent,3,Intra-Facility Transfer,Asthma,Not Admitted,0,0.0,0.0,0,1
2018-2019,2018,Unknown,3,Intra-Facility Transfer,Asthma,Not Admitted,0,0.0,0.0,0,1
2018-2019,2018,CTAS III - Urgent,3,Intra-Facility Transfer,Influenzal Pneumonia,Not Admitted,0,0.0,0.0,0,1
2018-2019,2018,Less urgent,3,Intra-Facility Transfer,Influenzal Pneumonia,Not Admitted,0,0.0,0.0,0,1
2018-2019,2018,Non-urgent,3,Intra-Facility Transfer,Influenzal Pneumonia,Not Admitted,0,0.0,0.0,0,1
2018-2019,2018,Unknown,3,Intra-Facility Transfer,Influenzal Pneumonia,Not Admitted,0,0.0,0.0,0,1
2018-2019,2018,CTAS III - Urgent,3,Intra-Facility Transfer,Motor Vehicle Collisions,Not Admitted,142,222.0,3.7,0,0
2018-2019,2018,Less urgent,3,Intra-Facility Transfer,Motor Vehicle Collisions,Not Admitted,51,228.0,3.8,0,0
2018-2019,2018,Non-urgent,3,Intra-Facility Transfer,Motor Vehicle Collisions,Not Admitted,22,213.0,3.55,0,0
2018-2019,2018,Unknown,3,Intra-Facility Transfer,Motor Vehicle Collisions,Not Admitted,0,12.0,0.2,0,1
2018-2019,2018,CTAS III - Urgent,3,Intra-Facility Transfer,Pneumonia,Not Admitted,34,216.0,3.6,0,0
2018-2019,2018,Less urgent,3,Intra-Facility Transfer,Pneumonia,Not Admitted,6,159.0,2.65,0,0
2018-2019,2018,Non-urgent,3,Intra-Facility Transfer,Pneumonia,Not Admitted,0,264.0,4.4,0,1
2018-2019,2018,Unknown,3,Intra-Facility Transfer,Pneumonia,Not Admitted,0,0.0,0.0,0,1
2018-2019,2018,CTAS III - Urgent,3,Intra-Facility Transfer,Trauma,Not Admitted,2533,204.0,3.4,0,0
2018-2019,2018,Less urgent,3,Intra-Facility Transfer,Trauma,Not Admitted,1134,162.0,2.7,0,0
2018-2019,2018,Non-urgent,3,Intra-Facility Transfer,Trauma,Not Admitted,292,150.0,2.5,0,0
2018-2019,2018,Unknown,3,Intra-Facility Transfer,Trauma,Not Admitted,19,60.0,1.0,0,0
2018-2019,2018,CTAS III - Urgent,3,Intra-Facility Transfer,Unintentional Falls,Not Admitted,738,234.0,3.9,0,0
2018-2019,2018,Less urgent,3,Intra-Facility Transfer,Unintentional Falls,Not Admitted,319,150.0,2.5,0,0
2018-2019,2018,Non-urgent,3,Intra-Facility Transfer,Unintentional Falls,Not Admitted,79,168.0,2.8,0,0
2018-2019,2018,Unknown,3,Intra-Facility Transfer,Unintentional Falls,Not Admitted,6,27.0,0.45,0,0
2018-2019,2018,CTAS III - Urgent,3,Not Seen Or Left,Acute Myocardial Infarction,Not Admitted,38,354.0,5.9,0,0
2018-2019,2018,Less urgent,3,Not Seen Or Left,Acute Myocardial Infarction,Not Admitted,6,237.0,3.95,0,0
2018-2019,2018,Non-urgent,3,Not Seen Or Left,Acute Myocardial Infarction,Not Admitted,0,0.0,0.0,0,1
2018-2019,2018,Unknown,3,Not Seen Or Left,Acute Myocardial Infarction,Not Admitted,0,150.0,2.5,0,1
2018-2019,2018,CTAS III - Urgent,3,Not Seen Or Left,Asthma,Not Admitted,301,144.0,2.4,0,0
2018-2019,2018,Less urgent,3,Not Seen Or Left,Asthma,Not Admitted,85,126.0,2.1,0,0
2018-2019,2018,Non-urgent,3,Not Seen Or Left,Asthma,Not Admitted,19,132.0,2.2,0,0
2018-2019,2018,Unknown,3,Not Seen Or Left,Asthma,Not Admitted,12,120.0,2.0,0,0
2018-2019,2018,CTAS III - Urgent,3,Not Seen Or Left,Influenzal Pneumonia,Not Admitted,0,0.0,0.0,0,1
2018-2019,2018,Less urgent,3,Not Seen Or Left,Influenzal Pneumonia,Not Admitted,0,0.0,0.0,0,1
2018-2019,2018,Non-urgent,3,Not Seen Or Left,Influenzal Pneumonia,Not Admitted,0,0.0,0.0,0,1
2018-2019,2018,Unknown,3,Not Seen Or Left,Influenzal Pneumonia,Not Admitted,0,0.0,0.0,0,1
2018-2019,2018,CTAS III - Urgent,3,Not Seen Or Left,Motor Vehicle Collisions,Not Admitted,2084,150.0,2.5,0,0
2018-2019,2018,Less urgent,3,Not Seen Or Left,Motor Vehicle Collisions,Not Admitted,1352,132.0,2.2,0,0
2018-2019,2018,Non-urgent,3,Not Seen Or Left,Motor Vehicle Collisions,Not Admitted,173,126.0,2.1,0,0
2018-2019,2018,Unknown,3,Not Seen Or Left,Motor Vehicle Collisions,Not Admitted,61,66.0,1.1,0,0
2018-2019,2018,CTAS III - Urgent,3,Not Seen Or Left,Pneumonia,Not Admitted,250,252.0,4.2,0,0
2018-2019,2018,Less urgent,3,Not Seen Or Left,Pneumonia,Not Admitted,77,156.0,2.6,0,0
2018-2019,2018,Non-urgent,3,Not Seen Or Left,Pneumonia,Not Admitted,24,180.0,3.0,0,0
2018-2019,2018,Unknown,3,Not Seen Or Left,Pneumonia,Not Admitted,16,120.0,2.0,0,0
2018-2019,2018,CTAS III - Urgent,3,Not Seen Or Left,Trauma,Not Admitted,24241,138.0,2.3,0,0
2018-2019,2018,Less urgent,3,Not Seen Or Left,Trauma,Not Admitted,27380,126.0,2.1,0,0
2018-2019,2018,Non-urgent,3,Not Seen Or Left,Trauma,Not Admitted,6293,108.0,1.8,0,0
2018-2019,2018,Unknown,3,Not Seen Or Left,Trauma,Not Admitted,2026,42.0,0.7,0,0
2018-2019,2018,CTAS III - Urgent,3,Not Seen Or Left,Unintentional Falls,Not Admitted,7081,144.0,2.4,0,0
2018-2019,2018,Less urgent,3,Not Seen Or Left,Unintentional Falls,Not Admitted,6522,126.0,2.1,0,0
2018-2019,2018,Non-urgent,3,Not Seen Or Left,Unintentional Falls,Not Admitted,861,120.0,2.0,0,0
2018-2019,2018,Unknown,3,Not Seen Or Left,Unintentional Falls,Not Admitted,272,60.0,1.0,0,0
2018-2019,2018,CTAS III - Urgent,3,Transferred,Acute Myocardial Infarction,Not Admitted,1035,240.0,4.0,0,0
2018-2019,2018,Less urgent,3,Transferred,Acute Myocardial Infarction,Not Admitted,130,282.0,4.7,0,0
2018-2019,2018,Non-urgent,3,Transferred,Acute Myocardial Infarction,Not Admitted,18,258.0,4.3,0,0
2018-2019,2018,Unknown,3,Transferred,Acute Myocardial Infarction,Not Admitted,36,168.0,2.8,0,0
2018-2019,2018,CTAS III - Urgent,3,Transferred,Asthma,Not Admitted,258,306.0,5.1,0,0
2018-2019,2018,Less urgent,3,Transferred,Asthma,Not Admitted,47,204.0,3.4,0,0
2018-2019,2018,Non-urgent,3,Transferred,Asthma,Not Admitted,5,90.0,1.5,0,0
2018-2019,2018,Unknown,3,Transferred,Asthma,Not Admitted,5,108.0,1.8,0,0
2018-2019,2018,CTAS III - Urgent,3,Transferred,Influenzal Pneumonia,Not Admitted,8,369.0,6.15,0,0
2018-2019,2018,Less urgent,3,Transferred,Influenzal Pneumonia,Not Admitted,0,0.0,0.0,0,1
2018-2019,2018,Non-urgent,3,Transferred,Influenzal Pneumonia,Not Admitted,0,0.0,0.0,0,1
2018-2019,2018,Unknown,3,Transferred,Influenzal Pneumonia,Not Admitted,0,0.0,0.0,0,1
2018-2019,2018,CTAS III - Urgent,3,Transferred,Motor Vehicle Collisions,Not Admitted,1370,234.0,3.9,0,0
2018-2019,2018,Less urgent,3,Transferred,Motor Vehicle Collisions,Not Admitted,285,192.0,3.2,0,0
2018-2019,2018,Non-urgent,3,Transferred,Motor Vehicle Collisions,Not Admitted,42,207.0,3.45,0,0
2018-2019,2018,Unknown,3,Transferred,Motor Vehicle Collisions,Not Admitted,87,144.0,2.4,0,0
2018-2019,2018,CTAS III - Urgent,3,Transferred,Pneumonia,Not Admitted,2263,336.0,5.6,0,0
2018-2019,2018,Less urgent,3,Transferred,Pneumonia,Not Admitted,367,252.0,4.2,0,0
2018-2019,2018,Non-urgent,3,Transferred,Pneumonia,Not Admitted,40,258.0,4.3,0,0
2018-2019,2018,Unknown,3,Transferred,Pneumonia,Not Admitted,21,264.0,4.4,0,0
2018-2019,2018,CTAS III - Urgent,3,Transferred,Trauma,Not Admitted,29468,282.0,4.7,0,0
2018-2019,2018,Less urgent,3,Transferred,Trauma,Not Admitted,10213,204.0,3.4,0,0
2018-2019,2018,Non-urgent,3,Transferred,Trauma,Not Admitted,1437,180.0,3.0,0,0
2018-2019,2018,Unknown,3,Transferred,Trauma,Not Admitted,391,138.0,2.3,0,0
2018-2019,2018,CTAS III - Urgent,3,Transferred,Unintentional Falls,Not Admitted,20351,318.0,5.3,0,0
2018-2019,2018,Less urgent,3,Transferred,Unintentional Falls,Not Admitted,5900,240.0,4.0,0,0
2018-2019,2018,Non-urgent,3,Transferred,Unintentional Falls,Not Admitted,649,216.0,3.6,0,0
2018-2019,2018,Unknown,3,Transferred,Unintentional Falls,Not Admitted,149,168.0,2.8,0,0
2018-2019,2018,CTAS III - Urgent,3,Unknown,Acute Myocardial Infarction,Not Admitted,0,0.0,0.0,0,1
2018-2019,2018,Less urgent,3,Unknown,Acute Myocardial Infarction,Not Admitted,0,0.0,0.0,0,1
2018-2019,2018,Non-urgent,3,Unknown,Acute Myocardial Infarction,Not Admitted,0,0.0,0.0,0,1
2018-2019,2018,Unknown,3,Unknown,Acute Myocardial Infarction,Not Admitted,0,0.0,0.0,0,1
2018-2019,2018,CTAS III - Urgent,3,Unknown,Asthma,Not Admitted,0,0.0,0.0,0,1
2018-2019,2018,Less urgent,3,Unknown,Asthma,Not Admitted,0,0.0,0.0,0,1
2018-2019,2018,Non-urgent,3,Unknown,Asthma,Not Admitted,0,0.0,0.0,0,1
2018-2019,2018,Unknown,3,Unknown,Asthma,Not Admitted,0,0.0,0.0,0,1
2018-2019,2018,CTAS III - Urgent,3,Unknown,Influenzal Pneumonia,Not Admitted,0,0.0,0.0,0,1
2018-2019,2018,Less urgent,3,Unknown,Influenzal Pneumonia,Not Admitted,0,0.0,0.0,0,1
2018-2019,2018,Non-urgent,3,Unknown,Influenzal Pneumonia,Not Admitted,0,0.0,0.0,0,1
2018-2019,2018,Unknown,3,Unknown,Influenzal Pneumonia,Not Admitted,0,0.0,0.0,0,1
2018-2019,2018,CTAS III - Urgent,3,Unknown,Motor Vehicle Collisions,Not Admitted,0,0.0,0.0,0,1
2018-2019,2018,Less urgent,3,Unknown,Motor Vehicle Collisions,Not Admitted,0,0.0,0.0,0,1
2018-2019,2018,Non-urgent,3,Unknown,Motor Vehicle Collisions,Not Admitted,0,0.0,0.0,0,1
2018-2019,2018,Unknown,3,Unknown,Motor Vehicle Collisions,Not Admitted,0,0.0,0.0,0,1
2018-2019,2018,CTAS III - Urgent,3,Unknown,Pneumonia,Not Admitted,0,0.0,0.0,0,1
2018-2019,2018,Less urgent,3,Unknown,Pneumonia,Not Admitted,0,0.0,0.0,0,1
2018-2019,2018,Non-urgent,3,Unknown,Pneumonia,Not Admitted,0,0.0,0.0,0,1
2018-2019,2018,Unknown,3,Unknown,Pneumonia,Not Admitted,0,0.0,0.0,0,1
2018-2019,2018,CTAS III - Urgent,3,Unknown,Trauma,Not Admitted,0,0.0,0.0,0,1
2018-2019,2018,Less urgent,3,Unknown,Trauma,Not Admitted,0,0.0,0.0,0,1
2018-2019,2018,Non-urgent,3,Unknown,Trauma,Not Admitted,0,0.0,0.0,0,1
2018-2019,2018,Unknown,3,Unknown,Trauma,Not Admitted,0,0.0,0.0,0,1
2018-2019,2018,CTAS III - Urgent,3,Unknown,Unintentional Falls,Not Admitted,0,0.0,0.0,0,1
2018-2019,2018,Less urgent,3,Unknown,Unintentional Falls,Not Admitted,0,0.0,0.0,0,1
2018-2019,2018,Non-urgent,3,Unknown,Unintentional Falls,Not Admitted,0,0.0,0.0,0,1
2018-2019,2018,Unknown,3,Unknown,Unintentional Falls,Not Admitted,0,0.0,0.0,0,1
2017-2018,2017,CTAS I - Resuscitation,1,Admitted,Acute Myocardial Infarction,Admitted,1346,96.0,1.6,1,0
2017-2018,2017,CTAS I - Resuscitation,1,Admitted,Asthma,Admitted,616,414.0,6.9,1,0
2017-2018,2017,CTAS I - Resuscitation,1,Admitted,Influenzal Pneumonia,Admitted,15,660.0,11.0,1,0
2017-2018,2017,CTAS I - Resuscitation,1,Admitted,Motor Vehicle Collisions,Admitted,2967,288.0,4.8,1,0
2017-2018,2017,CTAS I - Resuscitation,1,Admitted,Pneumonia,Admitted,1751,534.0,8.9,1,0
2017-2018,2017,CTAS I - Resuscitation,1,Admitted,Trauma,Admitted,7641,288.0,4.8,1,0
2017-2018,2017,CTAS I - Resuscitation,1,Admitted,Unintentional Falls,Admitted,1936,330.0,5.5,1,0
2017-2018,2017,CTAS I - Resuscitation,1,Death,Acute Myocardial Infarction,Not Admitted,373,30.0,0.5,0,0
2017-2018,2017,CTAS I - Resuscitation,1,Death,Asthma,Not Admitted,0,102.0,1.7,0,1
2017-2018,2017,CTAS I - Resuscitation,1,Death,Influenzal Pneumonia,Not Admitted,0,0.0,0.0,0,1
2017-2018,2017,CTAS I - Resuscitation,1,Death,Motor Vehicle Collisions,Not Admitted,238,30.0,0.5,0,0
2017-2018,2017,CTAS I - Resuscitation,1,Death,Pneumonia,Not Admitted,38,153.0,2.55,0,0
2017-2018,2017,CTAS I - Resuscitation,1,Death,Trauma,Not Admitted,661,30.0,0.5,0,0
2017-2018,2017,CTAS I - Resuscitation,1,Death,Unintentional Falls,Not Admitted,76,138.0,2.3,0,0
2017-2018,2017,CTAS I - Resuscitation,1,Discharged Home,Acute Myocardial Infarction,Not Admitted,31,162.0,2.7,0,0
2017-2018,2017,CTAS I - Resuscitation,1,Discharged Home,Asthma,Not Admitted,473,222.0,3.7,0,0
2017-2018,2017,CTAS I - Resuscitation,1,Discharged Home,Influenzal Pneumonia,Not Admitted,0,0.0,0.0,0,1
2017-2018,2017,CTAS I - Resuscitation,1,Discharged Home,Motor Vehicle Collisions,Not Admitted,711,276.0,4.6,0,0
2017-2018,2017,CTAS I - Resuscitation,1,Discharged Home,Pneumonia,Not Admitted,253,204.0,3.4,0,0
2017-2018,2017,CTAS I - Resuscitation,1,Discharged Home,Trauma,Not Admitted,3838,246.0,4.1,0,0
2017-2018,2017,CTAS I - Resuscitation,1,Discharged Home,Unintentional Falls,Not Admitted,636,267.0,4.45,0,0
2017-2018,2017,CTAS I - Resuscitation,1,Intra-Facility Transfer,Acute Myocardial Infarction,Not Admitted,8,51.0,0.85,0,0
2017-2018,2017,CTAS I - Resuscitation,1,Intra-Facility Transfer,Asthma,Not Admitted,0,165.0,2.75,0,1
2017-2018,2017,CTAS I - Resuscitation,1,Intra-Facility Transfer,Influenzal Pneumonia,Not Admitted,0,0.0,0.0,0,1
2017-2018,2017,CTAS I - Resuscitation,1,Intra-Facility Transfer,Motor Vehicle Collisions,Not Admitted,0,201.0,3.35,0,1
2017-2018,2017,CTAS I - Resuscitation,1,Intra-Facility Transfer,Pneumonia,Not Admitted,0,186.0,3.1,0,1
2017-2018,2017,CTAS I - Resuscitation,1,Intra-Facility Transfer,Trauma,Not Admitted,62,177.0,2.95,0,0
2017-2018,2017,CTAS I - Resuscitation,1,Intra-Facility Transfer,Unintentional Falls,Not Admitted,8,183.0,3.05,0,0
2017-2018,2017,CTAS I - Resuscitation,1,Not Seen Or Left,Acute Myocardial Infarction,Not Admitted,0,288.0,4.8,0,1
2017-2018,2017,CTAS I - Resuscitation,1,Not Seen Or Left,Asthma,Not Admitted,13,198.0,3.3,0,0
2017-2018,2017,CTAS I - Resuscitation,1,Not Seen Or Left,Influenzal Pneumonia,Not Admitted,0,0.0,0.0,0,1
2017-2018,2017,CTAS I - Resuscitation,1,Not Seen Or Left,Motor Vehicle Collisions,Not Admitted,17,264.0,4.4,0,0
2017-2018,2017,CTAS I - Resuscitation,1,Not Seen Or Left,Pneumonia,Not Admitted,5,306.0,5.1,0,0
2017-2018,2017,CTAS I - Resuscitation,1,Not Seen Or Left,Trauma,Not Admitted,88,210.0,3.5,0,0
2017-2018,2017,CTAS I - Resuscitation,1,Not Seen Or Left,Unintentional Falls,Not Admitted,11,330.0,5.5,0,0
2017-2018,2017,CTAS I - Resuscitation,1,Transferred,Acute Myocardial Infarction,Not Admitted,738,66.0,1.1,0,0
2017-2018,2017,CTAS I - Resuscitation,1,Transferred,Asthma,Not Admitted,80,222.0,3.7,0,0
2017-2018,2017,CTAS I - Resuscitation,1,Transferred,Influenzal Pneumonia,Not Admitted,0,138.0,2.3,0,1
2017-2018,2017,CTAS I - Resuscitation,1,Transferred,Motor Vehicle Collisions,Not Admitted,601,108.0,1.8,0,0
2017-2018,2017,CTAS I - Resuscitation,1,Transferred,Pneumonia,Not Admitted,150,222.0,3.7,0,0
2017-2018,2017,CTAS I - Resuscitation,1,Transferred,Trauma,Not Admitted,1569,126.0,2.1,0,0
2017-2018,2017,CTAS I - Resuscitation,1,Transferred,Unintentional Falls,Not Admitted,309,156.0,2.6,0,0
2017-2018,2017,CTAS I - Resuscitation,1,Unknown,Acute Myocardial Infarction,Not Admitted,0,0.0,0.0,0,1
2017-2018,2017,CTAS I - Resuscitation,1,Unknown,Asthma,Not Admitted,0,0.0,0.0,0,1
2017-2018,2017,CTAS I - Resuscitation,1,Unknown,Influenzal Pneumonia,Not Admitted,0,0.0,0.0,0,1
2017-2018,2017,CTAS I - Resuscitation,1,Unknown,Motor Vehicle Collisions,Not Admitted,0,0.0,0.0,0,1
2017-2018,2017,CTAS I - Resuscitation,1,Unknown,Pneumonia,Not Admitted,0,0.0,0.0,0,1
2017-2018,2017,CTAS I - Resuscitation,1,Unknown,Trauma,Not Admitted,0,0.0,0.0,0,1
2017-2018,2017,CTAS I - Resuscitation,1,Unknown,Unintentional Falls,Not Admitted,0,0.0,0.0,0,1
2017-2018,2017,CTAS II - Emergent,2,Admitted,Acute Myocardial Infarction,Admitted,12596,522.0,8.7,1,0
2017-2018,2017,CTAS II - Emergent,2,Admitted,Asthma,Admitted,3882,528.0,8.8,1,0
2017-2018,2017,CTAS II - Emergent,2,Admitted,Influenzal Pneumonia,Admitted,186,1518.0,25.3,1,0
2017-2018,2017,CTAS II - Emergent,2,Admitted,Motor Vehicle Collisions,Admitted,4305,432.0,7.2,1,0
2017-2018,2017,CTAS II - Emergent,2,Admitted,Pneumonia,Admitted,19430,786.0,13.1,1,0
2017-2018,2017,CTAS II - Emergent,2,Admitted,Trauma,Admitted,27364,510.0,8.5,1,0
2017-2018,2017,CTAS II - Emergent,2,Admitted,Unintentional Falls,Admitted,15590,570.0,9.5,1,0
2017-2018,2017,CTAS II - Emergent,2,Death,Acute Myocardial Infarction,Not Admitted,94,156.0,2.6,0,0
2017-2018,2017,CTAS II - Emergent,2,Death,Asthma,Not Admitted,0,210.0,3.5,0,1
2017-2018,2017,CTAS II - Emergent,2,Death,Influenzal Pneumonia,Not Admitted,0,153.0,2.55,0,1
2017-2018,2017,CTAS II - Emergent,2,Death,Motor Vehicle Collisions,Not Admitted,6,108.0,1.8,0,0
2017-2018,2017,CTAS II - Emergent,2,Death,Pneumonia,Not Admitted,44,303.0,5.05,0,0
2017-2018,2017,CTAS II - Emergent,2,Death,Trauma,Not Admitted,50,267.0,4.45,0,0
2017-2018,2017,CTAS II - Emergent,2,Death,Unintentional Falls,Not Admitted,37,288.0,4.8,0,0
2017-2018,2017,CTAS II - Emergent,2,Discharged Home,Acute Myocardial Infarction,Not Admitted,532,336.0,5.6,0,0
2017-2018,2017,CTAS II - Emergent,2,Discharged Home,Asthma,Not Admitted,14989,210.0,3.5,0,0
2017-2018,2017,CTAS II - Emergent,2,Discharged Home,Influenzal Pneumonia,Not Admitted,91,252.0,4.2,0,0
2017-2018,2017,CTAS II - Emergent,2,Discharged Home,Motor Vehicle Collisions,Not Admitted,26031,198.0,3.3,0,0
2017-2018,2017,CTAS II - Emergent,2,Discharged Home,Pneumonia,Not Admitted,18973,228.0,3.8,0,0
2017-2018,2017,CTAS II - Emergent,2,Discharged Home,Trauma,Not Admitted,168682,180.0,3.0,0,0
2017-2018,2017,CTAS II - Emergent,2,Discharged Home,Unintentional Falls,Not Admitted,54199,204.0,3.4,0,0
2017-2018,2017,CTAS II - Emergent,2,Intra-Facility Transfer,Acute Myocardial Infarction,Not Admitted,53,72.0,1.2,0,0
2017-2018,2017,CTAS II - Emergent,2,Intra-Facility Transfer,Asthma,Not Admitted,68,198.0,3.3,0,0
2017-2018,2017,CTAS II - Emergent,2,Intra-Facility Transfer,Influenzal Pneumonia,Not Admitted,0,0.0,0.0,0,1
2017-2018,2017,CTAS II - Emergent,2,Intra-Facility Transfer,Motor Vehicle Collisions,Not Admitted,79,210.0,3.5,0,0
2017-2018,2017,CTAS II - Emergent,2,Intra-Facility Transfer,Pneumonia,Not Admitted,60,225.0,3.75,0,0
2017-2018,2017,CTAS II - Emergent,2,Intra-Facility Transfer,Trauma,Not Admitted,1271,204.0,3.4,0,0
2017-2018,2017,CTAS II - Emergent,2,Intra-Facility Transfer,Unintentional Falls,Not Admitted,241,222.0,3.7,0,0
2017-2018,2017,CTAS II - Emergent,2,Not Seen Or Left,Acute Myocardial Infarction,Not Admitted,68,333.0,5.55,0,0
2017-2018,2017,CTAS II - Emergent,2,Not Seen Or Left,Asthma,Not Admitted,147,174.0,2.9,0,0
2017-2018,2017,CTAS II - Emergent,2,Not Seen Or Left,Influenzal Pneumonia,Not Admitted,0,0.0,0.0,0,1
2017-2018,2017,CTAS II - Emergent,2,Not Seen Or Left,Motor Vehicle Collisions,Not Admitted,571,162.0,2.7,0,0
2017-2018,2017,CTAS II - Emergent,2,Not Seen Or Left,Pneumonia,Not Admitted,115,288.0,4.8,0,0
2017-2018,2017,CTAS II - Emergent,2,Not Seen Or Left,Trauma,Not Admitted,4290,138.0,2.3,0,0
2017-2018,2017,CTAS II - Emergent,2,Not Seen Or Left,Unintentional Falls,Not Admitted,1030,162.0,2.7,0,0
2017-2018,2017,CTAS II - Emergent,2,Transferred,Acute Myocardial Infarction,Not Admitted,4440,126.0,2.1,0,0
2017-2018,2017,CTAS II - Emergent,2,Transferred,Asthma,Not Admitted,438,300.0,5.0,0,0
2017-2018,2017,CTAS II - Emergent,2,Transferred,Influenzal Pneumonia,Not Admitted,11,564.0,9.4,0,0
2017-2018,2017,CTAS II - Emergent,2,Transferred,Motor Vehicle Collisions,Not Admitted,2116,204.0,3.4,0,0
2017-2018,2017,CTAS II - Emergent,2,Transferred,Pneumonia,Not Admitted,1366,270.0,4.5,0,0
2017-2018,2017,CTAS II - Emergent,2,Transferred,Trauma,Not Admitted,8476,204.0,3.4,0,0
2017-2018,2017,CTAS II - Emergent,2,Transferred,Unintentional Falls,Not Admitted,3187,228.0,3.8,0,0
2017-2018,2017,CTAS II - Emergent,2,Unknown,Acute Myocardial Infarction,Not Admitted,0,0.0,0.0,0,1
2017-2018,2017,CTAS II - Emergent,2,Unknown,Asthma,Not Admitted,0,0.0,0.0,0,1
2017-2018,2017,CTAS II - Emergent,2,Unknown,Influenzal Pneumonia,Not Admitted,0,0.0,0.0,0,1
2017-2018,2017,CTAS II - Emergent,2,Unknown,Motor Vehicle Collisions,Not Admitted,0,0.0,0.0,0,1
2017-2018,2017,CTAS II - Emergent,2,Unknown,Pneumonia,Not Admitted,0,0.0,0.0,0,1
2017-2018,2017,CTAS II - Emergent,2,Unknown,Trauma,Not Admitted,0,0.0,0.0,0,1
2017-2018,2017,CTAS II - Emergent,2,Unknown,Unintentional Falls,Not Admitted,0,0.0,0.0,0,1
2017-2018,2017,CTAS III - Urgent,3,Admitted,Acute Myocardial Infarction,Admitted,4115,624.0,10.4,1,0
2017-2018,2017,Less urgent,3,Admitted,Acute Myocardial Infarction,Admitted,377,498.0,8.3,1,0
2017-2018,2017,Non-urgent,3,Admitted,Acute Myocardial Infarction,Admitted,34,465.0,7.75,1,0
2017-2018,2017,Unknown,3,Admitted,Acute Myocardial Infarction,Admitted,64,291.0,4.85,1,0
2017-2018,2017,CTAS III - Urgent,3,Admitted,Asthma,Admitted,1421,618.0,10.3,1,0
2017-2018,2017,Less urgent,3,Admitted,Asthma,Admitted,83,354.0,5.9,1,0
2017-2018,2017,Non-urgent,3,Admitted,Asthma,Admitted,9,780.0,13.0,1,0
2017-2018,2017,Unknown,3,Admitted,Asthma,Admitted,17,294.0,4.9,1,0
2017-2018,2017,CTAS III - Urgent,3,Admitted,Influenzal Pneumonia,Admitted,138,1182.0,19.7,1,0
2017-2018,2017,Less urgent,3,Admitted,Influenzal Pneumonia,Admitted,23,648.0,10.8,1,0
2017-2018,2017,Non-urgent,3,Admitted,Influenzal Pneumonia,Admitted,0,1164.0,19.4,1,1
2017-2018,2017,Unknown,3,Admitted,Influenzal Pneumonia,Admitted,0,696.0,11.6,1,1
2017-2018,2017,CTAS III - Urgent,3,Admitted,Motor Vehicle Collisions,Admitted,2544,444.0,7.4,1,0
2017-2018,2017,Less urgent,3,Admitted,Motor Vehicle Collisions,Admitted,453,372.0,6.2,1,0
2017-2018,2017,Non-urgent,3,Admitted,Motor Vehicle Collisions,Admitted,49,264.0,4.4,1,0
2017-2018,2017,Unknown,3,Admitted,Motor Vehicle Collisions,Admitted,46,156.0,2.6,1,0
2017-2018,2017,CTAS III - Urgent,3,Admitted,Pneumonia,Admitted,15905,768.0,12.8,1,0
2017-2018,2017,Less urgent,3,Admitted,Pneumonia,Admitted,1511,462.0,7.7,1,0
2017-2018,2017,Non-urgent,3,Admitted,Pneumonia,Admitted,122,372.0,6.2,1,0
2017-2018,2017,Unknown,3,Admitted,Pneumonia,Admitted,269,207.0,3.45,1,0
2017-2018,2017,CTAS III - Urgent,3,Admitted,Trauma,Admitted,42260,534.0,8.9,1,0
2017-2018,2017,Less urgent,3,Admitted,Trauma,Admitted,7799,444.0,7.4,1,0
2017-2018,2017,Non-urgent,3,Admitted,Trauma,Admitted,841,336.0,5.6,1,0
2017-2018,2017,Unknown,3,Admitted,Trauma,Admitted,356,234.0,3.9,1,0
2017-2018,2017,CTAS III - Urgent,3,Admitted,Unintentional Falls,Admitted,31798,558.0,9.3,1,0
2017-2018,2017,Less urgent,3,Admitted,Unintentional Falls,Admitted,5272,474.0,7.9,1,0
2017-2018,2017,Non-urgent,3,Admitted,Unintentional Falls,Admitted,500,372.0,6.2,1,0
2017-2018,2017,Unknown,3,Admitted,Unintentional Falls,Admitted,222,252.0,4.2,1,0
2017-2018,2017,CTAS III - Urgent,3,Death,Acute Myocardial Infarction,Not Admitted,18,198.0,3.3,0,0
2017-2018,2017,Less urgent,3,Death,Acute Myocardial Infarction,Not Admitted,0,243.0,4.05,0,1
2017-2018,2017,Non-urgent,3,Death,Acute Myocardial Infarction,Not Admitted,0,132.0,2.2,0,1
2017-2018,2017,Unknown,3,Death,Acute Myocardial Infarction,Not Admitted,5,54.0,0.9,0,0
2017-2018,2017,CTAS III - Urgent,3,Death,Asthma,Not Admitted,0,78.0,1.3,0,1
2017-2018,2017,Less urgent,3,Death,Asthma,Not Admitted,0,0.0,0.0,0,1
2017-2018,2017,Non-urgent,3,Death,Asthma,Not Admitted,0,0.0,0.0,0,1
2017-2018,2017,Unknown,3,Death,Asthma,Not Admitted,0,0.0,0.0,0,1
2017-2018,2017,CTAS III - Urgent,3,Death,Influenzal Pneumonia,Not Admitted,0,120.0,2.0,0,1
2017-2018,2017,Less urgent,3,Death,Influenzal Pneumonia,Not Admitted,0,0.0,0.0,0,1
2017-2018,2017,Non-urgent,3,Death,Influenzal Pneumonia,Not Admitted,0,0.0,0.0,0,1
2017-2018,2017,Unknown,3,Death,Influenzal Pneumonia,Not Admitted,0,0.0,0.0,0,1
2017-2018,2017,CTAS III - Urgent,3,Death,Motor Vehicle Collisions,Not Admitted,0,762.0,12.7,0,1
2017-2018,2017,Less urgent,3,Death,Motor Vehicle Collisions,Not Admitted,0,123.0,2.05,0,1
2017-2018,2017,Non-urgent,3,Death,Motor Vehicle Collisions,Not Admitted,0,0.0,0.0,0,1
2017-2018,2017,Unknown,3,Death,Motor Vehicle Collisions,Not Admitted,9,90.0,1.5,0,0
2017-2018,2017,CTAS III - Urgent,3,Death,Pneumonia,Not Admitted,12,384.0,6.4,0,0
2017-2018,2017,Less urgent,3,Death,Pneumonia,Not Admitted,0,144.0,2.4,0,1
2017-2018,2017,Non-urgent,3,Death,Pneumonia,Not Admitted,0,6.0,0.1,0,1
2017-2018,2017,Unknown,3,Death,Pneumonia,Not Admitted,0,762.0,12.7,0,1
2017-2018,2017,CTAS III - Urgent,3,Death,Trauma,Not Admitted,22,363.0,6.05,0,0
2017-2018,2017,Less urgent,3,Death,Trauma,Not Admitted,10,108.0,1.8,0,0
2017-2018,2017,Non-urgent,3,Death,Trauma,Not Admitted,7,18.0,0.3,0,0
2017-2018,2017,Unknown,3,Death,Trauma,Not Admitted,12,90.0,1.5,0,0
2017-2018,2017,CTAS III - Urgent,3,Death,Unintentional Falls,Not Admitted,13,378.0,6.3,0,0
2017-2018,2017,Less urgent,3,Death,Unintentional Falls,Not Admitted,0,825.0,13.75,0,1
2017-2018,2017,Non-urgent,3,Death,Unintentional Falls,Not Admitted,0,522.0,8.7,0,1
2017-2018,2017,Unknown,3,Death,Unintentional Falls,Not Admitted,0,0.0,0.0,0,1
2017-2018,2017,CTAS III - Urgent,3,Discharged Home,Acute Myocardial Infarction,Not Admitted,259,390.0,6.5,0,0
2017-2018,2017,Less urgent,3,Discharged Home,Acute Myocardial Infarction,Not Admitted,48,306.0,5.1,0,0
2017-2018,2017,Non-urgent,3,Discharged Home,Acute Myocardial Infarction,Not Admitted,15,84.0,1.4,0,0
2017-2018,2017,Unknown,3,Discharged Home,Acute Myocardial Infarction,Not Admitted,7,252.0,4.2,0,0
2017-2018,2017,CTAS III - Urgent,3,Discharged Home,Asthma,Not Admitted,27843,168.0,2.8,0,0
2017-2018,2017,Less urgent,3,Discharged Home,Asthma,Not Admitted,12132,114.0,1.9,0,0
2017-2018,2017,Non-urgent,3,Discharged Home,Asthma,Not Admitted,1534,96.0,1.6,0,0
2017-2018,2017,Unknown,3,Discharged Home,Asthma,Not Admitted,306,90.0,1.5,0,0
2017-2018,2017,CTAS III - Urgent,3,Discharged Home,Influenzal Pneumonia,Not Admitted,260,216.0,3.6,0,0
2017-2018,2017,Less urgent,3,Discharged Home,Influenzal Pneumonia,Not Admitted,115,144.0,2.4,0,0
2017-2018,2017,Non-urgent,3,Discharged Home,Influenzal Pneumonia,Not Admitted,6,54.0,0.9,0,0
2017-2018,2017,Unknown,3,Discharged Home,Influenzal Pneumonia,Not Admitted,0,366.0,6.1,0,1
2017-2018,2017,CTAS III - Urgent,3,Discharged Home,Motor Vehicle Collisions,Not Admitted,71943,150.0,2.5,0,0
2017-2018,2017,Less urgent,3,Discharged Home,Motor Vehicle Collisions,Not Admitted,45471,120.0,2.0,0,0
2017-2018,2017,Non-urgent,3,Discharged Home,Motor Vehicle Collisions,Not Admitted,3670,108.0,1.8,0,0
2017-2018,2017,Unknown,3,Discharged Home,Motor Vehicle Collisions,Not Admitted,822,96.0,1.6,0,0
2017-2018,2017,CTAS III - Urgent,3,Discharged Home,Pneumonia,Not Admitted,50878,186.0,3.1,0,0
2017-2018,2017,Less urgent,3,Discharged Home,Pneumonia,Not Admitted,23463,132.0,2.2,0,0
2017-2018,2017,Non-urgent,3,Discharged Home,Pneumonia,Not Admitted,2286,126.0,2.1,0,0
2017-2018,2017,Unknown,3,Discharged Home,Pneumonia,Not Admitted,346,96.0,1.6,0,0
2017-2018,2017,CTAS III - Urgent,3,Discharged Home,Trauma,Not Admitted,703302,144.0,2.4,0,0
2017-2018,2017,Less urgent,3,Discharged Home,Trauma,Not Admitted,859985,114.0,1.9,0,0
2017-2018,2017,Non-urgent,3,Discharged Home,Trauma,Not Admitted,97710,96.0,1.6,0,0
2017-2018,2017,Unknown,3,Discharged Home,Trauma,Not Admitted,9484,72.0,1.2,0,0
2017-2018,2017,CTAS III - Urgent,3,Discharged Home,Unintentional Falls,Not Admitted,260034,162.0,2.7,0,0
2017-2018,2017,Less urgent,3,Discharged Home,Unintentional Falls,Not Admitted,245814,126.0,2.1,0,0
2017-2018,2017,Non-urgent,3,Discharged Home,Unintentional Falls,Not Admitted,19126,114.0,1.9,0,0
2017-2018,2017,Unknown,3,Discharged Home,Unintentional Falls,Not Admitted,2458,84.0,1.4,0,0
2017-2018,2017,CTAS III - Urgent,3,Intra-Facility Transfer,Acute Myocardial Infarction,Not Admitted,9,138.0,2.3,0,0
2017-2018,2017,Less urgent,3,Intra-Facility Transfer,Acute Myocardial Infarction,Not Admitted,0,0.0,0.0,0,1
2017-2018,2017,Non-urgent,3,Intra-Facility Transfer,Acute Myocardial Infarction,Not Admitted,0,0.0,0.0,0,1
2017-2018,2017,Unknown,3,Intra-Facility Transfer,Acute Myocardial Infarction,Not Admitted,0,0.0,0.0,0,1
2017-2018,2017,CTAS III - Urgent,3,Intra-Facility Transfer,Asthma,Not Admitted,20,177.0,2.95,0,0
2017-2018,2017,Less urgent,3,Intra-Facility Transfer,Asthma,Not Admitted,0,0.0,0.0,0,1
2017-2018,2017,Non-urgent,3,Intra-Facility Transfer,Asthma,Not Admitted,0,0.0,0.0,0,1
2017-2018,2017,Unknown,3,Intra-Facility Transfer,Asthma,Not Admitted,0,0.0,0.0,0,1
2017-2018,2017,CTAS III - Urgent,3,Intra-Facility Transfer,Influenzal Pneumonia,Not Admitted,0,0.0,0.0,0,1
2017-2018,2017,Less urgent,3,Intra-Facility Transfer,Influenzal Pneumonia,Not Admitted,0,0.0,0.0,0,1
2017-2018,2017,Non-urgent,3,Intra-Facility Transfer,Influenzal Pneumonia,Not Admitted,0,0.0,0.0,0,1
2017-2018,2017,Unknown,3,Intra-Facility Transfer,Influenzal Pneumonia,Not Admitted,0,0.0,0.0,0,1
2017-2018,2017,CTAS III - Urgent,3,Intra-Facility Transfer,Motor Vehicle Collisions,Not Admitted,137,204.0,3.4,0,0
2017-2018,2017,Less urgent,3,Intra-Facility Transfer,Motor Vehicle Collisions,Not Admitted,63,222.0,3.7,0,0
2017-2018,2017,Non-urgent,3,Intra-Facility Transfer,Motor Vehicle Collisions,Not Admitted,13,96.0,1.6,0,0
2017-2018,2017,Unknown,3,Intra-Facility Transfer,Motor Vehicle Collisions,Not Admitted,0,276.0,4.6,0,1
2017-2018,2017,CTAS III - Urgent,3,Intra-Facility Transfer,Pneumonia,Not Admitted,52,204.0,3.4,0,0
2017-2018,2017,Less urgent,3,Intra-Facility Transfer,Pneumonia,Not Admitted,7,114.0,1.9,0,0
2017-2018,2017,Non-urgent,3,Intra-Facility Transfer,Pneumonia,Not Admitted,0,0.0,0.0,0,1
2017-2018,2017,Unknown,3,Intra-Facility Transfer,Pneumonia,Not Admitted,0,0.0,0.0,0,1
2017-2018,2017,CTAS III - Urgent,3,Intra-Facility Transfer,Trauma,Not Admitted,2272,204.0,3.4,0,0
2017-2018,2017,Less urgent,3,Intra-Facility Transfer,Trauma,Not Admitted,1073,168.0,2.8,0,0
2017-2018,2017,Non-urgent,3,Intra-Facility Transfer,Trauma,Not Admitted,235,138.0,2.3,0,0
2017-2018,2017,Unknown,3,Intra-Facility Transfer,Trauma,Not Admitted,22,90.0,1.5,0,0
2017-2018,2017,CTAS III - Urgent,3,Intra-Facility Transfer,Unintentional Falls,Not Admitted,605,216.0,3.6,0,0
2017-2018,2017,Less urgent,3,Intra-Facility Transfer,Unintentional Falls,Not Admitted,332,156.0,2.6,0,0
2017-2018,2017,Non-urgent,3,Intra-Facility Transfer,Unintentional Falls,Not Admitted,50,111.0,1.85,0,0
2017-2018,2017,Unknown,3,Intra-Facility Transfer,Unintentional Falls,Not Admitted,9,78.0,1.3,0,0
2017-2018,2017,CTAS III - Urgent,3,Not Seen Or Left,Acute Myocardial Infarction,Not Admitted,38,315.0,5.25,0,0
2017-2018,2017,Less urgent,3,Not Seen Or Left,Acute Myocardial Infarction,Not Admitted,8,285.0,4.75,0,0
2017-2018,2017,Non-urgent,3,Not Seen Or Left,Acute Myocardial Infarction,Not Admitted,0,96.0,1.6,0,1
2017-2018,2017,Unknown,3,Not Seen Or Left,Acute Myocardial Infarction,Not Admitted,0,507.0,8.45,0,1
2017-2018,2017,CTAS III - Urgent,3,Not Seen Or Left,Asthma,Not Admitted,304,144.0,2.4,0,0
2017-2018,2017,Less urgent,3,Not Seen Or Left,Asthma,Not Admitted,128,126.0,2.1,0,0
2017-2018,2017,Non-urgent,3,Not Seen Or Left,Asthma,Not Admitted,18,177.0,2.95,0,0
2017-2018,2017,Unknown,3,Not Seen Or Left,Asthma,Not Admitted,7,63.0,1.05,0,0
2017-2018,2017,CTAS III - Urgent,3,Not Seen Or Left,Influenzal Pneumonia,Not Admitted,0,0.0,0.0,0,1
2017-2018,2017,Less urgent,3,Not Seen Or Left,Influenzal Pneumonia,Not Admitted,0,0.0,0.0,0,1
2017-2018,2017,Non-urgent,3,Not Seen Or Left,Influenzal Pneumonia,Not Admitted,0,258.0,4.3,0,1
2017-2018,2017,Unknown,3,Not Seen Or Left,Influenzal Pneumonia,Not Admitted,0,0.0,0.0,0,1
2017-2018,2017,CTAS III - Urgent,3,Not Seen Or Left,Motor Vehicle Collisions,Not Admitted,2126,144.0,2.4,0,0
2017-2018,2017,Less urgent,3,Not Seen Or Left,Motor Vehicle Collisions,Not Admitted,1428,126.0,2.1,0,0
2017-2018,2017,Non-urgent,3,Not Seen Or Left,Motor Vehicle Collisions,Not Admitted,110,120.0,2.0,0,0
2017-2018,2017,Unknown,3,Not Seen Or Left,Motor Vehicle Collisions,Not Admitted,59,66.0,1.1,0,0
2017-2018,2017,CTAS III - Urgent,3,Not Seen Or Left,Pneumonia,Not Admitted,238,216.0,3.6,0,0
2017-2018,2017,Less urgent,3,Not Seen Or Left,Pneumonia,Not Admitted,78,180.0,3.0,0,0
2017-2018,2017,Non-urgent,3,Not Seen Or Left,Pneumonia,Not Admitted,19,147.0,2.45,0,0
2017-2018,2017,Unknown,3,Not Seen Or Left,Pneumonia,Not Admitted,12,153.0,2.55,0,0
2017-2018,2017,CTAS III - Urgent,3,Not Seen Or Left,Trauma,Not Admitted,23142,132.0,2.2,0,0
2017-2018,2017,Less urgent,3,Not Seen Or Left,Trauma,Not Admitted,29631,120.0,2.0,0,0
2017-2018,2017,Non-urgent,3,Not Seen Or Left,Trauma,Not Admitted,4838,102.0,1.7,0,0
2017-2018,2017,Unknown,3,Not Seen Or Left,Trauma,Not Admitted,1497,48.0,0.8,0,0
2017-2018,2017,CTAS III - Urgent,3,Not Seen Or Left,Unintentional Falls,Not Admitted,6569,144.0,2.4,0,0
2017-2018,2017,Less urgent,3,Not Seen Or Left,Unintentional Falls,Not Admitted,6845,126.0,2.1,0,0
2017-2018,2017,Non-urgent,3,Not Seen Or Left,Unintentional Falls,Not Admitted,675,114.0,1.9,0,0
2017-2018,2017,Unknown,3,Not Seen Or Left,Unintentional Falls,Not Admitted,171,36.0,0.6,0,0
2017-2018,2017,CTAS III - Urgent,3,Transferred,Acute Myocardial Infarction,Not Admitted,1060,240.0,4.0,0,0
2017-2018,2017,Less urgent,3,Transferred,Acute Myocardial Infarction,Not Admitted,98,249.0,4.15,0,0
2017-2018,2017,Non-urgent,3,Transferred,Acute Myocardial Infarction,Not Admitted,8,261.0,4.35,0,0
2017-2018,2017,Unknown,3,Transferred,Acute Myocardial Infarction,Not Admitted,45,126.0,2.1,0,0
2017-2018,2017,CTAS III - Urgent,3,Transferred,Asthma,Not Admitted,140,351.0,5.85,0,0
2017-2018,2017,Less urgent,3,Transferred,Asthma,Not Admitted,15,252.0,4.2,0,0
2017-2018,2017,Non-urgent,3,Transferred,Asthma,Not Admitted,0,258.0,4.3,0,1
2017-2018,2017,Unknown,3,Transferred,Asthma,Not Admitted,0,90.0,1.5,0,1
2017-2018,2017,CTAS III - Urgent,3,Transferred,Influenzal Pneumonia,Not Admitted,12,462.0,7.7,0,0
2017-2018,2017,Less urgent,3,Transferred,Influenzal Pneumonia,Not Admitted,0,462.0,7.7,0,1
2017-2018,2017,Non-urgent,3,Transferred,Influenzal Pneumonia,Not Admitted,0,0.0,0.0,0,1
2017-2018,2017,Unknown,3,Transferred,Influenzal Pneumonia,Not Admitted,0,0.0,0.0,0,1
2017-2018,2017,CTAS III - Urgent,3,Transferred,Motor Vehicle Collisions,Not Admitted,1223,222.0,3.7,0,0
2017-2018,2017,Less urgent,3,Transferred,Motor Vehicle Collisions,Not Admitted,213,237.0,3.95,0,0
2017-2018,2017,Non-urgent,3,Transferred,Motor Vehicle Collisions,Not Admitted,25,180.0,3.0,0,0
2017-2018,2017,Unknown,3,Transferred,Motor Vehicle Collisions,Not Admitted,106,156.0,2.6,0,0
2017-2018,2017,CTAS III - Urgent,3,Transferred,Pneumonia,Not Admitted,945,324.0,5.4,0,0
2017-2018,2017,Less urgent,3,Transferred,Pneumonia,Not Admitted,126,288.0,4.8,0,0
2017-2018,2017,Non-urgent,3,Transferred,Pneumonia,Not Admitted,16,312.0,5.2,0,0
2017-2018,2017,Unknown,3,Transferred,Pneumonia,Not Admitted,15,282.0,4.7,0,0
2017-2018,2017,CTAS III - Urgent,3,Transferred,Trauma,Not Admitted,10484,246.0,4.1,0,0
2017-2018,2017,Less urgent,3,Transferred,Trauma,Not Admitted,2874,216.0,3.6,0,0
2017-2018,2017,Non-urgent,3,Transferred,Trauma,Not Admitted,279,198.0,3.3,0,0
2017-2018,2017,Unknown,3,Transferred,Trauma,Not Admitted,327,162.0,2.7,0,0
2017-2018,2017,CTAS III - Urgent,3,Transferred,Unintentional Falls,Not Admitted,6068,282.0,4.7,0,0
2017-2018,2017,Less urgent,3,Transferred,Unintentional Falls,Not Admitted,1478,258.0,4.3,0,0
2017-2018,2017,Non-urgent,3,Transferred,Unintentional Falls,Not Admitted,110,228.0,3.8,0,0
2017-2018,2017,Unknown,3,Transferred,Unintentional Falls,Not Admitted,112,201.0,3.35,0,0
2017-2018,2017,CTAS III - Urgent,3,Unknown,Acute Myocardial Infarction,Not Admitted,0,0.0,0.0,0,1
2017-2018,2017,Less urgent,3,Unknown,Acute Myocardial Infarction,Not Admitted,0,0.0,0.0,0,1
2017-2018,2017,Non-urgent,3,Unknown,Acute Myocardial Infarction,Not Admitted,0,0.0,0.0,0,1
2017-2018,2017,Unknown,3,Unknown,Acute Myocardial Infarction,Not Admitted,0,0.0,0.0,0,1
2017-2018,2017,CTAS III - Urgent,3,Unknown,Asthma,Not Admitted,0,0.0,0.0,0,1
2017-2018,2017,Less urgent,3,Unknown,Asthma,Not Admitted,0,0.0,0.0,0,1
2017-2018,2017,Non-urgent,3,Unknown,Asthma,Not Admitted,0,0.0,0.0,0,1
2017-2018,2017,Unknown,3,Unknown,Asthma,Not Admitted,0,0.0,0.0,0,1
2017-2018,2017,CTAS III - Urgent,3,Unknown,Influenzal Pneumonia,Not Admitted,0,0.0,0.0,0,1
2017-2018,2017,Less urgent,3,Unknown,Influenzal Pneumonia,Not Admitted,0,0.0,0.0,0,1
2017-2018,2017,Non-urgent,3,Unknown,Influenzal Pneumonia,Not Admitted,0,0.0,0.0,0,1
2017-2018,2017,Unknown,3,Unknown,Influenzal Pneumonia,Not Admitted,0,0.0,0.0,0,1
2017-2018,2017,CTAS III - Urgent,3,Unknown,Motor Vehicle Collisions,Not Admitted,0,0.0,0.0,0,1
2017-2018,2017,Less urgent,3,Unknown,Motor Vehicle Collisions,Not Admitted,0,0.0,0.0,0,1
2017-2018,2017,Non-urgent,3,Unknown,Motor Vehicle Collisions,Not Admitted,0,0.0,0.0,0,1
2017-2018,2017,Unknown,3,Unknown,Motor Vehicle Collisions,Not Admitted,0,0.0,0.0,0,1
2017-2018,2017,CTAS III - Urgent,3,Unknown,Pneumonia,Not Admitted,0,0.0,0.0,0,1
2017-2018,2017,Less urgent,3,Unknown,Pneumonia,Not Admitted,0,0.0,0.0,0,1
2017-2018,2017,Non-urgent,3,Unknown,Pneumonia,Not Admitted,0,0.0,0.0,0,1
2017-2018,2017,Unknown,3,Unknown,Pneumonia,Not Admitted,0,0.0,0.0,0,1
2017-2018,2017,CTAS III - Urgent,3,Unknown,Trauma,Not Admitted,0,0.0,0.0,0,1
2017-2018,2017,Less urgent,3,Unknown,Trauma,Not Admitted,0,0.0,0.0,0,1
2017-2018,2017,Non-urgent,3,Unknown,Trauma,Not Admitted,0,0.0,0.0,0,1
2017-2018,2017,Unknown,3,Unknown,Trauma,Not Admitted,0,0.0,0.0,0,1
2017-2018,2017,CTAS III - Urgent,3,Unknown,Unintentional Falls,Not Admitted,0,0.0,0.0,0,1
2017-2018,2017,Less urgent,3,Unknown,Unintentional Falls,Not Admitted,0,0.0,0.0,0,1
2017-2018,2017,Non-urgent,3,Unknown,Unintentional Falls,Not Admitted,0,0.0,0.0,0,1
2017-2018,2017,Unknown,3,Unknown,Unintentional Falls,Not Admitted,0,0.0,0.0,0,1
2016-2017,2016,CTAS I - Resuscitation,1,Admitted,Acute Myocardial Infarction,Admitted,1295,84.0,1.4,1,0
2016-2017,2016,CTAS I - Resuscitation,1,Admitted,Asthma,Admitted,602,408.0,6.8,1,0
2016-2017,2016,CTAS I - Resuscitation,1,Admitted,Influenzal Pneumonia,Admitted,9,624.0,10.4,1,0
2016-2017,2016,CTAS I - Resuscitation,1,Admitted,Motor Vehicle Collisions,Admitted,2690,270.0,4.5,1,0
2016-2017,2016,CTAS I - Resuscitation,1,Admitted,Pneumonia,Admitted,1552,534.0,8.9,1,0
2016-2017,2016,CTAS I - Resuscitation,1,Admitted,Trauma,Admitted,6747,270.0,4.5,1,0
2016-2017,2016,CTAS I - Resuscitation,1,Admitted,Unintentional Falls,Admitted,1694,330.0,5.5,1,0
2016-2017,2016,CTAS I - Resuscitation,1,Death,Acute Myocardial Infarction,Not Admitted,406,30.0,0.5,0,0
2016-2017,2016,CTAS I - Resuscitation,1,Death,Asthma,Not Admitted,0,12.0,0.2,0,1
2016-2017,2016,CTAS I - Resuscitation,1,Death,Influenzal Pneumonia,Not Admitted,0,0.0,0.0,0,1
2016-2017,2016,CTAS I - Resuscitation,1,Death,Motor Vehicle Collisions,Not Admitted,206,42.0,0.7,0,0
2016-2017,2016,CTAS I - Resuscitation,1,Death,Pneumonia,Not Admitted,41,156.0,2.6,0,0
2016-2017,2016,CTAS I - Resuscitation,1,Death,Trauma,Not Admitted,617,48.0,0.8,0,0
2016-2017,2016,CTAS I - Resuscitation,1,Death,Unintentional Falls,Not Admitted,97,168.0,2.8,0,0
2016-2017,2016,CTAS I - Resuscitation,1,Discharged Home,Acute Myocardial Infarction,Not Admitted,18,102.0,1.7,0,0
2016-2017,2016,CTAS I - Resuscitation,1,Discharged Home,Asthma,Not Admitted,409,228.0,3.8,0,0
2016-2017,2016,CTAS I - Resuscitation,1,Discharged Home,Influenzal Pneumonia,Not Admitted,0,189.0,3.15,0,1
2016-2017,2016,CTAS I - Resuscitation,1,Discharged Home,Motor Vehicle Collisions,Not Admitted,691,288.0,4.8,0,0
2016-2017,2016,CTAS I - Resuscitation,1,Discharged Home,Pneumonia,Not Admitted,211,222.0,3.7,0,0
2016-2017,2016,CTAS I - Resuscitation,1,Discharged Home,Trauma,Not Admitted,3692,246.0,4.1,0,0
2016-2017,2016,CTAS I - Resuscitation,1,Discharged Home,Unintentional Falls,Not Admitted,611,270.0,4.5,0,0
2016-2017,2016,CTAS I - Resuscitation,1,Intra-Facility Transfer,Acute Myocardial Infarction,Not Admitted,22,42.0,0.7,0,0
2016-2017,2016,CTAS I - Resuscitation,1,Intra-Facility Transfer,Asthma,Not Admitted,0,135.0,2.25,0,1
2016-2017,2016,CTAS I - Resuscitation,1,Intra-Facility Transfer,Influenzal Pneumonia,Not Admitted,0,0.0,0.0,0,1
2016-2017,2016,CTAS I - Resuscitation,1,Intra-Facility Transfer,Motor Vehicle Collisions,Not Admitted,10,132.0,2.2,0,0
2016-2017,2016,CTAS I - Resuscitation,1,Intra-Facility Transfer,Pneumonia,Not Admitted,0,0.0,0.0,0,1
2016-2017,2016,CTAS I - Resuscitation,1,Intra-Facility Transfer,Trauma,Not Admitted,81,174.0,2.9,0,0
2016-2017,2016,CTAS I - Resuscitation,1,Intra-Facility Transfer,Unintentional Falls,Not Admitted,13,138.0,2.3,0,0
2016-2017,2016,CTAS I - Resuscitation,1,Not Seen Or Left,Acute Myocardial Infarction,Not Admitted,0,195.0,3.25,0,1
2016-2017,2016,CTAS I - Resuscitation,1,Not Seen Or Left,Asthma,Not Admitted,7,252.0,4.2,0,0
2016-2017,2016,CTAS I - Resuscitation,1,Not Seen Or Left,Influenzal Pneumonia,Not Admitted,0,0.0,0.0,0,1
2016-2017,2016,CTAS I - Resuscitation,1,Not Seen Or Left,Motor Vehicle Collisions,Not Admitted,10,243.0,4.05,0,0
2016-2017,2016,CTAS I - Resuscitation,1,Not Seen Or Left,Pneumonia,Not Admitted,0,222.0,3.7,0,1
2016-2017,2016,CTAS I - Resuscitation,1,Not Seen Or Left,Trauma,Not Admitted,90,192.0,3.2,0,0
2016-2017,2016,CTAS I - Resuscitation,1,Not Seen Or Left,Unintentional Falls,Not Admitted,15,210.0,3.5,0,0
2016-2017,2016,CTAS I - Resuscitation,1,Transferred,Acute Myocardial Infarction,Not Admitted,802,60.0,1.0,0,0
2016-2017,2016,CTAS I - Resuscitation,1,Transferred,Asthma,Not Admitted,48,225.0,3.75,0,0
2016-2017,2016,CTAS I - Resuscitation,1,Transferred,Influenzal Pneumonia,Not Admitted,0,0.0,0.0,0,1
2016-2017,2016,CTAS I - Resuscitation,1,Transferred,Motor Vehicle Collisions,Not Admitted,600,120.0,2.0,0,0
2016-2017,2016,CTAS I - Resuscitation,1,Transferred,Pneumonia,Not Admitted,100,234.0,3.9,0,0
2016-2017,2016,CTAS I - Resuscitation,1,Transferred,Trauma,Not Admitted,1535,135.0,2.25,0,0
2016-2017,2016,CTAS I - Resuscitation,1,Transferred,Unintentional Falls,Not Admitted,330,168.0,2.8,0,0
2016-2017,2016,CTAS I - Resuscitation,1,Unknown,Acute Myocardial Infarction,Not Admitted,0,0.0,0.0,0,1
2016-2017,2016,CTAS I - Resuscitation,1,Unknown,Asthma,Not Admitted,0,0.0,0.0,0,1
2016-2017,2016,CTAS I - Resuscitation,1,Unknown,Influenzal Pneumonia,Not Admitted,0,0.0,0.0,0,1
2016-2017,2016,CTAS I - Resuscitation,1,Unknown,Motor Vehicle Collisions,Not Admitted,0,0.0,0.0,0,1
2016-2017,2016,CTAS I - Resuscitation,1,Unknown,Pneumonia,Not Admitted,0,0.0,0.0,0,1
2016-2017,2016,CTAS I - Resuscitation,1,Unknown,Trauma,Not Admitted,0,0.0,0.0,0,1
2016-2017,2016,CTAS I - Resuscitation,1,Unknown,Unintentional Falls,Not Admitted,0,0.0,0.0,0,1
2016-2017,2016,CTAS II - Emergent,2,Admitted,Acute Myocardial Infarction,Admitted,12583,510.0,8.5,1,0
2016-2017,2016,CTAS II - Emergent,2,Admitted,Asthma,Admitted,3674,510.0,8.5,1,0
2016-2017,2016,CTAS II - Emergent,2,Admitted,Influenzal Pneumonia,Admitted,83,1116.0,18.6,1,0
2016-2017,2016,CTAS II - Emergent,2,Admitted,Motor Vehicle Collisions,Admitted,4485,426.0,7.1,1,0
2016-2017,2016,CTAS II - Emergent,2,Admitted,Pneumonia,Admitted,17961,732.0,12.2,1,0
2016-2017,2016,CTAS II - Emergent,2,Admitted,Trauma,Admitted,26800,492.0,8.2,1,0
2016-2017,2016,CTAS II - Emergent,2,Admitted,Unintentional Falls,Admitted,15270,546.0,9.1,1,0
2016-2017,2016,CTAS II - Emergent,2,Death,Acute Myocardial Infarction,Not Admitted,76,150.0,2.5,0,0
2016-2017,2016,CTAS II - Emergent,2,Death,Asthma,Not Admitted,0,0.0,0.0,0,1
2016-2017,2016,CTAS II - Emergent,2,Death,Influenzal Pneumonia,Not Admitted,0,0.0,0.0,0,1
2016-2017,2016,CTAS II - Emergent,2,Death,Motor Vehicle Collisions,Not Admitted,9,90.0,1.5,0,0
2016-2017,2016,CTAS II - Emergent,2,Death,Pneumonia,Not Admitted,38,294.0,4.9,0,0
2016-2017,2016,CTAS II - Emergent,2,Death,Trauma,Not Admitted,42,282.0,4.7,0,0
2016-2017,2016,CTAS II - Emergent,2,Death,Unintentional Falls,Not Admitted,22,315.0,5.25,0,0
2016-2017,2016,CTAS II - Emergent,2,Discharged Home,Acute Myocardial Infarction,Not Admitted,460,306.0,5.1,0,0
2016-2017,2016,CTAS II - Emergent,2,Discharged Home,Asthma,Not Admitted,13833,204.0,3.4,0,0
2016-2017,2016,CTAS II - Emergent,2,Discharged Home,Influenzal Pneumonia,Not Admitted,45,282.0,4.7,0,0
2016-2017,2016,CTAS II - Emergent,2,Discharged Home,Motor Vehicle Collisions,Not Admitted,26219,192.0,3.2,0,0
2016-2017,2016,CTAS II - Emergent,2,Discharged Home,Pneumonia,Not Admitted,16131,222.0,3.7,0,0
2016-2017,2016,CTAS II - Emergent,2,Discharged Home,Trauma,Not Admitted,163083,174.0,2.9,0,0
2016-2017,2016,CTAS II - Emergent,2,Discharged Home,Unintentional Falls,Not Admitted,52271,204.0,3.4,0,0
2016-2017,2016,CTAS II - Emergent,2,Intra-Facility Transfer,Acute Myocardial Infarction,Not Admitted,74,87.0,1.45,0,0
2016-2017,2016,CTAS II - Emergent,2,Intra-Facility Transfer,Asthma,Not Admitted,58,210.0,3.5,0,0
2016-2017,2016,CTAS II - Emergent,2,Intra-Facility Transfer,Influenzal Pneumonia,Not Admitted,0,0.0,0.0,0,1
2016-2017,2016,CTAS II - Emergent,2,Intra-Facility Transfer,Motor Vehicle Collisions,Not Admitted,68,198.0,3.3,0,0
2016-2017,2016,CTAS II - Emergent,2,Intra-Facility Transfer,Pneumonia,Not Admitted,72,282.0,4.7,0,0
2016-2017,2016,CTAS II - Emergent,2,Intra-Facility Transfer,Trauma,Not Admitted,1207,204.0,3.4,0,0
2016-2017,2016,CTAS II - Emergent,2,Intra-Facility Transfer,Unintentional Falls,Not Admitted,235,264.0,4.4,0,0
2016-2017,2016,CTAS II - Emergent,2,Not Seen Or Left,Acute Myocardial Infarction,Not Admitted,70,330.0,5.5,0,0
2016-2017,2016,CTAS II - Emergent,2,Not Seen Or Left,Asthma,Not Admitted,149,159.0,2.65,0,0
2016-2017,2016,CTAS II - Emergent,2,Not Seen Or Left,Influenzal Pneumonia,Not Admitted,0,522.0,8.7,0,1
2016-2017,2016,CTAS II - Emergent,2,Not Seen Or Left,Motor Vehicle Collisions,Not Admitted,500,168.0,2.8,0,0
2016-2017,2016,CTAS II - Emergent,2,Not Seen Or Left,Pneumonia,Not Admitted,102,288.0,4.8,0,0
2016-2017,2016,CTAS II - Emergent,2,Not Seen Or Left,Trauma,Not Admitted,3848,144.0,2.4,0,0
2016-2017,2016,CTAS II - Emergent,2,Not Seen Or Left,Unintentional Falls,Not Admitted,952,162.0,2.7,0,0
2016-2017,2016,CTAS II - Emergent,2,Transferred,Acute Myocardial Infarction,Not Admitted,4241,120.0,2.0,0,0
2016-2017,2016,CTAS II - Emergent,2,Transferred,Asthma,Not Admitted,384,288.0,4.8,0,0
2016-2017,2016,CTAS II - Emergent,2,Transferred,Influenzal Pneumonia,Not Admitted,0,270.0,4.5,0,1
2016-2017,2016,CTAS II - Emergent,2,Transferred,Motor Vehicle Collisions,Not Admitted,1998,204.0,3.4,0,0
2016-2017,2016,CTAS II - Emergent,2,Transferred,Pneumonia,Not Admitted,1207,258.0,4.3,0,0
2016-2017,2016,CTAS II - Emergent,2,Transferred,Trauma,Not Admitted,8050,198.0,3.3,0,0
2016-2017,2016,CTAS II - Emergent,2,Transferred,Unintentional Falls,Not Admitted,3166,222.0,3.7,0,0
2016-2017,2016,CTAS II - Emergent,2,Unknown,Acute Myocardial Infarction,Not Admitted,0,0.0,0.0,0,1
2016-2017,2016,CTAS II - Emergent,2,Unknown,Asthma,Not Admitted,0,0.0,0.0,0,1
2016-2017,2016,CTAS II - Emergent,2,Unknown,Influenzal Pneumonia,Not Admitted,0,0.0,0.0,0,1
2016-2017,2016,CTAS II - Emergent,2,Unknown,Motor Vehicle Collisions,Not Admitted,0,0.0,0.0,0,1
2016-2017,2016,CTAS II - Emergent,2,Unknown,Pneumonia,Not Admitted,0,0.0,0.0,0,1
2016-2017,2016,CTAS II - Emergent,2,Unknown,Trauma,Not Admitted,0,0.0,0.0,0,1
2016-2017,2016,CTAS II - Emergent,2,Unknown,Unintentional Falls,Not Admitted,0,0.0,0.0,0,1
2016-2017,2016,CTAS III - Urgent,3,Admitted,Acute Myocardial Infarction,Admitted,4221,570.0,9.5,1,0
2016-2017,2016,Less urgent,3,Admitted,Acute Myocardial Infarction,Admitted,331,480.0,8.0,1,0
2016-2017,2016,Non-urgent,3,Admitted,Acute Myocardial Infarction,Admitted,32,387.0,6.45,1,0
2016-2017,2016,Unknown,3,Admitted,Acute Myocardial Infarction,Admitted,90,192.0,3.2,1,0
2016-2017,2016,CTAS III - Urgent,3,Admitted,Asthma,Admitted,1441,564.0,9.4,1,0
2016-2017,2016,Less urgent,3,Admitted,Asthma,Admitted,94,459.0,7.65,1,0
2016-2017,2016,Non-urgent,3,Admitted,Asthma,Admitted,7,384.0,6.4,1,0
2016-2017,2016,Unknown,3,Admitted,Asthma,Admitted,20,234.0,3.9,1,0
2016-2017,2016,CTAS III - Urgent,3,Admitted,Influenzal Pneumonia,Admitted,81,1188.0,19.8,1,0
2016-2017,2016,Less urgent,3,Admitted,Influenzal Pneumonia,Admitted,14,822.0,13.7,1,0
2016-2017,2016,Non-urgent,3,Admitted,Influenzal Pneumonia,Admitted,0,0.0,0.0,1,1
2016-2017,2016,Unknown,3,Admitted,Influenzal Pneumonia,Admitted,0,120.0,2.0,1,1
2016-2017,2016,CTAS III - Urgent,3,Admitted,Motor Vehicle Collisions,Admitted,2556,426.0,7.1,1,0
2016-2017,2016,Less urgent,3,Admitted,Motor Vehicle Collisions,Admitted,447,348.0,5.8,1,0
2016-2017,2016,Non-urgent,3,Admitted,Motor Vehicle Collisions,Admitted,52,252.0,4.2,1,0
2016-2017,2016,Unknown,3,Admitted,Motor Vehicle Collisions,Admitted,45,276.0,4.6,1,0
2016-2017,2016,CTAS III - Urgent,3,Admitted,Pneumonia,Admitted,14529,702.0,11.7,1,0
2016-2017,2016,Less urgent,3,Admitted,Pneumonia,Admitted,1379,432.0,7.2,1,0
2016-2017,2016,Non-urgent,3,Admitted,Pneumonia,Admitted,101,402.0,6.7,1,0
2016-2017,2016,Unknown,3,Admitted,Pneumonia,Admitted,219,207.0,3.45,1,0
2016-2017,2016,CTAS III - Urgent,3,Admitted,Trauma,Admitted,41190,504.0,8.4,1,0
2016-2017,2016,Less urgent,3,Admitted,Trauma,Admitted,7253,426.0,7.1,1,0
2016-2017,2016,Non-urgent,3,Admitted,Trauma,Admitted,586,300.0,5.0,1,0
2016-2017,2016,Unknown,3,Admitted,Trauma,Admitted,326,219.0,3.65,1,0
2016-2017,2016,CTAS III - Urgent,3,Admitted,Unintentional Falls,Admitted,31036,522.0,8.7,1,0
2016-2017,2016,Less urgent,3,Admitted,Unintentional Falls,Admitted,4851,456.0,7.6,1,0
2016-2017,2016,Non-urgent,3,Admitted,Unintentional Falls,Admitted,324,324.0,5.4,1,0
2016-2017,2016,Unknown,3,Admitted,Unintentional Falls,Admitted,192,219.0,3.65,1,0
2016-2017,2016,CTAS III - Urgent,3,Death,Acute Myocardial Infarction,Not Admitted,24,357.0,5.95,0,0
2016-2017,2016,Less urgent,3,Death,Acute Myocardial Infarction,Not Admitted,0,0.0,0.0,0,1
2016-2017,2016,Non-urgent,3,Death,Acute Myocardial Infarction,Not Admitted,7,102.0,1.7,0,0
2016-2017,2016,Unknown,3,Death,Acute Myocardial Infarction,Not Admitted,7,42.0,0.7,0,0
2016-2017,2016,CTAS III - Urgent,3,Death,Asthma,Not Admitted,0,0.0,0.0,0,1
2016-2017,2016,Less urgent,3,Death,Asthma,Not Admitted,0,0.0,0.0,0,1
2016-2017,2016,Non-urgent,3,Death,Asthma,Not Admitted,0,0.0,0.0,0,1
2016-2017,2016,Unknown,3,Death,Asthma,Not Admitted,0,0.0,0.0,0,1
2016-2017,2016,CTAS III - Urgent,3,Death,Influenzal Pneumonia,Not Admitted,0,0.0,0.0,0,1
2016-2017,2016,Less urgent,3,Death,Influenzal Pneumonia,Not Admitted,0,0.0,0.0,0,1
2016-2017,2016,Non-urgent,3,Death,Influenzal Pneumonia,Not Admitted,0,0.0,0.0,0,1
2016-2017,2016,Unknown,3,Death,Influenzal Pneumonia,Not Admitted,0,0.0,0.0,0,1
2016-2017,2016,CTAS III - Urgent,3,Death,Motor Vehicle Collisions,Not Admitted,0,138.0,2.3,0,1
2016-2017,2016,Less urgent,3,Death,Motor Vehicle Collisions,Not Admitted,0,291.0,4.85,0,1
2016-2017,2016,Non-urgent,3,Death,Motor Vehicle Collisions,Not Admitted,0,0.0,0.0,0,1
2016-2017,2016,Unknown,3,Death,Motor Vehicle Collisions,Not Admitted,0,54.0,0.9,0,1
2016-2017,2016,CTAS III - Urgent,3,Death,Pneumonia,Not Admitted,12,339.0,5.65,0,0
2016-2017,2016,Less urgent,3,Death,Pneumonia,Not Admitted,0,252.0,4.2,0,1
2016-2017,2016,Non-urgent,3,Death,Pneumonia,Not Admitted,0,69.0,1.15,0,1
2016-2017,2016,Unknown,3,Death,Pneumonia,Not Admitted,0,6.0,0.1,0,1
2016-2017,2016,CTAS III - Urgent,3,Death,Trauma,Not Admitted,21,360.0,6.0,0,0
2016-2017,2016,Less urgent,3,Death,Trauma,Not Admitted,12,147.0,2.45,0,0
2016-2017,2016,Non-urgent,3,Death,Trauma,Not Admitted,0,105.0,1.75,0,1
2016-2017,2016,Unknown,3,Death,Trauma,Not Admitted,6,42.0,0.7,0,0
2016-2017,2016,CTAS III - Urgent,3,Death,Unintentional Falls,Not Admitted,17,396.0,6.6,0,0
2016-2017,2016,Less urgent,3,Death,Unintentional Falls,Not Admitted,0,150.0,2.5,0,1
2016-2017,2016,Non-urgent,3,Death,Unintentional Falls,Not Admitted,0,0.0,0.0,0,1
2016-2017,2016,Unknown,3,Death,Unintentional Falls,Not Admitted,0,264.0,4.4,0,1
2016-2017,2016,CTAS III - Urgent,3,Discharged Home,Acute Myocardial Infarction,Not Admitted,245,420.0,7.0,0,0
2016-2017,2016,Less urgent,3,Discharged Home,Acute Myocardial Infarction,Not Admitted,50,264.0,4.4,0,0
2016-2017,2016,Non-urgent,3,Discharged Home,Acute Myocardial Infarction,Not Admitted,11,156.0,2.6,0,0
2016-2017,2016,Unknown,3,Discharged Home,Acute Myocardial Infarction,Not Admitted,6,444.0,7.4,0,0
2016-2017,2016,CTAS III - Urgent,3,Discharged Home,Asthma,Not Admitted,27263,162.0,2.7,0,0
2016-2017,2016,Less urgent,3,Discharged Home,Asthma,Not Admitted,11937,114.0,1.9,0,0
2016-2017,2016,Non-urgent,3,Discharged Home,Asthma,Not Admitted,1348,84.0,1.4,0,0
2016-2017,2016,Unknown,3,Discharged Home,Asthma,Not Admitted,312,78.0,1.3,0,0
2016-2017,2016,CTAS III - Urgent,3,Discharged Home,Influenzal Pneumonia,Not Admitted,166,192.0,3.2,0,0
2016-2017,2016,Less urgent,3,Discharged Home,Influenzal Pneumonia,Not Admitted,81,111.0,1.85,0,0
2016-2017,2016,Non-urgent,3,Discharged Home,Influenzal Pneumonia,Not Admitted,9,90.0,1.5,0,0
2016-2017,2016,Unknown,3,Discharged Home,Influenzal Pneumonia,Not Admitted,0,270.0,4.5,0,1
2016-2017,2016,CTAS III - Urgent,3,Discharged Home,Motor Vehicle Collisions,Not Admitted,70656,150.0,2.5,0,0
2016-2017,2016,Less urgent,3,Discharged Home,Motor Vehicle Collisions,Not Admitted,45924,114.0,1.9,0,0
2016-2017,2016,Non-urgent,3,Discharged Home,Motor Vehicle Collisions,Not Admitted,2914,102.0,1.7,0,0
2016-2017,2016,Unknown,3,Discharged Home,Motor Vehicle Collisions,Not Admitted,821,90.0,1.5,0,0
2016-2017,2016,CTAS III - Urgent,3,Discharged Home,Pneumonia,Not Admitted,43849,180.0,3.0,0,0
2016-2017,2016,Less urgent,3,Discharged Home,Pneumonia,Not Admitted,21198,126.0,2.1,0,0
2016-2017,2016,Non-urgent,3,Discharged Home,Pneumonia,Not Admitted,1695,114.0,1.9,0,0
2016-2017,2016,Unknown,3,Discharged Home,Pneumonia,Not Admitted,392,108.0,1.8,0,0
2016-2017,2016,CTAS III - Urgent,3,Discharged Home,Trauma,Not Admitted,687984,138.0,2.3,0,0
2016-2017,2016,Less urgent,3,Discharged Home,Trauma,Not Admitted,880842,108.0,1.8,0,0
2016-2017,2016,Non-urgent,3,Discharged Home,Trauma,Not Admitted,77172,90.0,1.5,0,0
2016-2017,2016,Unknown,3,Discharged Home,Trauma,Not Admitted,10337,72.0,1.2,0,0
2016-2017,2016,CTAS III - Urgent,3,Discharged Home,Unintentional Falls,Not Admitted,256035,156.0,2.6,0,0
2016-2017,2016,Less urgent,3,Discharged Home,Unintentional Falls,Not Admitted,250805,120.0,2.0,0,0
2016-2017,2016,Non-urgent,3,Discharged Home,Unintentional Falls,Not Admitted,14537,108.0,1.8,0,0
2016-2017,2016,Unknown,3,Discharged Home,Unintentional Falls,Not Admitted,2572,78.0,1.3,0,0
2016-2017,2016,CTAS III - Urgent,3,Intra-Facility Transfer,Acute Myocardial Infarction,Not Admitted,0,138.0,2.3,0,1
2016-2017,2016,Less urgent,3,Intra-Facility Transfer,Acute Myocardial Infarction,Not Admitted,0,0.0,0.0,0,1
2016-2017,2016,Non-urgent,3,Intra-Facility Transfer,Acute Myocardial Infarction,Not Admitted,0,0.0,0.0,0,1
2016-2017,2016,Unknown,3,Intra-Facility Transfer,Acute Myocardial Infarction,Not Admitted,0,0.0,0.0,0,1
2016-2017,2016,CTAS III - Urgent,3,Intra-Facility Transfer,Asthma,Not Admitted,29,204.0,3.4,0,0
2016-2017,2016,Less urgent,3,Intra-Facility Transfer,Asthma,Not Admitted,0,18.0,0.3,0,1
2016-2017,2016,Non-urgent,3,Intra-Facility Transfer,Asthma,Not Admitted,0,0.0,0.0,0,1
2016-2017,2016,Unknown,3,Intra-Facility Transfer,Asthma,Not Admitted,0,0.0,0.0,0,1
2016-2017,2016,CTAS III - Urgent,3,Intra-Facility Transfer,Influenzal Pneumonia,Not Admitted,0,0.0,0.0,0,1
2016-2017,2016,Less urgent,3,Intra-Facility Transfer,Influenzal Pneumonia,Not Admitted,0,0.0,0.0,0,1
2016-2017,2016,Non-urgent,3,Intra-Facility Transfer,Influenzal Pneumonia,Not Admitted,0,0.0,0.0,0,1
2016-2017,2016,Unknown,3,Intra-Facility Transfer,Influenzal Pneumonia,Not Admitted,0,0.0,0.0,0,1
2016-2017,2016,CTAS III - Urgent,3,Intra-Facility Transfer,Motor Vehicle Collisions,Not Admitted,119,201.0,3.35,0,0
2016-2017,2016,Less urgent,3,Intra-Facility Transfer,Motor Vehicle Collisions,Not Admitted,62,210.0,3.5,0,0
2016-2017,2016,Non-urgent,3,Intra-Facility Transfer,Motor Vehicle Collisions,Not Admitted,6,81.0,1.35,0,0
2016-2017,2016,Unknown,3,Intra-Facility Transfer,Motor Vehicle Collisions,Not Admitted,0,252.0,4.2,0,1
2016-2017,2016,CTAS III - Urgent,3,Intra-Facility Transfer,Pneumonia,Not Admitted,63,240.0,4.0,0,0
2016-2017,2016,Less urgent,3,Intra-Facility Transfer,Pneumonia,Not Admitted,5,252.0,4.2,0,0
2016-2017,2016,Non-urgent,3,Intra-Facility Transfer,Pneumonia,Not Admitted,0,0.0,0.0,0,1
2016-2017,2016,Unknown,3,Intra-Facility Transfer,Pneumonia,Not Admitted,0,0.0,0.0,0,1
2016-2017,2016,CTAS III - Urgent,3,Intra-Facility Transfer,Trauma,Not Admitted,2388,198.0,3.3,0,0
2016-2017,2016,Less urgent,3,Intra-Facility Transfer,Trauma,Not Admitted,1027,156.0,2.6,0,0
2016-2017,2016,Non-urgent,3,Intra-Facility Transfer,Trauma,Not Admitted,178,120.0,2.0,0,0
2016-2017,2016,Unknown,3,Intra-Facility Transfer,Trauma,Not Admitted,16,90.0,1.5,0,0
2016-2017,2016,CTAS III - Urgent,3,Intra-Facility Transfer,Unintentional Falls,Not Admitted,652,210.0,3.5,0,0
2016-2017,2016,Less urgent,3,Intra-Facility Transfer,Unintentional Falls,Not Admitted,316,168.0,2.8,0,0
2016-2017,2016,Non-urgent,3,Intra-Facility Transfer,Unintentional Falls,Not Admitted,43,120.0,2.0,0,0
2016-2017,2016,Unknown,3,Intra-Facility Transfer,Unintentional Falls,Not Admitted,8,120.0,2.0,0,0
2016-2017,2016,CTAS III - Urgent,3,Not Seen Or Left,Acute Myocardial Infarction,Not Admitted,41,288.0,4.8,0,0
2016-2017,2016,Less urgent,3,Not Seen Or Left,Acute Myocardial Infarction,Not Admitted,0,126.0,2.1,0,1
2016-2017,2016,Non-urgent,3,Not Seen Or Left,Acute Myocardial Infarction,Not Admitted,0,378.0,6.3,0,1
2016-2017,2016,Unknown,3,Not Seen Or Left,Acute Myocardial Infarction,Not Admitted,0,252.0,4.2,0,1
2016-2017,2016,CTAS III - Urgent,3,Not Seen Or Left,Asthma,Not Admitted,275,141.0,2.35,0,0
2016-2017,2016,Less urgent,3,Not Seen Or Left,Asthma,Not Admitted,97,123.0,2.05,0,0
2016-2017,2016,Non-urgent,3,Not Seen Or Left,Asthma,Not Admitted,19,120.0,2.0,0,0
2016-2017,2016,Unknown,3,Not Seen Or Left,Asthma,Not Admitted,7,84.0,1.4,0,0
2016-2017,2016,CTAS III - Urgent,3,Not Seen Or Left,Influenzal Pneumonia,Not Admitted,0,0.0,0.0,0,1
2016-2017,2016,Less urgent,3,Not Seen Or Left,Influenzal Pneumonia,Not Admitted,0,90.0,1.5,0,1
2016-2017,2016,Non-urgent,3,Not Seen Or Left,Influenzal Pneumonia,Not Admitted,0,0.0,0.0,0,1
2016-2017,2016,Unknown,3,Not Seen Or Left,Influenzal Pneumonia,Not Admitted,0,0.0,0.0,0,1
2016-2017,2016,CTAS III - Urgent,3,Not Seen Or Left,Motor Vehicle Collisions,Not Admitted,1887,138.0,2.3,0,0
2016-2017,2016,Less urgent,3,Not Seen Or Left,Motor Vehicle Collisions,Not Admitted,1282,120.0,2.0,0,0
2016-2017,2016,Non-urgent,3,Not Seen Or Left,Motor Vehicle Collisions,Not Admitted,110,96.0,1.6,0,0
2016-2017,2016,Unknown,3,Not Seen Or Left,Motor Vehicle Collisions,Not Admitted,37,75.0,1.25,0,0
2016-2017,2016,CTAS III - Urgent,3,Not Seen Or Left,Pneumonia,Not Admitted,186,240.0,4.0,0,0
2016-2017,2016,Less urgent,3,Not Seen Or Left,Pneumonia,Not Admitted,64,144.0,2.4,0,0
2016-2017,2016,Non-urgent,3,Not Seen Or Left,Pneumonia,Not Admitted,18,150.0,2.5,0,0
2016-2017,2016,Unknown,3,Not Seen Or Left,Pneumonia,Not Admitted,10,30.0,0.5,0,0
2016-2017,2016,CTAS III - Urgent,3,Not Seen Or Left,Trauma,Not Admitted,20318,132.0,2.2,0,0
2016-2017,2016,Less urgent,3,Not Seen Or Left,Trauma,Not Admitted,26582,114.0,1.9,0,0
2016-2017,2016,Non-urgent,3,Not Seen Or Left,Trauma,Not Admitted,3557,96.0,1.6,0,0
2016-2017,2016,Unknown,3,Not Seen Or Left,Trauma,Not Admitted,1080,42.0,0.7,0,0
2016-2017,2016,CTAS III - Urgent,3,Not Seen Or Left,Unintentional Falls,Not Admitted,5729,138.0,2.3,0,0
2016-2017,2016,Less urgent,3,Not Seen Or Left,Unintentional Falls,Not Admitted,5913,120.0,2.0,0,0
2016-2017,2016,Non-urgent,3,Not Seen Or Left,Unintentional Falls,Not Admitted,486,108.0,1.8,0,0
2016-2017,2016,Unknown,3,Not Seen Or Left,Unintentional Falls,Not Admitted,121,48.0,0.8,0,0
2016-2017,2016,CTAS III - Urgent,3,Transferred,Acute Myocardial Infarction,Not Admitted,1006,216.0,3.6,0,0
2016-2017,2016,Less urgent,3,Transferred,Acute Myocardial Infarction,Not Admitted,115,312.0,5.2,0,0
2016-2017,2016,Non-urgent,3,Transferred,Acute Myocardial Infarction,Not Admitted,17,246.0,4.1,0,0
2016-2017,2016,Unknown,3,Transferred,Acute Myocardial Infarction,Not Admitted,62,150.0,2.5,0,0
2016-2017,2016,CTAS III - Urgent,3,Transferred,Asthma,Not Admitted,150,318.0,5.3,0,0
2016-2017,2016,Less urgent,3,Transferred,Asthma,Not Admitted,17,282.0,4.7,0,0
2016-2017,2016,Non-urgent,3,Transferred,Asthma,Not Admitted,0,183.0,3.05,0,1
2016-2017,2016,Unknown,3,Transferred,Asthma,Not Admitted,0,363.0,6.05,0,1
2016-2017,2016,CTAS III - Urgent,3,Transferred,Influenzal Pneumonia,Not Admitted,6,363.0,6.05,0,0
2016-2017,2016,Less urgent,3,Transferred,Influenzal Pneumonia,Not Admitted,0,0.0,0.0,0,1
2016-2017,2016,Non-urgent,3,Transferred,Influenzal Pneumonia,Not Admitted,0,0.0,0.0,0,1
2016-2017,2016,Unknown,3,Transferred,Influenzal Pneumonia,Not Admitted,0,0.0,0.0,0,1
2016-2017,2016,CTAS III - Urgent,3,Transferred,Motor Vehicle Collisions,Not Admitted,1144,222.0,3.7,0,0
2016-2017,2016,Less urgent,3,Transferred,Motor Vehicle Collisions,Not Admitted,229,204.0,3.4,0,0
2016-2017,2016,Non-urgent,3,Transferred,Motor Vehicle Collisions,Not Admitted,15,156.0,2.6,0,0
2016-2017,2016,Unknown,3,Transferred,Motor Vehicle Collisions,Not Admitted,95,156.0,2.6,0,0
2016-2017,2016,CTAS III - Urgent,3,Transferred,Pneumonia,Not Admitted,856,318.0,5.3,0,0
2016-2017,2016,Less urgent,3,Transferred,Pneumonia,Not Admitted,120,306.0,5.1,0,0
2016-2017,2016,Non-urgent,3,Transferred,Pneumonia,Not Admitted,9,372.0,6.2,0,0
2016-2017,2016,Unknown,3,Transferred,Pneumonia,Not Admitted,12,207.0,3.45,0,0
2016-2017,2016,CTAS III - Urgent,3,Transferred,Trauma,Not Admitted,10321,234.0,3.9,0,0
2016-2017,2016,Less urgent,3,Transferred,Trauma,Not Admitted,2840,210.0,3.5,0,0
2016-2017,2016,Non-urgent,3,Transferred,Trauma,Not Admitted,239,174.0,2.9,0,0
2016-2017,2016,Unknown,3,Transferred,Trauma,Not Admitted,284,162.0,2.7,0,0
2016-2017,2016,CTAS III - Urgent,3,Transferred,Unintentional Falls,Not Admitted,6088,264.0,4.4,0,0
2016-2017,2016,Less urgent,3,Transferred,Unintentional Falls,Not Admitted,1440,240.0,4.0,0,0
2016-2017,2016,Non-urgent,3,Transferred,Unintentional Falls,Not Admitted,88,267.0,4.45,0,0
2016-2017,2016,Unknown,3,Transferred,Unintentional Falls,Not Admitted,83,195.0,3.25,0,0
2016-2017,2016,CTAS III - Urgent,3,Unknown,Acute Myocardial Infarction,Not Admitted,0,0.0,0.0,0,1
2016-2017,2016,Less urgent,3,Unknown,Acute Myocardial Infarction,Not Admitted,0,0.0,0.0,0,1
2016-2017,2016,Non-urgent,3,Unknown,Acute Myocardial Infarction,Not Admitted,0,0.0,0.0,0,1
2016-2017,2016,Unknown,3,Unknown,Acute Myocardial Infarction,Not Admitted,0,0.0,0.0,0,1
2016-2017,2016,CTAS III - Urgent,3,Unknown,Asthma,Not Admitted,0,0.0,0.0,0,1
2016-2017,2016,Less urgent,3,Unknown,Asthma,Not Admitted,0,0.0,0.0,0,1
2016-2017,2016,Non-urgent,3,Unknown,Asthma,Not Admitted,0,0.0,0.0,0,1
2016-2017,2016,Unknown,3,Unknown,Asthma,Not Admitted,0,0.0,0.0,0,1
2016-2017,2016,CTAS III - Urgent,3,Unknown,Influenzal Pneumonia,Not Admitted,0,0.0,0.0,0,1
2016-2017,2016,Less urgent,3,Unknown,Influenzal Pneumonia,Not Admitted,0,0.0,0.0,0,1
2016-2017,2016,Non-urgent,3,Unknown,Influenzal Pneumonia,Not Admitted,0,0.0,0.0,0,1
2016-2017,2016,Unknown,3,Unknown,Influenzal Pneumonia,Not Admitted,0,0.0,0.0,0,1
2016-2017,2016,CTAS III - Urgent,3,Unknown,Motor Vehicle Collisions,Not Admitted,0,0.0,0.0,0,1
2016-2017,2016,Less urgent,3,Unknown,Motor Vehicle Collisions,Not Admitted,0,0.0,0.0,0,1
2016-2017,2016,Non-urgent,3,Unknown,Motor Vehicle Collisions,Not Admitted,0,0.0,0.0,0,1
2016-2017,2016,Unknown,3,Unknown,Motor Vehicle Collisions,Not Admitted,0,0.0,0.0,0,1
2016-2017,2016,CTAS III - Urgent,3,Unknown,Pneumonia,Not Admitted,0,0.0,0.0,0,1
2016-2017,2016,Less urgent,3,Unknown,Pneumonia,Not Admitted,0,0.0,0.0,0,1
2016-2017,2016,Non-urgent,3,Unknown,Pneumonia,Not Admitted,0,0.0,0.0,0,1
2016-2017,2016,Unknown,3,Unknown,Pneumonia,Not Admitted,0,0.0,0.0,0,1
2016-2017,2016,CTAS III - Urgent,3,Unknown,Trauma,Not Admitted,0,0.0,0.0,0,1
2016-2017,2016,Less urgent,3,Unknown,Trauma,Not Admitted,0,0.0,0.0,0,1
2016-2017,2016,Non-urgent,3,Unknown,Trauma,Not Admitted,0,0.0,0.0,0,1
2016-2017,2016,Unknown,3,Unknown,Trauma,Not Admitted,0,0.0,0.0,0,1
2016-2017,2016,CTAS III - Urgent,3,Unknown,Unintentional Falls,Not Admitted,0,0.0,0.0,0,1
2016-2017,2016,Less urgent,3,Unknown,Unintentional Falls,Not Admitted,0,0.0,0.0,0,1
2016-2017,2016,Non-urgent,3,Unknown,Unintentional Falls,Not Admitted,0,0.0,0.0,0,1
2016-2017,2016,Unknown,3,Unknown,Unintentional Falls,Not Admitted,0,0.0,0.0,0,1
2015-2016,2015,CTAS I - Resuscitation,1,Admitted,Acute Myocardial Infarction,Admitted,1256,84.0,1.4,1,0
2015-2016,2015,CTAS I - Resuscitation,1,Admitted,Asthma,Admitted,539,408.0,6.8,1,0
2015-2016,2015,CTAS I - Resuscitation,1,Admitted,Influenzal Pneumonia,Admitted,5,330.0,5.5,1,0
2015-2016,2015,CTAS I - Resuscitation,1,Admitted,Motor Vehicle Collisions,Admitted,2630,276.0,4.6,1,0
2015-2016,2015,CTAS I - Resuscitation,1,Admitted,Pneumonia,Admitted,1522,516.0,8.6,1,0
2015-2016,2015,CTAS I - Resuscitation,1,Admitted,Trauma,Admitted,6542,270.0,4.5,1,0
2015-2016,2015,CTAS I - Resuscitation,1,Admitted,Unintentional Falls,Admitted,1681,324.0,5.4,1,0
2015-2016,2015,CTAS I - Resuscitation,1,Death,Acute Myocardial Infarction,Not Admitted,367,36.0,0.6,0,0
2015-2016,2015,CTAS I - Resuscitation,1,Death,Asthma,Not Admitted,0,90.0,1.5,0,1
2015-2016,2015,CTAS I - Resuscitation,1,Death,Influenzal Pneumonia,Not Admitted,0,0.0,0.0,0,1
2015-2016,2015,CTAS I - Resuscitation,1,Death,Motor Vehicle Collisions,Not Admitted,190,36.0,0.6,0,0
2015-2016,2015,CTAS I - Resuscitation,1,Death,Pneumonia,Not Admitted,38,183.0,3.05,0,0
2015-2016,2015,CTAS I - Resuscitation,1,Death,Trauma,Not Admitted,561,42.0,0.7,0,0
2015-2016,2015,CTAS I - Resuscitation,1,Death,Unintentional Falls,Not Admitted,91,132.0,2.2,0,0
2015-2016,2015,CTAS I - Resuscitation,1,Discharged Home,Acute Myocardial Infarction,Not Admitted,27,78.0,1.3,0,0
2015-2016,2015,CTAS I - Resuscitation,1,Discharged Home,Asthma,Not Admitted,383,228.0,3.8,0,0
2015-2016,2015,CTAS I - Resuscitation,1,Discharged Home,Influenzal Pneumonia,Not Admitted,0,0.0,0.0,0,1
2015-2016,2015,CTAS I - Resuscitation,1,Discharged Home,Motor Vehicle Collisions,Not Admitted,713,276.0,4.6,0,0
2015-2016,2015,CTAS I - Resuscitation,1,Discharged Home,Pneumonia,Not Admitted,213,225.0,3.75,0,0
2015-2016,2015,CTAS I - Resuscitation,1,Discharged Home,Trauma,Not Admitted,3677,252.0,4.2,0,0
2015-2016,2015,CTAS I - Resuscitation,1,Discharged Home,Unintentional Falls,Not Admitted,596,270.0,4.5,0,0
2015-2016,2015,CTAS I - Resuscitation,1,Intra-Facility Transfer,Acute Myocardial Infarction,Not Admitted,14,48.0,0.8,0,0
2015-2016,2015,CTAS I - Resuscitation,1,Intra-Facility Transfer,Asthma,Not Admitted,0,207.0,3.45,0,1
2015-2016,2015,CTAS I - Resuscitation,1,Intra-Facility Transfer,Influenzal Pneumonia,Not Admitted,0,0.0,0.0,0,1
2015-2016,2015,CTAS I - Resuscitation,1,Intra-Facility Transfer,Motor Vehicle Collisions,Not Admitted,10,309.0,5.15,0,0
2015-2016,2015,CTAS I - Resuscitation,1,Intra-Facility Transfer,Pneumonia,Not Admitted,0,228.0,3.8,0,1
2015-2016,2015,CTAS I - Resuscitation,1,Intra-Facility Transfer,Trauma,Not Admitted,65,210.0,3.5,0,0
2015-2016,2015,CTAS I - Resuscitation,1,Intra-Facility Transfer,Unintentional Falls,Not Admitted,7,384.0,6.4,0,0
2015-2016,2015,CTAS I - Resuscitation,1,Not Seen Or Left,Acute Myocardial Infarction,Not Admitted,0,132.0,2.2,0,1
2015-2016,2015,CTAS I - Resuscitation,1,Not Seen Or Left,Asthma,Not Admitted,10,168.0,2.8,0,0
2015-2016,2015,CTAS I - Resuscitation,1,Not Seen Or Left,Influenzal Pneumonia,Not Admitted,0,0.0,0.0,0,1
2015-2016,2015,CTAS I - Resuscitation,1,Not Seen Or Left,Motor Vehicle Collisions,Not Admitted,11,234.0,3.9,0,0
2015-2016,2015,CTAS I - Resuscitation,1,Not Seen Or Left,Pneumonia,Not Admitted,0,174.0,2.9,0,1
2015-2016,2015,CTAS I - Resuscitation,1,Not Seen Or Left,Trauma,Not Admitted,84,192.0,3.2,0,0
2015-2016,2015,CTAS I - Resuscitation,1,Not Seen Or Left,Unintentional Falls,Not Admitted,10,270.0,4.5,0,0
2015-2016,2015,CTAS I - Resuscitation,1,Transferred,Acute Myocardial Infarction,Not Admitted,711,66.0,1.1,0,0
2015-2016,2015,CTAS I - Resuscitation,1,Transferred,Asthma,Not Admitted,65,186.0,3.1,0,0
2015-2016,2015,CTAS I - Resuscitation,1,Transferred,Influenzal Pneumonia,Not Admitted,0,666.0,11.1,0,1
2015-2016,2015,CTAS I - Resuscitation,1,Transferred,Motor Vehicle Collisions,Not Admitted,583,114.0,1.9,0,0
2015-2016,2015,CTAS I - Resuscitation,1,Transferred,Pneumonia,Not Admitted,96,237.0,3.95,0,0
2015-2016,2015,CTAS I - Resuscitation,1,Transferred,Trauma,Not Admitted,1513,138.0,2.3,0,0
2015-2016,2015,CTAS I - Resuscitation,1,Transferred,Unintentional Falls,Not Admitted,299,180.0,3.0,0,0
2015-2016,2015,CTAS I - Resuscitation,1,Unknown,Acute Myocardial Infarction,Not Admitted,0,0.0,0.0,0,1
2015-2016,2015,CTAS I - Resuscitation,1,Unknown,Asthma,Not Admitted,0,0.0,0.0,0,1
2015-2016,2015,CTAS I - Resuscitation,1,Unknown,Influenzal Pneumonia,Not Admitted,0,0.0,0.0,0,1
2015-2016,2015,CTAS I - Resuscitation,1,Unknown,Motor Vehicle Collisions,Not Admitted,0,0.0,0.0,0,1
2015-2016,2015,CTAS I - Resuscitation,1,Unknown,Pneumonia,Not Admitted,0,0.0,0.0,0,1
2015-2016,2015,CTAS I - Resuscitation,1,Unknown,Trauma,Not Admitted,0,0.0,0.0,0,1
2015-2016,2015,CTAS I - Resuscitation,1,Unknown,Unintentional Falls,Not Admitted,0,0.0,0.0,0,1
2015-2016,2015,CTAS II - Emergent,2,Admitted,Acute Myocardial Infarction,Admitted,11965,486.0,8.1,1,0
2015-2016,2015,CTAS II - Emergent,2,Admitted,Asthma,Admitted,3553,528.0,8.8,1,0
2015-2016,2015,CTAS II - Emergent,2,Admitted,Influenzal Pneumonia,Admitted,121,564.0,9.4,1,0
2015-2016,2015,CTAS II - Emergent,2,Admitted,Motor Vehicle Collisions,Admitted,4411,420.0,7.0,1,0
2015-2016,2015,CTAS II - Emergent,2,Admitted,Pneumonia,Admitted,17560,678.0,11.3,1,0
2015-2016,2015,CTAS II - Emergent,2,Admitted,Trauma,Admitted,25788,480.0,8.0,1,0
2015-2016,2015,CTAS II - Emergent,2,Admitted,Unintentional Falls,Admitted,14532,528.0,8.8,1,0
2015-2016,2015,CTAS II - Emergent,2,Death,Acute Myocardial Infarction,Not Admitted,87,162.0,2.7,0,0
2015-2016,2015,CTAS II - Emergent,2,Death,Asthma,Not Admitted,0,618.0,10.3,0,1
2015-2016,2015,CTAS II - Emergent,2,Death,Influenzal Pneumonia,Not Admitted,0,0.0,0.0,0,1
2015-2016,2015,CTAS II - Emergent,2,Death,Motor Vehicle Collisions,Not Admitted,0,0.0,0.0,0,1
2015-2016,2015,CTAS II - Emergent,2,Death,Pneumonia,Not Admitted,43,270.0,4.5,0,0
2015-2016,2015,CTAS II - Emergent,2,Death,Trauma,Not Admitted,40,252.0,4.2,0,0
2015-2016,2015,CTAS II - Emergent,2,Death,Unintentional Falls,Not Admitted,29,264.0,4.4,0,0
2015-2016,2015,CTAS II - Emergent,2,Discharged Home,Acute Myocardial Infarction,Not Admitted,466,306.0,5.1,0,0
2015-2016,2015,CTAS II - Emergent,2,Discharged Home,Asthma,Not Admitted,13829,198.0,3.3,0,0
2015-2016,2015,CTAS II - Emergent,2,Discharged Home,Influenzal Pneumonia,Not Admitted,139,240.0,4.0,0,0
2015-2016,2015,CTAS II - Emergent,2,Discharged Home,Motor Vehicle Collisions,Not Admitted,25635,192.0,3.2,0,0
2015-2016,2015,CTAS II - Emergent,2,Discharged Home,Pneumonia,Not Admitted,15858,222.0,3.7,0,0
2015-2016,2015,CTAS II - Emergent,2,Discharged Home,Trauma,Not Admitted,154665,174.0,2.9,0,0
2015-2016,2015,CTAS II - Emergent,2,Discharged Home,Unintentional Falls,Not Admitted,48166,204.0,3.4,0,0
2015-2016,2015,CTAS II - Emergent,2,Intra-Facility Transfer,Acute Myocardial Infarction,Not Admitted,85,72.0,1.2,0,0
2015-2016,2015,CTAS II - Emergent,2,Intra-Facility Transfer,Asthma,Not Admitted,90,201.0,3.35,0,0
2015-2016,2015,CTAS II - Emergent,2,Intra-Facility Transfer,Influenzal Pneumonia,Not Admitted,0,0.0,0.0,0,1
2015-2016,2015,CTAS II - Emergent,2,Intra-Facility Transfer,Motor Vehicle Collisions,Not Admitted,103,216.0,3.6,0,0
2015-2016,2015,CTAS II - Emergent,2,Intra-Facility Transfer,Pneumonia,Not Admitted,90,249.0,4.15,0,0
2015-2016,2015,CTAS II - Emergent,2,Intra-Facility Transfer,Trauma,Not Admitted,1165,204.0,3.4,0,0
2015-2016,2015,CTAS II - Emergent,2,Intra-Facility Transfer,Unintentional Falls,Not Admitted,244,228.0,3.8,0,0
2015-2016,2015,CTAS II - Emergent,2,Not Seen Or Left,Acute Myocardial Infarction,Not Admitted,87,330.0,5.5,0,0
2015-2016,2015,CTAS II - Emergent,2,Not Seen Or Left,Asthma,Not Admitted,145,189.0,3.15,0,0
2015-2016,2015,CTAS II - Emergent,2,Not Seen Or Left,Influenzal Pneumonia,Not Admitted,0,372.0,6.2,0,1
2015-2016,2015,CTAS II - Emergent,2,Not Seen Or Left,Motor Vehicle Collisions,Not Admitted,440,156.0,2.6,0,0
2015-2016,2015,CTAS II - Emergent,2,Not Seen Or Left,Pneumonia,Not Admitted,125,270.0,4.5,0,0
2015-2016,2015,CTAS II - Emergent,2,Not Seen Or Left,Trauma,Not Admitted,3379,138.0,2.3,0,0
2015-2016,2015,CTAS II - Emergent,2,Not Seen Or Left,Unintentional Falls,Not Admitted,809,156.0,2.6,0,0
2015-2016,2015,CTAS II - Emergent,2,Transferred,Acute Myocardial Infarction,Not Admitted,4120,114.0,1.9,0,0
2015-2016,2015,CTAS II - Emergent,2,Transferred,Asthma,Not Admitted,392,291.0,4.85,0,0
2015-2016,2015,CTAS II - Emergent,2,Transferred,Influenzal Pneumonia,Not Admitted,9,330.0,5.5,0,0
2015-2016,2015,CTAS II - Emergent,2,Transferred,Motor Vehicle Collisions,Not Admitted,1982,204.0,3.4,0,0
2015-2016,2015,CTAS II - Emergent,2,Transferred,Pneumonia,Not Admitted,1144,258.0,4.3,0,0
2015-2016,2015,CTAS II - Emergent,2,Transferred,Trauma,Not Admitted,7939,198.0,3.3,0,0
2015-2016,2015,CTAS II - Emergent,2,Transferred,Unintentional Falls,Not Admitted,3059,228.0,3.8,0,0
2015-2016,2015,CTAS II - Emergent,2,Unknown,Acute Myocardial Infarction,Not Admitted,0,0.0,0.0,0,1
2015-2016,2015,CTAS II - Emergent,2,Unknown,Asthma,Not Admitted,0,0.0,0.0,0,1
2015-2016,2015,CTAS II - Emergent,2,Unknown,Influenzal Pneumonia,Not Admitted,0,0.0,0.0,0,1
2015-2016,2015,CTAS II - Emergent,2,Unknown,Motor Vehicle Collisions,Not Admitted,0,0.0,0.0,0,1
2015-2016,2015,CTAS II - Emergent,2,Unknown,Pneumonia,Not Admitted,0,0.0,0.0,0,1
2015-2016,2015,CTAS II - Emergent,2,Unknown,Trauma,Not Admitted,0,0.0,0.0,0,1
2015-2016,2015,CTAS II - Emergent,2,Unknown,Unintentional Falls,Not Admitted,0,0.0,0.0,0,1
2015-2016,2015,CTAS III - Urgent,3,Admitted,Acute Myocardial Infarction,Admitted,4124,540.0,9.0,1,0
2015-2016,2015,Less urgent,3,Admitted,Acute Myocardial Infarction,Admitted,327,474.0,7.9,1,0
2015-2016,2015,Non-urgent,3,Admitted,Acute Myocardial Infarction,Admitted,33,330.0,5.5,1,0
2015-2016,2015,Unknown,3,Admitted,Acute Myocardial Infarction,Admitted,82,147.0,2.45,1,0
2015-2016,2015,CTAS III - Urgent,3,Admitted,Asthma,Admitted,1522,534.0,8.9,1,0
2015-2016,2015,Less urgent,3,Admitted,Asthma,Admitted,97,396.0,6.6,1,0
2015-2016,2015,Non-urgent,3,Admitted,Asthma,Admitted,11,420.0,7.0,1,0
2015-2016,2015,Unknown,3,Admitted,Asthma,Admitted,17,252.0,4.2,1,0
2015-2016,2015,CTAS III - Urgent,3,Admitted,Influenzal Pneumonia,Admitted,89,822.0,13.7,1,0
2015-2016,2015,Less urgent,3,Admitted,Influenzal Pneumonia,Admitted,10,849.0,14.15,1,0
2015-2016,2015,Non-urgent,3,Admitted,Influenzal Pneumonia,Admitted,0,0.0,0.0,1,1
2015-2016,2015,Unknown,3,Admitted,Influenzal Pneumonia,Admitted,0,225.0,3.75,1,1
2015-2016,2015,CTAS III - Urgent,3,Admitted,Motor Vehicle Collisions,Admitted,2496,408.0,6.8,1,0
2015-2016,2015,Less urgent,3,Admitted,Motor Vehicle Collisions,Admitted,459,366.0,6.1,1,0
2015-2016,2015,Non-urgent,3,Admitted,Motor Vehicle Collisions,Admitted,36,297.0,4.95,1,0
2015-2016,2015,Unknown,3,Admitted,Motor Vehicle Collisions,Admitted,50,204.0,3.4,1,0
2015-2016,2015,CTAS III - Urgent,3,Admitted,Pneumonia,Admitted,14294,624.0,10.4,1,0
2015-2016,2015,Less urgent,3,Admitted,Pneumonia,Admitted,1434,396.0,6.6,1,0
2015-2016,2015,Non-urgent,3,Admitted,Pneumonia,Admitted,98,471.0,7.85,1,0
2015-2016,2015,Unknown,3,Admitted,Pneumonia,Admitted,210,192.0,3.2,1,0
2015-2016,2015,CTAS III - Urgent,3,Admitted,Trauma,Admitted,38778,486.0,8.1,1,0
2015-2016,2015,Less urgent,3,Admitted,Trauma,Admitted,6641,405.0,6.75,1,0
2015-2016,2015,Non-urgent,3,Admitted,Trauma,Admitted,453,312.0,5.2,1,0
2015-2016,2015,Unknown,3,Admitted,Trauma,Admitted,332,198.0,3.3,1,0
2015-2016,2015,CTAS III - Urgent,3,Admitted,Unintentional Falls,Admitted,28732,510.0,8.5,1,0
2015-2016,2015,Less urgent,3,Admitted,Unintentional Falls,Admitted,4223,438.0,7.3,1,0
2015-2016,2015,Non-urgent,3,Admitted,Unintentional Falls,Admitted,223,351.0,5.85,1,0
2015-2016,2015,Unknown,3,Admitted,Unintentional Falls,Admitted,201,222.0,3.7,1,0
2015-2016,2015,CTAS III - Urgent,3,Death,Acute Myocardial Infarction,Not Admitted,26,174.0,2.9,0,0
2015-2016,2015,Less urgent,3,Death,Acute Myocardial Infarction,Not Admitted,0,165.0,2.75,0,1
2015-2016,2015,Non-urgent,3,Death,Acute Myocardial Infarction,Not Admitted,0,0.0,0.0,0,1
2015-2016,2015,Unknown,3,Death,Acute Myocardial Infarction,Not Admitted,10,51.0,0.85,0,0
2015-2016,2015,CTAS III - Urgent,3,Death,Asthma,Not Admitted,0,0.0,0.0,0,1
2015-2016,2015,Less urgent,3,Death,Asthma,Not Admitted,0,0.0,0.0,0,1
2015-2016,2015,Non-urgent,3,Death,Asthma,Not Admitted,0,102.0,1.7,0,1
2015-2016,2015,Unknown,3,Death,Asthma,Not Admitted,0,0.0,0.0,0,1
2015-2016,2015,CTAS III - Urgent,3,Death,Influenzal Pneumonia,Not Admitted,0,0.0,0.0,0,1
2015-2016,2015,Less urgent,3,Death,Influenzal Pneumonia,Not Admitted,0,0.0,0.0,0,1
2015-2016,2015,Non-urgent,3,Death,Influenzal Pneumonia,Not Admitted,0,0.0,0.0,0,1
2015-2016,2015,Unknown,3,Death,Influenzal Pneumonia,Not Admitted,0,0.0,0.0,0,1
2015-2016,2015,CTAS III - Urgent,3,Death,Motor Vehicle Collisions,Not Admitted,0,48.0,0.8,0,1
2015-2016,2015,Less urgent,3,Death,Motor Vehicle Collisions,Not Admitted,0,99.0,1.65,0,1
2015-2016,2015,Non-urgent,3,Death,Motor Vehicle Collisions,Not Admitted,0,0.0,0.0,0,1
2015-2016,2015,Unknown,3,Death,Motor Vehicle Collisions,Not Admitted,6,12.0,0.2,0,0
2015-2016,2015,CTAS III - Urgent,3,Death,Pneumonia,Not Admitted,8,630.0,10.5,0,0
2015-2016,2015,Less urgent,3,Death,Pneumonia,Not Admitted,0,588.0,9.8,0,1
2015-2016,2015,Non-urgent,3,Death,Pneumonia,Not Admitted,0,0.0,0.0,0,1
2015-2016,2015,Unknown,3,Death,Pneumonia,Not Admitted,0,84.0,1.4,0,1
2015-2016,2015,CTAS III - Urgent,3,Death,Trauma,Not Admitted,28,324.0,5.4,0,0
2015-2016,2015,Less urgent,3,Death,Trauma,Not Admitted,17,66.0,1.1,0,0
2015-2016,2015,Non-urgent,3,Death,Trauma,Not Admitted,0,120.0,2.0,0,1
2015-2016,2015,Unknown,3,Death,Trauma,Not Admitted,9,12.0,0.2,0,0
2015-2016,2015,CTAS III - Urgent,3,Death,Unintentional Falls,Not Admitted,20,360.0,6.0,0,0
2015-2016,2015,Less urgent,3,Death,Unintentional Falls,Not Admitted,7,84.0,1.4,0,0
2015-2016,2015,Non-urgent,3,Death,Unintentional Falls,Not Admitted,0,0.0,0.0,0,1
2015-2016,2015,Unknown,3,Death,Unintentional Falls,Not Admitted,0,0.0,0.0,0,1
2015-2016,2015,CTAS III - Urgent,3,Discharged Home,Acute Myocardial Infarction,Not Admitted,228,348.0,5.8,0,0
2015-2016,2015,Less urgent,3,Discharged Home,Acute Myocardial Infarction,Not Admitted,37,264.0,4.4,0,0
2015-2016,2015,Non-urgent,3,Discharged Home,Acute Myocardial Infarction,Not Admitted,8,90.0,1.5,0,0
2015-2016,2015,Unknown,3,Discharged Home,Acute Myocardial Infarction,Not Admitted,0,474.0,7.9,0,1
2015-2016,2015,CTAS III - Urgent,3,Discharged Home,Asthma,Not Admitted,28641,156.0,2.6,0,0
2015-2016,2015,Less urgent,3,Discharged Home,Asthma,Not Admitted,13189,108.0,1.8,0,0
2015-2016,2015,Non-urgent,3,Discharged Home,Asthma,Not Admitted,1522,78.0,1.3,0,0
2015-2016,2015,Unknown,3,Discharged Home,Asthma,Not Admitted,386,72.0,1.2,0,0
2015-2016,2015,CTAS III - Urgent,3,Discharged Home,Influenzal Pneumonia,Not Admitted,433,192.0,3.2,0,0
2015-2016,2015,Less urgent,3,Discharged Home,Influenzal Pneumonia,Not Admitted,242,138.0,2.3,0,0
2015-2016,2015,Non-urgent,3,Discharged Home,Influenzal Pneumonia,Not Admitted,21,156.0,2.6,0,0
2015-2016,2015,Unknown,3,Discharged Home,Influenzal Pneumonia,Not Admitted,5,72.0,1.2,0,0
2015-2016,2015,CTAS III - Urgent,3,Discharged Home,Motor Vehicle Collisions,Not Admitted,68163,144.0,2.4,0,0
2015-2016,2015,Less urgent,3,Discharged Home,Motor Vehicle Collisions,Not Admitted,46958,114.0,1.9,0,0
2015-2016,2015,Non-urgent,3,Discharged Home,Motor Vehicle Collisions,Not Admitted,3012,96.0,1.6,0,0
2015-2016,2015,Unknown,3,Discharged Home,Motor Vehicle Collisions,Not Admitted,901,84.0,1.4,0,0
2015-2016,2015,CTAS III - Urgent,3,Discharged Home,Pneumonia,Not Admitted,46391,180.0,3.0,0,0
2015-2016,2015,Less urgent,3,Discharged Home,Pneumonia,Not Admitted,23843,126.0,2.1,0,0
2015-2016,2015,Non-urgent,3,Discharged Home,Pneumonia,Not Admitted,1899,114.0,1.9,0,0
2015-2016,2015,Unknown,3,Discharged Home,Pneumonia,Not Admitted,476,102.0,1.7,0,0
2015-2016,2015,CTAS III - Urgent,3,Discharged Home,Trauma,Not Admitted,648107,138.0,2.3,0,0
2015-2016,2015,Less urgent,3,Discharged Home,Trauma,Not Admitted,871123,108.0,1.8,0,0
2015-2016,2015,Non-urgent,3,Discharged Home,Trauma,Not Admitted,76457,90.0,1.5,0,0
2015-2016,2015,Unknown,3,Discharged Home,Trauma,Not Admitted,11178,72.0,1.2,0,0
2015-2016,2015,CTAS III - Urgent,3,Discharged Home,Unintentional Falls,Not Admitted,231291,156.0,2.6,0,0
2015-2016,2015,Less urgent,3,Discharged Home,Unintentional Falls,Not Admitted,237011,114.0,1.9,0,0
2015-2016,2015,Non-urgent,3,Discharged Home,Unintentional Falls,Not Admitted,14247,102.0,1.7,0,0
2015-2016,2015,Unknown,3,Discharged Home,Unintentional Falls,Not Admitted,2800,84.0,1.4,0,0
2015-2016,2015,CTAS III - Urgent,3,Intra-Facility Transfer,Acute Myocardial Infarction,Not Admitted,14,165.0,2.75,0,0
2015-2016,2015,Less urgent,3,Intra-Facility Transfer,Acute Myocardial Infarction,Not Admitted,0,24.0,0.4,0,1
2015-2016,2015,Non-urgent,3,Intra-Facility Transfer,Acute Myocardial Infarction,Not Admitted,0,0.0,0.0,0,1
2015-2016,2015,Unknown,3,Intra-Facility Transfer,Acute Myocardial Infarction,Not Admitted,0,6.0,0.1,0,1
2015-2016,2015,CTAS III - Urgent,3,Intra-Facility Transfer,Asthma,Not Admitted,31,210.0,3.5,0,0
2015-2016,2015,Less urgent,3,Intra-Facility Transfer,Asthma,Not Admitted,0,159.0,2.65,0,1
2015-2016,2015,Non-urgent,3,Intra-Facility Transfer,Asthma,Not Admitted,0,0.0,0.0,0,1
2015-2016,2015,Unknown,3,Intra-Facility Transfer,Asthma,Not Admitted,0,0.0,0.0,0,1
2015-2016,2015,CTAS III - Urgent,3,Intra-Facility Transfer,Influenzal Pneumonia,Not Admitted,0,0.0,0.0,0,1
2015-2016,2015,Less urgent,3,Intra-Facility Transfer,Influenzal Pneumonia,Not Admitted,0,0.0,0.0,0,1
2015-2016,2015,Non-urgent,3,Intra-Facility Transfer,Influenzal Pneumonia,Not Admitted,0,0.0,0.0,0,1
2015-2016,2015,Unknown,3,Intra-Facility Transfer,Influenzal Pneumonia,Not Admitted,0,0.0,0.0,0,1
2015-2016,2015,CTAS III - Urgent,3,Intra-Facility Transfer,Motor Vehicle Collisions,Not Admitted,118,189.0,3.15,0,0
2015-2016,2015,Less urgent,3,Intra-Facility Transfer,Motor Vehicle Collisions,Not Admitted,52,225.0,3.75,0,0
2015-2016,2015,Non-urgent,3,Intra-Facility Transfer,Motor Vehicle Collisions,Not Admitted,5,78.0,1.3,0,0
2015-2016,2015,Unknown,3,Intra-Facility Transfer,Motor Vehicle Collisions,Not Admitted,0,228.0,3.8,0,1
2015-2016,2015,CTAS III - Urgent,3,Intra-Facility Transfer,Pneumonia,Not Admitted,70,216.0,3.6,0,0
2015-2016,2015,Less urgent,3,Intra-Facility Transfer,Pneumonia,Not Admitted,7,306.0,5.1,0,0
2015-2016,2015,Non-urgent,3,Intra-Facility Transfer,Pneumonia,Not Admitted,0,0.0,0.0,0,1
2015-2016,2015,Unknown,3,Intra-Facility Transfer,Pneumonia,Not Admitted,0,0.0,0.0,0,1
2015-2016,2015,CTAS III - Urgent,3,Intra-Facility Transfer,Trauma,Not Admitted,2083,204.0,3.4,0,0
2015-2016,2015,Less urgent,3,Intra-Facility Transfer,Trauma,Not Admitted,1026,159.0,2.65,0,0
2015-2016,2015,Non-urgent,3,Intra-Facility Transfer,Trauma,Not Admitted,119,96.0,1.6,0,0
2015-2016,2015,Unknown,3,Intra-Facility Transfer,Trauma,Not Admitted,24,180.0,3.0,0,0
2015-2016,2015,CTAS III - Urgent,3,Intra-Facility Transfer,Unintentional Falls,Not Admitted,566,192.0,3.2,0,0
2015-2016,2015,Less urgent,3,Intra-Facility Transfer,Unintentional Falls,Not Admitted,312,162.0,2.7,0,0
2015-2016,2015,Non-urgent,3,Intra-Facility Transfer,Unintentional Falls,Not Admitted,24,114.0,1.9,0,0
2015-2016,2015,Unknown,3,Intra-Facility Transfer,Unintentional Falls,Not Admitted,7,216.0,3.6,0,0
2015-2016,2015,CTAS III - Urgent,3,Not Seen Or Left,Acute Myocardial Infarction,Not Admitted,30,291.0,4.85,0,0
2015-2016,2015,Less urgent,3,Not Seen Or Left,Acute Myocardial Infarction,Not Admitted,0,180.0,3.0,0,1
2015-2016,2015,Non-urgent,3,Not Seen Or Left,Acute Myocardial Infarction,Not Admitted,0,156.0,2.6,0,1
2015-2016,2015,Unknown,3,Not Seen Or Left,Acute Myocardial Infarction,Not Admitted,0,0.0,0.0,0,1
2015-2016,2015,CTAS III - Urgent,3,Not Seen Or Left,Asthma,Not Admitted,330,138.0,2.3,0,0
2015-2016,2015,Less urgent,3,Not Seen Or Left,Asthma,Not Admitted,97,126.0,2.1,0,0
2015-2016,2015,Non-urgent,3,Not Seen Or Left,Asthma,Not Admitted,13,69.0,1.15,0,0
2015-2016,2015,Unknown,3,Not Seen Or Left,Asthma,Not Admitted,10,165.0,2.75,0,0
2015-2016,2015,CTAS III - Urgent,3,Not Seen Or Left,Influenzal Pneumonia,Not Admitted,0,222.0,3.7,0,1
2015-2016,2015,Less urgent,3,Not Seen Or Left,Influenzal Pneumonia,Not Admitted,0,48.0,0.8,0,1
2015-2016,2015,Non-urgent,3,Not Seen Or Left,Influenzal Pneumonia,Not Admitted,0,0.0,0.0,0,1
2015-2016,2015,Unknown,3,Not Seen Or Left,Influenzal Pneumonia,Not Admitted,0,0.0,0.0,0,1
2015-2016,2015,CTAS III - Urgent,3,Not Seen Or Left,Motor Vehicle Collisions,Not Admitted,1699,132.0,2.2,0,0
2015-2016,2015,Less urgent,3,Not Seen Or Left,Motor Vehicle Collisions,Not Admitted,1302,120.0,2.0,0,0
2015-2016,2015,Non-urgent,3,Not Seen Or Left,Motor Vehicle Collisions,Not Admitted,89,120.0,2.0,0,0
2015-2016,2015,Unknown,3,Not Seen Or Left,Motor Vehicle Collisions,Not Admitted,33,120.0,2.0,0,0
2015-2016,2015,CTAS III - Urgent,3,Not Seen Or Left,Pneumonia,Not Admitted,175,210.0,3.5,0,0
2015-2016,2015,Less urgent,3,Not Seen Or Left,Pneumonia,Not Admitted,70,192.0,3.2,0,0
2015-2016,2015,Non-urgent,3,Not Seen Or Left,Pneumonia,Not Admitted,9,84.0,1.4,0,0
2015-2016,2015,Unknown,3,Not Seen Or Left,Pneumonia,Not Admitted,5,36.0,0.6,0,0
2015-2016,2015,CTAS III - Urgent,3,Not Seen Or Left,Trauma,Not Admitted,18689,126.0,2.1,0,0
2015-2016,2015,Less urgent,3,Not Seen Or Left,Trauma,Not Admitted,26281,114.0,1.9,0,0
2015-2016,2015,Non-urgent,3,Not Seen Or Left,Trauma,Not Admitted,3065,90.0,1.5,0,0
2015-2016,2015,Unknown,3,Not Seen Or Left,Trauma,Not Admitted,1172,42.0,0.7,0,0
2015-2016,2015,CTAS III - Urgent,3,Not Seen Or Left,Unintentional Falls,Not Admitted,5004,132.0,2.2,0,0
2015-2016,2015,Less urgent,3,Not Seen Or Left,Unintentional Falls,Not Admitted,5597,114.0,1.9,0,0
2015-2016,2015,Non-urgent,3,Not Seen Or Left,Unintentional Falls,Not Admitted,361,102.0,1.7,0,0
2015-2016,2015,Unknown,3,Not Seen Or Left,Unintentional Falls,Not Admitted,140,45.0,0.75,0,0
2015-2016,2015,CTAS III - Urgent,3,Transferred,Acute Myocardial Infarction,Not Admitted,1037,234.0,3.9,0,0
2015-2016,2015,Less urgent,3,Transferred,Acute Myocardial Infarction,Not Admitted,106,261.0,4.35,0,0
2015-2016,2015,Non-urgent,3,Transferred,Acute Myocardial Infarction,Not Admitted,12,279.0,4.65,0,0
2015-2016,2015,Unknown,3,Transferred,Acute Myocardial Infarction,Not Admitted,69,141.0,2.35,0,0
2015-2016,2015,CTAS III - Urgent,3,Transferred,Asthma,Not Admitted,161,336.0,5.6,0,0
2015-2016,2015,Less urgent,3,Transferred,Asthma,Not Admitted,13,240.0,4.0,0,0
2015-2016,2015,Non-urgent,3,Transferred,Asthma,Not Admitted,0,36.0,0.6,0,1
2015-2016,2015,Unknown,3,Transferred,Asthma,Not Admitted,0,732.0,12.2,0,1
2015-2016,2015,CTAS III - Urgent,3,Transferred,Influenzal Pneumonia,Not Admitted,0,462.0,7.7,0,1
2015-2016,2015,Less urgent,3,Transferred,Influenzal Pneumonia,Not Admitted,0,432.0,7.2,0,1
2015-2016,2015,Non-urgent,3,Transferred,Influenzal Pneumonia,Not Admitted,0,0.0,0.0,0,1
2015-2016,2015,Unknown,3,Transferred,Influenzal Pneumonia,Not Admitted,0,0.0,0.0,0,1
2015-2016,2015,CTAS III - Urgent,3,Transferred,Motor Vehicle Collisions,Not Admitted,1236,216.0,3.6,0,0
2015-2016,2015,Less urgent,3,Transferred,Motor Vehicle Collisions,Not Admitted,220,192.0,3.2,0,0
2015-2016,2015,Non-urgent,3,Transferred,Motor Vehicle Collisions,Not Admitted,11,123.0,2.05,0,0
2015-2016,2015,Unknown,3,Transferred,Motor Vehicle Collisions,Not Admitted,89,126.0,2.1,0,0
2015-2016,2015,CTAS III - Urgent,3,Transferred,Pneumonia,Not Admitted,930,288.0,4.8,0,0
2015-2016,2015,Less urgent,3,Transferred,Pneumonia,Not Admitted,145,264.0,4.4,0,0
2015-2016,2015,Non-urgent,3,Transferred,Pneumonia,Not Admitted,10,321.0,5.35,0,0
2015-2016,2015,Unknown,3,Transferred,Pneumonia,Not Admitted,20,195.0,3.25,0,0
2015-2016,2015,CTAS III - Urgent,3,Transferred,Trauma,Not Admitted,9827,234.0,3.9,0,0
2015-2016,2015,Less urgent,3,Transferred,Trauma,Not Admitted,2626,198.0,3.3,0,0
2015-2016,2015,Non-urgent,3,Transferred,Trauma,Not Admitted,205,174.0,2.9,0,0
2015-2016,2015,Unknown,3,Transferred,Trauma,Not Admitted,316,150.0,2.5,0,0
2015-2016,2015,CTAS III - Urgent,3,Transferred,Unintentional Falls,Not Admitted,5564,270.0,4.5,0,0
2015-2016,2015,Less urgent,3,Transferred,Unintentional Falls,Not Admitted,1283,234.0,3.9,0,0
2015-2016,2015,Non-urgent,3,Transferred,Unintentional Falls,Not Admitted,77,252.0,4.2,0,0
2015-2016,2015,Unknown,3,Transferred,Unintentional Falls,Not Admitted,119,174.0,2.9,0,0
2015-2016,2015,CTAS III - Urgent,3,Unknown,Acute Myocardial Infarction,Not Admitted,0,0.0,0.0,0,1
2015-2016,2015,Less urgent,3,Unknown,Acute Myocardial Infarction,Not Admitted,0,0.0,0.0,0,1
2015-2016,2015,Non-urgent,3,Unknown,Acute Myocardial Infarction,Not Admitted,0,0.0,0.0,0,1
2015-2016,2015,Unknown,3,Unknown,Acute Myocardial Infarction,Not Admitted,0,0.0,0.0,0,1
2015-2016,2015,CTAS III - Urgent,3,Unknown,Asthma,Not Admitted,0,0.0,0.0,0,1
2015-2016,2015,Less urgent,3,Unknown,Asthma,Not Admitted,0,0.0,0.0,0,1
2015-2016,2015,Non-urgent,3,Unknown,Asthma,Not Admitted,0,0.0,0.0,0,1
2015-2016,2015,Unknown,3,Unknown,Asthma,Not Admitted,0,0.0,0.0,0,1
2015-2016,2015,CTAS III - Urgent,3,Unknown,Influenzal Pneumonia,Not Admitted,0,0.0,0.0,0,1
2015-2016,2015,Less urgent,3,Unknown,Influenzal Pneumonia,Not Admitted,0,0.0,0.0,0,1
2015-2016,2015,Non-urgent,3,Unknown,Influenzal Pneumonia,Not Admitted,0,0.0,0.0,0,1
2015-2016,2015,Unknown,3,Unknown,Influenzal Pneumonia,Not Admitted,0,0.0,0.0,0,1
2015-2016,2015,CTAS III - Urgent,3,Unknown,Motor Vehicle Collisions,Not Admitted,0,0.0,0.0,0,1
2015-2016,2015,Less urgent,3,Unknown,Motor Vehicle Collisions,Not Admitted,0,0.0,0.0,0,1
2015-2016,2015,Non-urgent,3,Unknown,Motor Vehicle Collisions,Not Admitted,0,0.0,0.0,0,1
2015-2016,2015,Unknown,3,Unknown,Motor Vehicle Collisions,Not Admitted,0,0.0,0.0,0,1
2015-2016,2015,CTAS III - Urgent,3,Unknown,Pneumonia,Not Admitted,0,0.0,0.0,0,1
2015-2016,2015,Less urgent,3,Unknown,Pneumonia,Not Admitted,0,0.0,0.0,0,1
2015-2016,2015,Non-urgent,3,Unknown,Pneumonia,Not Admitted,0,0.0,0.0,0,1
2015-2016,2015,Unknown,3,Unknown,Pneumonia,Not Admitted,0,0.0,0.0,0,1
2015-2016,2015,CTAS III - Urgent,3,Unknown,Trauma,Not Admitted,0,0.0,0.0,0,1
2015-2016,2015,Less urgent,3,Unknown,Trauma,Not Admitted,0,0.0,0.0,0,1
2015-2016,2015,Non-urgent,3,Unknown,Trauma,Not Admitted,0,0.0,0.0,0,1
2015-2016,2015,Unknown,3,Unknown,Trauma,Not Admitted,0,0.0,0.0,0,1
2015-2016,2015,CTAS III - Urgent,3,Unknown,Unintentional Falls,Not Admitted,0,0.0,0.0,0,1
2015-2016,2015,Less urgent,3,Unknown,Unintentional Falls,Not Admitted,0,0.0,0.0,0,1
2015-2016,2015,Non-urgent,3,Unknown,Unintentional Falls,Not Admitted,0,0.0,0.0,0,1
2015-2016,2015,Unknown,3,Unknown,Unintentional Falls,Not Admitted,0,0.0,0.0,0,1
2014-2015,2014,CTAS I - Resuscitation,1,Admitted,Acute Myocardial Infarction,Admitted,1196,90.0,1.5,1,0
2014-2015,2014,CTAS I - Resuscitation,1,Admitted,Asthma,Admitted,616,429.0,7.15,1,0
2014-2015,2014,CTAS I - Resuscitation,1,Admitted,Influenzal Pneumonia,Admitted,13,546.0,9.1,1,0
2014-2015,2014,CTAS I - Resuscitation,1,Admitted,Motor Vehicle Collisions,Admitted,2318,258.0,4.3,1,0
2014-2015,2014,CTAS I - Resuscitation,1,Admitted,Pneumonia,Admitted,1430,534.0,8.9,1,0
2014-2015,2014,CTAS I - Resuscitation,1,Admitted,Trauma,Admitted,5927,264.0,4.4,1,0
2014-2015,2014,CTAS I - Resuscitation,1,Admitted,Unintentional Falls,Admitted,1619,318.0,5.3,1,0
2014-2015,2014,CTAS I - Resuscitation,1,Death,Acute Myocardial Infarction,Not Admitted,370,24.0,0.4,0,0
2014-2015,2014,CTAS I - Resuscitation,1,Death,Asthma,Not Admitted,0,54.0,0.9,0,1
2014-2015,2014,CTAS I - Resuscitation,1,Death,Influenzal Pneumonia,Not Admitted,0,0.0,0.0,0,1
2014-2015,2014,CTAS I - Resuscitation,1,Death,Motor Vehicle Collisions,Not Admitted,170,30.0,0.5,0,0
2014-2015,2014,CTAS I - Resuscitation,1,Death,Pneumonia,Not Admitted,41,156.0,2.6,0,0
2014-2015,2014,CTAS I - Resuscitation,1,Death,Trauma,Not Admitted,535,36.0,0.6,0,0
2014-2015,2014,CTAS I - Resuscitation,1,Death,Unintentional Falls,Not Admitted,85,144.0,2.4,0,0
2014-2015,2014,CTAS I - Resuscitation,1,Discharged Home,Acute Myocardial Infarction,Not Admitted,19,168.0,2.8,0,0
2014-2015,2014,CTAS I - Resuscitation,1,Discharged Home,Asthma,Not Admitted,392,222.0,3.7,0,0
2014-2015,2014,CTAS I - Resuscitation,1,Discharged Home,Influenzal Pneumonia,Not Admitted,0,297.0,4.95,0,1
2014-2015,2014,CTAS I - Resuscitation,1,Discharged Home,Motor Vehicle Collisions,Not Admitted,525,270.0,4.5,0,0
2014-2015,2014,CTAS I - Resuscitation,1,Discharged Home,Pneumonia,Not Admitted,158,210.0,3.5,0,0
2014-2015,2014,CTAS I - Resuscitation,1,Discharged Home,Trauma,Not Admitted,3325,246.0,4.1,0,0
2014-2015,2014,CTAS I - Resuscitation,1,Discharged Home,Unintentional Falls,Not Admitted,608,264.0,4.4,0,0
2014-2015,2014,CTAS I - Resuscitation,1,Intra-Facility Transfer,Acute Myocardial Infarction,Not Admitted,65,30.0,0.5,0,0
2014-2015,2014,CTAS I - Resuscitation,1,Intra-Facility Transfer,Asthma,Not Admitted,0,375.0,6.25,0,1
2014-2015,2014,CTAS I - Resuscitation,1,Intra-Facility Transfer,Influenzal Pneumonia,Not Admitted,0,0.0,0.0,0,1
2014-2015,2014,CTAS I - Resuscitation,1,Intra-Facility Transfer,Motor Vehicle Collisions,Not Admitted,8,258.0,4.3,0,0
2014-2015,2014,CTAS I - Resuscitation,1,Intra-Facility Transfer,Pneumonia,Not Admitted,0,0.0,0.0,0,1
2014-2015,2014,CTAS I - Resuscitation,1,Intra-Facility Transfer,Trauma,Not Admitted,59,234.0,3.9,0,0
2014-2015,2014,CTAS I - Resuscitation,1,Intra-Facility Transfer,Unintentional Falls,Not Admitted,11,234.0,3.9,0,0
2014-2015,2014,CTAS I - Resuscitation,1,Not Seen Or Left,Acute Myocardial Infarction,Not Admitted,0,540.0,9.0,0,1
2014-2015,2014,CTAS I - Resuscitation,1,Not Seen Or Left,Asthma,Not Admitted,10,198.0,3.3,0,0
2014-2015,2014,CTAS I - Resuscitation,1,Not Seen Or Left,Influenzal Pneumonia,Not Admitted,0,0.0,0.0,0,1
2014-2015,2014,CTAS I - Resuscitation,1,Not Seen Or Left,Motor Vehicle Collisions,Not Admitted,8,222.0,3.7,0,0
2014-2015,2014,CTAS I - Resuscitation,1,Not Seen Or Left,Pneumonia,Not Admitted,0,369.0,6.15,0,1
2014-2015,2014,CTAS I - Resuscitation,1,Not Seen Or Left,Trauma,Not Admitted,66,198.0,3.3,0,0
2014-2015,2014,CTAS I - Resuscitation,1,Not Seen Or Left,Unintentional Falls,Not Admitted,12,276.0,4.6,0,0
2014-2015,2014,CTAS I - Resuscitation,1,Transferred,Acute Myocardial Infarction,Not Admitted,697,60.0,1.0,0,0
2014-2015,2014,CTAS I - Resuscitation,1,Transferred,Asthma,Not Admitted,59,216.0,3.6,0,0
2014-2015,2014,CTAS I - Resuscitation,1,Transferred,Influenzal Pneumonia,Not Admitted,0,0.0,0.0,0,1
2014-2015,2014,CTAS I - Resuscitation,1,Transferred,Motor Vehicle Collisions,Not Admitted,577,120.0,2.0,0,0
2014-2015,2014,CTAS I - Resuscitation,1,Transferred,Pneumonia,Not Admitted,83,246.0,4.1,0,0
2014-2015,2014,CTAS I - Resuscitation,1,Transferred,Trauma,Not Admitted,1440,132.0,2.2,0,0
2014-2015,2014,CTAS I - Resuscitation,1,Transferred,Unintentional Falls,Not Admitted,306,156.0,2.6,0,0
2014-2015,2014,CTAS I - Resuscitation,1,Unknown,Acute Myocardial Infarction,Not Admitted,0,0.0,0.0,0,1
2014-2015,2014,CTAS I - Resuscitation,1,Unknown,Asthma,Not Admitted,0,0.0,0.0,0,1
2014-2015,2014,CTAS I - Resuscitation,1,Unknown,Influenzal Pneumonia,Not Admitted,0,0.0,0.0,0,1
2014-2015,2014,CTAS I - Resuscitation,1,Unknown,Motor Vehicle Collisions,Not Admitted,0,0.0,0.0,0,1
2014-2015,2014,CTAS I - Resuscitation,1,Unknown,Pneumonia,Not Admitted,0,0.0,0.0,0,1
2014-2015,2014,CTAS I - Resuscitation,1,Unknown,Trauma,Not Admitted,0,0.0,0.0,0,1
2014-2015,2014,CTAS I - Resuscitation,1,Unknown,Unintentional Falls,Not Admitted,0,0.0,0.0,0,1
2014-2015,2014,CTAS II - Emergent,2,Admitted,Acute Myocardial Infarction,Admitted,11274,510.0,8.5,1,0
2014-2015,2014,CTAS II - Emergent,2,Admitted,Asthma,Admitted,3829,510.0,8.5,1,0
2014-2015,2014,CTAS II - Emergent,2,Admitted,Influenzal Pneumonia,Admitted,149,1110.0,18.5,1,0
2014-2015,2014,CTAS II - Emergent,2,Admitted,Motor Vehicle Collisions,Admitted,4386,432.0,7.2,1,0
2014-2015,2014,CTAS II - Emergent,2,Admitted,Pneumonia,Admitted,17702,744.0,12.4,1,0
2014-2015,2014,CTAS II - Emergent,2,Admitted,Trauma,Admitted,24963,486.0,8.1,1,0
2014-2015,2014,CTAS II - Emergent,2,Admitted,Unintentional Falls,Admitted,14035,540.0,9.0,1,0
2014-2015,2014,CTAS II - Emergent,2,Death,Acute Myocardial Infarction,Not Admitted,102,144.0,2.4,0,0
2014-2015,2014,CTAS II - Emergent,2,Death,Asthma,Not Admitted,0,0.0,0.0,0,1
2014-2015,2014,CTAS II - Emergent,2,Death,Influenzal Pneumonia,Not Admitted,0,504.0,8.4,0,1
2014-2015,2014,CTAS II - Emergent,2,Death,Motor Vehicle Collisions,Not Admitted,7,120.0,2.0,0,0
2014-2015,2014,CTAS II - Emergent,2,Death,Pneumonia,Not Admitted,35,252.0,4.2,0,0
2014-2015,2014,CTAS II - Emergent,2,Death,Trauma,Not Admitted,41,288.0,4.8,0,0
2014-2015,2014,CTAS II - Emergent,2,Death,Unintentional Falls,Not Admitted,21,372.0,6.2,0,0
2014-2015,2014,CTAS II - Emergent,2,Discharged Home,Acute Myocardial Infarction,Not Admitted,440,342.0,5.7,0,0
2014-2015,2014,CTAS II - Emergent,2,Discharged Home,Asthma,Not Admitted,14807,204.0,3.4,0,0
2014-2015,2014,CTAS II - Emergent,2,Discharged Home,Influenzal Pneumonia,Not Admitted,105,222.0,3.7,0,0
2014-2015,2014,CTAS II - Emergent,2,Discharged Home,Motor Vehicle Collisions,Not Admitted,25389,186.0,3.1,0,0
2014-2015,2014,CTAS II - Emergent,2,Discharged Home,Pneumonia,Not Admitted,15153,222.0,3.7,0,0
2014-2015,2014,CTAS II - Emergent,2,Discharged Home,Trauma,Not Admitted,148437,174.0,2.9,0,0
2014-2015,2014,CTAS II - Emergent,2,Discharged Home,Unintentional Falls,Not Admitted,46445,198.0,3.3,0,0
2014-2015,2014,CTAS II - Emergent,2,Intra-Facility Transfer,Acute Myocardial Infarction,Not Admitted,131,78.0,1.3,0,0
2014-2015,2014,CTAS II - Emergent,2,Intra-Facility Transfer,Asthma,Not Admitted,119,198.0,3.3,0,0
2014-2015,2014,CTAS II - Emergent,2,Intra-Facility Transfer,Influenzal Pneumonia,Not Admitted,0,0.0,0.0,0,1
2014-2015,2014,CTAS II - Emergent,2,Intra-Facility Transfer,Motor Vehicle Collisions,Not Admitted,52,174.0,2.9,0,0
2014-2015,2014,CTAS II - Emergent,2,Intra-Facility Transfer,Pneumonia,Not Admitted,89,288.0,4.8,0,0
2014-2015,2014,CTAS II - Emergent,2,Intra-Facility Transfer,Trauma,Not Admitted,1046,222.0,3.7,0,0
2014-2015,2014,CTAS II - Emergent,2,Intra-Facility Transfer,Unintentional Falls,Not Admitted,212,249.0,4.15,0,0
2014-2015,2014,CTAS II - Emergent,2,Not Seen Or Left,Acute Myocardial Infarction,Not Admitted,65,312.0,5.2,0,0
2014-2015,2014,CTAS II - Emergent,2,Not Seen Or Left,Asthma,Not Admitted,151,180.0,3.0,0,0
2014-2015,2014,CTAS II - Emergent,2,Not Seen Or Left,Influenzal Pneumonia,Not Admitted,0,0.0,0.0,0,1
2014-2015,2014,CTAS II - Emergent,2,Not Seen Or Left,Motor Vehicle Collisions,Not Admitted,413,150.0,2.5,0,0
2014-2015,2014,CTAS II - Emergent,2,Not Seen Or Left,Pneumonia,Not Admitted,86,285.0,4.75,0,0
2014-2015,2014,CTAS II - Emergent,2,Not Seen Or Left,Trauma,Not Admitted,3125,132.0,2.2,0,0
2014-2015,2014,CTAS II - Emergent,2,Not Seen Or Left,Unintentional Falls,Not Admitted,698,144.0,2.4,0,0
2014-2015,2014,CTAS II - Emergent,2,Transferred,Acute Myocardial Infarction,Not Admitted,3852,114.0,1.9,0,0
2014-2015,2014,CTAS II - Emergent,2,Transferred,Asthma,Not Admitted,432,288.0,4.8,0,0
2014-2015,2014,CTAS II - Emergent,2,Transferred,Influenzal Pneumonia,Not Admitted,0,270.0,4.5,0,1
2014-2015,2014,CTAS II - Emergent,2,Transferred,Motor Vehicle Collisions,Not Admitted,1864,204.0,3.4,0,0
2014-2015,2014,CTAS II - Emergent,2,Transferred,Pneumonia,Not Admitted,1107,258.0,4.3,0,0
2014-2015,2014,CTAS II - Emergent,2,Transferred,Trauma,Not Admitted,7516,198.0,3.3,0,0
2014-2015,2014,CTAS II - Emergent,2,Transferred,Unintentional Falls,Not Admitted,2883,222.0,3.7,0,0
2014-2015,2014,CTAS II - Emergent,2,Unknown,Acute Myocardial Infarction,Not Admitted,0,0.0,0.0,0,1
2014-2015,2014,CTAS II - Emergent,2,Unknown,Asthma,Not Admitted,0,0.0,0.0,0,1
2014-2015,2014,CTAS II - Emergent,2,Unknown,Influenzal Pneumonia,Not Admitted,0,0.0,0.0,0,1
2014-2015,2014,CTAS II - Emergent,2,Unknown,Motor Vehicle Collisions,Not Admitted,0,0.0,0.0,0,1
2014-2015,2014,CTAS II - Emergent,2,Unknown,Pneumonia,Not Admitted,0,0.0,0.0,0,1
2014-2015,2014,CTAS II - Emergent,2,Unknown,Trauma,Not Admitted,0,0.0,0.0,0,1
2014-2015,2014,CTAS II - Emergent,2,Unknown,Unintentional Falls,Not Admitted,0,0.0,0.0,0,1
2014-2015,2014,CTAS III - Urgent,3,Admitted,Acute Myocardial Infarction,Admitted,4339,558.0,9.3,1,0
2014-2015,2014,Less urgent,3,Admitted,Acute Myocardial Infarction,Admitted,361,459.0,7.65,1,0
2014-2015,2014,Non-urgent,3,Admitted,Acute Myocardial Infarction,Admitted,51,438.0,7.3,1,0
2014-2015,2014,Unknown,3,Admitted,Acute Myocardial Infarction,Admitted,118,252.0,4.2,1,0
2014-2015,2014,CTAS III - Urgent,3,Admitted,Asthma,Admitted,1632,570.0,9.5,1,0
2014-2015,2014,Less urgent,3,Admitted,Asthma,Admitted,141,384.0,6.4,1,0
2014-2015,2014,Non-urgent,3,Admitted,Asthma,Admitted,10,399.0,6.65,1,0
2014-2015,2014,Unknown,3,Admitted,Asthma,Admitted,22,234.0,3.9,1,0
2014-2015,2014,CTAS III - Urgent,3,Admitted,Influenzal Pneumonia,Admitted,137,876.0,14.6,1,0
2014-2015,2014,Less urgent,3,Admitted,Influenzal Pneumonia,Admitted,12,381.0,6.35,1,0
2014-2015,2014,Non-urgent,3,Admitted,Influenzal Pneumonia,Admitted,0,0.0,0.0,1,1
2014-2015,2014,Unknown,3,Admitted,Influenzal Pneumonia,Admitted,0,1410.0,23.5,1,1
2014-2015,2014,CTAS III - Urgent,3,Admitted,Motor Vehicle Collisions,Admitted,2472,411.0,6.85,1,0
2014-2015,2014,Less urgent,3,Admitted,Motor Vehicle Collisions,Admitted,409,366.0,6.1,1,0
2014-2015,2014,Non-urgent,3,Admitted,Motor Vehicle Collisions,Admitted,42,243.0,4.05,1,0
2014-2015,2014,Unknown,3,Admitted,Motor Vehicle Collisions,Admitted,65,156.0,2.6,1,0
2014-2015,2014,CTAS III - Urgent,3,Admitted,Pneumonia,Admitted,15131,684.0,11.4,1,0
2014-2015,2014,Less urgent,3,Admitted,Pneumonia,Admitted,1683,366.0,6.1,1,0
2014-2015,2014,Non-urgent,3,Admitted,Pneumonia,Admitted,128,312.0,5.2,1,0
2014-2015,2014,Unknown,3,Admitted,Pneumonia,Admitted,252,192.0,3.2,1,0
2014-2015,2014,CTAS III - Urgent,3,Admitted,Trauma,Admitted,38106,492.0,8.2,1,0
2014-2015,2014,Less urgent,3,Admitted,Trauma,Admitted,6909,396.0,6.6,1,0
2014-2015,2014,Non-urgent,3,Admitted,Trauma,Admitted,528,294.0,4.9,1,0
2014-2015,2014,Unknown,3,Admitted,Trauma,Admitted,427,180.0,3.0,1,0
2014-2015,2014,CTAS III - Urgent,3,Admitted,Unintentional Falls,Admitted,28052,516.0,8.6,1,0
2014-2015,2014,Less urgent,3,Admitted,Unintentional Falls,Admitted,4483,414.0,6.9,1,0
2014-2015,2014,Non-urgent,3,Admitted,Unintentional Falls,Admitted,257,300.0,5.0,1,0
2014-2015,2014,Unknown,3,Admitted,Unintentional Falls,Admitted,232,186.0,3.1,1,0
2014-2015,2014,CTAS III - Urgent,3,Death,Acute Myocardial Infarction,Not Admitted,26,186.0,3.1,0,0
2014-2015,2014,Less urgent,3,Death,Acute Myocardial Infarction,Not Admitted,0,312.0,5.2,0,1
2014-2015,2014,Non-urgent,3,Death,Acute Myocardial Infarction,Not Admitted,0,150.0,2.5,0,1
2014-2015,2014,Unknown,3,Death,Acute Myocardial Infarction,Not Admitted,0,18.0,0.3,0,1
2014-2015,2014,CTAS III - Urgent,3,Death,Asthma,Not Admitted,0,0.0,0.0,0,1
2014-2015,2014,Less urgent,3,Death,Asthma,Not Admitted,0,90.0,1.5,0,1
2014-2015,2014,Non-urgent,3,Death,Asthma,Not Admitted,0,0.0,0.0,0,1
2014-2015,2014,Unknown,3,Death,Asthma,Not Admitted,0,30.0,0.5,0,1
2014-2015,2014,CTAS III - Urgent,3,Death,Influenzal Pneumonia,Not Admitted,0,240.0,4.0,0,1
2014-2015,2014,Less urgent,3,Death,Influenzal Pneumonia,Not Admitted,0,0.0,0.0,0,1
2014-2015,2014,Non-urgent,3,Death,Influenzal Pneumonia,Not Admitted,0,0.0,0.0,0,1
2014-2015,2014,Unknown,3,Death,Influenzal Pneumonia,Not Admitted,0,0.0,0.0,0,1
2014-2015,2014,CTAS III - Urgent,3,Death,Motor Vehicle Collisions,Not Admitted,0,0.0,0.0,0,1
2014-2015,2014,Less urgent,3,Death,Motor Vehicle Collisions,Not Admitted,0,0.0,0.0,0,1
2014-2015,2014,Non-urgent,3,Death,Motor Vehicle Collisions,Not Admitted,0,18.0,0.3,0,1
2014-2015,2014,Unknown,3,Death,Motor Vehicle Collisions,Not Admitted,0,0.0,0.0,0,1
2014-2015,2014,CTAS III - Urgent,3,Death,Pneumonia,Not Admitted,15,276.0,4.6,0,0
2014-2015,2014,Less urgent,3,Death,Pneumonia,Not Admitted,0,270.0,4.5,0,1
2014-2015,2014,Non-urgent,3,Death,Pneumonia,Not Admitted,0,0.0,0.0,0,1
2014-2015,2014,Unknown,3,Death,Pneumonia,Not Admitted,0,0.0,0.0,0,1
2014-2015,2014,CTAS III - Urgent,3,Death,Trauma,Not Admitted,21,372.0,6.2,0,0
2014-2015,2014,Less urgent,3,Death,Trauma,Not Admitted,7,84.0,1.4,0,0
2014-2015,2014,Non-urgent,3,Death,Trauma,Not Admitted,5,36.0,0.6,0,0
2014-2015,2014,Unknown,3,Death,Trauma,Not Admitted,10,6.0,0.1,0,0
2014-2015,2014,CTAS III - Urgent,3,Death,Unintentional Falls,Not Admitted,16,351.0,5.85,0,0
2014-2015,2014,Less urgent,3,Death,Unintentional Falls,Not Admitted,0,84.0,1.4,0,1
2014-2015,2014,Non-urgent,3,Death,Unintentional Falls,Not Admitted,0,174.0,2.9,0,1
2014-2015,2014,Unknown,3,Death,Unintentional Falls,Not Admitted,0,0.0,0.0,0,1
2014-2015,2014,CTAS III - Urgent,3,Discharged Home,Acute Myocardial Infarction,Not Admitted,241,366.0,6.1,0,0
2014-2015,2014,Less urgent,3,Discharged Home,Acute Myocardial Infarction,Not Admitted,47,135.0,2.25,0,0
2014-2015,2014,Non-urgent,3,Discharged Home,Acute Myocardial Infarction,Not Admitted,12,174.0,2.9,0,0
2014-2015,2014,Unknown,3,Discharged Home,Acute Myocardial Infarction,Not Admitted,8,228.0,3.8,0,0
2014-2015,2014,CTAS III - Urgent,3,Discharged Home,Asthma,Not Admitted,30536,156.0,2.6,0,0
2014-2015,2014,Less urgent,3,Discharged Home,Asthma,Not Admitted,14651,108.0,1.8,0,0
2014-2015,2014,Non-urgent,3,Discharged Home,Asthma,Not Admitted,1757,78.0,1.3,0,0
2014-2015,2014,Unknown,3,Discharged Home,Asthma,Not Admitted,515,84.0,1.4,0,0
2014-2015,2014,CTAS III - Urgent,3,Discharged Home,Influenzal Pneumonia,Not Admitted,332,180.0,3.0,0,0
2014-2015,2014,Less urgent,3,Discharged Home,Influenzal Pneumonia,Not Admitted,190,126.0,2.1,0,0
2014-2015,2014,Non-urgent,3,Discharged Home,Influenzal Pneumonia,Not Admitted,23,81.0,1.35,0,0
2014-2015,2014,Unknown,3,Discharged Home,Influenzal Pneumonia,Not Admitted,8,66.0,1.1,0,0
2014-2015,2014,CTAS III - Urgent,3,Discharged Home,Motor Vehicle Collisions,Not Admitted,64579,144.0,2.4,0,0
2014-2015,2014,Less urgent,3,Discharged Home,Motor Vehicle Collisions,Not Admitted,46621,114.0,1.9,0,0
2014-2015,2014,Non-urgent,3,Discharged Home,Motor Vehicle Collisions,Not Admitted,3349,96.0,1.6,0,0
2014-2015,2014,Unknown,3,Discharged Home,Motor Vehicle Collisions,Not Admitted,1034,84.0,1.4,0,0
2014-2015,2014,CTAS III - Urgent,3,Discharged Home,Pneumonia,Not Admitted,45149,180.0,3.0,0,0
2014-2015,2014,Less urgent,3,Discharged Home,Pneumonia,Not Admitted,22965,126.0,2.1,0,0
2014-2015,2014,Non-urgent,3,Discharged Home,Pneumonia,Not Admitted,1972,102.0,1.7,0,0
2014-2015,2014,Unknown,3,Discharged Home,Pneumonia,Not Admitted,592,96.0,1.6,0,0
2014-2015,2014,CTAS III - Urgent,3,Discharged Home,Trauma,Not Admitted,622674,138.0,2.3,0,0
2014-2015,2014,Less urgent,3,Discharged Home,Trauma,Not Admitted,859371,108.0,1.8,0,0
2014-2015,2014,Non-urgent,3,Discharged Home,Trauma,Not Admitted,79348,90.0,1.5,0,0
2014-2015,2014,Unknown,3,Discharged Home,Trauma,Not Admitted,12462,72.0,1.2,0,0
2014-2015,2014,CTAS III - Urgent,3,Discharged Home,Unintentional Falls,Not Admitted,222969,156.0,2.6,0,0
2014-2015,2014,Less urgent,3,Discharged Home,Unintentional Falls,Not Admitted,235364,120.0,2.0,0,0
2014-2015,2014,Non-urgent,3,Discharged Home,Unintentional Falls,Not Admitted,14919,102.0,1.7,0,0
2014-2015,2014,Unknown,3,Discharged Home,Unintentional Falls,Not Admitted,3070,84.0,1.4,0,0
2014-2015,2014,CTAS III - Urgent,3,Intra-Facility Transfer,Acute Myocardial Infarction,Not Admitted,17,123.0,2.05,0,0
2014-2015,2014,Less urgent,3,Intra-Facility Transfer,Acute Myocardial Infarction,Not Admitted,0,933.0,15.55,0,1
2014-2015,2014,Non-urgent,3,Intra-Facility Transfer,Acute Myocardial Infarction,Not Admitted,0,0.0,0.0,0,1
2014-2015,2014,Unknown,3,Intra-Facility Transfer,Acute Myocardial Infarction,Not Admitted,5,18.0,0.3,0,0
2014-2015,2014,CTAS III - Urgent,3,Intra-Facility Transfer,Asthma,Not Admitted,36,189.0,3.15,0,0
2014-2015,2014,Less urgent,3,Intra-Facility Transfer,Asthma,Not Admitted,0,138.0,2.3,0,1
2014-2015,2014,Non-urgent,3,Intra-Facility Transfer,Asthma,Not Admitted,0,0.0,0.0,0,1
2014-2015,2014,Unknown,3,Intra-Facility Transfer,Asthma,Not Admitted,0,0.0,0.0,0,1
2014-2015,2014,CTAS III - Urgent,3,Intra-Facility Transfer,Influenzal Pneumonia,Not Admitted,0,0.0,0.0,0,1
2014-2015,2014,Less urgent,3,Intra-Facility Transfer,Influenzal Pneumonia,Not Admitted,0,0.0,0.0,0,1
2014-2015,2014,Non-urgent,3,Intra-Facility Transfer,Influenzal Pneumonia,Not Admitted,0,0.0,0.0,0,1
2014-2015,2014,Unknown,3,Intra-Facility Transfer,Influenzal Pneumonia,Not Admitted,0,0.0,0.0,0,1
2014-2015,2014,CTAS III - Urgent,3,Intra-Facility Transfer,Motor Vehicle Collisions,Not Admitted,112,207.0,3.45,0,0
2014-2015,2014,Less urgent,3,Intra-Facility Transfer,Motor Vehicle Collisions,Not Admitted,53,174.0,2.9,0,0
2014-2015,2014,Non-urgent,3,Intra-Facility Transfer,Motor Vehicle Collisions,Not Admitted,10,171.0,2.85,0,0
2014-2015,2014,Unknown,3,Intra-Facility Transfer,Motor Vehicle Collisions,Not Admitted,0,66.0,1.1,0,1
2014-2015,2014,CTAS III - Urgent,3,Intra-Facility Transfer,Pneumonia,Not Admitted,63,264.0,4.4,0,0
2014-2015,2014,Less urgent,3,Intra-Facility Transfer,Pneumonia,Not Admitted,0,228.0,3.8,0,1
2014-2015,2014,Non-urgent,3,Intra-Facility Transfer,Pneumonia,Not Admitted,0,0.0,0.0,0,1
2014-2015,2014,Unknown,3,Intra-Facility Transfer,Pneumonia,Not Admitted,0,0.0,0.0,0,1
2014-2015,2014,CTAS III - Urgent,3,Intra-Facility Transfer,Trauma,Not Admitted,1903,204.0,3.4,0,0
2014-2015,2014,Less urgent,3,Intra-Facility Transfer,Trauma,Not Admitted,988,162.0,2.7,0,0
2014-2015,2014,Non-urgent,3,Intra-Facility Transfer,Trauma,Not Admitted,163,108.0,1.8,0,0
2014-2015,2014,Unknown,3,Intra-Facility Transfer,Trauma,Not Admitted,32,102.0,1.7,0,0
2014-2015,2014,CTAS III - Urgent,3,Intra-Facility Transfer,Unintentional Falls,Not Admitted,509,222.0,3.7,0,0
2014-2015,2014,Less urgent,3,Intra-Facility Transfer,Unintentional Falls,Not Admitted,298,156.0,2.6,0,0
2014-2015,2014,Non-urgent,3,Intra-Facility Transfer,Unintentional Falls,Not Admitted,50,102.0,1.7,0,0
2014-2015,2014,Unknown,3,Intra-Facility Transfer,Unintentional Falls,Not Admitted,13,84.0,1.4,0,0
2014-2015,2014,CTAS III - Urgent,3,Not Seen Or Left,Acute Myocardial Infarction,Not Admitted,38,243.0,4.05,0,0
2014-2015,2014,Less urgent,3,Not Seen Or Left,Acute Myocardial Infarction,Not Admitted,7,288.0,4.8,0,0
2014-2015,2014,Non-urgent,3,Not Seen Or Left,Acute Myocardial Infarction,Not Admitted,0,252.0,4.2,0,1
2014-2015,2014,Unknown,3,Not Seen Or Left,Acute Myocardial Infarction,Not Admitted,0,0.0,0.0,0,1
2014-2015,2014,CTAS III - Urgent,3,Not Seen Or Left,Asthma,Not Admitted,380,138.0,2.3,0,0
2014-2015,2014,Less urgent,3,Not Seen Or Left,Asthma,Not Admitted,131,120.0,2.0,0,0
2014-2015,2014,Non-urgent,3,Not Seen Or Left,Asthma,Not Admitted,14,51.0,0.85,0,0
2014-2015,2014,Unknown,3,Not Seen Or Left,Asthma,Not Admitted,5,30.0,0.5,0,0
2014-2015,2014,CTAS III - Urgent,3,Not Seen Or Left,Influenzal Pneumonia,Not Admitted,0,78.0,1.3,0,1
2014-2015,2014,Less urgent,3,Not Seen Or Left,Influenzal Pneumonia,Not Admitted,0,0.0,0.0,0,1
2014-2015,2014,Non-urgent,3,Not Seen Or Left,Influenzal Pneumonia,Not Admitted,0,24.0,0.4,0,1
2014-2015,2014,Unknown,3,Not Seen Or Left,Influenzal Pneumonia,Not Admitted,0,0.0,0.0,0,1
2014-2015,2014,CTAS III - Urgent,3,Not Seen Or Left,Motor Vehicle Collisions,Not Admitted,1660,132.0,2.2,0,0
2014-2015,2014,Less urgent,3,Not Seen Or Left,Motor Vehicle Collisions,Not Admitted,1434,120.0,2.0,0,0
2014-2015,2014,Non-urgent,3,Not Seen Or Left,Motor Vehicle Collisions,Not Admitted,108,108.0,1.8,0,0
2014-2015,2014,Unknown,3,Not Seen Or Left,Motor Vehicle Collisions,Not Admitted,35,84.0,1.4,0,0
2014-2015,2014,CTAS III - Urgent,3,Not Seen Or Left,Pneumonia,Not Admitted,158,234.0,3.9,0,0
2014-2015,2014,Less urgent,3,Not Seen Or Left,Pneumonia,Not Admitted,67,168.0,2.8,0,0
2014-2015,2014,Non-urgent,3,Not Seen Or Left,Pneumonia,Not Admitted,8,180.0,3.0,0,0
2014-2015,2014,Unknown,3,Not Seen Or Left,Pneumonia,Not Admitted,6,33.0,0.55,0,0
2014-2015,2014,CTAS III - Urgent,3,Not Seen Or Left,Trauma,Not Admitted,17600,126.0,2.1,0,0
2014-2015,2014,Less urgent,3,Not Seen Or Left,Trauma,Not Admitted,27065,114.0,1.9,0,0
2014-2015,2014,Non-urgent,3,Not Seen Or Left,Trauma,Not Admitted,3304,90.0,1.5,0,0
2014-2015,2014,Unknown,3,Not Seen Or Left,Trauma,Not Admitted,1028,48.0,0.8,0,0
2014-2015,2014,CTAS III - Urgent,3,Not Seen Or Left,Unintentional Falls,Not Admitted,4728,138.0,2.3,0,0
2014-2015,2014,Less urgent,3,Not Seen Or Left,Unintentional Falls,Not Admitted,5901,120.0,2.0,0,0
2014-2015,2014,Non-urgent,3,Not Seen Or Left,Unintentional Falls,Not Admitted,435,90.0,1.5,0,0
2014-2015,2014,Unknown,3,Not Seen Or Left,Unintentional Falls,Not Admitted,128,69.0,1.15,0,0
2014-2015,2014,CTAS III - Urgent,3,Transferred,Acute Myocardial Infarction,Not Admitted,989,222.0,3.7,0,0
2014-2015,2014,Less urgent,3,Transferred,Acute Myocardial Infarction,Not Admitted,118,276.0,4.6,0,0
2014-2015,2014,Non-urgent,3,Transferred,Acute Myocardial Infarction,Not Admitted,18,309.0,5.15,0,0
2014-2015,2014,Unknown,3,Transferred,Acute Myocardial Infarction,Not Admitted,68,108.0,1.8,0,0
2014-2015,2014,CTAS III - Urgent,3,Transferred,Asthma,Not Admitted,192,330.0,5.5,0,0
2014-2015,2014,Less urgent,3,Transferred,Asthma,Not Admitted,17,288.0,4.8,0,0
2014-2015,2014,Non-urgent,3,Transferred,Asthma,Not Admitted,0,426.0,7.1,0,1
2014-2015,2014,Unknown,3,Transferred,Asthma,Not Admitted,0,222.0,3.7,0,1
2014-2015,2014,CTAS III - Urgent,3,Transferred,Influenzal Pneumonia,Not Admitted,0,450.0,7.5,0,1
2014-2015,2014,Less urgent,3,Transferred,Influenzal Pneumonia,Not Admitted,0,0.0,0.0,0,1
2014-2015,2014,Non-urgent,3,Transferred,Influenzal Pneumonia,Not Admitted,0,0.0,0.0,0,1
2014-2015,2014,Unknown,3,Transferred,Influenzal Pneumonia,Not Admitted,0,0.0,0.0,0,1
2014-2015,2014,CTAS III - Urgent,3,Transferred,Motor Vehicle Collisions,Not Admitted,1275,204.0,3.4,0,0
2014-2015,2014,Less urgent,3,Transferred,Motor Vehicle Collisions,Not Admitted,242,216.0,3.6,0,0
2014-2015,2014,Non-urgent,3,Transferred,Motor Vehicle Collisions,Not Admitted,24,210.0,3.5,0,0
2014-2015,2014,Unknown,3,Transferred,Motor Vehicle Collisions,Not Admitted,115,168.0,2.8,0,0
2014-2015,2014,CTAS III - Urgent,3,Transferred,Pneumonia,Not Admitted,910,306.0,5.1,0,0
2014-2015,2014,Less urgent,3,Transferred,Pneumonia,Not Admitted,125,336.0,5.6,0,0
2014-2015,2014,Non-urgent,3,Transferred,Pneumonia,Not Admitted,17,312.0,5.2,0,0
2014-2015,2014,Unknown,3,Transferred,Pneumonia,Not Admitted,15,234.0,3.9,0,0
2014-2015,2014,CTAS III - Urgent,3,Transferred,Trauma,Not Admitted,9497,234.0,3.9,0,0
2014-2015,2014,Less urgent,3,Transferred,Trauma,Not Admitted,2595,210.0,3.5,0,0
2014-2015,2014,Non-urgent,3,Transferred,Trauma,Not Admitted,216,153.0,2.55,0,0
2014-2015,2014,Unknown,3,Transferred,Trauma,Not Admitted,336,159.0,2.65,0,0
2014-2015,2014,CTAS III - Urgent,3,Transferred,Unintentional Falls,Not Admitted,5342,270.0,4.5,0,0
2014-2015,2014,Less urgent,3,Transferred,Unintentional Falls,Not Admitted,1274,240.0,4.0,0,0
2014-2015,2014,Non-urgent,3,Transferred,Unintentional Falls,Not Admitted,74,186.0,3.1,0,0
2014-2015,2014,Unknown,3,Transferred,Unintentional Falls,Not Admitted,114,168.0,2.8,0,0
2014-2015,2014,CTAS III - Urgent,3,Unknown,Acute Myocardial Infarction,Not Admitted,0,0.0,0.0,0,1
2014-2015,2014,Less urgent,3,Unknown,Acute Myocardial Infarction,Not Admitted,0,0.0,0.0,0,1
2014-2015,2014,Non-urgent,3,Unknown,Acute Myocardial Infarction,Not Admitted,0,0.0,0.0,0,1
2014-2015,2014,Unknown,3,Unknown,Acute Myocardial Infarction,Not Admitted,0,0.0,0.0,0,1
2014-2015,2014,CTAS III - Urgent,3,Unknown,Asthma,Not Admitted,0,0.0,0.0,0,1
2014-2015,2014,Less urgent,3,Unknown,Asthma,Not Admitted,0,0.0,0.0,0,1
2014-2015,2014,Non-urgent,3,Unknown,Asthma,Not Admitted,0,0.0,0.0,0,1
2014-2015,2014,Unknown,3,Unknown,Asthma,Not Admitted,0,0.0,0.0,0,1
2014-2015,2014,CTAS III - Urgent,3,Unknown,Influenzal Pneumonia,Not Admitted,0,0.0,0.0,0,1
2014-2015,2014,Less urgent,3,Unknown,Influenzal Pneumonia,Not Admitted,0,0.0,0.0,0,1
2014-2015,2014,Non-urgent,3,Unknown,Influenzal Pneumonia,Not Admitted,0,0.0,0.0,0,1
2014-2015,2014,Unknown,3,Unknown,Influenzal Pneumonia,Not Admitted,0,0.0,0.0,0,1
2014-2015,2014,CTAS III - Urgent,3,Unknown,Motor Vehicle Collisions,Not Admitted,0,0.0,0.0,0,1
2014-2015,2014,Less urgent,3,Unknown,Motor Vehicle Collisions,Not Admitted,0,0.0,0.0,0,1
2014-2015,2014,Non-urgent,3,Unknown,Motor Vehicle Collisions,Not Admitted,0,0.0,0.0,0,1
2014-2015,2014,Unknown,3,Unknown,Motor Vehicle Collisions,Not Admitted,0,0.0,0.0,0,1
2014-2015,2014,CTAS III - Urgent,3,Unknown,Pneumonia,Not Admitted,0,0.0,0.0,0,1
2014-2015,2014,Less urgent,3,Unknown,Pneumonia,Not Admitted,0,0.0,0.0,0,1
2014-2015,2014,Non-urgent,3,Unknown,Pneumonia,Not Admitted,0,0.0,0.0,0,1
2014-2015,2014,Unknown,3,Unknown,Pneumonia,Not Admitted,0,0.0,0.0,0,1
2014-2015,2014,CTAS III - Urgent,3,Unknown,Trauma,Not Admitted,0,0.0,0.0,0,1
2014-2015,2014,Less urgent,3,Unknown,Trauma,Not Admitted,0,0.0,0.0,0,1
2014-2015,2014,Non-urgent,3,Unknown,Trauma,Not Admitted,0,0.0,0.0,0,1
2014-2015,2014,Unknown,3,Unknown,Trauma,Not Admitted,0,0.0,0.0,0,1
2014-2015,2014,CTAS III - Urgent,3,Unknown,Unintentional Falls,Not Admitted,0,0.0,0.0,0,1
2014-2015,2014,Less urgent,3,Unknown,Unintentional Falls,Not Admitted,0,0.0,0.0,0,1
2014-2015,2014,Non-urgent,3,Unknown,Unintentional Falls,Not Admitted,0,0.0,0.0,0,1
2014-2015,2014,Unknown,3,Unknown,Unintentional Falls,Not Admitted,0,0.0,0.0,0,1
2013-2014,2013,CTAS I - Resuscitation,1,Admitted,Acute Myocardial Infarction,Admitted,1148,96.0,1.6,1,0
2013-2014,2013,CTAS I - Resuscitation,1,Admitted,Asthma,Admitted,459,408.0,6.8,1,0
2013-2014,2013,CTAS I - Resuscitation,1,Admitted,Influenzal Pneumonia,Admitted,11,210.0,3.5,1,0
2013-2014,2013,CTAS I - Resuscitation,1,Admitted,Motor Vehicle Collisions,Admitted,2238,258.0,4.3,1,0
2013-2014,2013,CTAS I - Resuscitation,1,Admitted,Pneumonia,Admitted,1243,516.0,8.6,1,0
2013-2014,2013,CTAS I - Resuscitation,1,Admitted,Trauma,Admitted,5594,258.0,4.3,1,0
2013-2014,2013,CTAS I - Resuscitation,1,Admitted,Unintentional Falls,Admitted,1443,306.0,5.1,1,0
2013-2014,2013,CTAS I - Resuscitation,1,Death,Acute Myocardial Infarction,Not Admitted,407,30.0,0.5,0,0
2013-2014,2013,CTAS I - Resuscitation,1,Death,Asthma,Not Admitted,0,36.0,0.6,0,1
2013-2014,2013,CTAS I - Resuscitation,1,Death,Influenzal Pneumonia,Not Admitted,0,0.0,0.0,0,1
2013-2014,2013,CTAS I - Resuscitation,1,Death,Motor Vehicle Collisions,Not Admitted,202,30.0,0.5,0,0
2013-2014,2013,CTAS I - Resuscitation,1,Death,Pneumonia,Not Admitted,32,192.0,3.2,0,0
2013-2014,2013,CTAS I - Resuscitation,1,Death,Trauma,Not Admitted,559,42.0,0.7,0,0
2013-2014,2013,CTAS I - Resuscitation,1,Death,Unintentional Falls,Not Admitted,95,168.0,2.8,0,0
2013-2014,2013,CTAS I - Resuscitation,1,Discharged Home,Acute Myocardial Infarction,Not Admitted,25,54.0,0.9,0,0
2013-2014,2013,CTAS I - Resuscitation,1,Discharged Home,Asthma,Not Admitted,362,216.0,3.6,0,0
2013-2014,2013,CTAS I - Resuscitation,1,Discharged Home,Influenzal Pneumonia,Not Admitted,0,0.0,0.0,0,1
2013-2014,2013,CTAS I - Resuscitation,1,Discharged Home,Motor Vehicle Collisions,Not Admitted,559,270.0,4.5,0,0
2013-2014,2013,CTAS I - Resuscitation,1,Discharged Home,Pneumonia,Not Admitted,134,222.0,3.7,0,0
2013-2014,2013,CTAS I - Resuscitation,1,Discharged Home,Trauma,Not Admitted,3178,246.0,4.1,0,0
2013-2014,2013,CTAS I - Resuscitation,1,Discharged Home,Unintentional Falls,Not Admitted,549,258.0,4.3,0,0
2013-2014,2013,CTAS I - Resuscitation,1,Intra-Facility Transfer,Acute Myocardial Infarction,Not Admitted,76,30.0,0.5,0,0
2013-2014,2013,CTAS I - Resuscitation,1,Intra-Facility Transfer,Asthma,Not Admitted,0,156.0,2.6,0,1
2013-2014,2013,CTAS I - Resuscitation,1,Intra-Facility Transfer,Influenzal Pneumonia,Not Admitted,0,0.0,0.0,0,1
2013-2014,2013,CTAS I - Resuscitation,1,Intra-Facility Transfer,Motor Vehicle Collisions,Not Admitted,0,162.0,2.7,0,1
2013-2014,2013,CTAS I - Resuscitation,1,Intra-Facility Transfer,Pneumonia,Not Admitted,0,258.0,4.3,0,1
2013-2014,2013,CTAS I - Resuscitation,1,Intra-Facility Transfer,Trauma,Not Admitted,55,180.0,3.0,0,0
2013-2014,2013,CTAS I - Resuscitation,1,Intra-Facility Transfer,Unintentional Falls,Not Admitted,10,201.0,3.35,0,0
2013-2014,2013,CTAS I - Resuscitation,1,Not Seen Or Left,Acute Myocardial Infarction,Not Admitted,0,330.0,5.5,0,1
2013-2014,2013,CTAS I - Resuscitation,1,Not Seen Or Left,Asthma,Not Admitted,11,342.0,5.7,0,0
2013-2014,2013,CTAS I - Resuscitation,1,Not Seen Or Left,Influenzal Pneumonia,Not Admitted,0,0.0,0.0,0,1
2013-2014,2013,CTAS I - Resuscitation,1,Not Seen Or Left,Motor Vehicle Collisions,Not Admitted,12,213.0,3.55,0,0
2013-2014,2013,CTAS I - Resuscitation,1,Not Seen Or Left,Pneumonia,Not Admitted,0,219.0,3.65,0,1
2013-2014,2013,CTAS I - Resuscitation,1,Not Seen Or Left,Trauma,Not Admitted,57,186.0,3.1,0,0
2013-2014,2013,CTAS I - Resuscitation,1,Not Seen Or Left,Unintentional Falls,Not Admitted,5,354.0,5.9,0,0
2013-2014,2013,CTAS I - Resuscitation,1,Transferred,Acute Myocardial Infarction,Not Admitted,692,54.0,0.9,0,0
2013-2014,2013,CTAS I - Resuscitation,1,Transferred,Asthma,Not Admitted,40,192.0,3.2,0,0
2013-2014,2013,CTAS I - Resuscitation,1,Transferred,Influenzal Pneumonia,Not Admitted,0,0.0,0.0,0,1
2013-2014,2013,CTAS I - Resuscitation,1,Transferred,Motor Vehicle Collisions,Not Admitted,533,114.0,1.9,0,0
2013-2014,2013,CTAS I - Resuscitation,1,Transferred,Pneumonia,Not Admitted,74,222.0,3.7,0,0
2013-2014,2013,CTAS I - Resuscitation,1,Transferred,Trauma,Not Admitted,1343,132.0,2.2,0,0
2013-2014,2013,CTAS I - Resuscitation,1,Transferred,Unintentional Falls,Not Admitted,293,156.0,2.6,0,0
2013-2014,2013,CTAS I - Resuscitation,1,Unknown,Acute Myocardial Infarction,Not Admitted,0,0.0,0.0,0,1
2013-2014,2013,CTAS I - Resuscitation,1,Unknown,Asthma,Not Admitted,0,0.0,0.0,0,1
2013-2014,2013,CTAS I - Resuscitation,1,Unknown,Influenzal Pneumonia,Not Admitted,0,0.0,0.0,0,1
2013-2014,2013,CTAS I - Resuscitation,1,Unknown,Motor Vehicle Collisions,Not Admitted,0,0.0,0.0,0,1
2013-2014,2013,CTAS I - Resuscitation,1,Unknown,Pneumonia,Not Admitted,0,0.0,0.0,0,1
2013-2014,2013,CTAS I - Resuscitation,1,Unknown,Trauma,Not Admitted,0,0.0,0.0,0,1
2013-2014,2013,CTAS I - Resuscitation,1,Unknown,Unintentional Falls,Not Admitted,0,0.0,0.0,0,1
2013-2014,2013,CTAS II - Emergent,2,Admitted,Acute Myocardial Infarction,Admitted,10831,486.0,8.1,1,0
2013-2014,2013,CTAS II - Emergent,2,Admitted,Asthma,Admitted,3281,498.0,8.3,1,0
2013-2014,2013,CTAS II - Emergent,2,Admitted,Influenzal Pneumonia,Admitted,84,873.0,14.55,1,0
2013-2014,2013,CTAS II - Emergent,2,Admitted,Motor Vehicle Collisions,Admitted,4379,408.0,6.8,1,0
2013-2014,2013,CTAS II - Emergent,2,Admitted,Pneumonia,Admitted,15700,666.0,11.1,1,0
2013-2014,2013,CTAS II - Emergent,2,Admitted,Trauma,Admitted,24256,456.0,7.6,1,0
2013-2014,2013,CTAS II - Emergent,2,Admitted,Unintentional Falls,Admitted,13554,504.0,8.4,1,0
2013-2014,2013,CTAS II - Emergent,2,Death,Acute Myocardial Infarction,Not Admitted,87,162.0,2.7,0,0
2013-2014,2013,CTAS II - Emergent,2,Death,Asthma,Not Admitted,0,0.0,0.0,0,1
2013-2014,2013,CTAS II - Emergent,2,Death,Influenzal Pneumonia,Not Admitted,0,0.0,0.0,0,1
2013-2014,2013,CTAS II - Emergent,2,Death,Motor Vehicle Collisions,Not Admitted,9,114.0,1.9,0,0
2013-2014,2013,CTAS II - Emergent,2,Death,Pneumonia,Not Admitted,45,270.0,4.5,0,0
2013-2014,2013,CTAS II - Emergent,2,Death,Trauma,Not Admitted,43,210.0,3.5,0,0
2013-2014,2013,CTAS II - Emergent,2,Death,Unintentional Falls,Not Admitted,22,291.0,4.85,0,0
2013-2014,2013,CTAS II - Emergent,2,Discharged Home,Acute Myocardial Infarction,Not Admitted,420,342.0,5.7,0,0
2013-2014,2013,CTAS II - Emergent,2,Discharged Home,Asthma,Not Admitted,12951,198.0,3.3,0,0
2013-2014,2013,CTAS II - Emergent,2,Discharged Home,Influenzal Pneumonia,Not Admitted,111,240.0,4.0,0,0
2013-2014,2013,CTAS II - Emergent,2,Discharged Home,Motor Vehicle Collisions,Not Admitted,24685,180.0,3.0,0,0
2013-2014,2013,CTAS II - Emergent,2,Discharged Home,Pneumonia,Not Admitted,12412,228.0,3.8,0,0
2013-2014,2013,CTAS II - Emergent,2,Discharged Home,Trauma,Not Admitted,140961,168.0,2.8,0,0
2013-2014,2013,CTAS II - Emergent,2,Discharged Home,Unintentional Falls,Not Admitted,44495,198.0,3.3,0,0
2013-2014,2013,CTAS II - Emergent,2,Intra-Facility Transfer,Acute Myocardial Infarction,Not Admitted,161,66.0,1.1,0,0
2013-2014,2013,CTAS II - Emergent,2,Intra-Facility Transfer,Asthma,Not Admitted,103,198.0,3.3,0,0
2013-2014,2013,CTAS II - Emergent,2,Intra-Facility Transfer,Influenzal Pneumonia,Not Admitted,0,0.0,0.0,0,1
2013-2014,2013,CTAS II - Emergent,2,Intra-Facility Transfer,Motor Vehicle Collisions,Not Admitted,82,216.0,3.6,0,0
2013-2014,2013,CTAS II - Emergent,2,Intra-Facility Transfer,Pneumonia,Not Admitted,68,282.0,4.7,0,0
2013-2014,2013,CTAS II - Emergent,2,Intra-Facility Transfer,Trauma,Not Admitted,1041,216.0,3.6,0,0
2013-2014,2013,CTAS II - Emergent,2,Intra-Facility Transfer,Unintentional Falls,Not Admitted,231,249.0,4.15,0,0
2013-2014,2013,CTAS II - Emergent,2,Not Seen Or Left,Acute Myocardial Infarction,Not Admitted,53,354.0,5.9,0,0
2013-2014,2013,CTAS II - Emergent,2,Not Seen Or Left,Asthma,Not Admitted,184,162.0,2.7,0,0
2013-2014,2013,CTAS II - Emergent,2,Not Seen Or Left,Influenzal Pneumonia,Not Admitted,0,0.0,0.0,0,1
2013-2014,2013,CTAS II - Emergent,2,Not Seen Or Left,Motor Vehicle Collisions,Not Admitted,358,144.0,2.4,0,0
2013-2014,2013,CTAS II - Emergent,2,Not Seen Or Left,Pneumonia,Not Admitted,83,264.0,4.4,0,0
2013-2014,2013,CTAS II - Emergent,2,Not Seen Or Left,Trauma,Not Admitted,2835,138.0,2.3,0,0
2013-2014,2013,CTAS II - Emergent,2,Not Seen Or Left,Unintentional Falls,Not Admitted,704,165.0,2.75,0,0
2013-2014,2013,CTAS II - Emergent,2,Transferred,Acute Myocardial Infarction,Not Admitted,3678,114.0,1.9,0,0
2013-2014,2013,CTAS II - Emergent,2,Transferred,Asthma,Not Admitted,333,258.0,4.3,0,0
2013-2014,2013,CTAS II - Emergent,2,Transferred,Influenzal Pneumonia,Not Admitted,11,222.0,3.7,0,0
2013-2014,2013,CTAS II - Emergent,2,Transferred,Motor Vehicle Collisions,Not Admitted,1841,198.0,3.3,0,0
2013-2014,2013,CTAS II - Emergent,2,Transferred,Pneumonia,Not Admitted,930,252.0,4.2,0,0
2013-2014,2013,CTAS II - Emergent,2,Transferred,Trauma,Not Admitted,7126,192.0,3.2,0,0
2013-2014,2013,CTAS II - Emergent,2,Transferred,Unintentional Falls,Not Admitted,2698,222.0,3.7,0,0
2013-2014,2013,CTAS II - Emergent,2,Unknown,Acute Myocardial Infarction,Not Admitted,0,0.0,0.0,0,1
2013-2014,2013,CTAS II - Emergent,2,Unknown,Asthma,Not Admitted,0,0.0,0.0,0,1
2013-2014,2013,CTAS II - Emergent,2,Unknown,Influenzal Pneumonia,Not Admitted,0,0.0,0.0,0,1
2013-2014,2013,CTAS II - Emergent,2,Unknown,Motor Vehicle Collisions,Not Admitted,0,0.0,0.0,0,1
2013-2014,2013,CTAS II - Emergent,2,Unknown,Pneumonia,Not Admitted,0,0.0,0.0,0,1
2013-2014,2013,CTAS II - Emergent,2,Unknown,Trauma,Not Admitted,0,0.0,0.0,0,1
2013-2014,2013,CTAS II - Emergent,2,Unknown,Unintentional Falls,Not Admitted,0,0.0,0.0,0,1
2013-2014,2013,CTAS III - Urgent,3,Admitted,Acute Myocardial Infarction,Admitted,4190,558.0,9.3,1,0
2013-2014,2013,Less urgent,3,Admitted,Acute Myocardial Infarction,Admitted,393,453.0,7.55,1,0
2013-2014,2013,Non-urgent,3,Admitted,Acute Myocardial Infarction,Admitted,97,354.0,5.9,1,0
2013-2014,2013,Unknown,3,Admitted,Acute Myocardial Infarction,Admitted,115,162.0,2.7,1,0
2013-2014,2013,CTAS III - Urgent,3,Admitted,Asthma,Admitted,1505,522.0,8.7,1,0
2013-2014,2013,Less urgent,3,Admitted,Asthma,Admitted,123,348.0,5.8,1,0
2013-2014,2013,Non-urgent,3,Admitted,Asthma,Admitted,12,792.0,13.2,1,0
2013-2014,2013,Unknown,3,Admitted,Asthma,Admitted,26,177.0,2.95,1,0
2013-2014,2013,CTAS III - Urgent,3,Admitted,Influenzal Pneumonia,Admitted,92,624.0,10.4,1,0
2013-2014,2013,Less urgent,3,Admitted,Influenzal Pneumonia,Admitted,11,552.0,9.2,1,0
2013-2014,2013,Non-urgent,3,Admitted,Influenzal Pneumonia,Admitted,0,378.0,6.3,1,1
2013-2014,2013,Unknown,3,Admitted,Influenzal Pneumonia,Admitted,0,0.0,0.0,1,1
2013-2014,2013,CTAS III - Urgent,3,Admitted,Motor Vehicle Collisions,Admitted,2438,384.0,6.4,1,0
2013-2014,2013,Less urgent,3,Admitted,Motor Vehicle Collisions,Admitted,489,348.0,5.8,1,0
2013-2014,2013,Non-urgent,3,Admitted,Motor Vehicle Collisions,Admitted,53,330.0,5.5,1,0
2013-2014,2013,Unknown,3,Admitted,Motor Vehicle Collisions,Admitted,74,168.0,2.8,1,0
2013-2014,2013,CTAS III - Urgent,3,Admitted,Pneumonia,Admitted,13906,600.0,10.0,1,0
2013-2014,2013,Less urgent,3,Admitted,Pneumonia,Admitted,1596,360.0,6.0,1,0
2013-2014,2013,Non-urgent,3,Admitted,Pneumonia,Admitted,168,354.0,5.9,1,0
2013-2014,2013,Unknown,3,Admitted,Pneumonia,Admitted,217,174.0,2.9,1,0
2013-2014,2013,CTAS III - Urgent,3,Admitted,Trauma,Admitted,38587,462.0,7.7,1,0
2013-2014,2013,Less urgent,3,Admitted,Trauma,Admitted,7482,378.0,6.3,1,0
2013-2014,2013,Non-urgent,3,Admitted,Trauma,Admitted,755,306.0,5.1,1,0
2013-2014,2013,Unknown,3,Admitted,Trauma,Admitted,424,162.0,2.7,1,0
2013-2014,2013,CTAS III - Urgent,3,Admitted,Unintentional Falls,Admitted,28556,486.0,8.1,1,0
2013-2014,2013,Less urgent,3,Admitted,Unintentional Falls,Admitted,4742,402.0,6.7,1,0
2013-2014,2013,Non-urgent,3,Admitted,Unintentional Falls,Admitted,405,330.0,5.5,1,0
2013-2014,2013,Unknown,3,Admitted,Unintentional Falls,Admitted,215,162.0,2.7,1,0
2013-2014,2013,CTAS III - Urgent,3,Death,Acute Myocardial Infarction,Not Admitted,22,309.0,5.15,0,0
2013-2014,2013,Less urgent,3,Death,Acute Myocardial Infarction,Not Admitted,7,204.0,3.4,0,0
2013-2014,2013,Non-urgent,3,Death,Acute Myocardial Infarction,Not Admitted,0,54.0,0.9,0,1
2013-2014,2013,Unknown,3,Death,Acute Myocardial Infarction,Not Admitted,5,24.0,0.4,0,0
2013-2014,2013,CTAS III - Urgent,3,Death,Asthma,Not Admitted,0,204.0,3.4,0,1
2013-2014,2013,Less urgent,3,Death,Asthma,Not Admitted,0,114.0,1.9,0,1
2013-2014,2013,Non-urgent,3,Death,Asthma,Not Admitted,0,0.0,0.0,0,1
2013-2014,2013,Unknown,3,Death,Asthma,Not Admitted,0,0.0,0.0,0,1
2013-2014,2013,CTAS III - Urgent,3,Death,Influenzal Pneumonia,Not Admitted,0,0.0,0.0,0,1
2013-2014,2013,Less urgent,3,Death,Influenzal Pneumonia,Not Admitted,0,0.0,0.0,0,1
2013-2014,2013,Non-urgent,3,Death,Influenzal Pneumonia,Not Admitted,0,0.0,0.0,0,1
2013-2014,2013,Unknown,3,Death,Influenzal Pneumonia,Not Admitted,0,0.0,0.0,0,1
2013-2014,2013,CTAS III - Urgent,3,Death,Motor Vehicle Collisions,Not Admitted,0,72.0,1.2,0,1
2013-2014,2013,Less urgent,3,Death,Motor Vehicle Collisions,Not Admitted,0,33.0,0.55,0,1
2013-2014,2013,Non-urgent,3,Death,Motor Vehicle Collisions,Not Admitted,0,0.0,0.0,0,1
2013-2014,2013,Unknown,3,Death,Motor Vehicle Collisions,Not Admitted,0,6.0,0.1,0,1
2013-2014,2013,CTAS III - Urgent,3,Death,Pneumonia,Not Admitted,10,378.0,6.3,0,0
2013-2014,2013,Less urgent,3,Death,Pneumonia,Not Admitted,0,240.0,4.0,0,1
2013-2014,2013,Non-urgent,3,Death,Pneumonia,Not Admitted,0,0.0,0.0,0,1
2013-2014,2013,Unknown,3,Death,Pneumonia,Not Admitted,0,0.0,0.0,0,1
2013-2014,2013,CTAS III - Urgent,3,Death,Trauma,Not Admitted,21,360.0,6.0,0,0
2013-2014,2013,Less urgent,3,Death,Trauma,Not Admitted,9,66.0,1.1,0,0
2013-2014,2013,Non-urgent,3,Death,Trauma,Not Admitted,0,33.0,0.55,0,1
2013-2014,2013,Unknown,3,Death,Trauma,Not Admitted,12,27.0,0.45,0,0
2013-2014,2013,CTAS III - Urgent,3,Death,Unintentional Falls,Not Admitted,13,402.0,6.7,0,0
2013-2014,2013,Less urgent,3,Death,Unintentional Falls,Not Admitted,0,63.0,1.05,0,1
2013-2014,2013,Non-urgent,3,Death,Unintentional Falls,Not Admitted,0,12.0,0.2,0,1
2013-2014,2013,Unknown,3,Death,Unintentional Falls,Not Admitted,0,0.0,0.0,0,1
2013-2014,2013,CTAS III - Urgent,3,Discharged Home,Acute Myocardial Infarction,Not Admitted,230,390.0,6.5,0,0
2013-2014,2013,Less urgent,3,Discharged Home,Acute Myocardial Infarction,Not Admitted,47,207.0,3.45,0,0
2013-2014,2013,Non-urgent,3,Discharged Home,Acute Myocardial Infarction,Not Admitted,12,102.0,1.7,0,0
2013-2014,2013,Unknown,3,Discharged Home,Acute Myocardial Infarction,Not Admitted,12,279.0,4.65,0,0
2013-2014,2013,CTAS III - Urgent,3,Discharged Home,Asthma,Not Admitted,28764,156.0,2.6,0,0
2013-2014,2013,Less urgent,3,Discharged Home,Asthma,Not Admitted,14475,102.0,1.7,0,0
2013-2014,2013,Non-urgent,3,Discharged Home,Asthma,Not Admitted,2170,78.0,1.3,0,0
2013-2014,2013,Unknown,3,Discharged Home,Asthma,Not Admitted,519,78.0,1.3,0,0
2013-2014,2013,CTAS III - Urgent,3,Discharged Home,Influenzal Pneumonia,Not Admitted,411,192.0,3.2,0,0
2013-2014,2013,Less urgent,3,Discharged Home,Influenzal Pneumonia,Not Admitted,336,132.0,2.2,0,0
2013-2014,2013,Non-urgent,3,Discharged Home,Influenzal Pneumonia,Not Admitted,48,87.0,1.45,0,0
2013-2014,2013,Unknown,3,Discharged Home,Influenzal Pneumonia,Not Admitted,23,66.0,1.1,0,0
2013-2014,2013,CTAS III - Urgent,3,Discharged Home,Motor Vehicle Collisions,Not Admitted,64041,144.0,2.4,0,0
2013-2014,2013,Less urgent,3,Discharged Home,Motor Vehicle Collisions,Not Admitted,49149,114.0,1.9,0,0
2013-2014,2013,Non-urgent,3,Discharged Home,Motor Vehicle Collisions,Not Admitted,4086,96.0,1.6,0,0
2013-2014,2013,Unknown,3,Discharged Home,Motor Vehicle Collisions,Not Admitted,1217,84.0,1.4,0,0
2013-2014,2013,CTAS III - Urgent,3,Discharged Home,Pneumonia,Not Admitted,39037,180.0,3.0,0,0
2013-2014,2013,Less urgent,3,Discharged Home,Pneumonia,Not Admitted,20761,120.0,2.0,0,0
2013-2014,2013,Non-urgent,3,Discharged Home,Pneumonia,Not Admitted,2114,114.0,1.9,0,0
2013-2014,2013,Unknown,3,Discharged Home,Pneumonia,Not Admitted,540,96.0,1.6,0,0
2013-2014,2013,CTAS III - Urgent,3,Discharged Home,Trauma,Not Admitted,600510,132.0,2.2,0,0
2013-2014,2013,Less urgent,3,Discharged Home,Trauma,Not Admitted,881094,108.0,1.8,0,0
2013-2014,2013,Non-urgent,3,Discharged Home,Trauma,Not Admitted,91815,90.0,1.5,0,0
2013-2014,2013,Unknown,3,Discharged Home,Trauma,Not Admitted,12865,66.0,1.1,0,0
2013-2014,2013,CTAS III - Urgent,3,Discharged Home,Unintentional Falls,Not Admitted,217669,150.0,2.5,0,0
2013-2014,2013,Less urgent,3,Discharged Home,Unintentional Falls,Not Admitted,247135,114.0,1.9,0,0
2013-2014,2013,Non-urgent,3,Discharged Home,Unintentional Falls,Not Admitted,18176,102.0,1.7,0,0
2013-2014,2013,Unknown,3,Discharged Home,Unintentional Falls,Not Admitted,3203,78.0,1.3,0,0
2013-2014,2013,CTAS III - Urgent,3,Intra-Facility Transfer,Acute Myocardial Infarction,Not Admitted,15,246.0,4.1,0,0
2013-2014,2013,Less urgent,3,Intra-Facility Transfer,Acute Myocardial Infarction,Not Admitted,0,891.0,14.85,0,1
2013-2014,2013,Non-urgent,3,Intra-Facility Transfer,Acute Myocardial Infarction,Not Admitted,0,246.0,4.1,0,1
2013-2014,2013,Unknown,3,Intra-Facility Transfer,Acute Myocardial Infarction,Not Admitted,0,0.0,0.0,0,1
2013-2014,2013,CTAS III - Urgent,3,Intra-Facility Transfer,Asthma,Not Admitted,30,207.0,3.45,0,0
2013-2014,2013,Less urgent,3,Intra-Facility Transfer,Asthma,Not Admitted,0,0.0,0.0,0,1
2013-2014,2013,Non-urgent,3,Intra-Facility Transfer,Asthma,Not Admitted,0,75.0,1.25,0,1
2013-2014,2013,Unknown,3,Intra-Facility Transfer,Asthma,Not Admitted,0,0.0,0.0,0,1
2013-2014,2013,CTAS III - Urgent,3,Intra-Facility Transfer,Influenzal Pneumonia,Not Admitted,0,0.0,0.0,0,1
2013-2014,2013,Less urgent,3,Intra-Facility Transfer,Influenzal Pneumonia,Not Admitted,0,0.0,0.0,0,1
2013-2014,2013,Non-urgent,3,Intra-Facility Transfer,Influenzal Pneumonia,Not Admitted,0,0.0,0.0,0,1
2013-2014,2013,Unknown,3,Intra-Facility Transfer,Influenzal Pneumonia,Not Admitted,0,0.0,0.0,0,1
2013-2014,2013,CTAS III - Urgent,3,Intra-Facility Transfer,Motor Vehicle Collisions,Not Admitted,134,180.0,3.0,0,0
2013-2014,2013,Less urgent,3,Intra-Facility Transfer,Motor Vehicle Collisions,Not Admitted,63,174.0,2.9,0,0
2013-2014,2013,Non-urgent,3,Intra-Facility Transfer,Motor Vehicle Collisions,Not Admitted,14,183.0,3.05,0,0
2013-2014,2013,Unknown,3,Intra-Facility Transfer,Motor Vehicle Collisions,Not Admitted,0,51.0,0.85,0,1
2013-2014,2013,CTAS III - Urgent,3,Intra-Facility Transfer,Pneumonia,Not Admitted,55,264.0,4.4,0,0
2013-2014,2013,Less urgent,3,Intra-Facility Transfer,Pneumonia,Not Admitted,0,102.0,1.7,0,1
2013-2014,2013,Non-urgent,3,Intra-Facility Transfer,Pneumonia,Not Admitted,0,0.0,0.0,0,1
2013-2014,2013,Unknown,3,Intra-Facility Transfer,Pneumonia,Not Admitted,0,0.0,0.0,0,1
2013-2014,2013,CTAS III - Urgent,3,Intra-Facility Transfer,Trauma,Not Admitted,2059,204.0,3.4,0,0
2013-2014,2013,Less urgent,3,Intra-Facility Transfer,Trauma,Not Admitted,1071,168.0,2.8,0,0
2013-2014,2013,Non-urgent,3,Intra-Facility Transfer,Trauma,Not Admitted,167,126.0,2.1,0,0
2013-2014,2013,Unknown,3,Intra-Facility Transfer,Trauma,Not Admitted,28,108.0,1.8,0,0
2013-2014,2013,CTAS III - Urgent,3,Intra-Facility Transfer,Unintentional Falls,Not Admitted,596,222.0,3.7,0,0
2013-2014,2013,Less urgent,3,Intra-Facility Transfer,Unintentional Falls,Not Admitted,321,174.0,2.9,0,0
2013-2014,2013,Non-urgent,3,Intra-Facility Transfer,Unintentional Falls,Not Admitted,46,150.0,2.5,0,0
2013-2014,2013,Unknown,3,Intra-Facility Transfer,Unintentional Falls,Not Admitted,12,198.0,3.3,0,0
2013-2014,2013,CTAS III - Urgent,3,Not Seen Or Left,Acute Myocardial Infarction,Not Admitted,34,354.0,5.9,0,0
2013-2014,2013,Less urgent,3,Not Seen Or Left,Acute Myocardial Infarction,Not Admitted,6,177.0,2.95,0,0
2013-2014,2013,Non-urgent,3,Not Seen Or Left,Acute Myocardial Infarction,Not Admitted,0,0.0,0.0,0,1
2013-2014,2013,Unknown,3,Not Seen Or Left,Acute Myocardial Infarction,Not Admitted,0,0.0,0.0,0,1
2013-2014,2013,CTAS III - Urgent,3,Not Seen Or Left,Asthma,Not Admitted,396,126.0,2.1,0,0
2013-2014,2013,Less urgent,3,Not Seen Or Left,Asthma,Not Admitted,154,108.0,1.8,0,0
2013-2014,2013,Non-urgent,3,Not Seen Or Left,Asthma,Not Admitted,13,42.0,0.7,0,0
2013-2014,2013,Unknown,3,Not Seen Or Left,Asthma,Not Admitted,7,72.0,1.2,0,0
2013-2014,2013,CTAS III - Urgent,3,Not Seen Or Left,Influenzal Pneumonia,Not Admitted,7,222.0,3.7,0,0
2013-2014,2013,Less urgent,3,Not Seen Or Left,Influenzal Pneumonia,Not Admitted,0,156.0,2.6,0,1
2013-2014,2013,Non-urgent,3,Not Seen Or Left,Influenzal Pneumonia,Not Admitted,0,45.0,0.75,0,1
2013-2014,2013,Unknown,3,Not Seen Or Left,Influenzal Pneumonia,Not Admitted,0,0.0,0.0,0,1
2013-2014,2013,CTAS III - Urgent,3,Not Seen Or Left,Motor Vehicle Collisions,Not Admitted,1467,138.0,2.3,0,0
2013-2014,2013,Less urgent,3,Not Seen Or Left,Motor Vehicle Collisions,Not Admitted,1328,120.0,2.0,0,0
2013-2014,2013,Non-urgent,3,Not Seen Or Left,Motor Vehicle Collisions,Not Admitted,126,90.0,1.5,0,0
2013-2014,2013,Unknown,3,Not Seen Or Left,Motor Vehicle Collisions,Not Admitted,22,30.0,0.5,0,0
2013-2014,2013,CTAS III - Urgent,3,Not Seen Or Left,Pneumonia,Not Admitted,153,222.0,3.7,0,0
2013-2014,2013,Less urgent,3,Not Seen Or Left,Pneumonia,Not Admitted,81,132.0,2.2,0,0
2013-2014,2013,Non-urgent,3,Not Seen Or Left,Pneumonia,Not Admitted,9,69.0,1.15,0,0
2013-2014,2013,Unknown,3,Not Seen Or Left,Pneumonia,Not Admitted,9,54.0,0.9,0,0
2013-2014,2013,CTAS III - Urgent,3,Not Seen Or Left,Trauma,Not Admitted,16186,126.0,2.1,0,0
2013-2014,2013,Less urgent,3,Not Seen Or Left,Trauma,Not Admitted,25469,114.0,1.9,0,0
2013-2014,2013,Non-urgent,3,Not Seen Or Left,Trauma,Not Admitted,3506,90.0,1.5,0,0
2013-2014,2013,Unknown,3,Not Seen Or Left,Trauma,Not Admitted,924,42.0,0.7,0,0
2013-2014,2013,CTAS III - Urgent,3,Not Seen Or Left,Unintentional Falls,Not Admitted,4516,132.0,2.2,0,0
2013-2014,2013,Less urgent,3,Not Seen Or Left,Unintentional Falls,Not Admitted,5802,114.0,1.9,0,0
2013-2014,2013,Non-urgent,3,Not Seen Or Left,Unintentional Falls,Not Admitted,528,102.0,1.7,0,0
2013-2014,2013,Unknown,3,Not Seen Or Left,Unintentional Falls,Not Admitted,115,36.0,0.6,0,0
2013-2014,2013,CTAS III - Urgent,3,Transferred,Acute Myocardial Infarction,Not Admitted,958,204.0,3.4,0,0
2013-2014,2013,Less urgent,3,Transferred,Acute Myocardial Infarction,Not Admitted,130,264.0,4.4,0,0
2013-2014,2013,Non-urgent,3,Transferred,Acute Myocardial Infarction,Not Admitted,10,168.0,2.8,0,0
2013-2014,2013,Unknown,3,Transferred,Acute Myocardial Infarction,Not Admitted,85,162.0,2.7,0,0
2013-2014,2013,CTAS III - Urgent,3,Transferred,Asthma,Not Admitted,122,300.0,5.0,0,0
2013-2014,2013,Less urgent,3,Transferred,Asthma,Not Admitted,17,318.0,5.3,0,0
2013-2014,2013,Non-urgent,3,Transferred,Asthma,Not Admitted,0,474.0,7.9,0,1
2013-2014,2013,Unknown,3,Transferred,Asthma,Not Admitted,5,180.0,3.0,0,0
2013-2014,2013,CTAS III - Urgent,3,Transferred,Influenzal Pneumonia,Not Admitted,13,420.0,7.0,0,0
2013-2014,2013,Less urgent,3,Transferred,Influenzal Pneumonia,Not Admitted,0,720.0,12.0,0,1
2013-2014,2013,Non-urgent,3,Transferred,Influenzal Pneumonia,Not Admitted,0,0.0,0.0,0,1
2013-2014,2013,Unknown,3,Transferred,Influenzal Pneumonia,Not Admitted,0,0.0,0.0,0,1
2013-2014,2013,CTAS III - Urgent,3,Transferred,Motor Vehicle Collisions,Not Admitted,1208,210.0,3.5,0,0
2013-2014,2013,Less urgent,3,Transferred,Motor Vehicle Collisions,Not Admitted,220,198.0,3.3,0,0
2013-2014,2013,Non-urgent,3,Transferred,Motor Vehicle Collisions,Not Admitted,20,282.0,4.7,0,0
2013-2014,2013,Unknown,3,Transferred,Motor Vehicle Collisions,Not Admitted,112,126.0,2.1,0,0
2013-2014,2013,CTAS III - Urgent,3,Transferred,Pneumonia,Not Admitted,808,288.0,4.8,0,0
2013-2014,2013,Less urgent,3,Transferred,Pneumonia,Not Admitted,153,276.0,4.6,0,0
2013-2014,2013,Non-urgent,3,Transferred,Pneumonia,Not Admitted,13,198.0,3.3,0,0
2013-2014,2013,Unknown,3,Transferred,Pneumonia,Not Admitted,21,219.0,3.65,0,0
2013-2014,2013,CTAS III - Urgent,3,Transferred,Trauma,Not Admitted,9208,222.0,3.7,0,0
2013-2014,2013,Less urgent,3,Transferred,Trauma,Not Admitted,2788,198.0,3.3,0,0
2013-2014,2013,Non-urgent,3,Transferred,Trauma,Not Admitted,224,192.0,3.2,0,0
2013-2014,2013,Unknown,3,Transferred,Trauma,Not Admitted,401,138.0,2.3,0,0
2013-2014,2013,CTAS III - Urgent,3,Transferred,Unintentional Falls,Not Admitted,5133,252.0,4.2,0,0
2013-2014,2013,Less urgent,3,Transferred,Unintentional Falls,Not Admitted,1376,234.0,3.9,0,0
2013-2014,2013,Non-urgent,3,Transferred,Unintentional Falls,Not Admitted,90,249.0,4.15,0,0
2013-2014,2013,Unknown,3,Transferred,Unintentional Falls,Not Admitted,168,159.0,2.65,0,0
2013-2014,2013,CTAS III - Urgent,3,Unknown,Acute Myocardial Infarction,Not Admitted,0,0.0,0.0,0,1
2013-2014,2013,Less urgent,3,Unknown,Acute Myocardial Infarction,Not Admitted,0,0.0,0.0,0,1
2013-2014,2013,Non-urgent,3,Unknown,Acute Myocardial Infarction,Not Admitted,0,0.0,0.0,0,1
2013-2014,2013,Unknown,3,Unknown,Acute Myocardial Infarction,Not Admitted,0,0.0,0.0,0,1
2013-2014,2013,CTAS III - Urgent,3,Unknown,Asthma,Not Admitted,0,0.0,0.0,0,1
2013-2014,2013,Less urgent,3,Unknown,Asthma,Not Admitted,0,0.0,0.0,0,1
2013-2014,2013,Non-urgent,3,Unknown,Asthma,Not Admitted,0,0.0,0.0,0,1
2013-2014,2013,Unknown,3,Unknown,Asthma,Not Admitted,0,0.0,0.0,0,1
2013-2014,2013,CTAS III - Urgent,3,Unknown,Influenzal Pneumonia,Not Admitted,0,0.0,0.0,0,1
2013-2014,2013,Less urgent,3,Unknown,Influenzal Pneumonia,Not Admitted,0,0.0,0.0,0,1
2013-2014,2013,Non-urgent,3,Unknown,Influenzal Pneumonia,Not Admitted,0,0.0,0.0,0,1
2013-2014,2013,Unknown,3,Unknown,Influenzal Pneumonia,Not Admitted,0,0.0,0.0,0,1
2013-2014,2013,CTAS III - Urgent,3,Unknown,Motor Vehicle Collisions,Not Admitted,0,0.0,0.0,0,1
2013-2014,2013,Less urgent,3,Unknown,Motor Vehicle Collisions,Not Admitted,0,0.0,0.0,0,1
2013-2014,2013,Non-urgent,3,Unknown,Motor Vehicle Collisions,Not Admitted,0,0.0,0.0,0,1
2013-2014,2013,Unknown,3,Unknown,Motor Vehicle Collisions,Not Admitted,0,0.0,0.0,0,1
2013-2014,2013,CTAS III - Urgent,3,Unknown,Pneumonia,Not Admitted,0,0.0,0.0,0,1
2013-2014,2013,Less urgent,3,Unknown,Pneumonia,Not Admitted,0,0.0,0.0,0,1
2013-2014,2013,Non-urgent,3,Unknown,Pneumonia,Not Admitted,0,0.0,0.0,0,1
2013-2014,2013,Unknown,3,Unknown,Pneumonia,Not Admitted,0,0.0,0.0,0,1
2013-2014,2013,CTAS III - Urgent,3,Unknown,Trauma,Not Admitted,0,0.0,0.0,0,1
2013-2014,2013,Less urgent,3,Unknown,Trauma,Not Admitted,0,0.0,0.0,0,1
2013-2014,2013,Non-urgent,3,Unknown,Trauma,Not Admitted,0,0.0,0.0,0,1
2013-2014,2013,Unknown,3,Unknown,Trauma,Not Admitted,0,0.0,0.0,0,1
2013-2014,2013,CTAS III - Urgent,3,Unknown,Unintentional Falls,Not Admitted,0,0.0,0.0,0,1
2013-2014,2013,Less urgent,3,Unknown,Unintentional Falls,Not Admitted,0,0.0,0.0,0,1
2013-2014,2013,Non-urgent,3,Unknown,Unintentional Falls,Not Admitted,0,0.0,0.0,0,1
2013-2014,2013,Unknown,3,Unknown,Unintentional Falls,Not Admitted,0,0.0,0.0,0,1
2012-2013,2012,CTAS I - Resuscitation,1,Admitted,Acute Myocardial Infarction,Admitted,1062,72.0,1.2,1,0
2012-2013,2012,CTAS I - Resuscitation,1,Admitted,Asthma,Admitted,462,400.0,6.6667,1,0
2012-2013,2012,CTAS I - Resuscitation,1,Admitted,Influenzal Pneumonia,Admitted,0,338.0,5.6333,1,1
2012-2013,2012,CTAS I - Resuscitation,1,Admitted,Motor Vehicle Collisions,Admitted,2057,256.0,4.2667,1,0
2012-2013,2012,CTAS I - Resuscitation,1,Admitted,Pneumonia,Admitted,1192,502.0,8.3667,1,0
2012-2013,2012,CTAS I - Resuscitation,1,Admitted,Trauma,Admitted,5122,253.0,4.2167,1,0
2012-2013,2012,CTAS I - Resuscitation,1,Admitted,Unintentional Falls,Admitted,1252,300.0,5.0,1,0
2012-2013,2012,CTAS I - Resuscitation,1,Death,Acute Myocardial Infarction,Not Admitted,460,27.0,0.45,0,0
2012-2013,2012,CTAS I - Resuscitation,1,Death,Asthma,Not Admitted,0,34.0,0.5667,0,1
2012-2013,2012,CTAS I - Resuscitation,1,Death,Influenzal Pneumonia,Not Admitted,0,0.0,0.0,0,1
2012-2013,2012,CTAS I - Resuscitation,1,Death,Motor Vehicle Collisions,Not Admitted,217,40.0,0.6667,0,0
2012-2013,2012,CTAS I - Resuscitation,1,Death,Pneumonia,Not Admitted,37,172.0,2.8667,0,0
2012-2013,2012,CTAS I - Resuscitation,1,Death,Trauma,Not Admitted,559,39.0,0.65,0,0
2012-2013,2012,CTAS I - Resuscitation,1,Death,Unintentional Falls,Not Admitted,82,152.0,2.5333,0,0
2012-2013,2012,CTAS I - Resuscitation,1,Discharged Home,Acute Myocardial Infarction,Not Admitted,16,57.0,0.95,0,0
2012-2013,2012,CTAS I - Resuscitation,1,Discharged Home,Asthma,Not Admitted,359,222.0,3.7,0,0
2012-2013,2012,CTAS I - Resuscitation,1,Discharged Home,Influenzal Pneumonia,Not Admitted,0,228.0,3.8,0,1
2012-2013,2012,CTAS I - Resuscitation,1,Discharged Home,Motor Vehicle Collisions,Not Admitted,481,260.0,4.3333,0,0
2012-2013,2012,CTAS I - Resuscitation,1,Discharged Home,Pneumonia,Not Admitted,146,236.0,3.9333,0,0
2012-2013,2012,CTAS I - Resuscitation,1,Discharged Home,Trauma,Not Admitted,2692,242.0,4.0333,0,0
2012-2013,2012,CTAS I - Resuscitation,1,Discharged Home,Unintentional Falls,Not Admitted,483,250.0,4.1667,0,0
2012-2013,2012,CTAS I - Resuscitation,1,Intra-Facility Transfer,Acute Myocardial Infarction,Not Admitted,43,24.0,0.4,0,0
2012-2013,2012,CTAS I - Resuscitation,1,Intra-Facility Transfer,Asthma,Not Admitted,5,122.0,2.0333,0,0
2012-2013,2012,CTAS I - Resuscitation,1,Intra-Facility Transfer,Influenzal Pneumonia,Not Admitted,0,0.0,0.0,0,1
2012-2013,2012,CTAS I - Resuscitation,1,Intra-Facility Transfer,Motor Vehicle Collisions,Not Admitted,10,221.0,3.6833,0,0
2012-2013,2012,CTAS I - Resuscitation,1,Intra-Facility Transfer,Pneumonia,Not Admitted,0,243.0,4.05,0,1
2012-2013,2012,CTAS I - Resuscitation,1,Intra-Facility Transfer,Trauma,Not Admitted,52,214.0,3.5667,0,0
2012-2013,2012,CTAS I - Resuscitation,1,Intra-Facility Transfer,Unintentional Falls,Not Admitted,6,858.0,14.3,0,0
2012-2013,2012,CTAS I - Resuscitation,1,Not Seen Or Left,Acute Myocardial Infarction,Not Admitted,0,330.0,5.5,0,1
2012-2013,2012,CTAS I - Resuscitation,1,Not Seen Or Left,Asthma,Not Admitted,7,236.0,3.9333,0,0
2012-2013,2012,CTAS I - Resuscitation,1,Not Seen Or Left,Influenzal Pneumonia,Not Admitted,0,0.0,0.0,0,1
2012-2013,2012,CTAS I - Resuscitation,1,Not Seen Or Left,Motor Vehicle Collisions,Not Admitted,6,214.0,3.5667,0,0
2012-2013,2012,CTAS I - Resuscitation,1,Not Seen Or Left,Pneumonia,Not Admitted,0,141.0,2.35,0,1
2012-2013,2012,CTAS I - Resuscitation,1,Not Seen Or Left,Trauma,Not Admitted,53,211.0,3.5167,0,0
2012-2013,2012,CTAS I - Resuscitation,1,Not Seen Or Left,Unintentional Falls,Not Admitted,10,256.0,4.2667,0,0
2012-2013,2012,CTAS I - Resuscitation,1,Transferred,Acute Myocardial Infarction,Not Admitted,661,58.0,0.9667,0,0
2012-2013,2012,CTAS I - Resuscitation,1,Transferred,Asthma,Not Admitted,41,215.0,3.5833,0,0
2012-2013,2012,CTAS I - Resuscitation,1,Transferred,Influenzal Pneumonia,Not Admitted,0,2583.0,43.05,0,1
2012-2013,2012,CTAS I - Resuscitation,1,Transferred,Motor Vehicle Collisions,Not Admitted,529,125.0,2.0833,0,0
2012-2013,2012,CTAS I - Resuscitation,1,Transferred,Pneumonia,Not Admitted,68,224.0,3.7333,0,0
2012-2013,2012,CTAS I - Resuscitation,1,Transferred,Trauma,Not Admitted,1302,130.0,2.1667,0,0
2012-2013,2012,CTAS I - Resuscitation,1,Transferred,Unintentional Falls,Not Admitted,274,152.0,2.5333,0,0
2012-2013,2012,CTAS I - Resuscitation,1,Unknown,Acute Myocardial Infarction,Not Admitted,0,0.0,0.0,0,1
2012-2013,2012,CTAS I - Resuscitation,1,Unknown,Asthma,Not Admitted,0,0.0,0.0,0,1
2012-2013,2012,CTAS I - Resuscitation,1,Unknown,Influenzal Pneumonia,Not Admitted,0,0.0,0.0,0,1
2012-2013,2012,CTAS I - Resuscitation,1,Unknown,Motor Vehicle Collisions,Not Admitted,0,0.0,0.0,0,1
2012-2013,2012,CTAS I - Resuscitation,1,Unknown,Pneumonia,Not Admitted,0,0.0,0.0,0,1
2012-2013,2012,CTAS I - Resuscitation,1,Unknown,Trauma,Not Admitted,0,0.0,0.0,0,1
2012-2013,2012,CTAS I - Resuscitation,1,Unknown,Unintentional Falls,Not Admitted,0,0.0,0.0,0,1
2012-2013,2012,CTAS II - Emergent,2,Admitted,Acute Myocardial Infarction,Admitted,10352,493.0,8.2167,1,0
2012-2013,2012,CTAS II - Emergent,2,Admitted,Asthma,Admitted,3461,480.0,8.0,1,0
2012-2013,2012,CTAS II - Emergent,2,Admitted,Influenzal Pneumonia,Admitted,77,724.0,12.0667,1,0
2012-2013,2012,CTAS II - Emergent,2,Admitted,Motor Vehicle Collisions,Admitted,4392,409.0,6.8167,1,0
2012-2013,2012,CTAS II - Emergent,2,Admitted,Pneumonia,Admitted,15789,687.0,11.45,1,0
2012-2013,2012,CTAS II - Emergent,2,Admitted,Trauma,Admitted,22797,454.0,7.5667,1,0
2012-2013,2012,CTAS II - Emergent,2,Admitted,Unintentional Falls,Admitted,12320,498.0,8.3,1,0
2012-2013,2012,CTAS II - Emergent,2,Death,Acute Myocardial Infarction,Not Admitted,103,142.0,2.3667,0,0
2012-2013,2012,CTAS II - Emergent,2,Death,Asthma,Not Admitted,0,0.0,0.0,0,1
2012-2013,2012,CTAS II - Emergent,2,Death,Influenzal Pneumonia,Not Admitted,0,794.0,13.2333,0,1
2012-2013,2012,CTAS II - Emergent,2,Death,Motor Vehicle Collisions,Not Admitted,10,117.0,1.95,0,0
2012-2013,2012,CTAS II - Emergent,2,Death,Pneumonia,Not Admitted,51,291.0,4.85,0,0
2012-2013,2012,CTAS II - Emergent,2,Death,Trauma,Not Admitted,43,206.0,3.4333,0,0
2012-2013,2012,CTAS II - Emergent,2,Death,Unintentional Falls,Not Admitted,23,350.0,5.8333,0,0
2012-2013,2012,CTAS II - Emergent,2,Discharged Home,Acute Myocardial Infarction,Not Admitted,375,326.0,5.4333,0,0
2012-2013,2012,CTAS II - Emergent,2,Discharged Home,Asthma,Not Admitted,13645,195.0,3.25,0,0
2012-2013,2012,CTAS II - Emergent,2,Discharged Home,Influenzal Pneumonia,Not Admitted,73,218.0,3.6333,0,0
2012-2013,2012,CTAS II - Emergent,2,Discharged Home,Motor Vehicle Collisions,Not Admitted,22152,183.0,3.05,0,0
2012-2013,2012,CTAS II - Emergent,2,Discharged Home,Pneumonia,Not Admitted,12137,226.0,3.7667,0,0
2012-2013,2012,CTAS II - Emergent,2,Discharged Home,Trauma,Not Admitted,124236,171.0,2.85,0,0
2012-2013,2012,CTAS II - Emergent,2,Discharged Home,Unintentional Falls,Not Admitted,37221,197.0,3.2833,0,0
2012-2013,2012,CTAS II - Emergent,2,Intra-Facility Transfer,Acute Myocardial Infarction,Not Admitted,92,89.0,1.4833,0,0
2012-2013,2012,CTAS II - Emergent,2,Intra-Facility Transfer,Asthma,Not Admitted,83,166.0,2.7667,0,0
2012-2013,2012,CTAS II - Emergent,2,Intra-Facility Transfer,Influenzal Pneumonia,Not Admitted,0,0.0,0.0,0,1
2012-2013,2012,CTAS II - Emergent,2,Intra-Facility Transfer,Motor Vehicle Collisions,Not Admitted,63,186.0,3.1,0,0
2012-2013,2012,CTAS II - Emergent,2,Intra-Facility Transfer,Pneumonia,Not Admitted,55,223.0,3.7167,0,0
2012-2013,2012,CTAS II - Emergent,2,Intra-Facility Transfer,Trauma,Not Admitted,838,220.0,3.6667,0,0
2012-2013,2012,CTAS II - Emergent,2,Intra-Facility Transfer,Unintentional Falls,Not Admitted,166,242.0,4.0333,0,0
2012-2013,2012,CTAS II - Emergent,2,Not Seen Or Left,Acute Myocardial Infarction,Not Admitted,56,330.0,5.5,0,0
2012-2013,2012,CTAS II - Emergent,2,Not Seen Or Left,Asthma,Not Admitted,151,188.0,3.1333,0,0
2012-2013,2012,CTAS II - Emergent,2,Not Seen Or Left,Influenzal Pneumonia,Not Admitted,0,0.0,0.0,0,1
2012-2013,2012,CTAS II - Emergent,2,Not Seen Or Left,Motor Vehicle Collisions,Not Admitted,300,158.0,2.6333,0,0
2012-2013,2012,CTAS II - Emergent,2,Not Seen Or Left,Pneumonia,Not Admitted,72,296.0,4.9333,0,0
2012-2013,2012,CTAS II - Emergent,2,Not Seen Or Left,Trauma,Not Admitted,2473,135.0,2.25,0,0
2012-2013,2012,CTAS II - Emergent,2,Not Seen Or Left,Unintentional Falls,Not Admitted,627,156.0,2.6,0,0
2012-2013,2012,CTAS II - Emergent,2,Transferred,Acute Myocardial Infarction,Not Admitted,3513,114.0,1.9,0,0
2012-2013,2012,CTAS II - Emergent,2,Transferred,Asthma,Not Admitted,347,277.0,4.6167,0,0
2012-2013,2012,CTAS II - Emergent,2,Transferred,Influenzal Pneumonia,Not Admitted,5,173.0,2.8833,0,0
2012-2013,2012,CTAS II - Emergent,2,Transferred,Motor Vehicle Collisions,Not Admitted,1812,199.0,3.3167,0,0
2012-2013,2012,CTAS II - Emergent,2,Transferred,Pneumonia,Not Admitted,978,247.0,4.1167,0,0
2012-2013,2012,CTAS II - Emergent,2,Transferred,Trauma,Not Admitted,6660,191.0,3.1833,0,0
2012-2013,2012,CTAS II - Emergent,2,Transferred,Unintentional Falls,Not Admitted,2428,224.0,3.7333,0,0
2012-2013,2012,CTAS II - Emergent,2,Unknown,Acute Myocardial Infarction,Not Admitted,0,0.0,0.0,0,1
2012-2013,2012,CTAS II - Emergent,2,Unknown,Asthma,Not Admitted,0,0.0,0.0,0,1
2012-2013,2012,CTAS II - Emergent,2,Unknown,Influenzal Pneumonia,Not Admitted,0,0.0,0.0,0,1
2012-2013,2012,CTAS II - Emergent,2,Unknown,Motor Vehicle Collisions,Not Admitted,0,0.0,0.0,0,1
2012-2013,2012,CTAS II - Emergent,2,Unknown,Pneumonia,Not Admitted,0,0.0,0.0,0,1
2012-2013,2012,CTAS II - Emergent,2,Unknown,Trauma,Not Admitted,0,0.0,0.0,0,1
2012-2013,2012,CTAS II - Emergent,2,Unknown,Unintentional Falls,Not Admitted,0,0.0,0.0,0,1
2012-2013,2012,CTAS III - Urgent,3,Admitted,Acute Myocardial Infarction,Admitted,4368,567.0,9.45,1,0
2012-2013,2012,Less urgent,3,Admitted,Acute Myocardial Infarction,Admitted,385,418.0,6.9667,1,0
2012-2013,2012,Non-urgent,3,Admitted,Acute Myocardial Infarction,Admitted,90,356.0,5.9333,1,0
2012-2013,2012,Unknown,3,Admitted,Acute Myocardial Infarction,Admitted,95,204.0,3.4,1,0
2012-2013,2012,CTAS III - Urgent,3,Admitted,Asthma,Admitted,1778,523.0,8.7167,1,0
2012-2013,2012,Less urgent,3,Admitted,Asthma,Admitted,153,312.0,5.2,1,0
2012-2013,2012,Non-urgent,3,Admitted,Asthma,Admitted,12,292.0,4.8667,1,0
2012-2013,2012,Unknown,3,Admitted,Asthma,Admitted,36,164.0,2.7333,1,0
2012-2013,2012,CTAS III - Urgent,3,Admitted,Influenzal Pneumonia,Admitted,80,912.0,15.2,1,0
2012-2013,2012,Less urgent,3,Admitted,Influenzal Pneumonia,Admitted,11,395.0,6.5833,1,0
2012-2013,2012,Non-urgent,3,Admitted,Influenzal Pneumonia,Admitted,0,379.0,6.3167,1,1
2012-2013,2012,Unknown,3,Admitted,Influenzal Pneumonia,Admitted,0,0.0,0.0,1,1
2012-2013,2012,CTAS III - Urgent,3,Admitted,Motor Vehicle Collisions,Admitted,2854,372.0,6.2,1,0
2012-2013,2012,Less urgent,3,Admitted,Motor Vehicle Collisions,Admitted,467,336.0,5.6,1,0
2012-2013,2012,Non-urgent,3,Admitted,Motor Vehicle Collisions,Admitted,38,246.0,4.1,1,0
2012-2013,2012,Unknown,3,Admitted,Motor Vehicle Collisions,Admitted,68,192.0,3.2,1,0
2012-2013,2012,CTAS III - Urgent,3,Admitted,Pneumonia,Admitted,15514,634.0,10.5667,1,0
2012-2013,2012,Less urgent,3,Admitted,Pneumonia,Admitted,1889,353.0,5.8833,1,0
2012-2013,2012,Non-urgent,3,Admitted,Pneumonia,Admitted,175,238.0,3.9667,1,0
2012-2013,2012,Unknown,3,Admitted,Pneumonia,Admitted,262,178.0,2.9667,1,0
2012-2013,2012,CTAS III - Urgent,3,Admitted,Trauma,Admitted,38076,458.0,7.6333,1,0
2012-2013,2012,Less urgent,3,Admitted,Trauma,Admitted,7428,368.0,6.1333,1,0
2012-2013,2012,Non-urgent,3,Admitted,Trauma,Admitted,513,260.0,4.3333,1,0
2012-2013,2012,Unknown,3,Admitted,Trauma,Admitted,461,180.0,3.0,1,0
2012-2013,2012,CTAS III - Urgent,3,Admitted,Unintentional Falls,Admitted,27291,481.0,8.0167,1,0
2012-2013,2012,Less urgent,3,Admitted,Unintentional Falls,Admitted,4762,391.0,6.5167,1,0
2012-2013,2012,Non-urgent,3,Admitted,Unintentional Falls,Admitted,242,289.0,4.8167,1,0
2012-2013,2012,Unknown,3,Admitted,Unintentional Falls,Admitted,267,181.0,3.0167,1,0
2012-2013,2012,CTAS III - Urgent,3,Death,Acute Myocardial Infarction,Not Admitted,26,336.0,5.6,0,0
2012-2013,2012,Less urgent,3,Death,Acute Myocardial Infarction,Not Admitted,0,574.0,9.5667,0,1
2012-2013,2012,Non-urgent,3,Death,Acute Myocardial Infarction,Not Admitted,0,246.0,4.1,0,1
2012-2013,2012,Unknown,3,Death,Acute Myocardial Infarction,Not Admitted,9,10.0,0.1667,0,0
2012-2013,2012,CTAS III - Urgent,3,Death,Asthma,Not Admitted,0,0.0,0.0,0,1
2012-2013,2012,Less urgent,3,Death,Asthma,Not Admitted,0,0.0,0.0,0,1
2012-2013,2012,Non-urgent,3,Death,Asthma,Not Admitted,0,0.0,0.0,0,1
2012-2013,2012,Unknown,3,Death,Asthma,Not Admitted,0,0.0,0.0,0,1
2012-2013,2012,CTAS III - Urgent,3,Death,Influenzal Pneumonia,Not Admitted,0,0.0,0.0,0,1
2012-2013,2012,Less urgent,3,Death,Influenzal Pneumonia,Not Admitted,0,0.0,0.0,0,1
2012-2013,2012,Non-urgent,3,Death,Influenzal Pneumonia,Not Admitted,0,0.0,0.0,0,1
2012-2013,2012,Unknown,3,Death,Influenzal Pneumonia,Not Admitted,0,0.0,0.0,0,1
2012-2013,2012,CTAS III - Urgent,3,Death,Motor Vehicle Collisions,Not Admitted,0,15.0,0.25,0,1
2012-2013,2012,Less urgent,3,Death,Motor Vehicle Collisions,Not Admitted,0,0.0,0.0,0,1
2012-2013,2012,Non-urgent,3,Death,Motor Vehicle Collisions,Not Admitted,0,75.0,1.25,0,1
2012-2013,2012,Unknown,3,Death,Motor Vehicle Collisions,Not Admitted,5,18.0,0.3,0,0
2012-2013,2012,CTAS III - Urgent,3,Death,Pneumonia,Not Admitted,17,368.0,6.1333,0,0
2012-2013,2012,Less urgent,3,Death,Pneumonia,Not Admitted,0,91.0,1.5167,0,1
2012-2013,2012,Non-urgent,3,Death,Pneumonia,Not Admitted,0,0.0,0.0,0,1
2012-2013,2012,Unknown,3,Death,Pneumonia,Not Admitted,0,0.0,0.0,0,1
2012-2013,2012,CTAS III - Urgent,3,Death,Trauma,Not Admitted,26,236.0,3.9333,0,0
2012-2013,2012,Less urgent,3,Death,Trauma,Not Admitted,11,162.0,2.7,0,0
2012-2013,2012,Non-urgent,3,Death,Trauma,Not Admitted,8,56.0,0.9333,0,0
2012-2013,2012,Unknown,3,Death,Trauma,Not Admitted,9,23.0,0.3833,0,0
2012-2013,2012,CTAS III - Urgent,3,Death,Unintentional Falls,Not Admitted,18,344.0,5.7333,0,0
2012-2013,2012,Less urgent,3,Death,Unintentional Falls,Not Admitted,0,162.0,2.7,0,1
2012-2013,2012,Non-urgent,3,Death,Unintentional Falls,Not Admitted,0,14.0,0.2333,0,1
2012-2013,2012,Unknown,3,Death,Unintentional Falls,Not Admitted,0,0.0,0.0,0,1
2012-2013,2012,CTAS III - Urgent,3,Discharged Home,Acute Myocardial Infarction,Not Admitted,271,340.0,5.6667,0,0
2012-2013,2012,Less urgent,3,Discharged Home,Acute Myocardial Infarction,Not Admitted,43,245.0,4.0833,0,0
2012-2013,2012,Non-urgent,3,Discharged Home,Acute Myocardial Infarction,Not Admitted,10,109.0,1.8167,0,0
2012-2013,2012,Unknown,3,Discharged Home,Acute Myocardial Infarction,Not Admitted,9,112.0,1.8667,0,0
2012-2013,2012,CTAS III - Urgent,3,Discharged Home,Asthma,Not Admitted,31184,154.0,2.5667,0,0
2012-2013,2012,Less urgent,3,Discharged Home,Asthma,Not Admitted,16001,103.0,1.7167,0,0
2012-2013,2012,Non-urgent,3,Discharged Home,Asthma,Not Admitted,2363,76.0,1.2667,0,0
2012-2013,2012,Unknown,3,Discharged Home,Asthma,Not Admitted,621,75.0,1.25,0,0
2012-2013,2012,CTAS III - Urgent,3,Discharged Home,Influenzal Pneumonia,Not Admitted,299,189.0,3.15,0,0
2012-2013,2012,Less urgent,3,Discharged Home,Influenzal Pneumonia,Not Admitted,221,108.0,1.8,0,0
2012-2013,2012,Non-urgent,3,Discharged Home,Influenzal Pneumonia,Not Admitted,26,61.0,1.0167,0,0
2012-2013,2012,Unknown,3,Discharged Home,Influenzal Pneumonia,Not Admitted,14,70.0,1.1667,0,0
2012-2013,2012,CTAS III - Urgent,3,Discharged Home,Motor Vehicle Collisions,Not Admitted,62130,144.0,2.4,0,0
2012-2013,2012,Less urgent,3,Discharged Home,Motor Vehicle Collisions,Not Admitted,51671,114.0,1.9,0,0
2012-2013,2012,Non-urgent,3,Discharged Home,Motor Vehicle Collisions,Not Admitted,4031,91.0,1.5167,0,0
2012-2013,2012,Unknown,3,Discharged Home,Motor Vehicle Collisions,Not Admitted,1323,81.0,1.35,0,0
2012-2013,2012,CTAS III - Urgent,3,Discharged Home,Pneumonia,Not Admitted,41032,181.0,3.0167,0,0
2012-2013,2012,Less urgent,3,Discharged Home,Pneumonia,Not Admitted,23513,121.0,2.0167,0,0
2012-2013,2012,Non-urgent,3,Discharged Home,Pneumonia,Not Admitted,2423,100.0,1.6667,0,0
2012-2013,2012,Unknown,3,Discharged Home,Pneumonia,Not Admitted,610,95.0,1.5833,0,0
2012-2013,2012,CTAS III - Urgent,3,Discharged Home,Trauma,Not Admitted,564474,135.0,2.25,0,0
2012-2013,2012,Less urgent,3,Discharged Home,Trauma,Not Admitted,886056,106.0,1.7667,0,0
2012-2013,2012,Non-urgent,3,Discharged Home,Trauma,Not Admitted,92348,84.0,1.4,0,0
2012-2013,2012,Unknown,3,Discharged Home,Trauma,Not Admitted,16996,70.0,1.1667,0,0
2012-2013,2012,CTAS III - Urgent,3,Discharged Home,Unintentional Falls,Not Admitted,196724,154.0,2.5667,0,0
2012-2013,2012,Less urgent,3,Discharged Home,Unintentional Falls,Not Admitted,243220,115.0,1.9167,0,0
2012-2013,2012,Non-urgent,3,Discharged Home,Unintentional Falls,Not Admitted,18448,93.0,1.55,0,0
2012-2013,2012,Unknown,3,Discharged Home,Unintentional Falls,Not Admitted,3594,76.0,1.2667,0,0
2012-2013,2012,CTAS III - Urgent,3,Intra-Facility Transfer,Acute Myocardial Infarction,Not Admitted,14,159.0,2.65,0,0
2012-2013,2012,Less urgent,3,Intra-Facility Transfer,Acute Myocardial Infarction,Not Admitted,0,454.0,7.5667,0,1
2012-2013,2012,Non-urgent,3,Intra-Facility Transfer,Acute Myocardial Infarction,Not Admitted,0,0.0,0.0,0,1
2012-2013,2012,Unknown,3,Intra-Facility Transfer,Acute Myocardial Infarction,Not Admitted,0,786.0,13.1,0,1
2012-2013,2012,CTAS III - Urgent,3,Intra-Facility Transfer,Asthma,Not Admitted,48,176.0,2.9333,0,0
2012-2013,2012,Less urgent,3,Intra-Facility Transfer,Asthma,Not Admitted,0,280.0,4.6667,0,1
2012-2013,2012,Non-urgent,3,Intra-Facility Transfer,Asthma,Not Admitted,0,178.0,2.9667,0,1
2012-2013,2012,Unknown,3,Intra-Facility Transfer,Asthma,Not Admitted,0,0.0,0.0,0,1
2012-2013,2012,CTAS III - Urgent,3,Intra-Facility Transfer,Influenzal Pneumonia,Not Admitted,0,585.0,9.75,0,1
2012-2013,2012,Less urgent,3,Intra-Facility Transfer,Influenzal Pneumonia,Not Admitted,0,0.0,0.0,0,1
2012-2013,2012,Non-urgent,3,Intra-Facility Transfer,Influenzal Pneumonia,Not Admitted,0,0.0,0.0,0,1
2012-2013,2012,Unknown,3,Intra-Facility Transfer,Influenzal Pneumonia,Not Admitted,0,0.0,0.0,0,1
2012-2013,2012,CTAS III - Urgent,3,Intra-Facility Transfer,Motor Vehicle Collisions,Not Admitted,103,198.0,3.3,0,0
2012-2013,2012,Less urgent,3,Intra-Facility Transfer,Motor Vehicle Collisions,Not Admitted,59,134.0,2.2333,0,0
2012-2013,2012,Non-urgent,3,Intra-Facility Transfer,Motor Vehicle Collisions,Not Admitted,12,98.0,1.6333,0,0
2012-2013,2012,Unknown,3,Intra-Facility Transfer,Motor Vehicle Collisions,Not Admitted,0,134.0,2.2333,0,1
2012-2013,2012,CTAS III - Urgent,3,Intra-Facility Transfer,Pneumonia,Not Admitted,42,200.0,3.3333,0,0
2012-2013,2012,Less urgent,3,Intra-Facility Transfer,Pneumonia,Not Admitted,8,166.0,2.7667,0,0
2012-2013,2012,Non-urgent,3,Intra-Facility Transfer,Pneumonia,Not Admitted,0,14.0,0.2333,0,1
2012-2013,2012,Unknown,3,Intra-Facility Transfer,Pneumonia,Not Admitted,0,0.0,0.0,0,1
2012-2013,2012,CTAS III - Urgent,3,Intra-Facility Transfer,Trauma,Not Admitted,1862,198.0,3.3,0,0
2012-2013,2012,Less urgent,3,Intra-Facility Transfer,Trauma,Not Admitted,1042,152.0,2.5333,0,0
2012-2013,2012,Non-urgent,3,Intra-Facility Transfer,Trauma,Not Admitted,184,92.0,1.5333,0,0
2012-2013,2012,Unknown,3,Intra-Facility Transfer,Trauma,Not Admitted,40,84.0,1.4,0,0
2012-2013,2012,CTAS III - Urgent,3,Intra-Facility Transfer,Unintentional Falls,Not Admitted,522,210.0,3.5,0,0
2012-2013,2012,Less urgent,3,Intra-Facility Transfer,Unintentional Falls,Not Admitted,325,143.0,2.3833,0,0
2012-2013,2012,Non-urgent,3,Intra-Facility Transfer,Unintentional Falls,Not Admitted,51,93.0,1.55,0,0
2012-2013,2012,Unknown,3,Intra-Facility Transfer,Unintentional Falls,Not Admitted,16,88.0,1.4667,0,0
2012-2013,2012,CTAS III - Urgent,3,Not Seen Or Left,Acute Myocardial Infarction,Not Admitted,24,263.0,4.3833,0,0
2012-2013,2012,Less urgent,3,Not Seen Or Left,Acute Myocardial Infarction,Not Admitted,0,315.0,5.25,0,1
2012-2013,2012,Non-urgent,3,Not Seen Or Left,Acute Myocardial Infarction,Not Admitted,0,460.0,7.6667,0,1
2012-2013,2012,Unknown,3,Not Seen Or Left,Acute Myocardial Infarction,Not Admitted,0,0.0,0.0,0,1
2012-2013,2012,CTAS III - Urgent,3,Not Seen Or Left,Asthma,Not Admitted,387,128.0,2.1333,0,0
2012-2013,2012,Less urgent,3,Not Seen Or Left,Asthma,Not Admitted,145,99.0,1.65,0,0
2012-2013,2012,Non-urgent,3,Not Seen Or Left,Asthma,Not Admitted,25,115.0,1.9167,0,0
2012-2013,2012,Unknown,3,Not Seen Or Left,Asthma,Not Admitted,14,38.0,0.6333,0,0
2012-2013,2012,CTAS III - Urgent,3,Not Seen Or Left,Influenzal Pneumonia,Not Admitted,0,126.0,2.1,0,1
2012-2013,2012,Less urgent,3,Not Seen Or Left,Influenzal Pneumonia,Not Admitted,0,194.0,3.2333,0,1
2012-2013,2012,Non-urgent,3,Not Seen Or Left,Influenzal Pneumonia,Not Admitted,0,0.0,0.0,0,1
2012-2013,2012,Unknown,3,Not Seen Or Left,Influenzal Pneumonia,Not Admitted,0,0.0,0.0,0,1
2012-2013,2012,CTAS III - Urgent,3,Not Seen Or Left,Motor Vehicle Collisions,Not Admitted,1657,132.0,2.2,0,0
2012-2013,2012,Less urgent,3,Not Seen Or Left,Motor Vehicle Collisions,Not Admitted,1507,121.0,2.0167,0,0
2012-2013,2012,Non-urgent,3,Not Seen Or Left,Motor Vehicle Collisions,Not Admitted,148,96.0,1.6,0,0
2012-2013,2012,Unknown,3,Not Seen Or Left,Motor Vehicle Collisions,Not Admitted,24,46.0,0.7667,0,0
2012-2013,2012,CTAS III - Urgent,3,Not Seen Or Left,Pneumonia,Not Admitted,165,230.0,3.8333,0,0
2012-2013,2012,Less urgent,3,Not Seen Or Left,Pneumonia,Not Admitted,97,184.0,3.0667,0,0
2012-2013,2012,Non-urgent,3,Not Seen Or Left,Pneumonia,Not Admitted,7,85.0,1.4167,0,0
2012-2013,2012,Unknown,3,Not Seen Or Left,Pneumonia,Not Admitted,7,37.0,0.6167,0,0
2012-2013,2012,CTAS III - Urgent,3,Not Seen Or Left,Trauma,Not Admitted,16786,125.0,2.0833,0,0
2012-2013,2012,Less urgent,3,Not Seen Or Left,Trauma,Not Admitted,27397,112.0,1.8667,0,0
2012-2013,2012,Non-urgent,3,Not Seen Or Left,Trauma,Not Admitted,3452,89.0,1.4833,0,0
2012-2013,2012,Unknown,3,Not Seen Or Left,Trauma,Not Admitted,804,24.0,0.4,0,0
2012-2013,2012,CTAS III - Urgent,3,Not Seen Or Left,Unintentional Falls,Not Admitted,4493,135.0,2.25,0,0
2012-2013,2012,Less urgent,3,Not Seen Or Left,Unintentional Falls,Not Admitted,5940,113.0,1.8833,0,0
2012-2013,2012,Non-urgent,3,Not Seen Or Left,Unintentional Falls,Not Admitted,524,90.0,1.5,0,0
2012-2013,2012,Unknown,3,Not Seen Or Left,Unintentional Falls,Not Admitted,87,40.0,0.6667,0,0
2012-2013,2012,CTAS III - Urgent,3,Transferred,Acute Myocardial Infarction,Not Admitted,1014,201.0,3.35,0,0
2012-2013,2012,Less urgent,3,Transferred,Acute Myocardial Infarction,Not Admitted,112,255.0,4.25,0,0
2012-2013,2012,Non-urgent,3,Transferred,Acute Myocardial Infarction,Not Admitted,9,172.0,2.8667,0,0
2012-2013,2012,Unknown,3,Transferred,Acute Myocardial Infarction,Not Admitted,74,136.0,2.2667,0,0
2012-2013,2012,CTAS III - Urgent,3,Transferred,Asthma,Not Admitted,198,296.0,4.9333,0,0
2012-2013,2012,Less urgent,3,Transferred,Asthma,Not Admitted,18,248.0,4.1333,0,0
2012-2013,2012,Non-urgent,3,Transferred,Asthma,Not Admitted,0,153.0,2.55,0,1
2012-2013,2012,Unknown,3,Transferred,Asthma,Not Admitted,0,102.0,1.7,0,1
2012-2013,2012,CTAS III - Urgent,3,Transferred,Influenzal Pneumonia,Not Admitted,6,202.0,3.3667,0,0
2012-2013,2012,Less urgent,3,Transferred,Influenzal Pneumonia,Not Admitted,0,274.0,4.5667,0,1
2012-2013,2012,Non-urgent,3,Transferred,Influenzal Pneumonia,Not Admitted,0,0.0,0.0,0,1
2012-2013,2012,Unknown,3,Transferred,Influenzal Pneumonia,Not Admitted,0,0.0,0.0,0,1
2012-2013,2012,CTAS III - Urgent,3,Transferred,Motor Vehicle Collisions,Not Admitted,1384,205.0,3.4167,0,0
2012-2013,2012,Less urgent,3,Transferred,Motor Vehicle Collisions,Not Admitted,318,186.0,3.1,0,0
2012-2013,2012,Non-urgent,3,Transferred,Motor Vehicle Collisions,Not Admitted,22,128.0,2.1333,0,0
2012-2013,2012,Unknown,3,Transferred,Motor Vehicle Collisions,Not Admitted,134,137.0,2.2833,0,0
2012-2013,2012,CTAS III - Urgent,3,Transferred,Pneumonia,Not Admitted,941,296.0,4.9333,0,0
2012-2013,2012,Less urgent,3,Transferred,Pneumonia,Not Admitted,196,305.0,5.0833,0,0
2012-2013,2012,Non-urgent,3,Transferred,Pneumonia,Not Admitted,17,168.0,2.8,0,0
2012-2013,2012,Unknown,3,Transferred,Pneumonia,Not Admitted,11,189.0,3.15,0,0
2012-2013,2012,CTAS III - Urgent,3,Transferred,Trauma,Not Admitted,9445,215.0,3.5833,0,0
2012-2013,2012,Less urgent,3,Transferred,Trauma,Not Admitted,3068,191.0,3.1833,0,0
2012-2013,2012,Non-urgent,3,Transferred,Trauma,Not Admitted,211,159.0,2.65,0,0
2012-2013,2012,Unknown,3,Transferred,Trauma,Not Admitted,404,132.0,2.2,0,0
2012-2013,2012,CTAS III - Urgent,3,Transferred,Unintentional Falls,Not Admitted,5046,242.0,4.0333,0,0
2012-2013,2012,Less urgent,3,Transferred,Unintentional Falls,Not Admitted,1503,225.0,3.75,0,0
2012-2013,2012,Non-urgent,3,Transferred,Unintentional Falls,Not Admitted,85,160.0,2.6667,0,0
2012-2013,2012,Unknown,3,Transferred,Unintentional Falls,Not Admitted,143,161.0,2.6833,0,0
2012-2013,2012,CTAS III - Urgent,3,Unknown,Acute Myocardial Infarction,Not Admitted,0,0.0,0.0,0,1
2012-2013,2012,Less urgent,3,Unknown,Acute Myocardial Infarction,Not Admitted,0,0.0,0.0,0,1
2012-2013,2012,Non-urgent,3,Unknown,Acute Myocardial Infarction,Not Admitted,0,0.0,0.0,0,1
2012-2013,2012,Unknown,3,Unknown,Acute Myocardial Infarction,Not Admitted,0,0.0,0.0,0,1
2012-2013,2012,CTAS III - Urgent,3,Unknown,Asthma,Not Admitted,0,0.0,0.0,0,1
2012-2013,2012,Less urgent,3,Unknown,Asthma,Not Admitted,0,0.0,0.0,0,1
2012-2013,2012,Non-urgent,3,Unknown,Asthma,Not Admitted,0,0.0,0.0,0,1
2012-2013,2012,Unknown,3,Unknown,Asthma,Not Admitted,0,0.0,0.0,0,1
2012-2013,2012,CTAS III - Urgent,3,Unknown,Influenzal Pneumonia,Not Admitted,0,0.0,0.0,0,1
2012-2013,2012,Less urgent,3,Unknown,Influenzal Pneumonia,Not Admitted,0,0.0,0.0,0,1
2012-2013,2012,Non-urgent,3,Unknown,Influenzal Pneumonia,Not Admitted,0,0.0,0.0,0,1
2012-2013,2012,Unknown,3,Unknown,Influenzal Pneumonia,Not Admitted,0,0.0,0.0,0,1
2012-2013,2012,CTAS III - Urgent,3,Unknown,Motor Vehicle Collisions,Not Admitted,0,0.0,0.0,0,1
2012-2013,2012,Less urgent,3,Unknown,Motor Vehicle Collisions,Not Admitted,0,0.0,0.0,0,1
2012-2013,2012,Non-urgent,3,Unknown,Motor Vehicle Collisions,Not Admitted,0,0.0,0.0,0,1
2012-2013,2012,Unknown,3,Unknown,Motor Vehicle Collisions,Not Admitted,0,0.0,0.0,0,1
2012-2013,2012,CTAS III - Urgent,3,Unknown,Pneumonia,Not Admitted,0,0.0,0.0,0,1
2012-2013,2012,Less urgent,3,Unknown,Pneumonia,Not Admitted,0,0.0,0.0,0,1
2012-2013,2012,Non-urgent,3,Unknown,Pneumonia,Not Admitted,0,0.0,0.0,0,1
2012-2013,2012,Unknown,3,Unknown,Pneumonia,Not Admitted,0,0.0,0.0,0,1
2012-2013,2012,CTAS III - Urgent,3,Unknown,Trauma,Not Admitted,0,0.0,0.0,0,1
2012-2013,2012,Less urgent,3,Unknown,Trauma,Not Admitted,0,0.0,0.0,0,1
2012-2013,2012,Non-urgent,3,Unknown,Trauma,Not Admitted,0,0.0,0.0,0,1
2012-2013,2012,Unknown,3,Unknown,Trauma,Not Admitted,0,0.0,0.0,0,1
2012-2013,2012,CTAS III - Urgent,3,Unknown,Unintentional Falls,Not Admitted,0,0.0,0.0,0,1
2012-2013,2012,Less urgent,3,Unknown,Unintentional Falls,Not Admitted,0,0.0,0.0,0,1
2012-2013,2012,Non-urgent,3,Unknown,Unintentional Falls,Not Admitted,0,0.0,0.0,0,1
2012-2013,2012,Unknown,3,Unknown,Unintentional Falls,Not Admitted,0,0.0,0.0,0,1
2011-2012,2011,CTAS I - Resuscitation,1,Admitted,Acute Myocardial Infarction,Admitted,896,103.0,1.7167,1,0
2011-2012,2011,CTAS I - Resuscitation,1,Admitted,Asthma,Admitted,430,436.0,7.2667,1,0
2011-2012,2011,CTAS I - Resuscitation,1,Admitted,Influenzal Pneumonia,Admitted,0,563.0,9.3833,1,1
2011-2012,2011,CTAS I - Resuscitation,1,Admitted,Motor Vehicle Collisions,Admitted,1970,253.0,4.2167,1,0
2011-2012,2011,CTAS I - Resuscitation,1,Admitted,Pneumonia,Admitted,1062,488.0,8.1333,1,0
2011-2012,2011,CTAS I - Resuscitation,1,Admitted,Trauma,Admitted,4882,253.0,4.2167,1,0
2011-2012,2011,CTAS I - Resuscitation,1,Admitted,Unintentional Falls,Admitted,1209,306.0,5.1,1,0
2011-2012,2011,CTAS I - Resuscitation,1,Death,Acute Myocardial Infarction,Not Admitted,519,29.0,0.4833,0,0
2011-2012,2011,CTAS I - Resuscitation,1,Death,Asthma,Not Admitted,0,23.0,0.3833,0,1
2011-2012,2011,CTAS I - Resuscitation,1,Death,Influenzal Pneumonia,Not Admitted,0,0.0,0.0,0,1
2011-2012,2011,CTAS I - Resuscitation,1,Death,Motor Vehicle Collisions,Not Admitted,228,46.0,0.7667,0,0
2011-2012,2011,CTAS I - Resuscitation,1,Death,Pneumonia,Not Admitted,38,169.0,2.8167,0,0
2011-2012,2011,CTAS I - Resuscitation,1,Death,Trauma,Not Admitted,586,40.0,0.6667,0,0
2011-2012,2011,CTAS I - Resuscitation,1,Death,Unintentional Falls,Not Admitted,79,230.0,3.8333,0,0
2011-2012,2011,CTAS I - Resuscitation,1,Discharged Home,Acute Myocardial Infarction,Not Admitted,21,173.0,2.8833,0,0
2011-2012,2011,CTAS I - Resuscitation,1,Discharged Home,Asthma,Not Admitted,334,224.0,3.7333,0,0
2011-2012,2011,CTAS I - Resuscitation,1,Discharged Home,Influenzal Pneumonia,Not Admitted,0,0.0,0.0,0,1
2011-2012,2011,CTAS I - Resuscitation,1,Discharged Home,Motor Vehicle Collisions,Not Admitted,421,263.0,4.3833,0,0
2011-2012,2011,CTAS I - Resuscitation,1,Discharged Home,Pneumonia,Not Admitted,109,239.0,3.9833,0,0
2011-2012,2011,CTAS I - Resuscitation,1,Discharged Home,Trauma,Not Admitted,2418,243.0,4.05,0,0
2011-2012,2011,CTAS I - Resuscitation,1,Discharged Home,Unintentional Falls,Not Admitted,404,261.0,4.35,0,0
2011-2012,2011,CTAS I - Resuscitation,1,Intra-Facility Transfer,Acute Myocardial Infarction,Not Admitted,25,13.0,0.2167,0,0
2011-2012,2011,CTAS I - Resuscitation,1,Intra-Facility Transfer,Asthma,Not Admitted,0,147.0,2.45,0,1
2011-2012,2011,CTAS I - Resuscitation,1,Intra-Facility Transfer,Influenzal Pneumonia,Not Admitted,0,0.0,0.0,0,1
2011-2012,2011,CTAS I - Resuscitation,1,Intra-Facility Transfer,Motor Vehicle Collisions,Not Admitted,8,272.0,4.5333,0,0
2011-2012,2011,CTAS I - Resuscitation,1,Intra-Facility Transfer,Pneumonia,Not Admitted,0,180.0,3.0,0,1
2011-2012,2011,CTAS I - Resuscitation,1,Intra-Facility Transfer,Trauma,Not Admitted,46,208.0,3.4667,0,0
2011-2012,2011,CTAS I - Resuscitation,1,Intra-Facility Transfer,Unintentional Falls,Not Admitted,0,154.0,2.5667,0,1
2011-2012,2011,CTAS I - Resuscitation,1,Not Seen Or Left,Acute Myocardial Infarction,Not Admitted,0,404.0,6.7333,0,1
2011-2012,2011,CTAS I - Resuscitation,1,Not Seen Or Left,Asthma,Not Admitted,6,170.0,2.8333,0,0
2011-2012,2011,CTAS I - Resuscitation,1,Not Seen Or Left,Influenzal Pneumonia,Not Admitted,0,0.0,0.0,0,1
2011-2012,2011,CTAS I - Resuscitation,1,Not Seen Or Left,Motor Vehicle Collisions,Not Admitted,5,320.0,5.3333,0,0
2011-2012,2011,CTAS I - Resuscitation,1,Not Seen Or Left,Pneumonia,Not Admitted,0,0.0,0.0,0,1
2011-2012,2011,CTAS I - Resuscitation,1,Not Seen Or Left,Trauma,Not Admitted,43,274.0,4.5667,0,0
2011-2012,2011,CTAS I - Resuscitation,1,Not Seen Or Left,Unintentional Falls,Not Admitted,0,301.0,5.0167,0,1
2011-2012,2011,CTAS I - Resuscitation,1,Transferred,Acute Myocardial Infarction,Not Admitted,612,74.0,1.2333,0,0
2011-2012,2011,CTAS I - Resuscitation,1,Transferred,Asthma,Not Admitted,48,198.0,3.3,0,0
2011-2012,2011,CTAS I - Resuscitation,1,Transferred,Influenzal Pneumonia,Not Admitted,0,0.0,0.0,0,1
2011-2012,2011,CTAS I - Resuscitation,1,Transferred,Motor Vehicle Collisions,Not Admitted,498,126.0,2.1,0,0
2011-2012,2011,CTAS I - Resuscitation,1,Transferred,Pneumonia,Not Admitted,62,241.0,4.0167,0,0
2011-2012,2011,CTAS I - Resuscitation,1,Transferred,Trauma,Not Admitted,1219,136.0,2.2667,0,0
2011-2012,2011,CTAS I - Resuscitation,1,Transferred,Unintentional Falls,Not Admitted,255,177.0,2.95,0,0
2011-2012,2011,CTAS I - Resuscitation,1,Unknown,Acute Myocardial Infarction,Not Admitted,0,0.0,0.0,0,1
2011-2012,2011,CTAS I - Resuscitation,1,Unknown,Asthma,Not Admitted,0,0.0,0.0,0,1
2011-2012,2011,CTAS I - Resuscitation,1,Unknown,Influenzal Pneumonia,Not Admitted,0,0.0,0.0,0,1
2011-2012,2011,CTAS I - Resuscitation,1,Unknown,Motor Vehicle Collisions,Not Admitted,0,0.0,0.0,0,1
2011-2012,2011,CTAS I - Resuscitation,1,Unknown,Pneumonia,Not Admitted,0,0.0,0.0,0,1
2011-2012,2011,CTAS I - Resuscitation,1,Unknown,Trauma,Not Admitted,0,0.0,0.0,0,1
2011-2012,2011,CTAS I - Resuscitation,1,Unknown,Unintentional Falls,Not Admitted,0,0.0,0.0,0,1
2011-2012,2011,CTAS II - Emergent,2,Admitted,Acute Myocardial Infarction,Admitted,9805,482.0,8.0333,1,0
2011-2012,2011,CTAS II - Emergent,2,Admitted,Asthma,Admitted,3176,498.0,8.3,1,0
2011-2012,2011,CTAS II - Emergent,2,Admitted,Influenzal Pneumonia,Admitted,12,544.0,9.0667,1,0
2011-2012,2011,CTAS II - Emergent,2,Admitted,Motor Vehicle Collisions,Admitted,4471,408.0,6.8,1,0
2011-2012,2011,CTAS II - Emergent,2,Admitted,Pneumonia,Admitted,14562,676.0,11.2667,1,0
2011-2012,2011,CTAS II - Emergent,2,Admitted,Trauma,Admitted,21553,456.0,7.6,1,0
2011-2012,2011,CTAS II - Emergent,2,Admitted,Unintentional Falls,Admitted,11145,509.0,8.4833,1,0
2011-2012,2011,CTAS II - Emergent,2,Death,Acute Myocardial Infarction,Not Admitted,107,150.0,2.5,0,0
2011-2012,2011,CTAS II - Emergent,2,Death,Asthma,Not Admitted,0,0.0,0.0,0,1
2011-2012,2011,CTAS II - Emergent,2,Death,Influenzal Pneumonia,Not Admitted,0,117.0,1.95,0,1
2011-2012,2011,CTAS II - Emergent,2,Death,Motor Vehicle Collisions,Not Admitted,8,187.0,3.1167,0,0
2011-2012,2011,CTAS II - Emergent,2,Death,Pneumonia,Not Admitted,45,274.0,4.5667,0,0
2011-2012,2011,CTAS II - Emergent,2,Death,Trauma,Not Admitted,45,262.0,4.3667,0,0
2011-2012,2011,CTAS II - Emergent,2,Death,Unintentional Falls,Not Admitted,25,319.0,5.3167,0,0
2011-2012,2011,CTAS II - Emergent,2,Discharged Home,Acute Myocardial Infarction,Not Admitted,375,342.0,5.7,0,0
2011-2012,2011,CTAS II - Emergent,2,Discharged Home,Asthma,Not Admitted,12985,192.0,3.2,0,0
2011-2012,2011,CTAS II - Emergent,2,Discharged Home,Influenzal Pneumonia,Not Admitted,31,243.0,4.05,0,0
2011-2012,2011,CTAS II - Emergent,2,Discharged Home,Motor Vehicle Collisions,Not Admitted,21188,184.0,3.0667,0,0
2011-2012,2011,CTAS II - Emergent,2,Discharged Home,Pneumonia,Not Admitted,11866,225.0,3.75,0,0
2011-2012,2011,CTAS II - Emergent,2,Discharged Home,Trauma,Not Admitted,116786,170.0,2.8333,0,0
2011-2012,2011,CTAS II - Emergent,2,Discharged Home,Unintentional Falls,Not Admitted,33973,198.0,3.3,0,0
2011-2012,2011,CTAS II - Emergent,2,Intra-Facility Transfer,Acute Myocardial Infarction,Not Admitted,97,59.0,0.9833,0,0
2011-2012,2011,CTAS II - Emergent,2,Intra-Facility Transfer,Asthma,Not Admitted,66,179.0,2.9833,0,0
2011-2012,2011,CTAS II - Emergent,2,Intra-Facility Transfer,Influenzal Pneumonia,Not Admitted,0,0.0,0.0,0,1
2011-2012,2011,CTAS II - Emergent,2,Intra-Facility Transfer,Motor Vehicle Collisions,Not Admitted,50,206.0,3.4333,0,0
2011-2012,2011,CTAS II - Emergent,2,Intra-Facility Transfer,Pneumonia,Not Admitted,53,220.0,3.6667,0,0
2011-2012,2011,CTAS II - Emergent,2,Intra-Facility Transfer,Trauma,Not Admitted,759,206.0,3.4333,0,0
2011-2012,2011,CTAS II - Emergent,2,Intra-Facility Transfer,Unintentional Falls,Not Admitted,135,244.0,4.0667,0,0
2011-2012,2011,CTAS II - Emergent,2,Not Seen Or Left,Acute Myocardial Infarction,Not Admitted,51,345.0,5.75,0,0
2011-2012,2011,CTAS II - Emergent,2,Not Seen Or Left,Asthma,Not Admitted,144,160.0,2.6667,0,0
2011-2012,2011,CTAS II - Emergent,2,Not Seen Or Left,Influenzal Pneumonia,Not Admitted,0,0.0,0.0,0,1
2011-2012,2011,CTAS II - Emergent,2,Not Seen Or Left,Motor Vehicle Collisions,Not Admitted,316,152.0,2.5333,0,0
2011-2012,2011,CTAS II - Emergent,2,Not Seen Or Left,Pneumonia,Not Admitted,80,289.0,4.8167,0,0
2011-2012,2011,CTAS II - Emergent,2,Not Seen Or Left,Trauma,Not Admitted,2389,136.0,2.2667,0,0
2011-2012,2011,CTAS II - Emergent,2,Not Seen Or Left,Unintentional Falls,Not Admitted,587,160.0,2.6667,0,0
2011-2012,2011,CTAS II - Emergent,2,Transferred,Acute Myocardial Infarction,Not Admitted,3336,116.0,1.9333,0,0
2011-2012,2011,CTAS II - Emergent,2,Transferred,Asthma,Not Admitted,318,256.0,4.2667,0,0
2011-2012,2011,CTAS II - Emergent,2,Transferred,Influenzal Pneumonia,Not Admitted,0,227.0,3.7833,0,1
2011-2012,2011,CTAS II - Emergent,2,Transferred,Motor Vehicle Collisions,Not Admitted,1777,200.0,3.3333,0,0
2011-2012,2011,CTAS II - Emergent,2,Transferred,Pneumonia,Not Admitted,949,244.0,4.0667,0,0
2011-2012,2011,CTAS II - Emergent,2,Transferred,Trauma,Not Admitted,6325,194.0,3.2333,0,0
2011-2012,2011,CTAS II - Emergent,2,Transferred,Unintentional Falls,Not Admitted,2239,223.0,3.7167,0,0
2011-2012,2011,CTAS II - Emergent,2,Unknown,Acute Myocardial Infarction,Not Admitted,0,0.0,0.0,0,1
2011-2012,2011,CTAS II - Emergent,2,Unknown,Asthma,Not Admitted,0,0.0,0.0,0,1
2011-2012,2011,CTAS II - Emergent,2,Unknown,Influenzal Pneumonia,Not Admitted,0,0.0,0.0,0,1
2011-2012,2011,CTAS II - Emergent,2,Unknown,Motor Vehicle Collisions,Not Admitted,0,0.0,0.0,0,1
2011-2012,2011,CTAS II - Emergent,2,Unknown,Pneumonia,Not Admitted,0,0.0,0.0,0,1
2011-2012,2011,CTAS II - Emergent,2,Unknown,Trauma,Not Admitted,0,0.0,0.0,0,1
2011-2012,2011,CTAS II - Emergent,2,Unknown,Unintentional Falls,Not Admitted,0,0.0,0.0,0,1
2011-2012,2011,CTAS III - Urgent,3,Admitted,Acute Myocardial Infarction,Admitted,3980,534.0,8.9,1,0
2011-2012,2011,Less urgent,3,Admitted,Acute Myocardial Infarction,Admitted,399,420.0,7.0,1,0
2011-2012,2011,Non-urgent,3,Admitted,Acute Myocardial Infarction,Admitted,48,297.0,4.95,1,0
2011-2012,2011,Unknown,3,Admitted,Acute Myocardial Infarction,Admitted,76,192.0,3.2,1,0
2011-2012,2011,CTAS III - Urgent,3,Admitted,Asthma,Admitted,1692,511.0,8.5167,1,0
2011-2012,2011,Less urgent,3,Admitted,Asthma,Admitted,161,305.0,5.0833,1,0
2011-2012,2011,Non-urgent,3,Admitted,Asthma,Admitted,20,202.0,3.3667,1,0
2011-2012,2011,Unknown,3,Admitted,Asthma,Admitted,24,110.0,1.8333,1,0
2011-2012,2011,CTAS III - Urgent,3,Admitted,Influenzal Pneumonia,Admitted,11,523.0,8.7167,1,0
2011-2012,2011,Less urgent,3,Admitted,Influenzal Pneumonia,Admitted,0,1182.0,19.7,1,1
2011-2012,2011,Non-urgent,3,Admitted,Influenzal Pneumonia,Admitted,0,0.0,0.0,1,1
2011-2012,2011,Unknown,3,Admitted,Influenzal Pneumonia,Admitted,0,0.0,0.0,1,1
2011-2012,2011,CTAS III - Urgent,3,Admitted,Motor Vehicle Collisions,Admitted,2776,384.0,6.4,1,0
2011-2012,2011,Less urgent,3,Admitted,Motor Vehicle Collisions,Admitted,524,312.0,5.2,1,0
2011-2012,2011,Non-urgent,3,Admitted,Motor Vehicle Collisions,Admitted,41,183.0,3.05,1,0
2011-2012,2011,Unknown,3,Admitted,Motor Vehicle Collisions,Admitted,76,178.0,2.9667,1,0
2011-2012,2011,CTAS III - Urgent,3,Admitted,Pneumonia,Admitted,14664,601.0,10.0167,1,0
2011-2012,2011,Less urgent,3,Admitted,Pneumonia,Admitted,1832,313.0,5.2167,1,0
2011-2012,2011,Non-urgent,3,Admitted,Pneumonia,Admitted,176,238.0,3.9667,1,0
2011-2012,2011,Unknown,3,Admitted,Pneumonia,Admitted,254,160.0,2.6667,1,0
2011-2012,2011,CTAS III - Urgent,3,Admitted,Trauma,Admitted,35873,457.0,7.6167,1,0
2011-2012,2011,Less urgent,3,Admitted,Trauma,Admitted,7513,370.0,6.1667,1,0
2011-2012,2011,Non-urgent,3,Admitted,Trauma,Admitted,579,246.0,4.1,1,0
2011-2012,2011,Unknown,3,Admitted,Trauma,Admitted,465,163.0,2.7167,1,0
2011-2012,2011,CTAS III - Urgent,3,Admitted,Unintentional Falls,Admitted,25348,484.0,8.0667,1,0
2011-2012,2011,Less urgent,3,Admitted,Unintentional Falls,Admitted,4759,396.0,6.6,1,0
2011-2012,2011,Non-urgent,3,Admitted,Unintentional Falls,Admitted,261,263.0,4.3833,1,0
2011-2012,2011,Unknown,3,Admitted,Unintentional Falls,Admitted,269,163.0,2.7167,1,0
2011-2012,2011,CTAS III - Urgent,3,Death,Acute Myocardial Infarction,Not Admitted,34,214.0,3.5667,0,0
2011-2012,2011,Less urgent,3,Death,Acute Myocardial Infarction,Not Admitted,0,1173.0,19.55,0,1
2011-2012,2011,Non-urgent,3,Death,Acute Myocardial Infarction,Not Admitted,0,54.0,0.9,0,1
2011-2012,2011,Unknown,3,Death,Acute Myocardial Infarction,Not Admitted,11,14.0,0.2333,0,0
2011-2012,2011,CTAS III - Urgent,3,Death,Asthma,Not Admitted,0,0.0,0.0,0,1
2011-2012,2011,Less urgent,3,Death,Asthma,Not Admitted,0,0.0,0.0,0,1
2011-2012,2011,Non-urgent,3,Death,Asthma,Not Admitted,0,0.0,0.0,0,1
2011-2012,2011,Unknown,3,Death,Asthma,Not Admitted,0,0.0,0.0,0,1
2011-2012,2011,CTAS III - Urgent,3,Death,Influenzal Pneumonia,Not Admitted,0,0.0,0.0,0,1
2011-2012,2011,Less urgent,3,Death,Influenzal Pneumonia,Not Admitted,0,0.0,0.0,0,1
2011-2012,2011,Non-urgent,3,Death,Influenzal Pneumonia,Not Admitted,0,0.0,0.0,0,1
2011-2012,2011,Unknown,3,Death,Influenzal Pneumonia,Not Admitted,0,0.0,0.0,0,1
2011-2012,2011,CTAS III - Urgent,3,Death,Motor Vehicle Collisions,Not Admitted,0,0.0,0.0,0,1
2011-2012,2011,Less urgent,3,Death,Motor Vehicle Collisions,Not Admitted,0,0.0,0.0,0,1
2011-2012,2011,Non-urgent,3,Death,Motor Vehicle Collisions,Not Admitted,0,232.0,3.8667,0,1
2011-2012,2011,Unknown,3,Death,Motor Vehicle Collisions,Not Admitted,0,38.0,0.6333,0,1
2011-2012,2011,CTAS III - Urgent,3,Death,Pneumonia,Not Admitted,16,385.0,6.4167,0,0
2011-2012,2011,Less urgent,3,Death,Pneumonia,Not Admitted,0,125.0,2.0833,0,1
2011-2012,2011,Non-urgent,3,Death,Pneumonia,Not Admitted,0,39.0,0.65,0,1
2011-2012,2011,Unknown,3,Death,Pneumonia,Not Admitted,0,0.0,0.0,0,1
2011-2012,2011,CTAS III - Urgent,3,Death,Trauma,Not Admitted,12,254.0,4.2333,0,0
2011-2012,2011,Less urgent,3,Death,Trauma,Not Admitted,7,45.0,0.75,0,0
2011-2012,2011,Non-urgent,3,Death,Trauma,Not Admitted,9,71.0,1.1833,0,0
2011-2012,2011,Unknown,3,Death,Trauma,Not Admitted,11,34.0,0.5667,0,0
2011-2012,2011,CTAS III - Urgent,3,Death,Unintentional Falls,Not Admitted,8,246.0,4.1,0,0
2011-2012,2011,Less urgent,3,Death,Unintentional Falls,Not Admitted,0,223.0,3.7167,0,1
2011-2012,2011,Non-urgent,3,Death,Unintentional Falls,Not Admitted,0,0.0,0.0,0,1
2011-2012,2011,Unknown,3,Death,Unintentional Falls,Not Admitted,0,102.0,1.7,0,1
2011-2012,2011,CTAS III - Urgent,3,Discharged Home,Acute Myocardial Infarction,Not Admitted,212,394.0,6.5667,0,0
2011-2012,2011,Less urgent,3,Discharged Home,Acute Myocardial Infarction,Not Admitted,32,286.0,4.7667,0,0
2011-2012,2011,Non-urgent,3,Discharged Home,Acute Myocardial Infarction,Not Admitted,8,158.0,2.6333,0,0
2011-2012,2011,Unknown,3,Discharged Home,Acute Myocardial Infarction,Not Admitted,21,77.0,1.2833,0,0
2011-2012,2011,CTAS III - Urgent,3,Discharged Home,Asthma,Not Admitted,30619,153.0,2.55,0,0
2011-2012,2011,Less urgent,3,Discharged Home,Asthma,Not Admitted,16287,103.0,1.7167,0,0
2011-2012,2011,Non-urgent,3,Discharged Home,Asthma,Not Admitted,2450,73.0,1.2167,0,0
2011-2012,2011,Unknown,3,Discharged Home,Asthma,Not Admitted,780,69.0,1.15,0,0
2011-2012,2011,CTAS III - Urgent,3,Discharged Home,Influenzal Pneumonia,Not Admitted,126,164.0,2.7333,0,0
2011-2012,2011,Less urgent,3,Discharged Home,Influenzal Pneumonia,Not Admitted,62,124.0,2.0667,0,0
2011-2012,2011,Non-urgent,3,Discharged Home,Influenzal Pneumonia,Not Admitted,9,66.0,1.1,0,0
2011-2012,2011,Unknown,3,Discharged Home,Influenzal Pneumonia,Not Admitted,0,50.0,0.8333,0,1
2011-2012,2011,CTAS III - Urgent,3,Discharged Home,Motor Vehicle Collisions,Not Admitted,59660,146.0,2.4333,0,0
2011-2012,2011,Less urgent,3,Discharged Home,Motor Vehicle Collisions,Not Admitted,53745,115.0,1.9167,0,0
2011-2012,2011,Non-urgent,3,Discharged Home,Motor Vehicle Collisions,Not Admitted,4354,90.0,1.5,0,0
2011-2012,2011,Unknown,3,Discharged Home,Motor Vehicle Collisions,Not Admitted,1322,81.0,1.35,0,0
2011-2012,2011,CTAS III - Urgent,3,Discharged Home,Pneumonia,Not Admitted,41237,181.0,3.0167,0,0
2011-2012,2011,Less urgent,3,Discharged Home,Pneumonia,Not Admitted,25175,123.0,2.05,0,0
2011-2012,2011,Non-urgent,3,Discharged Home,Pneumonia,Not Admitted,2536,97.0,1.6167,0,0
2011-2012,2011,Unknown,3,Discharged Home,Pneumonia,Not Admitted,771,95.0,1.5833,0,0
2011-2012,2011,CTAS III - Urgent,3,Discharged Home,Trauma,Not Admitted,533192,137.0,2.2833,0,0
2011-2012,2011,Less urgent,3,Discharged Home,Trauma,Not Admitted,897291,108.0,1.8,0,0
2011-2012,2011,Non-urgent,3,Discharged Home,Trauma,Not Admitted,96422,83.0,1.3833,0,0
2011-2012,2011,Unknown,3,Discharged Home,Trauma,Not Admitted,19238,69.0,1.15,0,0
2011-2012,2011,CTAS III - Urgent,3,Discharged Home,Unintentional Falls,Not Admitted,183346,156.0,2.6,0,0
2011-2012,2011,Less urgent,3,Discharged Home,Unintentional Falls,Not Admitted,244412,118.0,1.9667,0,0
2011-2012,2011,Non-urgent,3,Discharged Home,Unintentional Falls,Not Admitted,19227,92.0,1.5333,0,0
2011-2012,2011,Unknown,3,Discharged Home,Unintentional Falls,Not Admitted,3747,74.0,1.2333,0,0
2011-2012,2011,CTAS III - Urgent,3,Intra-Facility Transfer,Acute Myocardial Infarction,Not Admitted,10,226.0,3.7667,0,0
2011-2012,2011,Less urgent,3,Intra-Facility Transfer,Acute Myocardial Infarction,Not Admitted,0,101.0,1.6833,0,1
2011-2012,2011,Non-urgent,3,Intra-Facility Transfer,Acute Myocardial Infarction,Not Admitted,0,6.0,0.1,0,1
2011-2012,2011,Unknown,3,Intra-Facility Transfer,Acute Myocardial Infarction,Not Admitted,0,0.0,0.0,0,1
2011-2012,2011,CTAS III - Urgent,3,Intra-Facility Transfer,Asthma,Not Admitted,39,156.0,2.6,0,0
2011-2012,2011,Less urgent,3,Intra-Facility Transfer,Asthma,Not Admitted,0,76.0,1.2667,0,1
2011-2012,2011,Non-urgent,3,Intra-Facility Transfer,Asthma,Not Admitted,0,0.0,0.0,0,1
2011-2012,2011,Unknown,3,Intra-Facility Transfer,Asthma,Not Admitted,0,0.0,0.0,0,1
2011-2012,2011,CTAS III - Urgent,3,Intra-Facility Transfer,Influenzal Pneumonia,Not Admitted,0,0.0,0.0,0,1
2011-2012,2011,Less urgent,3,Intra-Facility Transfer,Influenzal Pneumonia,Not Admitted,0,0.0,0.0,0,1
2011-2012,2011,Non-urgent,3,Intra-Facility Transfer,Influenzal Pneumonia,Not Admitted,0,0.0,0.0,0,1
2011-2012,2011,Unknown,3,Intra-Facility Transfer,Influenzal Pneumonia,Not Admitted,0,0.0,0.0,0,1
2011-2012,2011,CTAS III - Urgent,3,Intra-Facility Transfer,Motor Vehicle Collisions,Not Admitted,95,194.0,3.2333,0,0
2011-2012,2011,Less urgent,3,Intra-Facility Transfer,Motor Vehicle Collisions,Not Admitted,65,134.0,2.2333,0,0
2011-2012,2011,Non-urgent,3,Intra-Facility Transfer,Motor Vehicle Collisions,Not Admitted,9,80.0,1.3333,0,0
2011-2012,2011,Unknown,3,Intra-Facility Transfer,Motor Vehicle Collisions,Not Admitted,6,150.0,2.5,0,0
2011-2012,2011,CTAS III - Urgent,3,Intra-Facility Transfer,Pneumonia,Not Admitted,54,265.0,4.4167,0,0
2011-2012,2011,Less urgent,3,Intra-Facility Transfer,Pneumonia,Not Admitted,6,604.0,10.0667,0,0
2011-2012,2011,Non-urgent,3,Intra-Facility Transfer,Pneumonia,Not Admitted,0,51.0,0.85,0,1
2011-2012,2011,Unknown,3,Intra-Facility Transfer,Pneumonia,Not Admitted,0,0.0,0.0,0,1
2011-2012,2011,CTAS III - Urgent,3,Intra-Facility Transfer,Trauma,Not Admitted,1817,209.0,3.4833,0,0
2011-2012,2011,Less urgent,3,Intra-Facility Transfer,Trauma,Not Admitted,1056,153.0,2.55,0,0
2011-2012,2011,Non-urgent,3,Intra-Facility Transfer,Trauma,Not Admitted,226,106.0,1.7667,0,0
2011-2012,2011,Unknown,3,Intra-Facility Transfer,Trauma,Not Admitted,44,93.0,1.55,0,0
2011-2012,2011,CTAS III - Urgent,3,Intra-Facility Transfer,Unintentional Falls,Not Admitted,510,222.0,3.7,0,0
2011-2012,2011,Less urgent,3,Intra-Facility Transfer,Unintentional Falls,Not Admitted,321,164.0,2.7333,0,0
2011-2012,2011,Non-urgent,3,Intra-Facility Transfer,Unintentional Falls,Not Admitted,69,110.0,1.8333,0,0
2011-2012,2011,Unknown,3,Intra-Facility Transfer,Unintentional Falls,Not Admitted,11,65.0,1.0833,0,0
2011-2012,2011,CTAS III - Urgent,3,Not Seen Or Left,Acute Myocardial Infarction,Not Admitted,34,370.0,6.1667,0,0
2011-2012,2011,Less urgent,3,Not Seen Or Left,Acute Myocardial Infarction,Not Admitted,6,180.0,3.0,0,0
2011-2012,2011,Non-urgent,3,Not Seen Or Left,Acute Myocardial Infarction,Not Admitted,0,193.0,3.2167,0,1
2011-2012,2011,Unknown,3,Not Seen Or Left,Acute Myocardial Infarction,Not Admitted,0,186.0,3.1,0,1
2011-2012,2011,CTAS III - Urgent,3,Not Seen Or Left,Asthma,Not Admitted,461,126.0,2.1,0,0
2011-2012,2011,Less urgent,3,Not Seen Or Left,Asthma,Not Admitted,185,92.0,1.5333,0,0
2011-2012,2011,Non-urgent,3,Not Seen Or Left,Asthma,Not Admitted,18,127.0,2.1167,0,0
2011-2012,2011,Unknown,3,Not Seen Or Left,Asthma,Not Admitted,5,61.0,1.0167,0,0
2011-2012,2011,CTAS III - Urgent,3,Not Seen Or Left,Influenzal Pneumonia,Not Admitted,0,0.0,0.0,0,1
2011-2012,2011,Less urgent,3,Not Seen Or Left,Influenzal Pneumonia,Not Admitted,0,30.0,0.5,0,1
2011-2012,2011,Non-urgent,3,Not Seen Or Left,Influenzal Pneumonia,Not Admitted,0,0.0,0.0,0,1
2011-2012,2011,Unknown,3,Not Seen Or Left,Influenzal Pneumonia,Not Admitted,0,0.0,0.0,0,1
2011-2012,2011,CTAS III - Urgent,3,Not Seen Or Left,Motor Vehicle Collisions,Not Admitted,1574,136.0,2.2667,0,0
2011-2012,2011,Less urgent,3,Not Seen Or Left,Motor Vehicle Collisions,Not Admitted,1709,123.0,2.05,0,0
2011-2012,2011,Non-urgent,3,Not Seen Or Left,Motor Vehicle Collisions,Not Admitted,137,85.0,1.4167,0,0
2011-2012,2011,Unknown,3,Not Seen Or Left,Motor Vehicle Collisions,Not Admitted,30,39.0,0.65,0,0
2011-2012,2011,CTAS III - Urgent,3,Not Seen Or Left,Pneumonia,Not Admitted,156,236.0,3.9333,0,0
2011-2012,2011,Less urgent,3,Not Seen Or Left,Pneumonia,Not Admitted,77,158.0,2.6333,0,0
2011-2012,2011,Non-urgent,3,Not Seen Or Left,Pneumonia,Not Admitted,9,171.0,2.85,0,0
2011-2012,2011,Unknown,3,Not Seen Or Left,Pneumonia,Not Admitted,0,37.0,0.6167,0,1
2011-2012,2011,CTAS III - Urgent,3,Not Seen Or Left,Trauma,Not Admitted,16518,127.0,2.1167,0,0
2011-2012,2011,Less urgent,3,Not Seen Or Left,Trauma,Not Admitted,29453,113.0,1.8833,0,0
2011-2012,2011,Non-urgent,3,Not Seen Or Left,Trauma,Not Admitted,3656,92.0,1.5333,0,0
2011-2012,2011,Unknown,3,Not Seen Or Left,Trauma,Not Admitted,876,24.0,0.4,0,0
2011-2012,2011,CTAS III - Urgent,3,Not Seen Or Left,Unintentional Falls,Not Admitted,4369,135.0,2.25,0,0
2011-2012,2011,Less urgent,3,Not Seen Or Left,Unintentional Falls,Not Admitted,6235,116.0,1.9333,0,0
2011-2012,2011,Non-urgent,3,Not Seen Or Left,Unintentional Falls,Not Admitted,548,93.0,1.55,0,0
2011-2012,2011,Unknown,3,Not Seen Or Left,Unintentional Falls,Not Admitted,96,48.0,0.8,0,0
2011-2012,2011,CTAS III - Urgent,3,Transferred,Acute Myocardial Infarction,Not Admitted,866,204.0,3.4,0,0
2011-2012,2011,Less urgent,3,Transferred,Acute Myocardial Infarction,Not Admitted,89,261.0,4.35,0,0
2011-2012,2011,Non-urgent,3,Transferred,Acute Myocardial Infarction,Not Admitted,6,204.0,3.4,0,0
2011-2012,2011,Unknown,3,Transferred,Acute Myocardial Infarction,Not Admitted,66,143.0,2.3833,0,0
2011-2012,2011,CTAS III - Urgent,3,Transferred,Asthma,Not Admitted,156,321.0,5.35,0,0
2011-2012,2011,Less urgent,3,Transferred,Asthma,Not Admitted,14,314.0,5.2333,0,0
2011-2012,2011,Non-urgent,3,Transferred,Asthma,Not Admitted,0,0.0,0.0,0,1
2011-2012,2011,Unknown,3,Transferred,Asthma,Not Admitted,0,186.0,3.1,0,1
2011-2012,2011,CTAS III - Urgent,3,Transferred,Influenzal Pneumonia,Not Admitted,0,0.0,0.0,0,1
2011-2012,2011,Less urgent,3,Transferred,Influenzal Pneumonia,Not Admitted,0,143.0,2.3833,0,1
2011-2012,2011,Non-urgent,3,Transferred,Influenzal Pneumonia,Not Admitted,0,0.0,0.0,0,1
2011-2012,2011,Unknown,3,Transferred,Influenzal Pneumonia,Not Admitted,0,0.0,0.0,0,1
2011-2012,2011,CTAS III - Urgent,3,Transferred,Motor Vehicle Collisions,Not Admitted,1357,198.0,3.3,0,0
2011-2012,2011,Less urgent,3,Transferred,Motor Vehicle Collisions,Not Admitted,268,192.0,3.2,0,0
2011-2012,2011,Non-urgent,3,Transferred,Motor Vehicle Collisions,Not Admitted,24,139.0,2.3167,0,0
2011-2012,2011,Unknown,3,Transferred,Motor Vehicle Collisions,Not Admitted,86,152.0,2.5333,0,0
2011-2012,2011,CTAS III - Urgent,3,Transferred,Pneumonia,Not Admitted,916,288.0,4.8,0,0
2011-2012,2011,Less urgent,3,Transferred,Pneumonia,Not Admitted,171,262.0,4.3667,0,0
2011-2012,2011,Non-urgent,3,Transferred,Pneumonia,Not Admitted,13,285.0,4.75,0,0
2011-2012,2011,Unknown,3,Transferred,Pneumonia,Not Admitted,21,192.0,3.2,0,0
2011-2012,2011,CTAS III - Urgent,3,Transferred,Trauma,Not Admitted,9156,215.0,3.5833,0,0
2011-2012,2011,Less urgent,3,Transferred,Trauma,Not Admitted,3072,190.0,3.1667,0,0
2011-2012,2011,Non-urgent,3,Transferred,Trauma,Not Admitted,209,140.0,2.3333,0,0
2011-2012,2011,Unknown,3,Transferred,Trauma,Not Admitted,369,150.0,2.5,0,0
2011-2012,2011,CTAS III - Urgent,3,Transferred,Unintentional Falls,Not Admitted,4783,247.0,4.1167,0,0
2011-2012,2011,Less urgent,3,Transferred,Unintentional Falls,Not Admitted,1491,229.0,3.8167,0,0
2011-2012,2011,Non-urgent,3,Transferred,Unintentional Falls,Not Admitted,83,150.0,2.5,0,0
2011-2012,2011,Unknown,3,Transferred,Unintentional Falls,Not Admitted,155,165.0,2.75,0,0
2011-2012,2011,CTAS III - Urgent,3,Unknown,Acute Myocardial Infarction,Not Admitted,0,0.0,0.0,0,1
2011-2012,2011,Less urgent,3,Unknown,Acute Myocardial Infarction,Not Admitted,0,0.0,0.0,0,1
2011-2012,2011,Non-urgent,3,Unknown,Acute Myocardial Infarction,Not Admitted,0,0.0,0.0,0,1
2011-2012,2011,Unknown,3,Unknown,Acute Myocardial Infarction,Not Admitted,0,0.0,0.0,0,1
2011-2012,2011,CTAS III - Urgent,3,Unknown,Asthma,Not Admitted,0,0.0,0.0,0,1
2011-2012,2011,Less urgent,3,Unknown,Asthma,Not Admitted,0,0.0,0.0,0,1
2011-2012,2011,Non-urgent,3,Unknown,Asthma,Not Admitted,0,0.0,0.0,0,1
2011-2012,2011,Unknown,3,Unknown,Asthma,Not Admitted,0,0.0,0.0,0,1
2011-2012,2011,CTAS III - Urgent,3,Unknown,Influenzal Pneumonia,Not Admitted,0,0.0,0.0,0,1
2011-2012,2011,Less urgent,3,Unknown,Influenzal Pneumonia,Not Admitted,0,0.0,0.0,0,1
2011-2012,2011,Non-urgent,3,Unknown,Influenzal Pneumonia,Not Admitted,0,0.0,0.0,0,1
2011-2012,2011,Unknown,3,Unknown,Influenzal Pneumonia,Not Admitted,0,0.0,0.0,0,1
2011-2012,2011,CTAS III - Urgent,3,Unknown,Motor Vehicle Collisions,Not Admitted,0,0.0,0.0,0,1
2011-2012,2011,Less urgent,3,Unknown,Motor Vehicle Collisions,Not Admitted,0,0.0,0.0,0,1
2011-2012,2011,Non-urgent,3,Unknown,Motor Vehicle Collisions,Not Admitted,0,0.0,0.0,0,1
2011-2012,2011,Unknown,3,Unknown,Motor Vehicle Collisions,Not Admitted,0,0.0,0.0,0,1
2011-2012,2011,CTAS III - Urgent,3,Unknown,Pneumonia,Not Admitted,0,0.0,0.0,0,1
2011-2012,2011,Less urgent,3,Unknown,Pneumonia,Not Admitted,0,0.0,0.0,0,1
2011-2012,2011,Non-urgent,3,Unknown,Pneumonia,Not Admitted,0,0.0,0.0,0,1
2011-2012,2011,Unknown,3,Unknown,Pneumonia,Not Admitted,0,0.0,0.0,0,1
2011-2012,2011,CTAS III - Urgent,3,Unknown,Trauma,Not Admitted,0,0.0,0.0,0,1
2011-2012,2011,Less urgent,3,Unknown,Trauma,Not Admitted,0,0.0,0.0,0,1
2011-2012,2011,Non-urgent,3,Unknown,Trauma,Not Admitted,0,0.0,0.0,0,1
2011-2012,2011,Unknown,3,Unknown,Trauma,Not Admitted,0,0.0,0.0,0,1
2011-2012,2011,CTAS III - Urgent,3,Unknown,Unintentional Falls,Not Admitted,0,0.0,0.0,0,1
2011-2012,2011,Less urgent,3,Unknown,Unintentional Falls,Not Admitted,0,0.0,0.0,0,1
2011-2012,2011,Non-urgent,3,Unknown,Unintentional Falls,Not Admitted,0,0.0,0.0,0,1
2011-2012,2011,Unknown,3,Unknown,Unintentional Falls,Not Admitted,0,0.0,0.0,0,1
2010-2011,2010,CTAS I - Resuscitation,1,Admitted,Acute Myocardial Infarction,Admitted,896,110.0,1.8333,1,0
2010-2011,2010,CTAS I - Resuscitation,1,Admitted,Asthma,Admitted,410,411.0,6.85,1,0
2010-2011,2010,CTAS I - Resuscitation,1,Admitted,Influenzal Pneumonia,Admitted,0,1578.0,26.3,1,1
2010-2011,2010,CTAS I - Resuscitation,1,Admitted,Motor Vehicle Collisions,Admitted,1936,260.0,4.3333,1,0
2010-2011,2010,CTAS I - Resuscitation,1,Admitted,Pneumonia,Admitted,923,508.0,8.4667,1,0
2010-2011,2010,CTAS I - Resuscitation,1,Admitted,Trauma,Admitted,4559,262.0,4.3667,1,0
2010-2011,2010,CTAS I - Resuscitation,1,Admitted,Unintentional Falls,Admitted,1031,322.0,5.3667,1,0
2010-2011,2010,CTAS I - Resuscitation,1,Death,Acute Myocardial Infarction,Not Admitted,539,25.0,0.4167,0,0
2010-2011,2010,CTAS I - Resuscitation,1,Death,Asthma,Not Admitted,0,28.0,0.4667,0,1
2010-2011,2010,CTAS I - Resuscitation,1,Death,Influenzal Pneumonia,Not Admitted,0,0.0,0.0,0,1
2010-2011,2010,CTAS I - Resuscitation,1,Death,Motor Vehicle Collisions,Not Admitted,193,28.0,0.4667,0,0
2010-2011,2010,CTAS I - Resuscitation,1,Death,Pneumonia,Not Admitted,26,120.0,2.0,0,0
2010-2011,2010,CTAS I - Resuscitation,1,Death,Trauma,Not Admitted,537,38.0,0.6333,0,0
2010-2011,2010,CTAS I - Resuscitation,1,Death,Unintentional Falls,Not Admitted,89,165.0,2.75,0,0
2010-2011,2010,CTAS I - Resuscitation,1,Discharged Home,Acute Myocardial Infarction,Not Admitted,10,67.0,1.1167,0,0
2010-2011,2010,CTAS I - Resuscitation,1,Discharged Home,Asthma,Not Admitted,363,223.0,3.7167,0,0
2010-2011,2010,CTAS I - Resuscitation,1,Discharged Home,Influenzal Pneumonia,Not Admitted,0,0.0,0.0,0,1
2010-2011,2010,CTAS I - Resuscitation,1,Discharged Home,Motor Vehicle Collisions,Not Admitted,430,255.0,4.25,0,0
2010-2011,2010,CTAS I - Resuscitation,1,Discharged Home,Pneumonia,Not Admitted,110,213.0,3.55,0,0
2010-2011,2010,CTAS I - Resuscitation,1,Discharged Home,Trauma,Not Admitted,2247,247.0,4.1167,0,0
2010-2011,2010,CTAS I - Resuscitation,1,Discharged Home,Unintentional Falls,Not Admitted,422,269.0,4.4833,0,0
2010-2011,2010,CTAS I - Resuscitation,1,Intra-Facility Transfer,Acute Myocardial Infarction,Not Admitted,20,11.0,0.1833,0,0
2010-2011,2010,CTAS I - Resuscitation,1,Intra-Facility Transfer,Asthma,Not Admitted,0,190.0,3.1667,0,1
2010-2011,2010,CTAS I - Resuscitation,1,Intra-Facility Transfer,Influenzal Pneumonia,Not Admitted,0,0.0,0.0,0,1
2010-2011,2010,CTAS I - Resuscitation,1,Intra-Facility Transfer,Motor Vehicle Collisions,Not Admitted,0,80.0,1.3333,0,1
2010-2011,2010,CTAS I - Resuscitation,1,Intra-Facility Transfer,Pneumonia,Not Admitted,0,217.0,3.6167,0,1
2010-2011,2010,CTAS I - Resuscitation,1,Intra-Facility Transfer,Trauma,Not Admitted,37,180.0,3.0,0,0
2010-2011,2010,CTAS I - Resuscitation,1,Intra-Facility Transfer,Unintentional Falls,Not Admitted,5,125.0,2.0833,0,0
2010-2011,2010,CTAS I - Resuscitation,1,Not Seen Or Left,Acute Myocardial Infarction,Not Admitted,0,1667.0,27.7833,0,1
2010-2011,2010,CTAS I - Resuscitation,1,Not Seen Or Left,Asthma,Not Admitted,0,136.0,2.2667,0,1
2010-2011,2010,CTAS I - Resuscitation,1,Not Seen Or Left,Influenzal Pneumonia,Not Admitted,0,0.0,0.0,0,1
2010-2011,2010,CTAS I - Resuscitation,1,Not Seen Or Left,Motor Vehicle Collisions,Not Admitted,6,314.0,5.2333,0,0
2010-2011,2010,CTAS I - Resuscitation,1,Not Seen Or Left,Pneumonia,Not Admitted,0,259.0,4.3167,0,1
2010-2011,2010,CTAS I - Resuscitation,1,Not Seen Or Left,Trauma,Not Admitted,31,225.0,3.75,0,0
2010-2011,2010,CTAS I - Resuscitation,1,Not Seen Or Left,Unintentional Falls,Not Admitted,0,273.0,4.55,0,1
2010-2011,2010,CTAS I - Resuscitation,1,Transferred,Acute Myocardial Infarction,Not Admitted,559,78.0,1.3,0,0
2010-2011,2010,CTAS I - Resuscitation,1,Transferred,Asthma,Not Admitted,37,207.0,3.45,0,0
2010-2011,2010,CTAS I - Resuscitation,1,Transferred,Influenzal Pneumonia,Not Admitted,0,0.0,0.0,0,1
2010-2011,2010,CTAS I - Resuscitation,1,Transferred,Motor Vehicle Collisions,Not Admitted,459,125.0,2.0833,0,0
2010-2011,2010,CTAS I - Resuscitation,1,Transferred,Pneumonia,Not Admitted,51,215.0,3.5833,0,0
2010-2011,2010,CTAS I - Resuscitation,1,Transferred,Trauma,Not Admitted,1146,140.0,2.3333,0,0
2010-2011,2010,CTAS I - Resuscitation,1,Transferred,Unintentional Falls,Not Admitted,225,178.0,2.9667,0,0
2010-2011,2010,CTAS I - Resuscitation,1,Unknown,Acute Myocardial Infarction,Not Admitted,0,0.0,0.0,0,1
2010-2011,2010,CTAS I - Resuscitation,1,Unknown,Asthma,Not Admitted,0,0.0,0.0,0,1
2010-2011,2010,CTAS I - Resuscitation,1,Unknown,Influenzal Pneumonia,Not Admitted,0,0.0,0.0,0,1
2010-2011,2010,CTAS I - Resuscitation,1,Unknown,Motor Vehicle Collisions,Not Admitted,0,0.0,0.0,0,1
2010-2011,2010,CTAS I - Resuscitation,1,Unknown,Pneumonia,Not Admitted,0,0.0,0.0,0,1
2010-2011,2010,CTAS I - Resuscitation,1,Unknown,Trauma,Not Admitted,0,0.0,0.0,0,1
2010-2011,2010,CTAS I - Resuscitation,1,Unknown,Unintentional Falls,Not Admitted,0,0.0,0.0,0,1
2010-2011,2010,CTAS II - Emergent,2,Admitted,Acute Myocardial Infarction,Admitted,9441,494.0,8.2333,1,0
2010-2011,2010,CTAS II - Emergent,2,Admitted,Asthma,Admitted,3274,495.0,8.25,1,0
2010-2011,2010,CTAS II - Emergent,2,Admitted,Influenzal Pneumonia,Admitted,31,820.0,13.6667,1,0
2010-2011,2010,CTAS II - Emergent,2,Admitted,Motor Vehicle Collisions,Admitted,4300,417.0,6.95,1,0
2010-2011,2010,CTAS II - Emergent,2,Admitted,Pneumonia,Admitted,13901,794.0,13.2333,1,0
2010-2011,2010,CTAS II - Emergent,2,Admitted,Trauma,Admitted,20534,464.0,7.7333,1,0
2010-2011,2010,CTAS II - Emergent,2,Admitted,Unintentional Falls,Admitted,10559,525.0,8.75,1,0
2010-2011,2010,CTAS II - Emergent,2,Death,Acute Myocardial Infarction,Not Admitted,109,150.0,2.5,0,0
2010-2011,2010,CTAS II - Emergent,2,Death,Asthma,Not Admitted,0,0.0,0.0,0,1
2010-2011,2010,CTAS II - Emergent,2,Death,Influenzal Pneumonia,Not Admitted,0,0.0,0.0,0,1
2010-2011,2010,CTAS II - Emergent,2,Death,Motor Vehicle Collisions,Not Admitted,8,150.0,2.5,0,0
2010-2011,2010,CTAS II - Emergent,2,Death,Pneumonia,Not Admitted,63,215.0,3.5833,0,0
2010-2011,2010,CTAS II - Emergent,2,Death,Trauma,Not Admitted,42,196.0,3.2667,0,0
2010-2011,2010,CTAS II - Emergent,2,Death,Unintentional Falls,Not Admitted,24,298.0,4.9667,0,0
2010-2011,2010,CTAS II - Emergent,2,Discharged Home,Acute Myocardial Infarction,Not Admitted,400,406.0,6.7667,0,0
2010-2011,2010,CTAS II - Emergent,2,Discharged Home,Asthma,Not Admitted,13473,193.0,3.2167,0,0
2010-2011,2010,CTAS II - Emergent,2,Discharged Home,Influenzal Pneumonia,Not Admitted,44,208.0,3.4667,0,0
2010-2011,2010,CTAS II - Emergent,2,Discharged Home,Motor Vehicle Collisions,Not Admitted,21278,185.0,3.0833,0,0
2010-2011,2010,CTAS II - Emergent,2,Discharged Home,Pneumonia,Not Admitted,10289,231.0,3.85,0,0
2010-2011,2010,CTAS II - Emergent,2,Discharged Home,Trauma,Not Admitted,109089,171.0,2.85,0,0
2010-2011,2010,CTAS II - Emergent,2,Discharged Home,Unintentional Falls,Not Admitted,31241,199.0,3.3167,0,0
2010-2011,2010,CTAS II - Emergent,2,Intra-Facility Transfer,Acute Myocardial Infarction,Not Admitted,72,53.0,0.8833,0,0
2010-2011,2010,CTAS II - Emergent,2,Intra-Facility Transfer,Asthma,Not Admitted,55,143.0,2.3833,0,0
2010-2011,2010,CTAS II - Emergent,2,Intra-Facility Transfer,Influenzal Pneumonia,Not Admitted,0,0.0,0.0,0,1
2010-2011,2010,CTAS II - Emergent,2,Intra-Facility Transfer,Motor Vehicle Collisions,Not Admitted,49,174.0,2.9,0,0
2010-2011,2010,CTAS II - Emergent,2,Intra-Facility Transfer,Pneumonia,Not Admitted,42,262.0,4.3667,0,0
2010-2011,2010,CTAS II - Emergent,2,Intra-Facility Transfer,Trauma,Not Admitted,708,208.0,3.4667,0,0
2010-2011,2010,CTAS II - Emergent,2,Intra-Facility Transfer,Unintentional Falls,Not Admitted,128,230.0,3.8333,0,0
2010-2011,2010,CTAS II - Emergent,2,Not Seen Or Left,Acute Myocardial Infarction,Not Admitted,36,443.0,7.3833,0,0
2010-2011,2010,CTAS II - Emergent,2,Not Seen Or Left,Asthma,Not Admitted,182,172.0,2.8667,0,0
2010-2011,2010,CTAS II - Emergent,2,Not Seen Or Left,Influenzal Pneumonia,Not Admitted,0,0.0,0.0,0,1
2010-2011,2010,CTAS II - Emergent,2,Not Seen Or Left,Motor Vehicle Collisions,Not Admitted,311,157.0,2.6167,0,0
2010-2011,2010,CTAS II - Emergent,2,Not Seen Or Left,Pneumonia,Not Admitted,64,293.0,4.8833,0,0
2010-2011,2010,CTAS II - Emergent,2,Not Seen Or Left,Trauma,Not Admitted,2193,138.0,2.3,0,0
2010-2011,2010,CTAS II - Emergent,2,Not Seen Or Left,Unintentional Falls,Not Admitted,526,154.0,2.5667,0,0
2010-2011,2010,CTAS II - Emergent,2,Transferred,Acute Myocardial Infarction,Not Admitted,3063,116.0,1.9333,0,0
2010-2011,2010,CTAS II - Emergent,2,Transferred,Asthma,Not Admitted,345,286.0,4.7667,0,0
2010-2011,2010,CTAS II - Emergent,2,Transferred,Influenzal Pneumonia,Not Admitted,0,688.0,11.4667,0,1
2010-2011,2010,CTAS II - Emergent,2,Transferred,Motor Vehicle Collisions,Not Admitted,1635,198.0,3.3,0,0
2010-2011,2010,CTAS II - Emergent,2,Transferred,Pneumonia,Not Admitted,850,256.0,4.2667,0,0
2010-2011,2010,CTAS II - Emergent,2,Transferred,Trauma,Not Admitted,5706,191.0,3.1833,0,0
2010-2011,2010,CTAS II - Emergent,2,Transferred,Unintentional Falls,Not Admitted,2012,223.0,3.7167,0,0
2010-2011,2010,CTAS II - Emergent,2,Unknown,Acute Myocardial Infarction,Not Admitted,0,0.0,0.0,0,1
2010-2011,2010,CTAS II - Emergent,2,Unknown,Asthma,Not Admitted,0,0.0,0.0,0,1
2010-2011,2010,CTAS II - Emergent,2,Unknown,Influenzal Pneumonia,Not Admitted,0,0.0,0.0,0,1
2010-2011,2010,CTAS II - Emergent,2,Unknown,Motor Vehicle Collisions,Not Admitted,0,0.0,0.0,0,1
2010-2011,2010,CTAS II - Emergent,2,Unknown,Pneumonia,Not Admitted,0,0.0,0.0,0,1
2010-2011,2010,CTAS II - Emergent,2,Unknown,Trauma,Not Admitted,0,0.0,0.0,0,1
2010-2011,2010,CTAS II - Emergent,2,Unknown,Unintentional Falls,Not Admitted,0,0.0,0.0,0,1
2010-2011,2010,CTAS III - Urgent,3,Admitted,Acute Myocardial Infarction,Admitted,4018,591.0,9.85,1,0
2010-2011,2010,Less urgent,3,Admitted,Acute Myocardial Infarction,Admitted,391,430.0,7.1667,1,0
2010-2011,2010,Non-urgent,3,Admitted,Acute Myocardial Infarction,Admitted,22,352.0,5.8667,1,0
2010-2011,2010,Unknown,3,Admitted,Acute Myocardial Infarction,Admitted,74,216.0,3.6,1,0
2010-2011,2010,CTAS III - Urgent,3,Admitted,Asthma,Admitted,1774,530.0,8.8333,1,0
2010-2011,2010,Less urgent,3,Admitted,Asthma,Admitted,176,238.0,3.9667,1,0
2010-2011,2010,Non-urgent,3,Admitted,Asthma,Admitted,18,98.0,1.6333,1,0
2010-2011,2010,Unknown,3,Admitted,Asthma,Admitted,41,130.0,2.1667,1,0
2010-2011,2010,CTAS III - Urgent,3,Admitted,Influenzal Pneumonia,Admitted,37,932.0,15.5333,1,0
2010-2011,2010,Less urgent,3,Admitted,Influenzal Pneumonia,Admitted,7,183.0,3.05,1,0
2010-2011,2010,Non-urgent,3,Admitted,Influenzal Pneumonia,Admitted,0,0.0,0.0,1,1
2010-2011,2010,Unknown,3,Admitted,Influenzal Pneumonia,Admitted,0,0.0,0.0,1,1
2010-2011,2010,CTAS III - Urgent,3,Admitted,Motor Vehicle Collisions,Admitted,2826,373.0,6.2167,1,0
2010-2011,2010,Less urgent,3,Admitted,Motor Vehicle Collisions,Admitted,536,342.0,5.7,1,0
2010-2011,2010,Non-urgent,3,Admitted,Motor Vehicle Collisions,Admitted,51,189.0,3.15,1,0
2010-2011,2010,Unknown,3,Admitted,Motor Vehicle Collisions,Admitted,87,129.0,2.15,1,0
2010-2011,2010,CTAS III - Urgent,3,Admitted,Pneumonia,Admitted,14310,685.0,11.4167,1,0
2010-2011,2010,Less urgent,3,Admitted,Pneumonia,Admitted,1958,324.0,5.4,1,0
2010-2011,2010,Non-urgent,3,Admitted,Pneumonia,Admitted,179,190.0,3.1667,1,0
2010-2011,2010,Unknown,3,Admitted,Pneumonia,Admitted,279,147.0,2.45,1,0
2010-2011,2010,CTAS III - Urgent,3,Admitted,Trauma,Admitted,35975,480.0,8.0,1,0
2010-2011,2010,Less urgent,3,Admitted,Trauma,Admitted,8310,365.0,6.0833,1,0
2010-2011,2010,Non-urgent,3,Admitted,Trauma,Admitted,560,260.0,4.3333,1,0
2010-2011,2010,Unknown,3,Admitted,Trauma,Admitted,515,155.0,2.5833,1,0
2010-2011,2010,CTAS III - Urgent,3,Admitted,Unintentional Falls,Admitted,25527,512.0,8.5333,1,0
2010-2011,2010,Less urgent,3,Admitted,Unintentional Falls,Admitted,5330,387.0,6.45,1,0
2010-2011,2010,Non-urgent,3,Admitted,Unintentional Falls,Admitted,259,252.0,4.2,1,0
2010-2011,2010,Unknown,3,Admitted,Unintentional Falls,Admitted,277,169.0,2.8167,1,0
2010-2011,2010,CTAS III - Urgent,3,Death,Acute Myocardial Infarction,Not Admitted,34,164.0,2.7333,0,0
2010-2011,2010,Less urgent,3,Death,Acute Myocardial Infarction,Not Admitted,7,97.0,1.6167,0,0
2010-2011,2010,Non-urgent,3,Death,Acute Myocardial Infarction,Not Admitted,8,9.0,0.15,0,0
2010-2011,2010,Unknown,3,Death,Acute Myocardial Infarction,Not Admitted,10,116.0,1.9333,0,0
2010-2011,2010,CTAS III - Urgent,3,Death,Asthma,Not Admitted,0,64.0,1.0667,0,1
2010-2011,2010,Less urgent,3,Death,Asthma,Not Admitted,0,0.0,0.0,0,1
2010-2011,2010,Non-urgent,3,Death,Asthma,Not Admitted,0,0.0,0.0,0,1
2010-2011,2010,Unknown,3,Death,Asthma,Not Admitted,0,0.0,0.0,0,1
2010-2011,2010,CTAS III - Urgent,3,Death,Influenzal Pneumonia,Not Admitted,0,0.0,0.0,0,1
2010-2011,2010,Less urgent,3,Death,Influenzal Pneumonia,Not Admitted,0,0.0,0.0,0,1
2010-2011,2010,Non-urgent,3,Death,Influenzal Pneumonia,Not Admitted,0,0.0,0.0,0,1
2010-2011,2010,Unknown,3,Death,Influenzal Pneumonia,Not Admitted,0,0.0,0.0,0,1
2010-2011,2010,CTAS III - Urgent,3,Death,Motor Vehicle Collisions,Not Admitted,0,114.0,1.9,0,1
2010-2011,2010,Less urgent,3,Death,Motor Vehicle Collisions,Not Admitted,0,105.0,1.75,0,1
2010-2011,2010,Non-urgent,3,Death,Motor Vehicle Collisions,Not Admitted,0,17.0,0.2833,0,1
2010-2011,2010,Unknown,3,Death,Motor Vehicle Collisions,Not Admitted,16,17.0,0.2833,0,0
2010-2011,2010,CTAS III - Urgent,3,Death,Pneumonia,Not Admitted,21,260.0,4.3333,0,0
2010-2011,2010,Less urgent,3,Death,Pneumonia,Not Admitted,0,333.0,5.55,0,1
2010-2011,2010,Non-urgent,3,Death,Pneumonia,Not Admitted,0,25.0,0.4167,0,1
2010-2011,2010,Unknown,3,Death,Pneumonia,Not Admitted,0,0.0,0.0,0,1
2010-2011,2010,CTAS III - Urgent,3,Death,Trauma,Not Admitted,27,252.0,4.2,0,0
2010-2011,2010,Less urgent,3,Death,Trauma,Not Admitted,16,70.0,1.1667,0,0
2010-2011,2010,Non-urgent,3,Death,Trauma,Not Admitted,12,26.0,0.4333,0,0
2010-2011,2010,Unknown,3,Death,Trauma,Not Admitted,25,8.0,0.1333,0,0
2010-2011,2010,CTAS III - Urgent,3,Death,Unintentional Falls,Not Admitted,14,314.0,5.2333,0,0
2010-2011,2010,Less urgent,3,Death,Unintentional Falls,Not Admitted,0,126.0,2.1,0,1
2010-2011,2010,Non-urgent,3,Death,Unintentional Falls,Not Admitted,0,122.0,2.0333,0,1
2010-2011,2010,Unknown,3,Death,Unintentional Falls,Not Admitted,0,0.0,0.0,0,1
2010-2011,2010,CTAS III - Urgent,3,Discharged Home,Acute Myocardial Infarction,Not Admitted,232,347.0,5.7833,0,0
2010-2011,2010,Less urgent,3,Discharged Home,Acute Myocardial Infarction,Not Admitted,45,180.0,3.0,0,0
2010-2011,2010,Non-urgent,3,Discharged Home,Acute Myocardial Infarction,Not Admitted,15,69.0,1.15,0,0
2010-2011,2010,Unknown,3,Discharged Home,Acute Myocardial Infarction,Not Admitted,17,156.0,2.6,0,0
2010-2011,2010,CTAS III - Urgent,3,Discharged Home,Asthma,Not Admitted,31549,156.0,2.6,0,0
2010-2011,2010,Less urgent,3,Discharged Home,Asthma,Not Admitted,17255,100.0,1.6667,0,0
2010-2011,2010,Non-urgent,3,Discharged Home,Asthma,Not Admitted,2701,70.0,1.1667,0,0
2010-2011,2010,Unknown,3,Discharged Home,Asthma,Not Admitted,920,71.0,1.1833,0,0
2010-2011,2010,CTAS III - Urgent,3,Discharged Home,Influenzal Pneumonia,Not Admitted,166,175.0,2.9167,0,0
2010-2011,2010,Less urgent,3,Discharged Home,Influenzal Pneumonia,Not Admitted,129,122.0,2.0333,0,0
2010-2011,2010,Non-urgent,3,Discharged Home,Influenzal Pneumonia,Not Admitted,10,117.0,1.95,0,0
2010-2011,2010,Unknown,3,Discharged Home,Influenzal Pneumonia,Not Admitted,8,72.0,1.2,0,0
2010-2011,2010,CTAS III - Urgent,3,Discharged Home,Motor Vehicle Collisions,Not Admitted,58900,147.0,2.45,0,0
2010-2011,2010,Less urgent,3,Discharged Home,Motor Vehicle Collisions,Not Admitted,55537,117.0,1.95,0,0
2010-2011,2010,Non-urgent,3,Discharged Home,Motor Vehicle Collisions,Not Admitted,4833,88.0,1.4667,0,0
2010-2011,2010,Unknown,3,Discharged Home,Motor Vehicle Collisions,Not Admitted,1551,84.0,1.4,0,0
2010-2011,2010,CTAS III - Urgent,3,Discharged Home,Pneumonia,Not Admitted,36124,190.0,3.1667,0,0
2010-2011,2010,Less urgent,3,Discharged Home,Pneumonia,Not Admitted,22739,126.0,2.1,0,0
2010-2011,2010,Non-urgent,3,Discharged Home,Pneumonia,Not Admitted,2294,86.0,1.4333,0,0
2010-2011,2010,Unknown,3,Discharged Home,Pneumonia,Not Admitted,827,89.0,1.4833,0,0
2010-2011,2010,CTAS III - Urgent,3,Discharged Home,Trauma,Not Admitted,503221,139.0,2.3167,0,0
2010-2011,2010,Less urgent,3,Discharged Home,Trauma,Not Admitted,888244,109.0,1.8167,0,0
2010-2011,2010,Non-urgent,3,Discharged Home,Trauma,Not Admitted,100200,82.0,1.3667,0,0
2010-2011,2010,Unknown,3,Discharged Home,Trauma,Not Admitted,21287,72.0,1.2,0,0
2010-2011,2010,CTAS III - Urgent,3,Discharged Home,Unintentional Falls,Not Admitted,173548,158.0,2.6333,0,0
2010-2011,2010,Less urgent,3,Discharged Home,Unintentional Falls,Not Admitted,244229,120.0,2.0,0,0
2010-2011,2010,Non-urgent,3,Discharged Home,Unintentional Falls,Not Admitted,19744,90.0,1.5,0,0
2010-2011,2010,Unknown,3,Discharged Home,Unintentional Falls,Not Admitted,4135,78.0,1.3,0,0
2010-2011,2010,CTAS III - Urgent,3,Intra-Facility Transfer,Acute Myocardial Infarction,Not Admitted,6,541.0,9.0167,0,0
2010-2011,2010,Less urgent,3,Intra-Facility Transfer,Acute Myocardial Infarction,Not Admitted,0,159.0,2.65,0,1
2010-2011,2010,Non-urgent,3,Intra-Facility Transfer,Acute Myocardial Infarction,Not Admitted,0,0.0,0.0,0,1
2010-2011,2010,Unknown,3,Intra-Facility Transfer,Acute Myocardial Infarction,Not Admitted,0,0.0,0.0,0,1
2010-2011,2010,CTAS III - Urgent,3,Intra-Facility Transfer,Asthma,Not Admitted,36,176.0,2.9333,0,0
2010-2011,2010,Less urgent,3,Intra-Facility Transfer,Asthma,Not Admitted,0,68.0,1.1333,0,1
2010-2011,2010,Non-urgent,3,Intra-Facility Transfer,Asthma,Not Admitted,0,0.0,0.0,0,1
2010-2011,2010,Unknown,3,Intra-Facility Transfer,Asthma,Not Admitted,0,0.0,0.0,0,1
2010-2011,2010,CTAS III - Urgent,3,Intra-Facility Transfer,Influenzal Pneumonia,Not Admitted,0,0.0,0.0,0,1
2010-2011,2010,Less urgent,3,Intra-Facility Transfer,Influenzal Pneumonia,Not Admitted,0,0.0,0.0,0,1
2010-2011,2010,Non-urgent,3,Intra-Facility Transfer,Influenzal Pneumonia,Not Admitted,0,0.0,0.0,0,1
2010-2011,2010,Unknown,3,Intra-Facility Transfer,Influenzal Pneumonia,Not Admitted,0,0.0,0.0,0,1
2010-2011,2010,CTAS III - Urgent,3,Intra-Facility Transfer,Motor Vehicle Collisions,Not Admitted,127,150.0,2.5,0,0
2010-2011,2010,Less urgent,3,Intra-Facility Transfer,Motor Vehicle Collisions,Not Admitted,83,145.0,2.4167,0,0
2010-2011,2010,Non-urgent,3,Intra-Facility Transfer,Motor Vehicle Collisions,Not Admitted,8,69.0,1.15,0,0
2010-2011,2010,Unknown,3,Intra-Facility Transfer,Motor Vehicle Collisions,Not Admitted,0,152.0,2.5333,0,1
2010-2011,2010,CTAS III - Urgent,3,Intra-Facility Transfer,Pneumonia,Not Admitted,46,225.0,3.75,0,0
2010-2011,2010,Less urgent,3,Intra-Facility Transfer,Pneumonia,Not Admitted,10,416.0,6.9333,0,0
2010-2011,2010,Non-urgent,3,Intra-Facility Transfer,Pneumonia,Not Admitted,0,0.0,0.0,0,1
2010-2011,2010,Unknown,3,Intra-Facility Transfer,Pneumonia,Not Admitted,0,406.0,6.7667,0,1
2010-2011,2010,CTAS III - Urgent,3,Intra-Facility Transfer,Trauma,Not Admitted,1794,204.0,3.4,0,0
2010-2011,2010,Less urgent,3,Intra-Facility Transfer,Trauma,Not Admitted,1285,140.0,2.3333,0,0
2010-2011,2010,Non-urgent,3,Intra-Facility Transfer,Trauma,Not Admitted,234,114.0,1.9,0,0
2010-2011,2010,Unknown,3,Intra-Facility Transfer,Trauma,Not Admitted,55,102.0,1.7,0,0
2010-2011,2010,CTAS III - Urgent,3,Intra-Facility Transfer,Unintentional Falls,Not Admitted,520,219.0,3.65,0,0
2010-2011,2010,Less urgent,3,Intra-Facility Transfer,Unintentional Falls,Not Admitted,428,144.0,2.4,0,0
2010-2011,2010,Non-urgent,3,Intra-Facility Transfer,Unintentional Falls,Not Admitted,58,114.0,1.9,0,0
2010-2011,2010,Unknown,3,Intra-Facility Transfer,Unintentional Falls,Not Admitted,14,79.0,1.3167,0,0
2010-2011,2010,CTAS III - Urgent,3,Not Seen Or Left,Acute Myocardial Infarction,Not Admitted,26,293.0,4.8833,0,0
2010-2011,2010,Less urgent,3,Not Seen Or Left,Acute Myocardial Infarction,Not Admitted,0,143.0,2.3833,0,1
2010-2011,2010,Non-urgent,3,Not Seen Or Left,Acute Myocardial Infarction,Not Admitted,0,160.0,2.6667,0,1
2010-2011,2010,Unknown,3,Not Seen Or Left,Acute Myocardial Infarction,Not Admitted,0,0.0,0.0,0,1
2010-2011,2010,CTAS III - Urgent,3,Not Seen Or Left,Asthma,Not Admitted,518,129.0,2.15,0,0
2010-2011,2010,Less urgent,3,Not Seen Or Left,Asthma,Not Admitted,224,109.0,1.8167,0,0
2010-2011,2010,Non-urgent,3,Not Seen Or Left,Asthma,Not Admitted,21,81.0,1.35,0,0
2010-2011,2010,Unknown,3,Not Seen Or Left,Asthma,Not Admitted,10,70.0,1.1667,0,0
2010-2011,2010,CTAS III - Urgent,3,Not Seen Or Left,Influenzal Pneumonia,Not Admitted,0,335.0,5.5833,0,1
2010-2011,2010,Less urgent,3,Not Seen Or Left,Influenzal Pneumonia,Not Admitted,0,129.0,2.15,0,1
2010-2011,2010,Non-urgent,3,Not Seen Or Left,Influenzal Pneumonia,Not Admitted,0,0.0,0.0,0,1
2010-2011,2010,Unknown,3,Not Seen Or Left,Influenzal Pneumonia,Not Admitted,0,205.0,3.4167,0,1
2010-2011,2010,CTAS III - Urgent,3,Not Seen Or Left,Motor Vehicle Collisions,Not Admitted,1644,138.0,2.3,0,0
2010-2011,2010,Less urgent,3,Not Seen Or Left,Motor Vehicle Collisions,Not Admitted,1838,128.0,2.1333,0,0
2010-2011,2010,Non-urgent,3,Not Seen Or Left,Motor Vehicle Collisions,Not Admitted,155,121.0,2.0167,0,0
2010-2011,2010,Unknown,3,Not Seen Or Left,Motor Vehicle Collisions,Not Admitted,29,68.0,1.1333,0,0
2010-2011,2010,CTAS III - Urgent,3,Not Seen Or Left,Pneumonia,Not Admitted,145,245.0,4.0833,0,0
2010-2011,2010,Less urgent,3,Not Seen Or Left,Pneumonia,Not Admitted,55,167.0,2.7833,0,0
2010-2011,2010,Non-urgent,3,Not Seen Or Left,Pneumonia,Not Admitted,9,77.0,1.2833,0,0
2010-2011,2010,Unknown,3,Not Seen Or Left,Pneumonia,Not Admitted,6,54.0,0.9,0,0
2010-2011,2010,CTAS III - Urgent,3,Not Seen Or Left,Trauma,Not Admitted,15842,130.0,2.1667,0,0
2010-2011,2010,Less urgent,3,Not Seen Or Left,Trauma,Not Admitted,30230,117.0,1.95,0,0
2010-2011,2010,Non-urgent,3,Not Seen Or Left,Trauma,Not Admitted,3905,87.0,1.45,0,0
2010-2011,2010,Unknown,3,Not Seen Or Left,Trauma,Not Admitted,916,24.0,0.4,0,0
2010-2011,2010,CTAS III - Urgent,3,Not Seen Or Left,Unintentional Falls,Not Admitted,4156,133.0,2.2167,0,0
2010-2011,2010,Less urgent,3,Not Seen Or Left,Unintentional Falls,Not Admitted,6410,120.0,2.0,0,0
2010-2011,2010,Non-urgent,3,Not Seen Or Left,Unintentional Falls,Not Admitted,580,99.0,1.65,0,0
2010-2011,2010,Unknown,3,Not Seen Or Left,Unintentional Falls,Not Admitted,86,48.0,0.8,0,0
2010-2011,2010,CTAS III - Urgent,3,Transferred,Acute Myocardial Infarction,Not Admitted,864,194.0,3.2333,0,0
2010-2011,2010,Less urgent,3,Transferred,Acute Myocardial Infarction,Not Admitted,83,238.0,3.9667,0,0
2010-2011,2010,Non-urgent,3,Transferred,Acute Myocardial Infarction,Not Admitted,7,296.0,4.9333,0,0
2010-2011,2010,Unknown,3,Transferred,Acute Myocardial Infarction,Not Admitted,60,155.0,2.5833,0,0
2010-2011,2010,CTAS III - Urgent,3,Transferred,Asthma,Not Admitted,184,300.0,5.0,0,0
2010-2011,2010,Less urgent,3,Transferred,Asthma,Not Admitted,19,230.0,3.8333,0,0
2010-2011,2010,Non-urgent,3,Transferred,Asthma,Not Admitted,0,700.0,11.6667,0,1
2010-2011,2010,Unknown,3,Transferred,Asthma,Not Admitted,0,418.0,6.9667,0,1
2010-2011,2010,CTAS III - Urgent,3,Transferred,Influenzal Pneumonia,Not Admitted,0,240.0,4.0,0,1
2010-2011,2010,Less urgent,3,Transferred,Influenzal Pneumonia,Not Admitted,0,0.0,0.0,0,1
2010-2011,2010,Non-urgent,3,Transferred,Influenzal Pneumonia,Not Admitted,0,0.0,0.0,0,1
2010-2011,2010,Unknown,3,Transferred,Influenzal Pneumonia,Not Admitted,0,0.0,0.0,0,1
2010-2011,2010,CTAS III - Urgent,3,Transferred,Motor Vehicle Collisions,Not Admitted,1356,196.0,3.2667,0,0
2010-2011,2010,Less urgent,3,Transferred,Motor Vehicle Collisions,Not Admitted,304,185.0,3.0833,0,0
2010-2011,2010,Non-urgent,3,Transferred,Motor Vehicle Collisions,Not Admitted,19,124.0,2.0667,0,0
2010-2011,2010,Unknown,3,Transferred,Motor Vehicle Collisions,Not Admitted,113,136.0,2.2667,0,0
2010-2011,2010,CTAS III - Urgent,3,Transferred,Pneumonia,Not Admitted,913,274.0,4.5667,0,0
2010-2011,2010,Less urgent,3,Transferred,Pneumonia,Not Admitted,134,264.0,4.4,0,0
2010-2011,2010,Non-urgent,3,Transferred,Pneumonia,Not Admitted,5,90.0,1.5,0,0
2010-2011,2010,Unknown,3,Transferred,Pneumonia,Not Admitted,12,220.0,3.6667,0,0
2010-2011,2010,CTAS III - Urgent,3,Transferred,Trauma,Not Admitted,8794,213.0,3.55,0,0
2010-2011,2010,Less urgent,3,Transferred,Trauma,Not Admitted,3204,190.0,3.1667,0,0
2010-2011,2010,Non-urgent,3,Transferred,Trauma,Not Admitted,266,135.0,2.25,0,0
2010-2011,2010,Unknown,3,Transferred,Trauma,Not Admitted,397,140.0,2.3333,0,0
2010-2011,2010,CTAS III - Urgent,3,Transferred,Unintentional Falls,Not Admitted,4539,251.0,4.1833,0,0
2010-2011,2010,Less urgent,3,Transferred,Unintentional Falls,Not Admitted,1525,224.0,3.7333,0,0
2010-2011,2010,Non-urgent,3,Transferred,Unintentional Falls,Not Admitted,105,166.0,2.7667,0,0
2010-2011,2010,Unknown,3,Transferred,Unintentional Falls,Not Admitted,137,180.0,3.0,0,0
2010-2011,2010,CTAS III - Urgent,3,Unknown,Acute Myocardial Infarction,Not Admitted,0,0.0,0.0,0,1
2010-2011,2010,Less urgent,3,Unknown,Acute Myocardial Infarction,Not Admitted,0,0.0,0.0,0,1
2010-2011,2010,Non-urgent,3,Unknown,Acute Myocardial Infarction,Not Admitted,0,0.0,0.0,0,1
2010-2011,2010,Unknown,3,Unknown,Acute Myocardial Infarction,Not Admitted,0,0.0,0.0,0,1
2010-2011,2010,CTAS III - Urgent,3,Unknown,Asthma,Not Admitted,0,0.0,0.0,0,1
2010-2011,2010,Less urgent,3,Unknown,Asthma,Not Admitted,0,0.0,0.0,0,1
2010-2011,2010,Non-urgent,3,Unknown,Asthma,Not Admitted,0,0.0,0.0,0,1
2010-2011,2010,Unknown,3,Unknown,Asthma,Not Admitted,0,0.0,0.0,0,1
2010-2011,2010,CTAS III - Urgent,3,Unknown,Influenzal Pneumonia,Not Admitted,0,0.0,0.0,0,1
2010-2011,2010,Less urgent,3,Unknown,Influenzal Pneumonia,Not Admitted,0,0.0,0.0,0,1
2010-2011,2010,Non-urgent,3,Unknown,Influenzal Pneumonia,Not Admitted,0,0.0,0.0,0,1
2010-2011,2010,Unknown,3,Unknown,Influenzal Pneumonia,Not Admitted,0,0.0,0.0,0,1
2010-2011,2010,CTAS III - Urgent,3,Unknown,Motor Vehicle Collisions,Not Admitted,0,0.0,0.0,0,1
2010-2011,2010,Less urgent,3,Unknown,Motor Vehicle Collisions,Not Admitted,0,0.0,0.0,0,1
2010-2011,2010,Non-urgent,3,Unknown,Motor Vehicle Collisions,Not Admitted,0,0.0,0.0,0,1
2010-2011,2010,Unknown,3,Unknown,Motor Vehicle Collisions,Not Admitted,0,0.0,0.0,0,1
2010-2011,2010,CTAS III - Urgent,3,Unknown,Pneumonia,Not Admitted,0,0.0,0.0,0,1
2010-2011,2010,Less urgent,3,Unknown,Pneumonia,Not Admitted,0,0.0,0.0,0,1
2010-2011,2010,Non-urgent,3,Unknown,Pneumonia,Not Admitted,0,0.0,0.0,0,1
2010-2011,2010,Unknown,3,Unknown,Pneumonia,Not Admitted,0,0.0,0.0,0,1
2010-2011,2010,CTAS III - Urgent,3,Unknown,Trauma,Not Admitted,0,0.0,0.0,0,1
2010-2011,2010,Less urgent,3,Unknown,Trauma,Not Admitted,0,0.0,0.0,0,1
2010-2011,2010,Non-urgent,3,Unknown,Trauma,Not Admitted,0,0.0,0.0,0,1
2010-2011,2010,Unknown,3,Unknown,Trauma,Not Admitted,0,0.0,0.0,0,1
2010-2011,2010,CTAS III - Urgent,3,Unknown,Unintentional Falls,Not Admitted,0,0.0,0.0,0,1
2010-2011,2010,Less urgent,3,Unknown,Unintentional Falls,Not Admitted,0,0.0,0.0,0,1
2010-2011,2010,Non-urgent,3,Unknown,Unintentional Falls,Not Admitted,0,0.0,0.0,0,1
2010-2011,2010,Unknown,3,Unknown,Unintentional Falls,Not Admitted,0,0.0,0.0,0,1
2009-2010,2009,CTAS I - Resuscitation,1,Admitted,Acute Myocardial Infarction,Admitted,684,175.0,2.9167,1,0
2009-2010,2009,CTAS I - Resuscitation,1,Admitted,Asthma,Admitted,349,393.0,6.55,1,0
2009-2010,2009,CTAS I - Resuscitation,1,Admitted,Influenzal Pneumonia,Admitted,16,235.0,3.9167,1,0
2009-2010,2009,CTAS I - Resuscitation,1,Admitted,Motor Vehicle Collisions,Admitted,1470,241.0,4.0167,1,0
2009-2010,2009,CTAS I - Resuscitation,1,Admitted,Pneumonia,Admitted,726,474.0,7.9,1,0
2009-2010,2009,CTAS I - Resuscitation,1,Admitted,Trauma,Admitted,3405,247.0,4.1167,1,0
2009-2010,2009,CTAS I - Resuscitation,1,Admitted,Unintentional Falls,Admitted,764,297.0,4.95,1,0
2009-2010,2009,CTAS I - Resuscitation,1,Death,Acute Myocardial Infarction,Not Admitted,479,21.0,0.35,0,0
2009-2010,2009,CTAS I - Resuscitation,1,Death,Asthma,Not Admitted,0,18.0,0.3,0,1
2009-2010,2009,CTAS I - Resuscitation,1,Death,Influenzal Pneumonia,Not Admitted,0,35.0,0.5833,0,1
2009-2010,2009,CTAS I - Resuscitation,1,Death,Motor Vehicle Collisions,Not Admitted,142,23.0,0.3833,0,0
2009-2010,2009,CTAS I - Resuscitation,1,Death,Pneumonia,Not Admitted,30,125.0,2.0833,0,0
2009-2010,2009,CTAS I - Resuscitation,1,Death,Trauma,Not Admitted,406,30.0,0.5,0,0
2009-2010,2009,CTAS I - Resuscitation,1,Death,Unintentional Falls,Not Admitted,57,140.0,2.3333,0,0
2009-2010,2009,CTAS I - Resuscitation,1,Discharged Home,Acute Myocardial Infarction,Not Admitted,17,218.0,3.6333,0,0
2009-2010,2009,CTAS I - Resuscitation,1,Discharged Home,Asthma,Not Admitted,265,208.0,3.4667,0,0
2009-2010,2009,CTAS I - Resuscitation,1,Discharged Home,Influenzal Pneumonia,Not Admitted,5,183.0,3.05,0,0
2009-2010,2009,CTAS I - Resuscitation,1,Discharged Home,Motor Vehicle Collisions,Not Admitted,363,280.0,4.6667,0,0
2009-2010,2009,CTAS I - Resuscitation,1,Discharged Home,Pneumonia,Not Admitted,84,282.0,4.7,0,0
2009-2010,2009,CTAS I - Resuscitation,1,Discharged Home,Trauma,Not Admitted,1797,235.0,3.9167,0,0
2009-2010,2009,CTAS I - Resuscitation,1,Discharged Home,Unintentional Falls,Not Admitted,276,238.0,3.9667,0,0
2009-2010,2009,CTAS I - Resuscitation,1,Intra-Facility Transfer,Acute Myocardial Infarction,Not Admitted,8,48.0,0.8,0,0
2009-2010,2009,CTAS I - Resuscitation,1,Intra-Facility Transfer,Asthma,Not Admitted,5,212.0,3.5333,0,0
2009-2010,2009,CTAS I - Resuscitation,1,Intra-Facility Transfer,Influenzal Pneumonia,Not Admitted,0,0.0,0.0,0,1
2009-2010,2009,CTAS I - Resuscitation,1,Intra-Facility Transfer,Motor Vehicle Collisions,Not Admitted,5,85.0,1.4167,0,0
2009-2010,2009,CTAS I - Resuscitation,1,Intra-Facility Transfer,Pneumonia,Not Admitted,0,76.0,1.2667,0,1
2009-2010,2009,CTAS I - Resuscitation,1,Intra-Facility Transfer,Trauma,Not Admitted,34,88.0,1.4667,0,0
2009-2010,2009,CTAS I - Resuscitation,1,Intra-Facility Transfer,Unintentional Falls,Not Admitted,0,118.0,1.9667,0,1
2009-2010,2009,CTAS I - Resuscitation,1,Not Seen Or Left,Acute Myocardial Infarction,Not Admitted,0,760.0,12.6667,0,1
2009-2010,2009,CTAS I - Resuscitation,1,Not Seen Or Left,Asthma,Not Admitted,5,164.0,2.7333,0,0
2009-2010,2009,CTAS I - Resuscitation,1,Not Seen Or Left,Influenzal Pneumonia,Not Admitted,0,0.0,0.0,0,1
2009-2010,2009,CTAS I - Resuscitation,1,Not Seen Or Left,Motor Vehicle Collisions,Not Admitted,8,202.0,3.3667,0,0
2009-2010,2009,CTAS I - Resuscitation,1,Not Seen Or Left,Pneumonia,Not Admitted,0,215.0,3.5833,0,1
2009-2010,2009,CTAS I - Resuscitation,1,Not Seen Or Left,Trauma,Not Admitted,28,195.0,3.25,0,0
2009-2010,2009,CTAS I - Resuscitation,1,Not Seen Or Left,Unintentional Falls,Not Admitted,0,396.0,6.6,0,1
2009-2010,2009,CTAS I - Resuscitation,1,Transferred,Acute Myocardial Infarction,Not Admitted,449,87.0,1.45,0,0
2009-2010,2009,CTAS I - Resuscitation,1,Transferred,Asthma,Not Admitted,23,163.0,2.7167,0,0
2009-2010,2009,CTAS I - Resuscitation,1,Transferred,Influenzal Pneumonia,Not Admitted,0,152.0,2.5333,0,1
2009-2010,2009,CTAS I - Resuscitation,1,Transferred,Motor Vehicle Collisions,Not Admitted,344,130.0,2.1667,0,0
2009-2010,2009,CTAS I - Resuscitation,1,Transferred,Pneumonia,Not Admitted,45,212.0,3.5333,0,0
2009-2010,2009,CTAS I - Resuscitation,1,Transferred,Trauma,Not Admitted,835,153.0,2.55,0,0
2009-2010,2009,CTAS I - Resuscitation,1,Transferred,Unintentional Falls,Not Admitted,161,193.0,3.2167,0,0
2009-2010,2009,CTAS I - Resuscitation,1,Unknown,Acute Myocardial Infarction,Not Admitted,0,0.0,0.0,0,1
2009-2010,2009,CTAS I - Resuscitation,1,Unknown,Asthma,Not Admitted,0,0.0,0.0,0,1
2009-2010,2009,CTAS I - Resuscitation,1,Unknown,Influenzal Pneumonia,Not Admitted,0,0.0,0.0,0,1
2009-2010,2009,CTAS I - Resuscitation,1,Unknown,Motor Vehicle Collisions,Not Admitted,0,0.0,0.0,0,1
2009-2010,2009,CTAS I - Resuscitation,1,Unknown,Pneumonia,Not Admitted,0,0.0,0.0,0,1
2009-2010,2009,CTAS I - Resuscitation,1,Unknown,Trauma,Not Admitted,0,0.0,0.0,0,1
2009-2010,2009,CTAS I - Resuscitation,1,Unknown,Unintentional Falls,Not Admitted,0,0.0,0.0,0,1
2009-2010,2009,CTAS II - Emergent,2,Admitted,Acute Myocardial Infarction,Admitted,7354,470.0,7.8333,1,0
2009-2010,2009,CTAS II - Emergent,2,Admitted,Asthma,Admitted,2911,495.0,8.25,1,0
2009-2010,2009,CTAS II - Emergent,2,Admitted,Influenzal Pneumonia,Admitted,223,610.0,10.1667,1,0
2009-2010,2009,CTAS II - Emergent,2,Admitted,Motor Vehicle Collisions,Admitted,2569,414.0,6.9,1,0
2009-2010,2009,CTAS II - Emergent,2,Admitted,Pneumonia,Admitted,10415,690.0,11.5,1,0
2009-2010,2009,CTAS II - Emergent,2,Admitted,Trauma,Admitted,13782,464.0,7.7333,1,0
2009-2010,2009,CTAS II - Emergent,2,Admitted,Unintentional Falls,Admitted,7490,515.0,8.5833,1,0
2009-2010,2009,CTAS II - Emergent,2,Death,Acute Myocardial Infarction,Not Admitted,111,162.0,2.7,0,0
2009-2010,2009,CTAS II - Emergent,2,Death,Asthma,Not Admitted,0,0.0,0.0,0,1
2009-2010,2009,CTAS II - Emergent,2,Death,Influenzal Pneumonia,Not Admitted,0,0.0,0.0,0,1
2009-2010,2009,CTAS II - Emergent,2,Death,Motor Vehicle Collisions,Not Admitted,0,511.0,8.5167,0,1
2009-2010,2009,CTAS II - Emergent,2,Death,Pneumonia,Not Admitted,35,195.0,3.25,0,0
2009-2010,2009,CTAS II - Emergent,2,Death,Trauma,Not Admitted,39,315.0,5.25,0,0
2009-2010,2009,CTAS II - Emergent,2,Death,Unintentional Falls,Not Admitted,25,344.0,5.7333,0,0
2009-2010,2009,CTAS II - Emergent,2,Discharged Home,Acute Myocardial Infarction,Not Admitted,291,332.0,5.5333,0,0
2009-2010,2009,CTAS II - Emergent,2,Discharged Home,Asthma,Not Admitted,10792,185.0,3.0833,0,0
2009-2010,2009,CTAS II - Emergent,2,Discharged Home,Influenzal Pneumonia,Not Admitted,476,196.0,3.2667,0,0
2009-2010,2009,CTAS II - Emergent,2,Discharged Home,Motor Vehicle Collisions,Not Admitted,14776,185.0,3.0833,0,0
2009-2010,2009,CTAS II - Emergent,2,Discharged Home,Pneumonia,Not Admitted,7904,234.0,3.9,0,0
2009-2010,2009,CTAS II - Emergent,2,Discharged Home,Trauma,Not Admitted,80929,170.0,2.8333,0,0
2009-2010,2009,CTAS II - Emergent,2,Discharged Home,Unintentional Falls,Not Admitted,23675,200.0,3.3333,0,0
2009-2010,2009,CTAS II - Emergent,2,Intra-Facility Transfer,Acute Myocardial Infarction,Not Admitted,22,70.0,1.1667,0,0
2009-2010,2009,CTAS II - Emergent,2,Intra-Facility Transfer,Asthma,Not Admitted,49,152.0,2.5333,0,0
2009-2010,2009,CTAS II - Emergent,2,Intra-Facility Transfer,Influenzal Pneumonia,Not Admitted,0,0.0,0.0,0,1
2009-2010,2009,CTAS II - Emergent,2,Intra-Facility Transfer,Motor Vehicle Collisions,Not Admitted,52,168.0,2.8,0,0
2009-2010,2009,CTAS II - Emergent,2,Intra-Facility Transfer,Pneumonia,Not Admitted,15,189.0,3.15,0,0
2009-2010,2009,CTAS II - Emergent,2,Intra-Facility Transfer,Trauma,Not Admitted,691,170.0,2.8333,0,0
2009-2010,2009,CTAS II - Emergent,2,Intra-Facility Transfer,Unintentional Falls,Not Admitted,153,179.0,2.9833,0,0
2009-2010,2009,CTAS II - Emergent,2,Not Seen Or Left,Acute Myocardial Infarction,Not Admitted,39,242.0,4.0333,0,0
2009-2010,2009,CTAS II - Emergent,2,Not Seen Or Left,Asthma,Not Admitted,113,160.0,2.6667,0,0
2009-2010,2009,CTAS II - Emergent,2,Not Seen Or Left,Influenzal Pneumonia,Not Admitted,0,289.0,4.8167,0,1
2009-2010,2009,CTAS II - Emergent,2,Not Seen Or Left,Motor Vehicle Collisions,Not Admitted,221,146.0,2.4333,0,0
2009-2010,2009,CTAS II - Emergent,2,Not Seen Or Left,Pneumonia,Not Admitted,45,317.0,5.2833,0,0
2009-2010,2009,CTAS II - Emergent,2,Not Seen Or Left,Trauma,Not Admitted,1697,139.0,2.3167,0,0
2009-2010,2009,CTAS II - Emergent,2,Not Seen Or Left,Unintentional Falls,Not Admitted,396,148.0,2.4667,0,0
2009-2010,2009,CTAS II - Emergent,2,Transferred,Acute Myocardial Infarction,Not Admitted,2110,134.0,2.2333,0,0
2009-2010,2009,CTAS II - Emergent,2,Transferred,Asthma,Not Admitted,249,252.0,4.2,0,0
2009-2010,2009,CTAS II - Emergent,2,Transferred,Influenzal Pneumonia,Not Admitted,26,280.0,4.6667,0,0
2009-2010,2009,CTAS II - Emergent,2,Transferred,Motor Vehicle Collisions,Not Admitted,990,216.0,3.6,0,0
2009-2010,2009,CTAS II - Emergent,2,Transferred,Pneumonia,Not Admitted,578,238.0,3.9667,0,0
2009-2010,2009,CTAS II - Emergent,2,Transferred,Trauma,Not Admitted,3778,202.0,3.3667,0,0
2009-2010,2009,CTAS II - Emergent,2,Transferred,Unintentional Falls,Not Admitted,1321,230.0,3.8333,0,0
2009-2010,2009,CTAS II - Emergent,2,Unknown,Acute Myocardial Infarction,Not Admitted,0,0.0,0.0,0,1
2009-2010,2009,CTAS II - Emergent,2,Unknown,Asthma,Not Admitted,0,0.0,0.0,0,1
2009-2010,2009,CTAS II - Emergent,2,Unknown,Influenzal Pneumonia,Not Admitted,0,0.0,0.0,0,1
2009-2010,2009,CTAS II - Emergent,2,Unknown,Motor Vehicle Collisions,Not Admitted,0,0.0,0.0,0,1
2009-2010,2009,CTAS II - Emergent,2,Unknown,Pneumonia,Not Admitted,0,0.0,0.0,0,1
2009-2010,2009,CTAS II - Emergent,2,Unknown,Trauma,Not Admitted,0,0.0,0.0,0,1
2009-2010,2009,CTAS II - Emergent,2,Unknown,Unintentional Falls,Not Admitted,0,0.0,0.0,0,1
2009-2010,2009,CTAS III - Urgent,3,Admitted,Acute Myocardial Infarction,Admitted,3321,567.0,9.45,1,0
2009-2010,2009,Less urgent,3,Admitted,Acute Myocardial Infarction,Admitted,297,467.0,7.7833,1,0
2009-2010,2009,Non-urgent,3,Admitted,Acute Myocardial Infarction,Admitted,9,227.0,3.7833,1,0
2009-2010,2009,Unknown,3,Admitted,Acute Myocardial Infarction,Admitted,46,228.0,3.8,1,0
2009-2010,2009,CTAS III - Urgent,3,Admitted,Asthma,Admitted,1595,553.0,9.2167,1,0
2009-2010,2009,Less urgent,3,Admitted,Asthma,Admitted,109,378.0,6.3,1,0
2009-2010,2009,Non-urgent,3,Admitted,Asthma,Admitted,9,270.0,4.5,1,0
2009-2010,2009,Unknown,3,Admitted,Asthma,Admitted,15,126.0,2.1,1,0
2009-2010,2009,CTAS III - Urgent,3,Admitted,Influenzal Pneumonia,Admitted,309,591.0,9.85,1,0
2009-2010,2009,Less urgent,3,Admitted,Influenzal Pneumonia,Admitted,38,446.0,7.4333,1,0
2009-2010,2009,Non-urgent,3,Admitted,Influenzal Pneumonia,Admitted,0,1397.0,23.2833,1,1
2009-2010,2009,Unknown,3,Admitted,Influenzal Pneumonia,Admitted,0,308.0,5.1333,1,1
2009-2010,2009,CTAS III - Urgent,3,Admitted,Motor Vehicle Collisions,Admitted,1783,417.0,6.95,1,0
2009-2010,2009,Less urgent,3,Admitted,Motor Vehicle Collisions,Admitted,332,344.0,5.7333,1,0
2009-2010,2009,Non-urgent,3,Admitted,Motor Vehicle Collisions,Admitted,26,198.0,3.3,1,0
2009-2010,2009,Unknown,3,Admitted,Motor Vehicle Collisions,Admitted,26,325.0,5.4167,1,0
2009-2010,2009,CTAS III - Urgent,3,Admitted,Pneumonia,Admitted,11419,718.0,11.9667,1,0
2009-2010,2009,Less urgent,3,Admitted,Pneumonia,Admitted,1285,435.0,7.25,1,0
2009-2010,2009,Non-urgent,3,Admitted,Pneumonia,Admitted,70,288.0,4.8,1,0
2009-2010,2009,Unknown,3,Admitted,Pneumonia,Admitted,70,352.0,5.8667,1,0
2009-2010,2009,CTAS III - Urgent,3,Admitted,Trauma,Admitted,25400,507.0,8.45,1,0
2009-2010,2009,Less urgent,3,Admitted,Trauma,Admitted,5418,433.0,7.2167,1,0
2009-2010,2009,Non-urgent,3,Admitted,Trauma,Admitted,363,267.0,4.45,1,0
2009-2010,2009,Unknown,3,Admitted,Trauma,Admitted,209,337.0,5.6167,1,0
2009-2010,2009,CTAS III - Urgent,3,Admitted,Unintentional Falls,Admitted,18579,535.0,8.9167,1,0
2009-2010,2009,Less urgent,3,Admitted,Unintentional Falls,Admitted,3554,471.0,7.85,1,0
2009-2010,2009,Non-urgent,3,Admitted,Unintentional Falls,Admitted,183,290.0,4.8333,1,0
2009-2010,2009,Unknown,3,Admitted,Unintentional Falls,Admitted,126,354.0,5.9,1,0
2009-2010,2009,CTAS III - Urgent,3,Death,Acute Myocardial Infarction,Not Admitted,28,230.0,3.8333,0,0
2009-2010,2009,Less urgent,3,Death,Acute Myocardial Infarction,Not Admitted,6,26.0,0.4333,0,0
2009-2010,2009,Non-urgent,3,Death,Acute Myocardial Infarction,Not Admitted,18,36.0,0.6,0,0
2009-2010,2009,Unknown,3,Death,Acute Myocardial Infarction,Not Admitted,8,28.0,0.4667,0,0
2009-2010,2009,CTAS III - Urgent,3,Death,Asthma,Not Admitted,0,0.0,0.0,0,1
2009-2010,2009,Less urgent,3,Death,Asthma,Not Admitted,0,38.0,0.6333,0,1
2009-2010,2009,Non-urgent,3,Death,Asthma,Not Admitted,0,0.0,0.0,0,1
2009-2010,2009,Unknown,3,Death,Asthma,Not Admitted,0,0.0,0.0,0,1
2009-2010,2009,CTAS III - Urgent,3,Death,Influenzal Pneumonia,Not Admitted,0,0.0,0.0,0,1
2009-2010,2009,Less urgent,3,Death,Influenzal Pneumonia,Not Admitted,0,0.0,0.0,0,1
2009-2010,2009,Non-urgent,3,Death,Influenzal Pneumonia,Not Admitted,0,0.0,0.0,0,1
2009-2010,2009,Unknown,3,Death,Influenzal Pneumonia,Not Admitted,0,0.0,0.0,0,1
2009-2010,2009,CTAS III - Urgent,3,Death,Motor Vehicle Collisions,Not Admitted,0,130.0,2.1667,0,1
2009-2010,2009,Less urgent,3,Death,Motor Vehicle Collisions,Not Admitted,0,0.0,0.0,0,1
2009-2010,2009,Non-urgent,3,Death,Motor Vehicle Collisions,Not Admitted,0,134.0,2.2333,0,1
2009-2010,2009,Unknown,3,Death,Motor Vehicle Collisions,Not Admitted,0,109.0,1.8167,0,1
2009-2010,2009,CTAS III - Urgent,3,Death,Pneumonia,Not Admitted,12,318.0,5.3,0,0
2009-2010,2009,Less urgent,3,Death,Pneumonia,Not Admitted,0,0.0,0.0,0,1
2009-2010,2009,Non-urgent,3,Death,Pneumonia,Not Admitted,0,88.0,1.4667,0,1
2009-2010,2009,Unknown,3,Death,Pneumonia,Not Admitted,0,0.0,0.0,0,1
2009-2010,2009,CTAS III - Urgent,3,Death,Trauma,Not Admitted,30,272.0,4.5333,0,0
2009-2010,2009,Less urgent,3,Death,Trauma,Not Admitted,0,69.0,1.15,0,1
2009-2010,2009,Non-urgent,3,Death,Trauma,Not Admitted,9,55.0,0.9167,0,0
2009-2010,2009,Unknown,3,Death,Trauma,Not Admitted,5,181.0,3.0167,0,0
2009-2010,2009,CTAS III - Urgent,3,Death,Unintentional Falls,Not Admitted,25,330.0,5.5,0,0
2009-2010,2009,Less urgent,3,Death,Unintentional Falls,Not Admitted,0,54.0,0.9,0,1
2009-2010,2009,Non-urgent,3,Death,Unintentional Falls,Not Admitted,0,55.0,0.9167,0,1
2009-2010,2009,Unknown,3,Death,Unintentional Falls,Not Admitted,0,312.0,5.2,0,1
2009-2010,2009,CTAS III - Urgent,3,Discharged Home,Acute Myocardial Infarction,Not Admitted,156,350.0,5.8333,0,0
2009-2010,2009,Less urgent,3,Discharged Home,Acute Myocardial Infarction,Not Admitted,28,224.0,3.7333,0,0
2009-2010,2009,Non-urgent,3,Discharged Home,Acute Myocardial Infarction,Not Admitted,10,144.0,2.4,0,0
2009-2010,2009,Unknown,3,Discharged Home,Acute Myocardial Infarction,Not Admitted,7,133.0,2.2167,0,0
2009-2010,2009,CTAS III - Urgent,3,Discharged Home,Asthma,Not Admitted,25191,160.0,2.6667,0,0
2009-2010,2009,Less urgent,3,Discharged Home,Asthma,Not Admitted,13405,108.0,1.8,0,0
2009-2010,2009,Non-urgent,3,Discharged Home,Asthma,Not Admitted,1637,77.0,1.2833,0,0
2009-2010,2009,Unknown,3,Discharged Home,Asthma,Not Admitted,249,73.0,1.2167,0,0
2009-2010,2009,CTAS III - Urgent,3,Discharged Home,Influenzal Pneumonia,Not Admitted,3227,147.0,2.45,0,0
2009-2010,2009,Less urgent,3,Discharged Home,Influenzal Pneumonia,Not Admitted,2694,111.0,1.85,0,0
2009-2010,2009,Non-urgent,3,Discharged Home,Influenzal Pneumonia,Not Admitted,274,82.0,1.3667,0,0
2009-2010,2009,Unknown,3,Discharged Home,Influenzal Pneumonia,Not Admitted,108,78.0,1.3,0,0
2009-2010,2009,CTAS III - Urgent,3,Discharged Home,Motor Vehicle Collisions,Not Admitted,42100,154.0,2.5667,0,0
2009-2010,2009,Less urgent,3,Discharged Home,Motor Vehicle Collisions,Not Admitted,39873,125.0,2.0833,0,0
2009-2010,2009,Non-urgent,3,Discharged Home,Motor Vehicle Collisions,Not Admitted,2756,102.0,1.7,0,0
2009-2010,2009,Unknown,3,Discharged Home,Motor Vehicle Collisions,Not Admitted,272,103.0,1.7167,0,0
2009-2010,2009,CTAS III - Urgent,3,Discharged Home,Pneumonia,Not Admitted,29254,195.0,3.25,0,0
2009-2010,2009,Less urgent,3,Discharged Home,Pneumonia,Not Admitted,17941,134.0,2.2333,0,0
2009-2010,2009,Non-urgent,3,Discharged Home,Pneumonia,Not Admitted,1516,93.0,1.55,0,0
2009-2010,2009,Unknown,3,Discharged Home,Pneumonia,Not Admitted,199,102.0,1.7,0,0
2009-2010,2009,CTAS III - Urgent,3,Discharged Home,Trauma,Not Admitted,372030,143.0,2.3833,0,0
2009-2010,2009,Less urgent,3,Discharged Home,Trauma,Not Admitted,649205,115.0,1.9167,0,0
2009-2010,2009,Non-urgent,3,Discharged Home,Trauma,Not Admitted,62674,92.0,1.5333,0,0
2009-2010,2009,Unknown,3,Discharged Home,Trauma,Not Admitted,3836,84.0,1.4,0,0
2009-2010,2009,CTAS III - Urgent,3,Discharged Home,Unintentional Falls,Not Admitted,129607,162.0,2.7,0,0
2009-2010,2009,Less urgent,3,Discharged Home,Unintentional Falls,Not Admitted,178581,125.0,2.0833,0,0
2009-2010,2009,Non-urgent,3,Discharged Home,Unintentional Falls,Not Admitted,12423,101.0,1.6833,0,0
2009-2010,2009,Unknown,3,Discharged Home,Unintentional Falls,Not Admitted,817,94.0,1.5667,0,0
2009-2010,2009,CTAS III - Urgent,3,Intra-Facility Transfer,Acute Myocardial Infarction,Not Admitted,8,172.0,2.8667,0,0
2009-2010,2009,Less urgent,3,Intra-Facility Transfer,Acute Myocardial Infarction,Not Admitted,0,252.0,4.2,0,1
2009-2010,2009,Non-urgent,3,Intra-Facility Transfer,Acute Myocardial Infarction,Not Admitted,0,0.0,0.0,0,1
2009-2010,2009,Unknown,3,Intra-Facility Transfer,Acute Myocardial Infarction,Not Admitted,0,0.0,0.0,0,1
2009-2010,2009,CTAS III - Urgent,3,Intra-Facility Transfer,Asthma,Not Admitted,18,170.0,2.8333,0,0
2009-2010,2009,Less urgent,3,Intra-Facility Transfer,Asthma,Not Admitted,0,293.0,4.8833,0,1
2009-2010,2009,Non-urgent,3,Intra-Facility Transfer,Asthma,Not Admitted,0,0.0,0.0,0,1
2009-2010,2009,Unknown,3,Intra-Facility Transfer,Asthma,Not Admitted,0,0.0,0.0,0,1
2009-2010,2009,CTAS III - Urgent,3,Intra-Facility Transfer,Influenzal Pneumonia,Not Admitted,0,232.0,3.8667,0,1
2009-2010,2009,Less urgent,3,Intra-Facility Transfer,Influenzal Pneumonia,Not Admitted,0,380.0,6.3333,0,1
2009-2010,2009,Non-urgent,3,Intra-Facility Transfer,Influenzal Pneumonia,Not Admitted,0,0.0,0.0,0,1
2009-2010,2009,Unknown,3,Intra-Facility Transfer,Influenzal Pneumonia,Not Admitted,0,0.0,0.0,0,1
2009-2010,2009,CTAS III - Urgent,3,Intra-Facility Transfer,Motor Vehicle Collisions,Not Admitted,95,194.0,3.2333,0,0
2009-2010,2009,Less urgent,3,Intra-Facility Transfer,Motor Vehicle Collisions,Not Admitted,64,126.0,2.1,0,0
2009-2010,2009,Non-urgent,3,Intra-Facility Transfer,Motor Vehicle Collisions,Not Admitted,15,76.0,1.2667,0,0
2009-2010,2009,Unknown,3,Intra-Facility Transfer,Motor Vehicle Collisions,Not Admitted,0,57.0,0.95,0,1
2009-2010,2009,CTAS III - Urgent,3,Intra-Facility Transfer,Pneumonia,Not Admitted,43,273.0,4.55,0,0
2009-2010,2009,Less urgent,3,Intra-Facility Transfer,Pneumonia,Not Admitted,11,290.0,4.8333,0,0
2009-2010,2009,Non-urgent,3,Intra-Facility Transfer,Pneumonia,Not Admitted,0,0.0,0.0,0,1
2009-2010,2009,Unknown,3,Intra-Facility Transfer,Pneumonia,Not Admitted,0,0.0,0.0,0,1
2009-2010,2009,CTAS III - Urgent,3,Intra-Facility Transfer,Trauma,Not Admitted,1604,172.0,2.8667,0,0
2009-2010,2009,Less urgent,3,Intra-Facility Transfer,Trauma,Not Admitted,1112,135.0,2.25,0,0
2009-2010,2009,Non-urgent,3,Intra-Facility Transfer,Trauma,Not Admitted,207,88.0,1.4667,0,0
2009-2010,2009,Unknown,3,Intra-Facility Transfer,Trauma,Not Admitted,29,67.0,1.1167,0,0
2009-2010,2009,CTAS III - Urgent,3,Intra-Facility Transfer,Unintentional Falls,Not Admitted,465,200.0,3.3333,0,0
2009-2010,2009,Less urgent,3,Intra-Facility Transfer,Unintentional Falls,Not Admitted,317,139.0,2.3167,0,0
2009-2010,2009,Non-urgent,3,Intra-Facility Transfer,Unintentional Falls,Not Admitted,41,86.0,1.4333,0,0
2009-2010,2009,Unknown,3,Intra-Facility Transfer,Unintentional Falls,Not Admitted,7,67.0,1.1167,0,0
2009-2010,2009,CTAS III - Urgent,3,Not Seen Or Left,Acute Myocardial Infarction,Not Admitted,24,314.0,5.2333,0,0
2009-2010,2009,Less urgent,3,Not Seen Or Left,Acute Myocardial Infarction,Not Admitted,0,172.0,2.8667,0,1
2009-2010,2009,Non-urgent,3,Not Seen Or Left,Acute Myocardial Infarction,Not Admitted,0,0.0,0.0,0,1
2009-2010,2009,Unknown,3,Not Seen Or Left,Acute Myocardial Infarction,Not Admitted,0,0.0,0.0,0,1
2009-2010,2009,CTAS III - Urgent,3,Not Seen Or Left,Asthma,Not Admitted,356,132.0,2.2,0,0
2009-2010,2009,Less urgent,3,Not Seen Or Left,Asthma,Not Admitted,137,102.0,1.7,0,0
2009-2010,2009,Non-urgent,3,Not Seen Or Left,Asthma,Not Admitted,7,50.0,0.8333,0,0
2009-2010,2009,Unknown,3,Not Seen Or Left,Asthma,Not Admitted,7,14.0,0.2333,0,0
2009-2010,2009,CTAS III - Urgent,3,Not Seen Or Left,Influenzal Pneumonia,Not Admitted,6,218.0,3.6333,0,0
2009-2010,2009,Less urgent,3,Not Seen Or Left,Influenzal Pneumonia,Not Admitted,16,153.0,2.55,0,0
2009-2010,2009,Non-urgent,3,Not Seen Or Left,Influenzal Pneumonia,Not Admitted,0,8.0,0.1333,0,1
2009-2010,2009,Unknown,3,Not Seen Or Left,Influenzal Pneumonia,Not Admitted,6,144.0,2.4,0,0
2009-2010,2009,CTAS III - Urgent,3,Not Seen Or Left,Motor Vehicle Collisions,Not Admitted,1196,146.0,2.4333,0,0
2009-2010,2009,Less urgent,3,Not Seen Or Left,Motor Vehicle Collisions,Not Admitted,1453,132.0,2.2,0,0
2009-2010,2009,Non-urgent,3,Not Seen Or Left,Motor Vehicle Collisions,Not Admitted,105,86.0,1.4333,0,0
2009-2010,2009,Unknown,3,Not Seen Or Left,Motor Vehicle Collisions,Not Admitted,22,65.0,1.0833,0,0
2009-2010,2009,CTAS III - Urgent,3,Not Seen Or Left,Pneumonia,Not Admitted,109,234.0,3.9,0,0
2009-2010,2009,Less urgent,3,Not Seen Or Left,Pneumonia,Not Admitted,72,162.0,2.7,0,0
2009-2010,2009,Non-urgent,3,Not Seen Or Left,Pneumonia,Not Admitted,5,54.0,0.9,0,0
2009-2010,2009,Unknown,3,Not Seen Or Left,Pneumonia,Not Admitted,0,14.0,0.2333,0,1
2009-2010,2009,CTAS III - Urgent,3,Not Seen Or Left,Trauma,Not Admitted,12466,132.0,2.2,0,0
2009-2010,2009,Less urgent,3,Not Seen Or Left,Trauma,Not Admitted,23918,124.0,2.0667,0,0
2009-2010,2009,Non-urgent,3,Not Seen Or Left,Trauma,Not Admitted,2899,99.0,1.65,0,0
2009-2010,2009,Unknown,3,Not Seen Or Left,Trauma,Not Admitted,925,17.0,0.2833,0,0
2009-2010,2009,CTAS III - Urgent,3,Not Seen Or Left,Unintentional Falls,Not Admitted,3405,139.0,2.3167,0,0
2009-2010,2009,Less urgent,3,Not Seen Or Left,Unintentional Falls,Not Admitted,5151,128.0,2.1333,0,0
2009-2010,2009,Non-urgent,3,Not Seen Or Left,Unintentional Falls,Not Admitted,432,97.0,1.6167,0,0
2009-2010,2009,Unknown,3,Not Seen Or Left,Unintentional Falls,Not Admitted,91,43.0,0.7167,0,0
2009-2010,2009,CTAS III - Urgent,3,Transferred,Acute Myocardial Infarction,Not Admitted,502,216.0,3.6,0,0
2009-2010,2009,Less urgent,3,Transferred,Acute Myocardial Infarction,Not Admitted,32,218.0,3.6333,0,0
2009-2010,2009,Non-urgent,3,Transferred,Acute Myocardial Infarction,Not Admitted,0,985.0,16.4167,0,1
2009-2010,2009,Unknown,3,Transferred,Acute Myocardial Infarction,Not Admitted,15,66.0,1.1,0,0
2009-2010,2009,CTAS III - Urgent,3,Transferred,Asthma,Not Admitted,121,276.0,4.6,0,0
2009-2010,2009,Less urgent,3,Transferred,Asthma,Not Admitted,15,210.0,3.5,0,0
2009-2010,2009,Non-urgent,3,Transferred,Asthma,Not Admitted,0,0.0,0.0,0,1
2009-2010,2009,Unknown,3,Transferred,Asthma,Not Admitted,0,205.0,3.4167,0,1
2009-2010,2009,CTAS III - Urgent,3,Transferred,Influenzal Pneumonia,Not Admitted,28,311.0,5.1833,0,0
2009-2010,2009,Less urgent,3,Transferred,Influenzal Pneumonia,Not Admitted,0,227.0,3.7833,0,1
2009-2010,2009,Non-urgent,3,Transferred,Influenzal Pneumonia,Not Admitted,0,195.0,3.25,0,1
2009-2010,2009,Unknown,3,Transferred,Influenzal Pneumonia,Not Admitted,0,85.0,1.4167,0,1
2009-2010,2009,CTAS III - Urgent,3,Transferred,Motor Vehicle Collisions,Not Admitted,671,220.0,3.6667,0,0
2009-2010,2009,Less urgent,3,Transferred,Motor Vehicle Collisions,Not Admitted,151,205.0,3.4167,0,0
2009-2010,2009,Non-urgent,3,Transferred,Motor Vehicle Collisions,Not Admitted,12,258.0,4.3,0,0
2009-2010,2009,Unknown,3,Transferred,Motor Vehicle Collisions,Not Admitted,23,140.0,2.3333,0,0
2009-2010,2009,CTAS III - Urgent,3,Transferred,Pneumonia,Not Admitted,603,272.0,4.5333,0,0
2009-2010,2009,Less urgent,3,Transferred,Pneumonia,Not Admitted,103,302.0,5.0333,0,0
2009-2010,2009,Non-urgent,3,Transferred,Pneumonia,Not Admitted,5,520.0,8.6667,0,0
2009-2010,2009,Unknown,3,Transferred,Pneumonia,Not Admitted,5,244.0,4.0667,0,0
2009-2010,2009,CTAS III - Urgent,3,Transferred,Trauma,Not Admitted,5208,223.0,3.7167,0,0
2009-2010,2009,Less urgent,3,Transferred,Trauma,Not Admitted,1960,196.0,3.2667,0,0
2009-2010,2009,Non-urgent,3,Transferred,Trauma,Not Admitted,129,150.0,2.5,0,0
2009-2010,2009,Unknown,3,Transferred,Trauma,Not Admitted,65,155.0,2.5833,0,0
2009-2010,2009,CTAS III - Urgent,3,Transferred,Unintentional Falls,Not Admitted,2712,253.0,4.2167,0,0
2009-2010,2009,Less urgent,3,Transferred,Unintentional Falls,Not Admitted,932,235.0,3.9167,0,0
2009-2010,2009,Non-urgent,3,Transferred,Unintentional Falls,Not Admitted,40,152.0,2.5333,0,0
2009-2010,2009,Unknown,3,Transferred,Unintentional Falls,Not Admitted,21,164.0,2.7333,0,0
2009-2010,2009,CTAS III - Urgent,3,Unknown,Acute Myocardial Infarction,Not Admitted,0,0.0,0.0,0,1
2009-2010,2009,Less urgent,3,Unknown,Acute Myocardial Infarction,Not Admitted,0,0.0,0.0,0,1
2009-2010,2009,Non-urgent,3,Unknown,Acute Myocardial Infarction,Not Admitted,0,0.0,0.0,0,1
2009-2010,2009,Unknown,3,Unknown,Acute Myocardial Infarction,Not Admitted,0,0.0,0.0,0,1
2009-2010,2009,CTAS III - Urgent,3,Unknown,Asthma,Not Admitted,0,0.0,0.0,0,1
2009-2010,2009,Less urgent,3,Unknown,Asthma,Not Admitted,0,0.0,0.0,0,1
2009-2010,2009,Non-urgent,3,Unknown,Asthma,Not Admitted,0,0.0,0.0,0,1
2009-2010,2009,Unknown,3,Unknown,Asthma,Not Admitted,0,0.0,0.0,0,1
2009-2010,2009,CTAS III - Urgent,3,Unknown,Influenzal Pneumonia,Not Admitted,0,0.0,0.0,0,1
2009-2010,2009,Less urgent,3,Unknown,Influenzal Pneumonia,Not Admitted,0,0.0,0.0,0,1
2009-2010,2009,Non-urgent,3,Unknown,Influenzal Pneumonia,Not Admitted,0,0.0,0.0,0,1
2009-2010,2009,Unknown,3,Unknown,Influenzal Pneumonia,Not Admitted,0,0.0,0.0,0,1
2009-2010,2009,CTAS III - Urgent,3,Unknown,Motor Vehicle Collisions,Not Admitted,0,0.0,0.0,0,1
2009-2010,2009,Less urgent,3,Unknown,Motor Vehicle Collisions,Not Admitted,0,0.0,0.0,0,1
2009-2010,2009,Non-urgent,3,Unknown,Motor Vehicle Collisions,Not Admitted,0,0.0,0.0,0,1
2009-2010,2009,Unknown,3,Unknown,Motor Vehicle Collisions,Not Admitted,0,0.0,0.0,0,1
2009-2010,2009,CTAS III - Urgent,3,Unknown,Pneumonia,Not Admitted,0,0.0,0.0,0,1
2009-2010,2009,Less urgent,3,Unknown,Pneumonia,Not Admitted,0,0.0,0.0,0,1
2009-2010,2009,Non-urgent,3,Unknown,Pneumonia,Not Admitted,0,0.0,0.0,0,1
2009-2010,2009,Unknown,3,Unknown,Pneumonia,Not Admitted,0,0.0,0.0,0,1
2009-2010,2009,CTAS III - Urgent,3,Unknown,Trauma,Not Admitted,0,0.0,0.0,0,1
2009-2010,2009,Less urgent,3,Unknown,Trauma,Not Admitted,0,0.0,0.0,0,1
2009-2010,2009,Non-urgent,3,Unknown,Trauma,Not Admitted,0,0.0,0.0,0,1
2009-2010,2009,Unknown,3,Unknown,Trauma,Not Admitted,0,0.0,0.0,0,1
2009-2010,2009,CTAS III - Urgent,3,Unknown,Unintentional Falls,Not Admitted,0,0.0,0.0,0,1
2009-2010,2009,Less urgent,3,Unknown,Unintentional Falls,Not Admitted,0,0.0,0.0,0,1
2009-2010,2009,Non-urgent,3,Unknown,Unintentional Falls,Not Admitted,0,0.0,0.0,0,1
2009-2010,2009,Unknown,3,Unknown,Unintentional Falls,Not Admitted,0,0.0,0.0,0,1
2008-2009,2008,CTAS I - Resuscitation,1,Admitted,Acute Myocardial Infarction,Admitted,739,194.0,3.2333,1,0
2008-2009,2008,CTAS I - Resuscitation,1,Admitted,Asthma,Admitted,364,370.0,6.1667,1,0
2008-2009,2008,CTAS I - Resuscitation,1,Admitted,Influenzal Pneumonia,Admitted,0,0.0,0.0,1,1
2008-2009,2008,CTAS I - Resuscitation,1,Admitted,Motor Vehicle Collisions,Admitted,1405,230.0,3.8333,1,0
2008-2009,2008,CTAS I - Resuscitation,1,Admitted,Pneumonia,Admitted,646,493.0,8.2167,1,0
2008-2009,2008,CTAS I - Resuscitation,1,Admitted,Trauma,Admitted,3426,235.0,3.9167,1,0
2008-2009,2008,CTAS I - Resuscitation,1,Admitted,Unintentional Falls,Admitted,784,294.0,4.9,1,0
2008-2009,2008,CTAS I - Resuscitation,1,Death,Acute Myocardial Infarction,Not Admitted,514,20.0,0.3333,0,0
2008-2009,2008,CTAS I - Resuscitation,1,Death,Asthma,Not Admitted,0,102.0,1.7,0,1
2008-2009,2008,CTAS I - Resuscitation,1,Death,Influenzal Pneumonia,Not Admitted,0,0.0,0.0,0,1
2008-2009,2008,CTAS I - Resuscitation,1,Death,Motor Vehicle Collisions,Not Admitted,164,24.0,0.4,0,0
2008-2009,2008,CTAS I - Resuscitation,1,Death,Pneumonia,Not Admitted,24,66.0,1.1,0,0
2008-2009,2008,CTAS I - Resuscitation,1,Death,Trauma,Not Admitted,447,28.0,0.4667,0,0
2008-2009,2008,CTAS I - Resuscitation,1,Death,Unintentional Falls,Not Admitted,68,110.0,1.8333,0,0
2008-2009,2008,CTAS I - Resuscitation,1,Discharged Home,Acute Myocardial Infarction,Not Admitted,18,91.0,1.5167,0,0
2008-2009,2008,CTAS I - Resuscitation,1,Discharged Home,Asthma,Not Admitted,262,220.0,3.6667,0,0
2008-2009,2008,CTAS I - Resuscitation,1,Discharged Home,Influenzal Pneumonia,Not Admitted,0,0.0,0.0,0,1
2008-2009,2008,CTAS I - Resuscitation,1,Discharged Home,Motor Vehicle Collisions,Not Admitted,327,260.0,4.3333,0,0
2008-2009,2008,CTAS I - Resuscitation,1,Discharged Home,Pneumonia,Not Admitted,65,277.0,4.6167,0,0
2008-2009,2008,CTAS I - Resuscitation,1,Discharged Home,Trauma,Not Admitted,1651,236.0,3.9333,0,0
2008-2009,2008,CTAS I - Resuscitation,1,Discharged Home,Unintentional Falls,Not Admitted,287,256.0,4.2667,0,0
2008-2009,2008,CTAS I - Resuscitation,1,Intra-Facility Transfer,Acute Myocardial Infarction,Not Admitted,6,21.0,0.35,0,0
2008-2009,2008,CTAS I - Resuscitation,1,Intra-Facility Transfer,Asthma,Not Admitted,0,0.0,0.0,0,1
2008-2009,2008,CTAS I - Resuscitation,1,Intra-Facility Transfer,Influenzal Pneumonia,Not Admitted,0,0.0,0.0,0,1
2008-2009,2008,CTAS I - Resuscitation,1,Intra-Facility Transfer,Motor Vehicle Collisions,Not Admitted,0,213.0,3.55,0,1
2008-2009,2008,CTAS I - Resuscitation,1,Intra-Facility Transfer,Pneumonia,Not Admitted,0,185.0,3.0833,0,1
2008-2009,2008,CTAS I - Resuscitation,1,Intra-Facility Transfer,Trauma,Not Admitted,25,140.0,2.3333,0,0
2008-2009,2008,CTAS I - Resuscitation,1,Intra-Facility Transfer,Unintentional Falls,Not Admitted,0,501.0,8.35,0,1
2008-2009,2008,CTAS I - Resuscitation,1,Not Seen Or Left,Acute Myocardial Infarction,Not Admitted,0,0.0,0.0,0,1
2008-2009,2008,CTAS I - Resuscitation,1,Not Seen Or Left,Asthma,Not Admitted,9,113.0,1.8833,0,0
2008-2009,2008,CTAS I - Resuscitation,1,Not Seen Or Left,Influenzal Pneumonia,Not Admitted,0,0.0,0.0,0,1
2008-2009,2008,CTAS I - Resuscitation,1,Not Seen Or Left,Motor Vehicle Collisions,Not Admitted,6,205.0,3.4167,0,0
2008-2009,2008,CTAS I - Resuscitation,1,Not Seen Or Left,Pneumonia,Not Admitted,0,162.0,2.7,0,1
2008-2009,2008,CTAS I - Resuscitation,1,Not Seen Or Left,Trauma,Not Admitted,34,172.0,2.8667,0,0
2008-2009,2008,CTAS I - Resuscitation,1,Not Seen Or Left,Unintentional Falls,Not Admitted,7,355.0,5.9167,0,0
2008-2009,2008,CTAS I - Resuscitation,1,Transferred,Acute Myocardial Infarction,Not Admitted,372,127.0,2.1167,0,0
2008-2009,2008,CTAS I - Resuscitation,1,Transferred,Asthma,Not Admitted,27,195.0,3.25,0,0
2008-2009,2008,CTAS I - Resuscitation,1,Transferred,Influenzal Pneumonia,Not Admitted,0,0.0,0.0,0,1
2008-2009,2008,CTAS I - Resuscitation,1,Transferred,Motor Vehicle Collisions,Not Admitted,330,139.0,2.3167,0,0
2008-2009,2008,CTAS I - Resuscitation,1,Transferred,Pneumonia,Not Admitted,29,210.0,3.5,0,0
2008-2009,2008,CTAS I - Resuscitation,1,Transferred,Trauma,Not Admitted,783,159.0,2.65,0,0
2008-2009,2008,CTAS I - Resuscitation,1,Transferred,Unintentional Falls,Not Admitted,162,198.0,3.3,0,0
2008-2009,2008,CTAS I - Resuscitation,1,Unknown,Acute Myocardial Infarction,Not Admitted,8,114.0,1.9,0,0
2008-2009,2008,CTAS I - Resuscitation,1,Unknown,Asthma,Not Admitted,0,101.0,1.6833,0,1
2008-2009,2008,CTAS I - Resuscitation,1,Unknown,Influenzal Pneumonia,Not Admitted,0,0.0,0.0,0,1
2008-2009,2008,CTAS I - Resuscitation,1,Unknown,Motor Vehicle Collisions,Not Admitted,10,51.0,0.85,0,0
2008-2009,2008,CTAS I - Resuscitation,1,Unknown,Pneumonia,Not Admitted,0,662.0,11.0333,0,1
2008-2009,2008,CTAS I - Resuscitation,1,Unknown,Trauma,Not Admitted,21,76.0,1.2667,0,0
2008-2009,2008,CTAS I - Resuscitation,1,Unknown,Unintentional Falls,Not Admitted,0,274.0,4.5667,0,1
2008-2009,2008,CTAS II - Emergent,2,Admitted,Acute Myocardial Infarction,Admitted,7637,445.0,7.4167,1,0
2008-2009,2008,CTAS II - Emergent,2,Admitted,Asthma,Admitted,2951,460.0,7.6667,1,0
2008-2009,2008,CTAS II - Emergent,2,Admitted,Influenzal Pneumonia,Admitted,5,466.0,7.7667,1,0
2008-2009,2008,CTAS II - Emergent,2,Admitted,Motor Vehicle Collisions,Admitted,2713,393.0,6.55,1,0
2008-2009,2008,CTAS II - Emergent,2,Admitted,Pneumonia,Admitted,9525,699.0,11.65,1,0
2008-2009,2008,CTAS II - Emergent,2,Admitted,Trauma,Admitted,13539,443.0,7.3833,1,0
2008-2009,2008,CTAS II - Emergent,2,Admitted,Unintentional Falls,Admitted,7157,498.0,8.3,1,0
2008-2009,2008,CTAS II - Emergent,2,Death,Acute Myocardial Infarction,Not Admitted,117,142.0,2.3667,0,0
2008-2009,2008,CTAS II - Emergent,2,Death,Asthma,Not Admitted,0,0.0,0.0,0,1
2008-2009,2008,CTAS II - Emergent,2,Death,Influenzal Pneumonia,Not Admitted,0,170.0,2.8333,0,1
2008-2009,2008,CTAS II - Emergent,2,Death,Motor Vehicle Collisions,Not Admitted,9,111.0,1.85,0,0
2008-2009,2008,CTAS II - Emergent,2,Death,Pneumonia,Not Admitted,43,209.0,3.4833,0,0
2008-2009,2008,CTAS II - Emergent,2,Death,Trauma,Not Admitted,35,185.0,3.0833,0,0
2008-2009,2008,CTAS II - Emergent,2,Death,Unintentional Falls,Not Admitted,20,257.0,4.2833,0,0
2008-2009,2008,CTAS II - Emergent,2,Discharged Home,Acute Myocardial Infarction,Not Admitted,307,326.0,5.4333,0,0
2008-2009,2008,CTAS II - Emergent,2,Discharged Home,Asthma,Not Admitted,12257,190.0,3.1667,0,0
2008-2009,2008,CTAS II - Emergent,2,Discharged Home,Influenzal Pneumonia,Not Admitted,0,204.0,3.4,0,1
2008-2009,2008,CTAS II - Emergent,2,Discharged Home,Motor Vehicle Collisions,Not Admitted,14199,183.0,3.05,0,0
2008-2009,2008,CTAS II - Emergent,2,Discharged Home,Pneumonia,Not Admitted,7092,240.0,4.0,0,0
2008-2009,2008,CTAS II - Emergent,2,Discharged Home,Trauma,Not Admitted,73994,170.0,2.8333,0,0
2008-2009,2008,CTAS II - Emergent,2,Discharged Home,Unintentional Falls,Not Admitted,21325,200.0,3.3333,0,0
2008-2009,2008,CTAS II - Emergent,2,Intra-Facility Transfer,Acute Myocardial Infarction,Not Admitted,42,52.0,0.8667,0,0
2008-2009,2008,CTAS II - Emergent,2,Intra-Facility Transfer,Asthma,Not Admitted,53,122.0,2.0333,0,0
2008-2009,2008,CTAS II - Emergent,2,Intra-Facility Transfer,Influenzal Pneumonia,Not Admitted,0,0.0,0.0,0,1
2008-2009,2008,CTAS II - Emergent,2,Intra-Facility Transfer,Motor Vehicle Collisions,Not Admitted,57,179.0,2.9833,0,0
2008-2009,2008,CTAS II - Emergent,2,Intra-Facility Transfer,Pneumonia,Not Admitted,28,138.0,2.3,0,0
2008-2009,2008,CTAS II - Emergent,2,Intra-Facility Transfer,Trauma,Not Admitted,654,170.0,2.8333,0,0
2008-2009,2008,CTAS II - Emergent,2,Intra-Facility Transfer,Unintentional Falls,Not Admitted,163,193.0,3.2167,0,0
2008-2009,2008,CTAS II - Emergent,2,Not Seen Or Left,Acute Myocardial Infarction,Not Admitted,31,290.0,4.8333,0,0
2008-2009,2008,CTAS II - Emergent,2,Not Seen Or Left,Asthma,Not Admitted,133,172.0,2.8667,0,0
2008-2009,2008,CTAS II - Emergent,2,Not Seen Or Left,Influenzal Pneumonia,Not Admitted,0,0.0,0.0,0,1
2008-2009,2008,CTAS II - Emergent,2,Not Seen Or Left,Motor Vehicle Collisions,Not Admitted,179,150.0,2.5,0,0
2008-2009,2008,CTAS II - Emergent,2,Not Seen Or Left,Pneumonia,Not Admitted,37,284.0,4.7333,0,0
2008-2009,2008,CTAS II - Emergent,2,Not Seen Or Left,Trauma,Not Admitted,1342,140.0,2.3333,0,0
2008-2009,2008,CTAS II - Emergent,2,Not Seen Or Left,Unintentional Falls,Not Admitted,344,170.0,2.8333,0,0
2008-2009,2008,CTAS II - Emergent,2,Transferred,Acute Myocardial Infarction,Not Admitted,1708,143.0,2.3833,0,0
2008-2009,2008,CTAS II - Emergent,2,Transferred,Asthma,Not Admitted,221,280.0,4.6667,0,0
2008-2009,2008,CTAS II - Emergent,2,Transferred,Influenzal Pneumonia,Not Admitted,0,0.0,0.0,0,1
2008-2009,2008,CTAS II - Emergent,2,Transferred,Motor Vehicle Collisions,Not Admitted,996,214.0,3.5667,0,0
2008-2009,2008,CTAS II - Emergent,2,Transferred,Pneumonia,Not Admitted,429,264.0,4.4,0,0
2008-2009,2008,CTAS II - Emergent,2,Transferred,Trauma,Not Admitted,3475,208.0,3.4667,0,0
2008-2009,2008,CTAS II - Emergent,2,Transferred,Unintentional Falls,Not Admitted,1149,240.0,4.0,0,0
2008-2009,2008,CTAS II - Emergent,2,Unknown,Acute Myocardial Infarction,Not Admitted,24,122.0,2.0333,0,0
2008-2009,2008,CTAS II - Emergent,2,Unknown,Asthma,Not Admitted,33,112.0,1.8667,0,0
2008-2009,2008,CTAS II - Emergent,2,Unknown,Influenzal Pneumonia,Not Admitted,0,0.0,0.0,0,1
2008-2009,2008,CTAS II - Emergent,2,Unknown,Motor Vehicle Collisions,Not Admitted,45,114.0,1.9,0,0
2008-2009,2008,CTAS II - Emergent,2,Unknown,Pneumonia,Not Admitted,48,150.0,2.5,0,0
2008-2009,2008,CTAS II - Emergent,2,Unknown,Trauma,Not Admitted,219,114.0,1.9,0,0
2008-2009,2008,CTAS II - Emergent,2,Unknown,Unintentional Falls,Not Admitted,68,128.0,2.1333,0,0
2008-2009,2008,CTAS III - Urgent,3,Admitted,Acute Myocardial Infarction,Admitted,3440,545.0,9.0833,1,0
2008-2009,2008,Less urgent,3,Admitted,Acute Myocardial Infarction,Admitted,350,484.0,8.0667,1,0
2008-2009,2008,Non-urgent,3,Admitted,Acute Myocardial Infarction,Admitted,38,202.0,3.3667,1,0
2008-2009,2008,Unknown,3,Admitted,Acute Myocardial Infarction,Admitted,0,0.0,0.0,1,1
2008-2009,2008,CTAS III - Urgent,3,Admitted,Asthma,Admitted,1628,526.0,8.7667,1,0
2008-2009,2008,Less urgent,3,Admitted,Asthma,Admitted,141,322.0,5.3667,1,0
2008-2009,2008,Non-urgent,3,Admitted,Asthma,Admitted,19,67.0,1.1167,1,0
2008-2009,2008,Unknown,3,Admitted,Asthma,Admitted,0,0.0,0.0,1,1
2008-2009,2008,CTAS III - Urgent,3,Admitted,Influenzal Pneumonia,Admitted,0,1096.0,18.2667,1,1
2008-2009,2008,Less urgent,3,Admitted,Influenzal Pneumonia,Admitted,0,0.0,0.0,1,1
2008-2009,2008,Non-urgent,3,Admitted,Influenzal Pneumonia,Admitted,0,1618.0,26.9667,1,1
2008-2009,2008,Unknown,3,Admitted,Influenzal Pneumonia,Admitted,0,0.0,0.0,1,1
2008-2009,2008,CTAS III - Urgent,3,Admitted,Motor Vehicle Collisions,Admitted,1964,402.0,6.7,1,0
2008-2009,2008,Less urgent,3,Admitted,Motor Vehicle Collisions,Admitted,428,365.0,6.0833,1,0
2008-2009,2008,Non-urgent,3,Admitted,Motor Vehicle Collisions,Admitted,56,288.0,4.8,1,0
2008-2009,2008,Unknown,3,Admitted,Motor Vehicle Collisions,Admitted,0,0.0,0.0,1,1
2008-2009,2008,CTAS III - Urgent,3,Admitted,Pneumonia,Admitted,10857,745.0,12.4167,1,0
2008-2009,2008,Less urgent,3,Admitted,Pneumonia,Admitted,1300,436.0,7.2667,1,0
2008-2009,2008,Non-urgent,3,Admitted,Pneumonia,Admitted,114,322.0,5.3667,1,0
2008-2009,2008,Unknown,3,Admitted,Pneumonia,Admitted,0,0.0,0.0,1,1
2008-2009,2008,CTAS III - Urgent,3,Admitted,Trauma,Admitted,26256,497.0,8.2833,1,0
2008-2009,2008,Less urgent,3,Admitted,Trauma,Admitted,6089,426.0,7.1,1,0
2008-2009,2008,Non-urgent,3,Admitted,Trauma,Admitted,544,300.0,5.0,1,0
2008-2009,2008,Unknown,3,Admitted,Trauma,Admitted,0,0.0,0.0,1,1
2008-2009,2008,CTAS III - Urgent,3,Admitted,Unintentional Falls,Admitted,19247,527.0,8.7833,1,0
2008-2009,2008,Less urgent,3,Admitted,Unintentional Falls,Admitted,3940,456.0,7.6,1,0
2008-2009,2008,Non-urgent,3,Admitted,Unintentional Falls,Admitted,300,305.0,5.0833,1,0
2008-2009,2008,Unknown,3,Admitted,Unintentional Falls,Admitted,0,0.0,0.0,1,1
2008-2009,2008,CTAS III - Urgent,3,Death,Acute Myocardial Infarction,Not Admitted,27,311.0,5.1833,0,0
2008-2009,2008,Less urgent,3,Death,Acute Myocardial Infarction,Not Admitted,0,26.0,0.4333,0,1
2008-2009,2008,Non-urgent,3,Death,Acute Myocardial Infarction,Not Admitted,15,25.0,0.4167,0,0
2008-2009,2008,Unknown,3,Death,Acute Myocardial Infarction,Not Admitted,0,0.0,0.0,0,1
2008-2009,2008,CTAS III - Urgent,3,Death,Asthma,Not Admitted,0,0.0,0.0,0,1
2008-2009,2008,Less urgent,3,Death,Asthma,Not Admitted,0,0.0,0.0,0,1
2008-2009,2008,Non-urgent,3,Death,Asthma,Not Admitted,0,0.0,0.0,0,1
2008-2009,2008,Unknown,3,Death,Asthma,Not Admitted,0,0.0,0.0,0,1
2008-2009,2008,CTAS III - Urgent,3,Death,Influenzal Pneumonia,Not Admitted,0,0.0,0.0,0,1
2008-2009,2008,Less urgent,3,Death,Influenzal Pneumonia,Not Admitted,0,0.0,0.0,0,1
2008-2009,2008,Non-urgent,3,Death,Influenzal Pneumonia,Not Admitted,0,0.0,0.0,0,1
2008-2009,2008,Unknown,3,Death,Influenzal Pneumonia,Not Admitted,0,0.0,0.0,0,1
2008-2009,2008,CTAS III - Urgent,3,Death,Motor Vehicle Collisions,Not Admitted,0,1.0,0.0167,0,1
2008-2009,2008,Less urgent,3,Death,Motor Vehicle Collisions,Not Admitted,0,0.0,0.0,0,1
2008-2009,2008,Non-urgent,3,Death,Motor Vehicle Collisions,Not Admitted,6,120.0,2.0,0,0
2008-2009,2008,Unknown,3,Death,Motor Vehicle Collisions,Not Admitted,0,0.0,0.0,0,1
2008-2009,2008,CTAS III - Urgent,3,Death,Pneumonia,Not Admitted,14,414.0,6.9,0,0
2008-2009,2008,Less urgent,3,Death,Pneumonia,Not Admitted,0,0.0,0.0,0,1
2008-2009,2008,Non-urgent,3,Death,Pneumonia,Not Admitted,0,0.0,0.0,0,1
2008-2009,2008,Unknown,3,Death,Pneumonia,Not Admitted,0,0.0,0.0,0,1
2008-2009,2008,CTAS III - Urgent,3,Death,Trauma,Not Admitted,17,277.0,4.6167,0,0
2008-2009,2008,Less urgent,3,Death,Trauma,Not Admitted,13,186.0,3.1,0,0
2008-2009,2008,Non-urgent,3,Death,Trauma,Not Admitted,10,75.0,1.25,0,0
2008-2009,2008,Unknown,3,Death,Trauma,Not Admitted,0,0.0,0.0,0,1
2008-2009,2008,CTAS III - Urgent,3,Death,Unintentional Falls,Not Admitted,14,340.0,5.6667,0,0
2008-2009,2008,Less urgent,3,Death,Unintentional Falls,Not Admitted,5,258.0,4.3,0,0
2008-2009,2008,Non-urgent,3,Death,Unintentional Falls,Not Admitted,0,0.0,0.0,0,1
2008-2009,2008,Unknown,3,Death,Unintentional Falls,Not Admitted,0,0.0,0.0,0,1
2008-2009,2008,CTAS III - Urgent,3,Discharged Home,Acute Myocardial Infarction,Not Admitted,147,485.0,8.0833,0,0
2008-2009,2008,Less urgent,3,Discharged Home,Acute Myocardial Infarction,Not Admitted,27,315.0,5.25,0,0
2008-2009,2008,Non-urgent,3,Discharged Home,Acute Myocardial Infarction,Not Admitted,24,20.0,0.3333,0,0
2008-2009,2008,Unknown,3,Discharged Home,Acute Myocardial Infarction,Not Admitted,0,0.0,0.0,0,1
2008-2009,2008,CTAS III - Urgent,3,Discharged Home,Asthma,Not Admitted,27197,160.0,2.6667,0,0
2008-2009,2008,Less urgent,3,Discharged Home,Asthma,Not Admitted,14903,110.0,1.8333,0,0
2008-2009,2008,Non-urgent,3,Discharged Home,Asthma,Not Admitted,2396,71.0,1.1833,0,0
2008-2009,2008,Unknown,3,Discharged Home,Asthma,Not Admitted,0,0.0,0.0,0,1
2008-2009,2008,CTAS III - Urgent,3,Discharged Home,Influenzal Pneumonia,Not Admitted,34,188.0,3.1333,0,0
2008-2009,2008,Less urgent,3,Discharged Home,Influenzal Pneumonia,Not Admitted,26,114.0,1.9,0,0
2008-2009,2008,Non-urgent,3,Discharged Home,Influenzal Pneumonia,Not Admitted,7,67.0,1.1167,0,0
2008-2009,2008,Unknown,3,Discharged Home,Influenzal Pneumonia,Not Admitted,0,0.0,0.0,0,1
2008-2009,2008,CTAS III - Urgent,3,Discharged Home,Motor Vehicle Collisions,Not Admitted,40713,154.0,2.5667,0,0
2008-2009,2008,Less urgent,3,Discharged Home,Motor Vehicle Collisions,Not Admitted,41189,127.0,2.1167,0,0
2008-2009,2008,Non-urgent,3,Discharged Home,Motor Vehicle Collisions,Not Admitted,3786,100.0,1.6667,0,0
2008-2009,2008,Unknown,3,Discharged Home,Motor Vehicle Collisions,Not Admitted,0,0.0,0.0,0,1
2008-2009,2008,CTAS III - Urgent,3,Discharged Home,Pneumonia,Not Admitted,24972,203.0,3.3833,0,0
2008-2009,2008,Less urgent,3,Discharged Home,Pneumonia,Not Admitted,16187,130.0,2.1667,0,0
2008-2009,2008,Non-urgent,3,Discharged Home,Pneumonia,Not Admitted,1950,90.0,1.5,0,0
2008-2009,2008,Unknown,3,Discharged Home,Pneumonia,Not Admitted,0,0.0,0.0,0,1
2008-2009,2008,CTAS III - Urgent,3,Discharged Home,Trauma,Not Admitted,358572,146.0,2.4333,0,0
2008-2009,2008,Less urgent,3,Discharged Home,Trauma,Not Admitted,664001,118.0,1.9667,0,0
2008-2009,2008,Non-urgent,3,Discharged Home,Trauma,Not Admitted,82776,90.0,1.5,0,0
2008-2009,2008,Unknown,3,Discharged Home,Trauma,Not Admitted,0,0.0,0.0,0,1
2008-2009,2008,CTAS III - Urgent,3,Discharged Home,Unintentional Falls,Not Admitted,123811,167.0,2.7833,0,0
2008-2009,2008,Less urgent,3,Discharged Home,Unintentional Falls,Not Admitted,183388,129.0,2.15,0,0
2008-2009,2008,Non-urgent,3,Discharged Home,Unintentional Falls,Not Admitted,16751,99.0,1.65,0,0
2008-2009,2008,Unknown,3,Discharged Home,Unintentional Falls,Not Admitted,0,0.0,0.0,0,1
2008-2009,2008,CTAS III - Urgent,3,Intra-Facility Transfer,Acute Myocardial Infarction,Not Admitted,9,144.0,2.4,0,0
2008-2009,2008,Less urgent,3,Intra-Facility Transfer,Acute Myocardial Infarction,Not Admitted,0,88.0,1.4667,0,1
2008-2009,2008,Non-urgent,3,Intra-Facility Transfer,Acute Myocardial Infarction,Not Admitted,0,0.0,0.0,0,1
2008-2009,2008,Unknown,3,Intra-Facility Transfer,Acute Myocardial Infarction,Not Admitted,0,0.0,0.0,0,1
2008-2009,2008,CTAS III - Urgent,3,Intra-Facility Transfer,Asthma,Not Admitted,25,107.0,1.7833,0,0
2008-2009,2008,Less urgent,3,Intra-Facility Transfer,Asthma,Not Admitted,0,479.0,7.9833,0,1
2008-2009,2008,Non-urgent,3,Intra-Facility Transfer,Asthma,Not Admitted,0,249.0,4.15,0,1
2008-2009,2008,Unknown,3,Intra-Facility Transfer,Asthma,Not Admitted,0,0.0,0.0,0,1
2008-2009,2008,CTAS III - Urgent,3,Intra-Facility Transfer,Influenzal Pneumonia,Not Admitted,0,0.0,0.0,0,1
2008-2009,2008,Less urgent,3,Intra-Facility Transfer,Influenzal Pneumonia,Not Admitted,0,0.0,0.0,0,1
2008-2009,2008,Non-urgent,3,Intra-Facility Transfer,Influenzal Pneumonia,Not Admitted,0,0.0,0.0,0,1
2008-2009,2008,Unknown,3,Intra-Facility Transfer,Influenzal Pneumonia,Not Admitted,0,0.0,0.0,0,1
2008-2009,2008,CTAS III - Urgent,3,Intra-Facility Transfer,Motor Vehicle Collisions,Not Admitted,95,163.0,2.7167,0,0
2008-2009,2008,Less urgent,3,Intra-Facility Transfer,Motor Vehicle Collisions,Not Admitted,56,104.0,1.7333,0,0
2008-2009,2008,Non-urgent,3,Intra-Facility Transfer,Motor Vehicle Collisions,Not Admitted,7,53.0,0.8833,0,0
2008-2009,2008,Unknown,3,Intra-Facility Transfer,Motor Vehicle Collisions,Not Admitted,0,0.0,0.0,0,1
2008-2009,2008,CTAS III - Urgent,3,Intra-Facility Transfer,Pneumonia,Not Admitted,34,234.0,3.9,0,0
2008-2009,2008,Less urgent,3,Intra-Facility Transfer,Pneumonia,Not Admitted,19,278.0,4.6333,0,0
2008-2009,2008,Non-urgent,3,Intra-Facility Transfer,Pneumonia,Not Admitted,0,145.0,2.4167,0,1
2008-2009,2008,Unknown,3,Intra-Facility Transfer,Pneumonia,Not Admitted,0,0.0,0.0,0,1
2008-2009,2008,CTAS III - Urgent,3,Intra-Facility Transfer,Trauma,Not Admitted,1676,179.0,2.9833,0,0
2008-2009,2008,Less urgent,3,Intra-Facility Transfer,Trauma,Not Admitted,1113,143.0,2.3833,0,0
2008-2009,2008,Non-urgent,3,Intra-Facility Transfer,Trauma,Not Admitted,187,83.0,1.3833,0,0
2008-2009,2008,Unknown,3,Intra-Facility Transfer,Trauma,Not Admitted,0,0.0,0.0,0,1
2008-2009,2008,CTAS III - Urgent,3,Intra-Facility Transfer,Unintentional Falls,Not Admitted,547,180.0,3.0,0,0
2008-2009,2008,Less urgent,3,Intra-Facility Transfer,Unintentional Falls,Not Admitted,377,146.0,2.4333,0,0
2008-2009,2008,Non-urgent,3,Intra-Facility Transfer,Unintentional Falls,Not Admitted,46,80.0,1.3333,0,0
2008-2009,2008,Unknown,3,Intra-Facility Transfer,Unintentional Falls,Not Admitted,0,0.0,0.0,0,1
2008-2009,2008,CTAS III - Urgent,3,Not Seen Or Left,Acute Myocardial Infarction,Not Admitted,19,505.0,8.4167,0,0
2008-2009,2008,Less urgent,3,Not Seen Or Left,Acute Myocardial Infarction,Not Admitted,5,422.0,7.0333,0,0
2008-2009,2008,Non-urgent,3,Not Seen Or Left,Acute Myocardial Infarction,Not Admitted,0,0.0,0.0,0,1
2008-2009,2008,Unknown,3,Not Seen Or Left,Acute Myocardial Infarction,Not Admitted,0,0.0,0.0,0,1
2008-2009,2008,CTAS III - Urgent,3,Not Seen Or Left,Asthma,Not Admitted,369,131.0,2.1833,0,0
2008-2009,2008,Less urgent,3,Not Seen Or Left,Asthma,Not Admitted,143,119.0,1.9833,0,0
2008-2009,2008,Non-urgent,3,Not Seen Or Left,Asthma,Not Admitted,14,73.0,1.2167,0,0
2008-2009,2008,Unknown,3,Not Seen Or Left,Asthma,Not Admitted,0,77.0,1.2833,0,1
2008-2009,2008,CTAS III - Urgent,3,Not Seen Or Left,Influenzal Pneumonia,Not Admitted,0,292.0,4.8667,0,1
2008-2009,2008,Less urgent,3,Not Seen Or Left,Influenzal Pneumonia,Not Admitted,0,369.0,6.15,0,1
2008-2009,2008,Non-urgent,3,Not Seen Or Left,Influenzal Pneumonia,Not Admitted,0,0.0,0.0,0,1
2008-2009,2008,Unknown,3,Not Seen Or Left,Influenzal Pneumonia,Not Admitted,0,0.0,0.0,0,1
2008-2009,2008,CTAS III - Urgent,3,Not Seen Or Left,Motor Vehicle Collisions,Not Admitted,1263,146.0,2.4333,0,0
2008-2009,2008,Less urgent,3,Not Seen Or Left,Motor Vehicle Collisions,Not Admitted,1550,130.0,2.1667,0,0
2008-2009,2008,Non-urgent,3,Not Seen Or Left,Motor Vehicle Collisions,Not Admitted,138,105.0,1.75,0,0
2008-2009,2008,Unknown,3,Not Seen Or Left,Motor Vehicle Collisions,Not Admitted,9,20.0,0.3333,0,0
2008-2009,2008,CTAS III - Urgent,3,Not Seen Or Left,Pneumonia,Not Admitted,111,248.0,4.1333,0,0
2008-2009,2008,Less urgent,3,Not Seen Or Left,Pneumonia,Not Admitted,42,128.0,2.1333,0,0
2008-2009,2008,Non-urgent,3,Not Seen Or Left,Pneumonia,Not Admitted,7,90.0,1.5,0,0
2008-2009,2008,Unknown,3,Not Seen Or Left,Pneumonia,Not Admitted,0,1.0,0.0167,0,1
2008-2009,2008,CTAS III - Urgent,3,Not Seen Or Left,Trauma,Not Admitted,11950,134.0,2.2333,0,0
2008-2009,2008,Less urgent,3,Not Seen Or Left,Trauma,Not Admitted,25457,125.0,2.0833,0,0
2008-2009,2008,Non-urgent,3,Not Seen Or Left,Trauma,Not Admitted,3586,100.0,1.6667,0,0
2008-2009,2008,Unknown,3,Not Seen Or Left,Trauma,Not Admitted,648,15.0,0.25,0,0
2008-2009,2008,CTAS III - Urgent,3,Not Seen Or Left,Unintentional Falls,Not Admitted,3097,142.0,2.3667,0,0
2008-2009,2008,Less urgent,3,Not Seen Or Left,Unintentional Falls,Not Admitted,5398,130.0,2.1667,0,0
2008-2009,2008,Non-urgent,3,Not Seen Or Left,Unintentional Falls,Not Admitted,532,112.0,1.8667,0,0
2008-2009,2008,Unknown,3,Not Seen Or Left,Unintentional Falls,Not Admitted,61,26.0,0.4333,0,0
2008-2009,2008,CTAS III - Urgent,3,Transferred,Acute Myocardial Infarction,Not Admitted,429,214.0,3.5667,0,0
2008-2009,2008,Less urgent,3,Transferred,Acute Myocardial Infarction,Not Admitted,45,277.0,4.6167,0,0
2008-2009,2008,Non-urgent,3,Transferred,Acute Myocardial Infarction,Not Admitted,10,268.0,4.4667,0,0
2008-2009,2008,Unknown,3,Transferred,Acute Myocardial Infarction,Not Admitted,0,0.0,0.0,0,1
2008-2009,2008,CTAS III - Urgent,3,Transferred,Asthma,Not Admitted,117,246.0,4.1,0,0
2008-2009,2008,Less urgent,3,Transferred,Asthma,Not Admitted,18,284.0,4.7333,0,0
2008-2009,2008,Non-urgent,3,Transferred,Asthma,Not Admitted,0,335.0,5.5833,0,1
2008-2009,2008,Unknown,3,Transferred,Asthma,Not Admitted,0,0.0,0.0,0,1
2008-2009,2008,CTAS III - Urgent,3,Transferred,Influenzal Pneumonia,Not Admitted,0,0.0,0.0,0,1
2008-2009,2008,Less urgent,3,Transferred,Influenzal Pneumonia,Not Admitted,0,0.0,0.0,0,1
2008-2009,2008,Non-urgent,3,Transferred,Influenzal Pneumonia,Not Admitted,0,0.0,0.0,0,1
2008-2009,2008,Unknown,3,Transferred,Influenzal Pneumonia,Not Admitted,0,0.0,0.0,0,1
2008-2009,2008,CTAS III - Urgent,3,Transferred,Motor Vehicle Collisions,Not Admitted,661,227.0,3.7833,0,0
2008-2009,2008,Less urgent,3,Transferred,Motor Vehicle Collisions,Not Admitted,149,193.0,3.2167,0,0
2008-2009,2008,Non-urgent,3,Transferred,Motor Vehicle Collisions,Not Admitted,23,181.0,3.0167,0,0
2008-2009,2008,Unknown,3,Transferred,Motor Vehicle Collisions,Not Admitted,0,0.0,0.0,0,1
2008-2009,2008,CTAS III - Urgent,3,Transferred,Pneumonia,Not Admitted,481,288.0,4.8,0,0
2008-2009,2008,Less urgent,3,Transferred,Pneumonia,Not Admitted,99,238.0,3.9667,0,0
2008-2009,2008,Non-urgent,3,Transferred,Pneumonia,Not Admitted,9,220.0,3.6667,0,0
2008-2009,2008,Unknown,3,Transferred,Pneumonia,Not Admitted,0,0.0,0.0,0,1
2008-2009,2008,CTAS III - Urgent,3,Transferred,Trauma,Not Admitted,4927,230.0,3.8333,0,0
2008-2009,2008,Less urgent,3,Transferred,Trauma,Not Admitted,2033,197.0,3.2833,0,0
2008-2009,2008,Non-urgent,3,Transferred,Trauma,Not Admitted,228,150.0,2.5,0,0
2008-2009,2008,Unknown,3,Transferred,Trauma,Not Admitted,0,0.0,0.0,0,1
2008-2009,2008,CTAS III - Urgent,3,Transferred,Unintentional Falls,Not Admitted,2556,257.0,4.2833,0,0
2008-2009,2008,Less urgent,3,Transferred,Unintentional Falls,Not Admitted,1001,234.0,3.9,0,0
2008-2009,2008,Non-urgent,3,Transferred,Unintentional Falls,Not Admitted,89,174.0,2.9,0,0
2008-2009,2008,Unknown,3,Transferred,Unintentional Falls,Not Admitted,0,0.0,0.0,0,1
2008-2009,2008,CTAS III - Urgent,3,Unknown,Acute Myocardial Infarction,Not Admitted,7,337.0,5.6167,0,0
2008-2009,2008,Less urgent,3,Unknown,Acute Myocardial Infarction,Not Admitted,0,142.0,2.3667,0,1
2008-2009,2008,Non-urgent,3,Unknown,Acute Myocardial Infarction,Not Admitted,0,0.0,0.0,0,1
2008-2009,2008,Unknown,3,Unknown,Acute Myocardial Infarction,Not Admitted,0,0.0,0.0,0,1
2008-2009,2008,CTAS III - Urgent,3,Unknown,Asthma,Not Admitted,195,77.0,1.2833,0,0
2008-2009,2008,Less urgent,3,Unknown,Asthma,Not Admitted,376,73.0,1.2167,0,0
2008-2009,2008,Non-urgent,3,Unknown,Asthma,Not Admitted,5,34.0,0.5667,0,0
2008-2009,2008,Unknown,3,Unknown,Asthma,Not Admitted,0,0.0,0.0,0,1
2008-2009,2008,CTAS III - Urgent,3,Unknown,Influenzal Pneumonia,Not Admitted,0,177.0,2.95,0,1
2008-2009,2008,Less urgent,3,Unknown,Influenzal Pneumonia,Not Admitted,0,78.0,1.3,0,1
2008-2009,2008,Non-urgent,3,Unknown,Influenzal Pneumonia,Not Admitted,0,0.0,0.0,0,1
2008-2009,2008,Unknown,3,Unknown,Influenzal Pneumonia,Not Admitted,0,0.0,0.0,0,1
2008-2009,2008,CTAS III - Urgent,3,Unknown,Motor Vehicle Collisions,Not Admitted,268,84.0,1.4,0,0
2008-2009,2008,Less urgent,3,Unknown,Motor Vehicle Collisions,Not Admitted,393,77.0,1.2833,0,0
2008-2009,2008,Non-urgent,3,Unknown,Motor Vehicle Collisions,Not Admitted,0,52.0,0.8667,0,1
2008-2009,2008,Unknown,3,Unknown,Motor Vehicle Collisions,Not Admitted,0,0.0,0.0,0,1
2008-2009,2008,CTAS III - Urgent,3,Unknown,Pneumonia,Not Admitted,237,132.0,2.2,0,0
2008-2009,2008,Less urgent,3,Unknown,Pneumonia,Not Admitted,325,95.0,1.5833,0,0
2008-2009,2008,Non-urgent,3,Unknown,Pneumonia,Not Admitted,0,20.0,0.3333,0,1
2008-2009,2008,Unknown,3,Unknown,Pneumonia,Not Admitted,0,0.0,0.0,0,1
2008-2009,2008,CTAS III - Urgent,3,Unknown,Trauma,Not Admitted,2578,80.0,1.3333,0,0
2008-2009,2008,Less urgent,3,Unknown,Trauma,Not Admitted,7324,74.0,1.2333,0,0
2008-2009,2008,Non-urgent,3,Unknown,Trauma,Not Admitted,138,60.0,1.0,0,0
2008-2009,2008,Unknown,3,Unknown,Trauma,Not Admitted,0,26.0,0.4333,0,1
2008-2009,2008,CTAS III - Urgent,3,Unknown,Unintentional Falls,Not Admitted,825,99.0,1.65,0,0
2008-2009,2008,Less urgent,3,Unknown,Unintentional Falls,Not Admitted,1914,83.0,1.3833,0,0
2008-2009,2008,Non-urgent,3,Unknown,Unintentional Falls,Not Admitted,29,62.0,1.0333,0,0
2008-2009,2008,Unknown,3,Unknown,Unintentional Falls,Not Admitted,0,0.0,0.0,0,1
2007-2008,2007,CTAS I - Resuscitation,1,Admitted,Acute Myocardial Infarction,Admitted,651,194.0,3.2333,1,0
2007-2008,2007,CTAS I - Resuscitation,1,Admitted,Asthma,Admitted,331,330.0,5.5,1,0
2007-2008,2007,CTAS I - Resuscitation,1,Admitted,Influenzal Pneumonia,Admitted,0,339.0,5.65,1,1
2007-2008,2007,CTAS I - Resuscitation,1,Admitted,Motor Vehicle Collisions,Admitted,1578,215.0,3.5833,1,0
2007-2008,2007,CTAS I - Resuscitation,1,Admitted,Pneumonia,Admitted,533,454.0,7.5667,1,0
2007-2008,2007,CTAS I - Resuscitation,1,Admitted,Trauma,Admitted,3369,218.0,3.6333,1,0
2007-2008,2007,CTAS I - Resuscitation,1,Admitted,Unintentional Falls,Admitted,672,255.0,4.25,1,0
2007-2008,2007,CTAS I - Resuscitation,1,Death,Acute Myocardial Infarction,Not Admitted,526,21.0,0.35,0,0
2007-2008,2007,CTAS I - Resuscitation,1,Death,Asthma,Not Admitted,0,34.0,0.5667,0,1
2007-2008,2007,CTAS I - Resuscitation,1,Death,Influenzal Pneumonia,Not Admitted,0,0.0,0.0,0,1
2007-2008,2007,CTAS I - Resuscitation,1,Death,Motor Vehicle Collisions,Not Admitted,202,25.0,0.4167,0,0
2007-2008,2007,CTAS I - Resuscitation,1,Death,Pneumonia,Not Admitted,28,146.0,2.4333,0,0
2007-2008,2007,CTAS I - Resuscitation,1,Death,Trauma,Not Admitted,473,28.0,0.4667,0,0
2007-2008,2007,CTAS I - Resuscitation,1,Death,Unintentional Falls,Not Admitted,44,111.0,1.85,0,0
2007-2008,2007,CTAS I - Resuscitation,1,Discharged Home,Acute Myocardial Infarction,Not Admitted,9,194.0,3.2333,0,0
2007-2008,2007,CTAS I - Resuscitation,1,Discharged Home,Asthma,Not Admitted,289,186.0,3.1,0,0
2007-2008,2007,CTAS I - Resuscitation,1,Discharged Home,Influenzal Pneumonia,Not Admitted,0,0.0,0.0,0,1
2007-2008,2007,CTAS I - Resuscitation,1,Discharged Home,Motor Vehicle Collisions,Not Admitted,372,265.0,4.4167,0,0
2007-2008,2007,CTAS I - Resuscitation,1,Discharged Home,Pneumonia,Not Admitted,69,214.0,3.5667,0,0
2007-2008,2007,CTAS I - Resuscitation,1,Discharged Home,Trauma,Not Admitted,1599,225.0,3.75,0,0
2007-2008,2007,CTAS I - Resuscitation,1,Discharged Home,Unintentional Falls,Not Admitted,275,245.0,4.0833,0,0
2007-2008,2007,CTAS I - Resuscitation,1,Intra-Facility Transfer,Acute Myocardial Infarction,Not Admitted,5,28.0,0.4667,0,0
2007-2008,2007,CTAS I - Resuscitation,1,Intra-Facility Transfer,Asthma,Not Admitted,0,225.0,3.75,0,1
2007-2008,2007,CTAS I - Resuscitation,1,Intra-Facility Transfer,Influenzal Pneumonia,Not Admitted,0,0.0,0.0,0,1
2007-2008,2007,CTAS I - Resuscitation,1,Intra-Facility Transfer,Motor Vehicle Collisions,Not Admitted,6,94.0,1.5667,0,0
2007-2008,2007,CTAS I - Resuscitation,1,Intra-Facility Transfer,Pneumonia,Not Admitted,0,0.0,0.0,0,1
2007-2008,2007,CTAS I - Resuscitation,1,Intra-Facility Transfer,Trauma,Not Admitted,40,134.0,2.2333,0,0
2007-2008,2007,CTAS I - Resuscitation,1,Intra-Facility Transfer,Unintentional Falls,Not Admitted,7,343.0,5.7167,0,0
2007-2008,2007,CTAS I - Resuscitation,1,Not Seen Or Left,Acute Myocardial Infarction,Not Admitted,0,0.0,0.0,0,1
2007-2008,2007,CTAS I - Resuscitation,1,Not Seen Or Left,Asthma,Not Admitted,6,125.0,2.0833,0,0
2007-2008,2007,CTAS I - Resuscitation,1,Not Seen Or Left,Influenzal Pneumonia,Not Admitted,0,0.0,0.0,0,1
2007-2008,2007,CTAS I - Resuscitation,1,Not Seen Or Left,Motor Vehicle Collisions,Not Admitted,0,92.0,1.5333,0,1
2007-2008,2007,CTAS I - Resuscitation,1,Not Seen Or Left,Pneumonia,Not Admitted,0,0.0,0.0,0,1
2007-2008,2007,CTAS I - Resuscitation,1,Not Seen Or Left,Trauma,Not Admitted,31,132.0,2.2,0,0
2007-2008,2007,CTAS I - Resuscitation,1,Not Seen Or Left,Unintentional Falls,Not Admitted,9,141.0,2.35,0,0
2007-2008,2007,CTAS I - Resuscitation,1,Transferred,Acute Myocardial Infarction,Not Admitted,311,128.0,2.1333,0,0
2007-2008,2007,CTAS I - Resuscitation,1,Transferred,Asthma,Not Admitted,23,189.0,3.15,0,0
2007-2008,2007,CTAS I - Resuscitation,1,Transferred,Influenzal Pneumonia,Not Admitted,0,0.0,0.0,0,1
2007-2008,2007,CTAS I - Resuscitation,1,Transferred,Motor Vehicle Collisions,Not Admitted,372,137.0,2.2833,0,0
2007-2008,2007,CTAS I - Resuscitation,1,Transferred,Pneumonia,Not Admitted,31,330.0,5.5,0,0
2007-2008,2007,CTAS I - Resuscitation,1,Transferred,Trauma,Not Admitted,816,151.0,2.5167,0,0
2007-2008,2007,CTAS I - Resuscitation,1,Transferred,Unintentional Falls,Not Admitted,143,194.0,3.2333,0,0
2007-2008,2007,CTAS I - Resuscitation,1,Unknown,Acute Myocardial Infarction,Not Admitted,0,0.0,0.0,0,1
2007-2008,2007,CTAS I - Resuscitation,1,Unknown,Asthma,Not Admitted,0,0.0,0.0,0,1
2007-2008,2007,CTAS I - Resuscitation,1,Unknown,Influenzal Pneumonia,Not Admitted,0,0.0,0.0,0,1
2007-2008,2007,CTAS I - Resuscitation,1,Unknown,Motor Vehicle Collisions,Not Admitted,0,0.0,0.0,0,1
2007-2008,2007,CTAS I - Resuscitation,1,Unknown,Pneumonia,Not Admitted,0,0.0,0.0,0,1
2007-2008,2007,CTAS I - Resuscitation,1,Unknown,Trauma,Not Admitted,0,0.0,0.0,0,1
2007-2008,2007,CTAS I - Resuscitation,1,Unknown,Unintentional Falls,Not Admitted,0,0.0,0.0,0,1
2007-2008,2007,CTAS II - Emergent,2,Admitted,Acute Myocardial Infarction,Admitted,7063,357.0,5.95,1,0
2007-2008,2007,CTAS II - Emergent,2,Admitted,Asthma,Admitted,2886,420.0,7.0,1,0
2007-2008,2007,CTAS II - Emergent,2,Admitted,Influenzal Pneumonia,Admitted,6,452.0,7.5333,1,0
2007-2008,2007,CTAS II - Emergent,2,Admitted,Motor Vehicle Collisions,Admitted,2777,349.0,5.8167,1,0
2007-2008,2007,CTAS II - Emergent,2,Admitted,Pneumonia,Admitted,8093,564.0,9.4,1,0
2007-2008,2007,CTAS II - Emergent,2,Admitted,Trauma,Admitted,12602,390.0,6.5,1,0
2007-2008,2007,CTAS II - Emergent,2,Admitted,Unintentional Falls,Admitted,6363,435.0,7.25,1,0
2007-2008,2007,CTAS II - Emergent,2,Death,Acute Myocardial Infarction,Not Admitted,104,134.0,2.2333,0,0
2007-2008,2007,CTAS II - Emergent,2,Death,Asthma,Not Admitted,0,851.0,14.1833,0,1
2007-2008,2007,CTAS II - Emergent,2,Death,Influenzal Pneumonia,Not Admitted,0,0.0,0.0,0,1
2007-2008,2007,CTAS II - Emergent,2,Death,Motor Vehicle Collisions,Not Admitted,15,158.0,2.6333,0,0
2007-2008,2007,CTAS II - Emergent,2,Death,Pneumonia,Not Admitted,37,264.0,4.4,0,0
2007-2008,2007,CTAS II - Emergent,2,Death,Trauma,Not Admitted,45,164.0,2.7333,0,0
2007-2008,2007,CTAS II - Emergent,2,Death,Unintentional Falls,Not Admitted,22,240.0,4.0,0,0
2007-2008,2007,CTAS II - Emergent,2,Discharged Home,Acute Myocardial Infarction,Not Admitted,189,279.0,4.65,0,0
2007-2008,2007,CTAS II - Emergent,2,Discharged Home,Asthma,Not Admitted,11807,181.0,3.0167,0,0
2007-2008,2007,CTAS II - Emergent,2,Discharged Home,Influenzal Pneumonia,Not Admitted,5,414.0,6.9,0,0
2007-2008,2007,CTAS II - Emergent,2,Discharged Home,Motor Vehicle Collisions,Not Admitted,13687,182.0,3.0333,0,0
2007-2008,2007,CTAS II - Emergent,2,Discharged Home,Pneumonia,Not Admitted,5743,231.0,3.85,0,0
2007-2008,2007,CTAS II - Emergent,2,Discharged Home,Trauma,Not Admitted,68287,167.0,2.7833,0,0
2007-2008,2007,CTAS II - Emergent,2,Discharged Home,Unintentional Falls,Not Admitted,19692,193.0,3.2167,0,0
2007-2008,2007,CTAS II - Emergent,2,Intra-Facility Transfer,Acute Myocardial Infarction,Not Admitted,37,89.0,1.4833,0,0
2007-2008,2007,CTAS II - Emergent,2,Intra-Facility Transfer,Asthma,Not Admitted,27,142.0,2.3667,0,0
2007-2008,2007,CTAS II - Emergent,2,Intra-Facility Transfer,Influenzal Pneumonia,Not Admitted,0,0.0,0.0,0,1
2007-2008,2007,CTAS II - Emergent,2,Intra-Facility Transfer,Motor Vehicle Collisions,Not Admitted,60,210.0,3.5,0,0
2007-2008,2007,CTAS II - Emergent,2,Intra-Facility Transfer,Pneumonia,Not Admitted,13,208.0,3.4667,0,0
2007-2008,2007,CTAS II - Emergent,2,Intra-Facility Transfer,Trauma,Not Admitted,598,165.0,2.75,0,0
2007-2008,2007,CTAS II - Emergent,2,Intra-Facility Transfer,Unintentional Falls,Not Admitted,136,182.0,3.0333,0,0
2007-2008,2007,CTAS II - Emergent,2,Not Seen Or Left,Acute Myocardial Infarction,Not Admitted,31,321.0,5.35,0,0
2007-2008,2007,CTAS II - Emergent,2,Not Seen Or Left,Asthma,Not Admitted,112,158.0,2.6333,0,0
2007-2008,2007,CTAS II - Emergent,2,Not Seen Or Left,Influenzal Pneumonia,Not Admitted,0,0.0,0.0,0,1
2007-2008,2007,CTAS II - Emergent,2,Not Seen Or Left,Motor Vehicle Collisions,Not Admitted,185,140.0,2.3333,0,0
2007-2008,2007,CTAS II - Emergent,2,Not Seen Or Left,Pneumonia,Not Admitted,30,310.0,5.1667,0,0
2007-2008,2007,CTAS II - Emergent,2,Not Seen Or Left,Trauma,Not Admitted,1143,135.0,2.25,0,0
2007-2008,2007,CTAS II - Emergent,2,Not Seen Or Left,Unintentional Falls,Not Admitted,269,171.0,2.85,0,0
2007-2008,2007,CTAS II - Emergent,2,Transferred,Acute Myocardial Infarction,Not Admitted,1468,159.0,2.65,0,0
2007-2008,2007,CTAS II - Emergent,2,Transferred,Asthma,Not Admitted,198,278.0,4.6333,0,0
2007-2008,2007,CTAS II - Emergent,2,Transferred,Influenzal Pneumonia,Not Admitted,0,0.0,0.0,0,1
2007-2008,2007,CTAS II - Emergent,2,Transferred,Motor Vehicle Collisions,Not Admitted,1021,208.0,3.4667,0,0
2007-2008,2007,CTAS II - Emergent,2,Transferred,Pneumonia,Not Admitted,294,255.0,4.25,0,0
2007-2008,2007,CTAS II - Emergent,2,Transferred,Trauma,Not Admitted,3476,208.0,3.4667,0,0
2007-2008,2007,CTAS II - Emergent,2,Transferred,Unintentional Falls,Not Admitted,1172,242.0,4.0333,0,0
2007-2008,2007,CTAS II - Emergent,2,Unknown,Acute Myocardial Infarction,Not Admitted,0,0.0,0.0,0,1
2007-2008,2007,CTAS II - Emergent,2,Unknown,Asthma,Not Admitted,0,0.0,0.0,0,1
2007-2008,2007,CTAS II - Emergent,2,Unknown,Influenzal Pneumonia,Not Admitted,0,0.0,0.0,0,1
2007-2008,2007,CTAS II - Emergent,2,Unknown,Motor Vehicle Collisions,Not Admitted,0,0.0,0.0,0,1
2007-2008,2007,CTAS II - Emergent,2,Unknown,Pneumonia,Not Admitted,0,0.0,0.0,0,1
2007-2008,2007,CTAS II - Emergent,2,Unknown,Trauma,Not Admitted,0,0.0,0.0,0,1
2007-2008,2007,CTAS II - Emergent,2,Unknown,Unintentional Falls,Not Admitted,0,0.0,0.0,0,1
2007-2008,2007,CTAS III - Urgent,3,Admitted,Acute Myocardial Infarction,Admitted,3211,460.0,7.6667,1,0
2007-2008,2007,Less urgent,3,Admitted,Acute Myocardial Infarction,Admitted,335,426.0,7.1,1,0
2007-2008,2007,Non-urgent,3,Admitted,Acute Myocardial Infarction,Admitted,63,348.0,5.8,1,0
2007-2008,2007,Unknown,3,Admitted,Acute Myocardial Infarction,Admitted,0,0.0,0.0,1,1
2007-2008,2007,CTAS III - Urgent,3,Admitted,Asthma,Admitted,1692,450.0,7.5,1,0
2007-2008,2007,Less urgent,3,Admitted,Asthma,Admitted,163,280.0,4.6667,1,0
2007-2008,2007,Non-urgent,3,Admitted,Asthma,Admitted,15,180.0,3.0,1,0
2007-2008,2007,Unknown,3,Admitted,Asthma,Admitted,0,0.0,0.0,1,1
2007-2008,2007,CTAS III - Urgent,3,Admitted,Influenzal Pneumonia,Admitted,6,625.0,10.4167,1,0
2007-2008,2007,Less urgent,3,Admitted,Influenzal Pneumonia,Admitted,0,636.0,10.6,1,1
2007-2008,2007,Non-urgent,3,Admitted,Influenzal Pneumonia,Admitted,0,0.0,0.0,1,1
2007-2008,2007,Unknown,3,Admitted,Influenzal Pneumonia,Admitted,0,0.0,0.0,1,1
2007-2008,2007,CTAS III - Urgent,3,Admitted,Motor Vehicle Collisions,Admitted,2240,362.0,6.0333,1,0
2007-2008,2007,Less urgent,3,Admitted,Motor Vehicle Collisions,Admitted,451,329.0,5.4833,1,0
2007-2008,2007,Non-urgent,3,Admitted,Motor Vehicle Collisions,Admitted,124,205.0,3.4167,1,0
2007-2008,2007,Unknown,3,Admitted,Motor Vehicle Collisions,Admitted,0,0.0,0.0,1,1
2007-2008,2007,CTAS III - Urgent,3,Admitted,Pneumonia,Admitted,10484,582.0,9.7,1,0
2007-2008,2007,Less urgent,3,Admitted,Pneumonia,Admitted,1288,378.0,6.3,1,0
2007-2008,2007,Non-urgent,3,Admitted,Pneumonia,Admitted,175,263.0,4.3833,1,0
2007-2008,2007,Unknown,3,Admitted,Pneumonia,Admitted,0,0.0,0.0,1,1
2007-2008,2007,CTAS III - Urgent,3,Admitted,Trauma,Admitted,27055,434.0,7.2333,1,0
2007-2008,2007,Less urgent,3,Admitted,Trauma,Admitted,6860,380.0,6.3333,1,0
2007-2008,2007,Non-urgent,3,Admitted,Trauma,Admitted,869,264.0,4.4,1,0
2007-2008,2007,Unknown,3,Admitted,Trauma,Admitted,0,0.0,0.0,1,1
2007-2008,2007,CTAS III - Urgent,3,Admitted,Unintentional Falls,Admitted,19560,460.0,7.6667,1,0
2007-2008,2007,Less urgent,3,Admitted,Unintentional Falls,Admitted,4565,406.0,6.7667,1,0
2007-2008,2007,Non-urgent,3,Admitted,Unintentional Falls,Admitted,437,300.0,5.0,1,0
2007-2008,2007,Unknown,3,Admitted,Unintentional Falls,Admitted,0,0.0,0.0,1,1
2007-2008,2007,CTAS III - Urgent,3,Death,Acute Myocardial Infarction,Not Admitted,32,268.0,4.4667,0,0
2007-2008,2007,Less urgent,3,Death,Acute Myocardial Infarction,Not Admitted,6,362.0,6.0333,0,0
2007-2008,2007,Non-urgent,3,Death,Acute Myocardial Infarction,Not Admitted,15,16.0,0.2667,0,0
2007-2008,2007,Unknown,3,Death,Acute Myocardial Infarction,Not Admitted,0,0.0,0.0,0,1
2007-2008,2007,CTAS III - Urgent,3,Death,Asthma,Not Admitted,0,0.0,0.0,0,1
2007-2008,2007,Less urgent,3,Death,Asthma,Not Admitted,0,0.0,0.0,0,1
2007-2008,2007,Non-urgent,3,Death,Asthma,Not Admitted,0,0.0,0.0,0,1
2007-2008,2007,Unknown,3,Death,Asthma,Not Admitted,0,0.0,0.0,0,1
2007-2008,2007,CTAS III - Urgent,3,Death,Influenzal Pneumonia,Not Admitted,0,0.0,0.0,0,1
2007-2008,2007,Less urgent,3,Death,Influenzal Pneumonia,Not Admitted,0,0.0,0.0,0,1
2007-2008,2007,Non-urgent,3,Death,Influenzal Pneumonia,Not Admitted,0,0.0,0.0,0,1
2007-2008,2007,Unknown,3,Death,Influenzal Pneumonia,Not Admitted,0,0.0,0.0,0,1
2007-2008,2007,CTAS III - Urgent,3,Death,Motor Vehicle Collisions,Not Admitted,0,296.0,4.9333,0,1
2007-2008,2007,Less urgent,3,Death,Motor Vehicle Collisions,Not Admitted,0,60.0,1.0,0,1
2007-2008,2007,Non-urgent,3,Death,Motor Vehicle Collisions,Not Admitted,6,1.0,0.0167,0,0
2007-2008,2007,Unknown,3,Death,Motor Vehicle Collisions,Not Admitted,0,0.0,0.0,0,1
2007-2008,2007,CTAS III - Urgent,3,Death,Pneumonia,Not Admitted,15,394.0,6.5667,0,0
2007-2008,2007,Less urgent,3,Death,Pneumonia,Not Admitted,0,870.0,14.5,0,1
2007-2008,2007,Non-urgent,3,Death,Pneumonia,Not Admitted,0,0.0,0.0,0,1
2007-2008,2007,Unknown,3,Death,Pneumonia,Not Admitted,0,0.0,0.0,0,1
2007-2008,2007,CTAS III - Urgent,3,Death,Trauma,Not Admitted,19,296.0,4.9333,0,0
2007-2008,2007,Less urgent,3,Death,Trauma,Not Admitted,18,104.0,1.7333,0,0
2007-2008,2007,Non-urgent,3,Death,Trauma,Not Admitted,13,18.0,0.3,0,0
2007-2008,2007,Unknown,3,Death,Trauma,Not Admitted,0,0.0,0.0,0,1
2007-2008,2007,CTAS III - Urgent,3,Death,Unintentional Falls,Not Admitted,13,333.0,5.55,0,0
2007-2008,2007,Less urgent,3,Death,Unintentional Falls,Not Admitted,7,172.0,2.8667,0,0
2007-2008,2007,Non-urgent,3,Death,Unintentional Falls,Not Admitted,0,3.0,0.05,0,1
2007-2008,2007,Unknown,3,Death,Unintentional Falls,Not Admitted,0,0.0,0.0,0,1
2007-2008,2007,CTAS III - Urgent,3,Discharged Home,Acute Myocardial Infarction,Not Admitted,110,337.0,5.6167,0,0
2007-2008,2007,Less urgent,3,Discharged Home,Acute Myocardial Infarction,Not Admitted,20,194.0,3.2333,0,0
2007-2008,2007,Non-urgent,3,Discharged Home,Acute Myocardial Infarction,Not Admitted,7,150.0,2.5,0,0
2007-2008,2007,Unknown,3,Discharged Home,Acute Myocardial Infarction,Not Admitted,0,0.0,0.0,0,1
2007-2008,2007,CTAS III - Urgent,3,Discharged Home,Asthma,Not Admitted,28075,152.0,2.5333,0,0
2007-2008,2007,Less urgent,3,Discharged Home,Asthma,Not Admitted,15174,105.0,1.75,0,0
2007-2008,2007,Non-urgent,3,Discharged Home,Asthma,Not Admitted,2779,71.0,1.1833,0,0
2007-2008,2007,Unknown,3,Discharged Home,Asthma,Not Admitted,0,0.0,0.0,0,1
2007-2008,2007,CTAS III - Urgent,3,Discharged Home,Influenzal Pneumonia,Not Admitted,47,210.0,3.5,0,0
2007-2008,2007,Less urgent,3,Discharged Home,Influenzal Pneumonia,Not Admitted,31,154.0,2.5667,0,0
2007-2008,2007,Non-urgent,3,Discharged Home,Influenzal Pneumonia,Not Admitted,0,112.0,1.8667,0,1
2007-2008,2007,Unknown,3,Discharged Home,Influenzal Pneumonia,Not Admitted,0,0.0,0.0,0,1
2007-2008,2007,CTAS III - Urgent,3,Discharged Home,Motor Vehicle Collisions,Not Admitted,41903,152.0,2.5333,0,0
2007-2008,2007,Less urgent,3,Discharged Home,Motor Vehicle Collisions,Not Admitted,45075,124.0,2.0667,0,0
2007-2008,2007,Non-urgent,3,Discharged Home,Motor Vehicle Collisions,Not Admitted,5054,95.0,1.5833,0,0
2007-2008,2007,Unknown,3,Discharged Home,Motor Vehicle Collisions,Not Admitted,0,0.0,0.0,0,1
2007-2008,2007,CTAS III - Urgent,3,Discharged Home,Pneumonia,Not Admitted,21038,200.0,3.3333,0,0
2007-2008,2007,Less urgent,3,Discharged Home,Pneumonia,Not Admitted,13917,129.0,2.15,0,0
2007-2008,2007,Non-urgent,3,Discharged Home,Pneumonia,Not Admitted,1929,95.0,1.5833,0,0
2007-2008,2007,Unknown,3,Discharged Home,Pneumonia,Not Admitted,0,0.0,0.0,0,1
2007-2008,2007,CTAS III - Urgent,3,Discharged Home,Trauma,Not Admitted,343274,143.0,2.3833,0,0
2007-2008,2007,Less urgent,3,Discharged Home,Trauma,Not Admitted,681771,115.0,1.9167,0,0
2007-2008,2007,Non-urgent,3,Discharged Home,Trauma,Not Admitted,102240,90.0,1.5,0,0
2007-2008,2007,Unknown,3,Discharged Home,Trauma,Not Admitted,0,0.0,0.0,0,1
2007-2008,2007,CTAS III - Urgent,3,Discharged Home,Unintentional Falls,Not Admitted,119985,164.0,2.7333,0,0
2007-2008,2007,Less urgent,3,Discharged Home,Unintentional Falls,Not Admitted,192760,127.0,2.1167,0,0
2007-2008,2007,Non-urgent,3,Discharged Home,Unintentional Falls,Not Admitted,21991,99.0,1.65,0,0
2007-2008,2007,Unknown,3,Discharged Home,Unintentional Falls,Not Admitted,0,0.0,0.0,0,1
2007-2008,2007,CTAS III - Urgent,3,Intra-Facility Transfer,Acute Myocardial Infarction,Not Admitted,5,77.0,1.2833,0,0
2007-2008,2007,Less urgent,3,Intra-Facility Transfer,Acute Myocardial Infarction,Not Admitted,0,1164.0,19.4,0,1
2007-2008,2007,Non-urgent,3,Intra-Facility Transfer,Acute Myocardial Infarction,Not Admitted,0,0.0,0.0,0,1
2007-2008,2007,Unknown,3,Intra-Facility Transfer,Acute Myocardial Infarction,Not Admitted,0,0.0,0.0,0,1
2007-2008,2007,CTAS III - Urgent,3,Intra-Facility Transfer,Asthma,Not Admitted,24,144.0,2.4,0,0
2007-2008,2007,Less urgent,3,Intra-Facility Transfer,Asthma,Not Admitted,0,60.0,1.0,0,1
2007-2008,2007,Non-urgent,3,Intra-Facility Transfer,Asthma,Not Admitted,0,0.0,0.0,0,1
2007-2008,2007,Unknown,3,Intra-Facility Transfer,Asthma,Not Admitted,0,0.0,0.0,0,1
2007-2008,2007,CTAS III - Urgent,3,Intra-Facility Transfer,Influenzal Pneumonia,Not Admitted,0,322.0,5.3667,0,1
2007-2008,2007,Less urgent,3,Intra-Facility Transfer,Influenzal Pneumonia,Not Admitted,0,0.0,0.0,0,1
2007-2008,2007,Non-urgent,3,Intra-Facility Transfer,Influenzal Pneumonia,Not Admitted,0,0.0,0.0,0,1
2007-2008,2007,Unknown,3,Intra-Facility Transfer,Influenzal Pneumonia,Not Admitted,0,0.0,0.0,0,1
2007-2008,2007,CTAS III - Urgent,3,Intra-Facility Transfer,Motor Vehicle Collisions,Not Admitted,131,151.0,2.5167,0,0
2007-2008,2007,Less urgent,3,Intra-Facility Transfer,Motor Vehicle Collisions,Not Admitted,81,140.0,2.3333,0,0
2007-2008,2007,Non-urgent,3,Intra-Facility Transfer,Motor Vehicle Collisions,Not Admitted,21,62.0,1.0333,0,0
2007-2008,2007,Unknown,3,Intra-Facility Transfer,Motor Vehicle Collisions,Not Admitted,0,0.0,0.0,0,1
2007-2008,2007,CTAS III - Urgent,3,Intra-Facility Transfer,Pneumonia,Not Admitted,22,203.0,3.3833,0,0
2007-2008,2007,Less urgent,3,Intra-Facility Transfer,Pneumonia,Not Admitted,17,249.0,4.15,0,0
2007-2008,2007,Non-urgent,3,Intra-Facility Transfer,Pneumonia,Not Admitted,0,0.0,0.0,0,1
2007-2008,2007,Unknown,3,Intra-Facility Transfer,Pneumonia,Not Admitted,0,0.0,0.0,0,1
2007-2008,2007,CTAS III - Urgent,3,Intra-Facility Transfer,Trauma,Not Admitted,1777,188.0,3.1333,0,0
2007-2008,2007,Less urgent,3,Intra-Facility Transfer,Trauma,Not Admitted,1309,141.0,2.35,0,0
2007-2008,2007,Non-urgent,3,Intra-Facility Transfer,Trauma,Not Admitted,318,81.0,1.35,0,0
2007-2008,2007,Unknown,3,Intra-Facility Transfer,Trauma,Not Admitted,0,0.0,0.0,0,1
2007-2008,2007,CTAS III - Urgent,3,Intra-Facility Transfer,Unintentional Falls,Not Admitted,593,195.0,3.25,0,0
2007-2008,2007,Less urgent,3,Intra-Facility Transfer,Unintentional Falls,Not Admitted,430,141.0,2.35,0,0
2007-2008,2007,Non-urgent,3,Intra-Facility Transfer,Unintentional Falls,Not Admitted,87,84.0,1.4,0,0
2007-2008,2007,Unknown,3,Intra-Facility Transfer,Unintentional Falls,Not Admitted,0,0.0,0.0,0,1
2007-2008,2007,CTAS III - Urgent,3,Not Seen Or Left,Acute Myocardial Infarction,Not Admitted,17,299.0,4.9833,0,0
2007-2008,2007,Less urgent,3,Not Seen Or Left,Acute Myocardial Infarction,Not Admitted,0,215.0,3.5833,0,1
2007-2008,2007,Non-urgent,3,Not Seen Or Left,Acute Myocardial Infarction,Not Admitted,0,0.0,0.0,0,1
2007-2008,2007,Unknown,3,Not Seen Or Left,Acute Myocardial Infarction,Not Admitted,0,497.0,8.2833,0,1
2007-2008,2007,CTAS III - Urgent,3,Not Seen Or Left,Asthma,Not Admitted,380,130.0,2.1667,0,0
2007-2008,2007,Less urgent,3,Not Seen Or Left,Asthma,Not Admitted,127,106.0,1.7667,0,0
2007-2008,2007,Non-urgent,3,Not Seen Or Left,Asthma,Not Admitted,15,99.0,1.65,0,0
2007-2008,2007,Unknown,3,Not Seen Or Left,Asthma,Not Admitted,8,136.0,2.2667,0,0
2007-2008,2007,CTAS III - Urgent,3,Not Seen Or Left,Influenzal Pneumonia,Not Admitted,0,284.0,4.7333,0,1
2007-2008,2007,Less urgent,3,Not Seen Or Left,Influenzal Pneumonia,Not Admitted,0,0.0,0.0,0,1
2007-2008,2007,Non-urgent,3,Not Seen Or Left,Influenzal Pneumonia,Not Admitted,0,0.0,0.0,0,1
2007-2008,2007,Unknown,3,Not Seen Or Left,Influenzal Pneumonia,Not Admitted,0,0.0,0.0,0,1
2007-2008,2007,CTAS III - Urgent,3,Not Seen Or Left,Motor Vehicle Collisions,Not Admitted,1083,139.0,2.3167,0,0
2007-2008,2007,Less urgent,3,Not Seen Or Left,Motor Vehicle Collisions,Not Admitted,1564,130.0,2.1667,0,0
2007-2008,2007,Non-urgent,3,Not Seen Or Left,Motor Vehicle Collisions,Not Admitted,138,120.0,2.0,0,0
2007-2008,2007,Unknown,3,Not Seen Or Left,Motor Vehicle Collisions,Not Admitted,8,10.0,0.1667,0,0
2007-2008,2007,CTAS III - Urgent,3,Not Seen Or Left,Pneumonia,Not Admitted,81,183.0,3.05,0,0
2007-2008,2007,Less urgent,3,Not Seen Or Left,Pneumonia,Not Admitted,36,184.0,3.0667,0,0
2007-2008,2007,Non-urgent,3,Not Seen Or Left,Pneumonia,Not Admitted,5,189.0,3.15,0,0
2007-2008,2007,Unknown,3,Not Seen Or Left,Pneumonia,Not Admitted,0,0.0,0.0,0,1
2007-2008,2007,CTAS III - Urgent,3,Not Seen Or Left,Trauma,Not Admitted,10331,128.0,2.1333,0,0
2007-2008,2007,Less urgent,3,Not Seen Or Left,Trauma,Not Admitted,24592,120.0,2.0,0,0
2007-2008,2007,Non-urgent,3,Not Seen Or Left,Trauma,Not Admitted,3876,99.0,1.65,0,0
2007-2008,2007,Unknown,3,Not Seen Or Left,Trauma,Not Admitted,558,6.0,0.1,0,0
2007-2008,2007,CTAS III - Urgent,3,Not Seen Or Left,Unintentional Falls,Not Admitted,2720,135.0,2.25,0,0
2007-2008,2007,Less urgent,3,Not Seen Or Left,Unintentional Falls,Not Admitted,5273,122.0,2.0333,0,0
2007-2008,2007,Non-urgent,3,Not Seen Or Left,Unintentional Falls,Not Admitted,637,110.0,1.8333,0,0
2007-2008,2007,Unknown,3,Not Seen Or Left,Unintentional Falls,Not Admitted,50,17.0,0.2833,0,0
2007-2008,2007,CTAS III - Urgent,3,Transferred,Acute Myocardial Infarction,Not Admitted,433,210.0,3.5,0,0
2007-2008,2007,Less urgent,3,Transferred,Acute Myocardial Infarction,Not Admitted,41,226.0,3.7667,0,0
2007-2008,2007,Non-urgent,3,Transferred,Acute Myocardial Infarction,Not Admitted,7,267.0,4.45,0,0
2007-2008,2007,Unknown,3,Transferred,Acute Myocardial Infarction,Not Admitted,0,0.0,0.0,0,1
2007-2008,2007,CTAS III - Urgent,3,Transferred,Asthma,Not Admitted,134,258.0,4.3,0,0
2007-2008,2007,Less urgent,3,Transferred,Asthma,Not Admitted,22,160.0,2.6667,0,0
2007-2008,2007,Non-urgent,3,Transferred,Asthma,Not Admitted,0,134.0,2.2333,0,1
2007-2008,2007,Unknown,3,Transferred,Asthma,Not Admitted,0,0.0,0.0,0,1
2007-2008,2007,CTAS III - Urgent,3,Transferred,Influenzal Pneumonia,Not Admitted,0,0.0,0.0,0,1
2007-2008,2007,Less urgent,3,Transferred,Influenzal Pneumonia,Not Admitted,0,0.0,0.0,0,1
2007-2008,2007,Non-urgent,3,Transferred,Influenzal Pneumonia,Not Admitted,0,0.0,0.0,0,1
2007-2008,2007,Unknown,3,Transferred,Influenzal Pneumonia,Not Admitted,0,0.0,0.0,0,1
2007-2008,2007,CTAS III - Urgent,3,Transferred,Motor Vehicle Collisions,Not Admitted,736,215.0,3.5833,0,0
2007-2008,2007,Less urgent,3,Transferred,Motor Vehicle Collisions,Not Admitted,200,178.0,2.9667,0,0
2007-2008,2007,Non-urgent,3,Transferred,Motor Vehicle Collisions,Not Admitted,27,180.0,3.0,0,0
2007-2008,2007,Unknown,3,Transferred,Motor Vehicle Collisions,Not Admitted,0,0.0,0.0,0,1
2007-2008,2007,CTAS III - Urgent,3,Transferred,Pneumonia,Not Admitted,435,258.0,4.3,0,0
2007-2008,2007,Less urgent,3,Transferred,Pneumonia,Not Admitted,78,270.0,4.5,0,0
2007-2008,2007,Non-urgent,3,Transferred,Pneumonia,Not Admitted,6,369.0,6.15,0,0
2007-2008,2007,Unknown,3,Transferred,Pneumonia,Not Admitted,0,0.0,0.0,0,1
2007-2008,2007,CTAS III - Urgent,3,Transferred,Trauma,Not Admitted,5014,220.0,3.6667,0,0
2007-2008,2007,Less urgent,3,Transferred,Trauma,Not Admitted,2091,190.0,3.1667,0,0
2007-2008,2007,Non-urgent,3,Transferred,Trauma,Not Admitted,347,138.0,2.3,0,0
2007-2008,2007,Unknown,3,Transferred,Trauma,Not Admitted,0,0.0,0.0,0,1
2007-2008,2007,CTAS III - Urgent,3,Transferred,Unintentional Falls,Not Admitted,2574,249.0,4.15,0,0
2007-2008,2007,Less urgent,3,Transferred,Unintentional Falls,Not Admitted,1030,222.0,3.7,0,0
2007-2008,2007,Non-urgent,3,Transferred,Unintentional Falls,Not Admitted,142,140.0,2.3333,0,0
2007-2008,2007,Unknown,3,Transferred,Unintentional Falls,Not Admitted,0,0.0,0.0,0,1
2007-2008,2007,CTAS III - Urgent,3,Unknown,Acute Myocardial Infarction,Not Admitted,0,0.0,0.0,0,1
2007-2008,2007,Less urgent,3,Unknown,Acute Myocardial Infarction,Not Admitted,0,0.0,0.0,0,1
2007-2008,2007,Non-urgent,3,Unknown,Acute Myocardial Infarction,Not Admitted,0,0.0,0.0,0,1
2007-2008,2007,Unknown,3,Unknown,Acute Myocardial Infarction,Not Admitted,0,0.0,0.0,0,1
2007-2008,2007,CTAS III - Urgent,3,Unknown,Asthma,Not Admitted,0,0.0,0.0,0,1
2007-2008,2007,Less urgent,3,Unknown,Asthma,Not Admitted,0,0.0,0.0,0,1
2007-2008,2007,Non-urgent,3,Unknown,Asthma,Not Admitted,0,0.0,0.0,0,1
2007-2008,2007,Unknown,3,Unknown,Asthma,Not Admitted,0,0.0,0.0,0,1
2007-2008,2007,CTAS III - Urgent,3,Unknown,Influenzal Pneumonia,Not Admitted,0,0.0,0.0,0,1
2007-2008,2007,Less urgent,3,Unknown,Influenzal Pneumonia,Not Admitted,0,0.0,0.0,0,1
2007-2008,2007,Non-urgent,3,Unknown,Influenzal Pneumonia,Not Admitted,0,0.0,0.0,0,1
2007-2008,2007,Unknown,3,Unknown,Influenzal Pneumonia,Not Admitted,0,0.0,0.0,0,1
2007-2008,2007,CTAS III - Urgent,3,Unknown,Motor Vehicle Collisions,Not Admitted,0,0.0,0.0,0,1
2007-2008,2007,Less urgent,3,Unknown,Motor Vehicle Collisions,Not Admitted,0,0.0,0.0,0,1
2007-2008,2007,Non-urgent,3,Unknown,Motor Vehicle Collisions,Not Admitted,0,0.0,0.0,0,1
2007-2008,2007,Unknown,3,Unknown,Motor Vehicle Collisions,Not Admitted,0,0.0,0.0,0,1
2007-2008,2007,CTAS III - Urgent,3,Unknown,Pneumonia,Not Admitted,0,0.0,0.0,0,1
2007-2008,2007,Less urgent,3,Unknown,Pneumonia,Not Admitted,0,0.0,0.0,0,1
2007-2008,2007,Non-urgent,3,Unknown,Pneumonia,Not Admitted,0,0.0,0.0,0,1
2007-2008,2007,Unknown,3,Unknown,Pneumonia,Not Admitted,0,0.0,0.0,0,1
2007-2008,2007,CTAS III - Urgent,3,Unknown,Trauma,Not Admitted,0,0.0,0.0,0,1
2007-2008,2007,Less urgent,3,Unknown,Trauma,Not Admitted,0,0.0,0.0,0,1
2007-2008,2007,Non-urgent,3,Unknown,Trauma,Not Admitted,0,0.0,0.0,0,1
2007-2008,2007,Unknown,3,Unknown,Trauma,Not Admitted,0,0.0,0.0,0,1
2007-2008,2007,CTAS III - Urgent,3,Unknown,Unintentional Falls,Not Admitted,0,0.0,0.0,0,1
2007-2008,2007,Less urgent,3,Unknown,Unintentional Falls,Not Admitted,0,0.0,0.0,0,1
2007-2008,2007,Non-urgent,3,Unknown,Unintentional Falls,Not Admitted,0,0.0,0.0,0,1
2007-2008,2007,Unknown,3,Unknown,Unintentional Falls,Not Admitted,0,0.0,0.0,0,1
2006-2007,2006,CTAS I - Resuscitation,1,Admitted,Acute Myocardial Infarction,Admitted,552,115.0,1.9167,1,0
2006-2007,2006,CTAS I - Resuscitation,1,Admitted,Asthma,Admitted,247,183.0,3.05,1,0
2006-2007,2006,CTAS I - Resuscitation,1,Admitted,Influenzal Pneumonia,Admitted,0,0.0,0.0,1,1
2006-2007,2006,CTAS I - Resuscitation,1,Admitted,Motor Vehicle Collisions,Admitted,1658,150.0,2.5,1,0
2006-2007,2006,CTAS I - Resuscitation,1,Admitted,Pneumonia,Admitted,446,222.0,3.7,1,0
2006-2007,2006,CTAS I - Resuscitation,1,Admitted,Trauma,Admitted,3283,151.0,2.5167,1,0
2006-2007,2006,CTAS I - Resuscitation,1,Admitted,Unintentional Falls,Admitted,621,176.0,2.9333,1,0
2006-2007,2006,CTAS I - Resuscitation,1,Death,Acute Myocardial Infarction,Not Admitted,535,23.0,0.3833,0,0
2006-2007,2006,CTAS I - Resuscitation,1,Death,Asthma,Not Admitted,0,98.0,1.6333,0,1
2006-2007,2006,CTAS I - Resuscitation,1,Death,Influenzal Pneumonia,Not Admitted,0,0.0,0.0,0,1
2006-2007,2006,CTAS I - Resuscitation,1,Death,Motor Vehicle Collisions,Not Admitted,202,26.0,0.4333,0,0
2006-2007,2006,CTAS I - Resuscitation,1,Death,Pneumonia,Not Admitted,31,158.0,2.6333,0,0
2006-2007,2006,CTAS I - Resuscitation,1,Death,Trauma,Not Admitted,484,31.0,0.5167,0,0
2006-2007,2006,CTAS I - Resuscitation,1,Death,Unintentional Falls,Not Admitted,55,103.0,1.7167,0,0
2006-2007,2006,CTAS I - Resuscitation,1,Discharged Home,Acute Myocardial Infarction,Not Admitted,17,146.0,2.4333,0,0
2006-2007,2006,CTAS I - Resuscitation,1,Discharged Home,Asthma,Not Admitted,193,192.0,3.2,0,0
2006-2007,2006,CTAS I - Resuscitation,1,Discharged Home,Influenzal Pneumonia,Not Admitted,0,0.0,0.0,0,1
2006-2007,2006,CTAS I - Resuscitation,1,Discharged Home,Motor Vehicle Collisions,Not Admitted,373,284.0,4.7333,0,0
2006-2007,2006,CTAS I - Resuscitation,1,Discharged Home,Pneumonia,Not Admitted,42,233.0,3.8833,0,0
2006-2007,2006,CTAS I - Resuscitation,1,Discharged Home,Trauma,Not Admitted,1368,245.0,4.0833,0,0
2006-2007,2006,CTAS I - Resuscitation,1,Discharged Home,Unintentional Falls,Not Admitted,248,234.0,3.9,0,0
2006-2007,2006,CTAS I - Resuscitation,1,Intra-Facility Transfer,Acute Myocardial Infarction,Not Admitted,6,58.0,0.9667,0,0
2006-2007,2006,CTAS I - Resuscitation,1,Intra-Facility Transfer,Asthma,Not Admitted,0,0.0,0.0,0,1
2006-2007,2006,CTAS I - Resuscitation,1,Intra-Facility Transfer,Influenzal Pneumonia,Not Admitted,0,0.0,0.0,0,1
2006-2007,2006,CTAS I - Resuscitation,1,Intra-Facility Transfer,Motor Vehicle Collisions,Not Admitted,8,130.0,2.1667,0,0
2006-2007,2006,CTAS I - Resuscitation,1,Intra-Facility Transfer,Pneumonia,Not Admitted,0,293.0,4.8833,0,1
2006-2007,2006,CTAS I - Resuscitation,1,Intra-Facility Transfer,Trauma,Not Admitted,25,138.0,2.3,0,0
2006-2007,2006,CTAS I - Resuscitation,1,Intra-Facility Transfer,Unintentional Falls,Not Admitted,0,206.0,3.4333,0,1
2006-2007,2006,CTAS I - Resuscitation,1,Not Seen Or Left,Acute Myocardial Infarction,Not Admitted,0,0.0,0.0,0,1
2006-2007,2006,CTAS I - Resuscitation,1,Not Seen Or Left,Asthma,Not Admitted,7,172.0,2.8667,0,0
2006-2007,2006,CTAS I - Resuscitation,1,Not Seen Or Left,Influenzal Pneumonia,Not Admitted,0,0.0,0.0,0,1
2006-2007,2006,CTAS I - Resuscitation,1,Not Seen Or Left,Motor Vehicle Collisions,Not Admitted,6,202.0,3.3667,0,0
2006-2007,2006,CTAS I - Resuscitation,1,Not Seen Or Left,Pneumonia,Not Admitted,0,0.0,0.0,0,1
2006-2007,2006,CTAS I - Resuscitation,1,Not Seen Or Left,Trauma,Not Admitted,28,178.0,2.9667,0,0
2006-2007,2006,CTAS I - Resuscitation,1,Not Seen Or Left,Unintentional Falls,Not Admitted,0,309.0,5.15,0,1
2006-2007,2006,CTAS I - Resuscitation,1,Transferred,Acute Myocardial Infarction,Not Admitted,262,138.0,2.3,0,0
2006-2007,2006,CTAS I - Resuscitation,1,Transferred,Asthma,Not Admitted,22,196.0,3.2667,0,0
2006-2007,2006,CTAS I - Resuscitation,1,Transferred,Influenzal Pneumonia,Not Admitted,0,0.0,0.0,0,1
2006-2007,2006,CTAS I - Resuscitation,1,Transferred,Motor Vehicle Collisions,Not Admitted,341,128.0,2.1333,0,0
2006-2007,2006,CTAS I - Resuscitation,1,Transferred,Pneumonia,Not Admitted,26,230.0,3.8333,0,0
2006-2007,2006,CTAS I - Resuscitation,1,Transferred,Trauma,Not Admitted,733,144.0,2.4,0,0
2006-2007,2006,CTAS I - Resuscitation,1,Transferred,Unintentional Falls,Not Admitted,129,176.0,2.9333,0,0
2006-2007,2006,CTAS I - Resuscitation,1,Unknown,Acute Myocardial Infarction,Not Admitted,0,0.0,0.0,0,1
2006-2007,2006,CTAS I - Resuscitation,1,Unknown,Asthma,Not Admitted,0,0.0,0.0,0,1
2006-2007,2006,CTAS I - Resuscitation,1,Unknown,Influenzal Pneumonia,Not Admitted,0,0.0,0.0,0,1
2006-2007,2006,CTAS I - Resuscitation,1,Unknown,Motor Vehicle Collisions,Not Admitted,0,0.0,0.0,0,1
2006-2007,2006,CTAS I - Resuscitation,1,Unknown,Pneumonia,Not Admitted,0,0.0,0.0,0,1
2006-2007,2006,CTAS I - Resuscitation,1,Unknown,Trauma,Not Admitted,0,0.0,0.0,0,1
2006-2007,2006,CTAS I - Resuscitation,1,Unknown,Unintentional Falls,Not Admitted,0,0.0,0.0,0,1
2006-2007,2006,CTAS II - Emergent,2,Admitted,Acute Myocardial Infarction,Admitted,6914,207.0,3.45,1,0
2006-2007,2006,CTAS II - Emergent,2,Admitted,Asthma,Admitted,3284,260.0,4.3333,1,0
2006-2007,2006,CTAS II - Emergent,2,Admitted,Influenzal Pneumonia,Admitted,7,387.0,6.45,1,0
2006-2007,2006,CTAS II - Emergent,2,Admitted,Motor Vehicle Collisions,Admitted,2867,227.0,3.7833,1,0
2006-2007,2006,CTAS II - Emergent,2,Admitted,Pneumonia,Admitted,8013,301.0,5.0167,1,0
2006-2007,2006,CTAS II - Emergent,2,Admitted,Trauma,Admitted,11927,244.0,4.0667,1,0
2006-2007,2006,CTAS II - Emergent,2,Admitted,Unintentional Falls,Admitted,5637,274.0,4.5667,1,0
2006-2007,2006,CTAS II - Emergent,2,Death,Acute Myocardial Infarction,Not Admitted,114,150.0,2.5,0,0
2006-2007,2006,CTAS II - Emergent,2,Death,Asthma,Not Admitted,0,0.0,0.0,0,1
2006-2007,2006,CTAS II - Emergent,2,Death,Influenzal Pneumonia,Not Admitted,0,0.0,0.0,0,1
2006-2007,2006,CTAS II - Emergent,2,Death,Motor Vehicle Collisions,Not Admitted,7,108.0,1.8,0,0
2006-2007,2006,CTAS II - Emergent,2,Death,Pneumonia,Not Admitted,35,286.0,4.7667,0,0
2006-2007,2006,CTAS II - Emergent,2,Death,Trauma,Not Admitted,33,192.0,3.2,0,0
2006-2007,2006,CTAS II - Emergent,2,Death,Unintentional Falls,Not Admitted,18,345.0,5.75,0,0
2006-2007,2006,CTAS II - Emergent,2,Discharged Home,Acute Myocardial Infarction,Not Admitted,197,290.0,4.8333,0,0
2006-2007,2006,CTAS II - Emergent,2,Discharged Home,Asthma,Not Admitted,12117,175.0,2.9167,0,0
2006-2007,2006,CTAS II - Emergent,2,Discharged Home,Influenzal Pneumonia,Not Admitted,8,318.0,5.3,0,0
2006-2007,2006,CTAS II - Emergent,2,Discharged Home,Motor Vehicle Collisions,Not Admitted,12606,184.0,3.0667,0,0
2006-2007,2006,CTAS II - Emergent,2,Discharged Home,Pneumonia,Not Admitted,5026,236.0,3.9333,0,0
2006-2007,2006,CTAS II - Emergent,2,Discharged Home,Trauma,Not Admitted,59757,169.0,2.8167,0,0
2006-2007,2006,CTAS II - Emergent,2,Discharged Home,Unintentional Falls,Not Admitted,16356,196.0,3.2667,0,0
2006-2007,2006,CTAS II - Emergent,2,Intra-Facility Transfer,Acute Myocardial Infarction,Not Admitted,24,58.0,0.9667,0,0
2006-2007,2006,CTAS II - Emergent,2,Intra-Facility Transfer,Asthma,Not Admitted,14,115.0,1.9167,0,0
2006-2007,2006,CTAS II - Emergent,2,Intra-Facility Transfer,Influenzal Pneumonia,Not Admitted,0,0.0,0.0,0,1
2006-2007,2006,CTAS II - Emergent,2,Intra-Facility Transfer,Motor Vehicle Collisions,Not Admitted,52,181.0,3.0167,0,0
2006-2007,2006,CTAS II - Emergent,2,Intra-Facility Transfer,Pneumonia,Not Admitted,7,154.0,2.5667,0,0
2006-2007,2006,CTAS II - Emergent,2,Intra-Facility Transfer,Trauma,Not Admitted,546,185.0,3.0833,0,0
2006-2007,2006,CTAS II - Emergent,2,Intra-Facility Transfer,Unintentional Falls,Not Admitted,124,190.0,3.1667,0,0
2006-2007,2006,CTAS II - Emergent,2,Not Seen Or Left,Acute Myocardial Infarction,Not Admitted,19,268.0,4.4667,0,0
2006-2007,2006,CTAS II - Emergent,2,Not Seen Or Left,Asthma,Not Admitted,124,163.0,2.7167,0,0
2006-2007,2006,CTAS II - Emergent,2,Not Seen Or Left,Influenzal Pneumonia,Not Admitted,0,0.0,0.0,0,1
2006-2007,2006,CTAS II - Emergent,2,Not Seen Or Left,Motor Vehicle Collisions,Not Admitted,161,158.0,2.6333,0,0
2006-2007,2006,CTAS II - Emergent,2,Not Seen Or Left,Pneumonia,Not Admitted,27,352.0,5.8667,0,0
2006-2007,2006,CTAS II - Emergent,2,Not Seen Or Left,Trauma,Not Admitted,1010,145.0,2.4167,0,0
2006-2007,2006,CTAS II - Emergent,2,Not Seen Or Left,Unintentional Falls,Not Admitted,229,152.0,2.5333,0,0
2006-2007,2006,CTAS II - Emergent,2,Transferred,Acute Myocardial Infarction,Not Admitted,1287,148.0,2.4667,0,0
2006-2007,2006,CTAS II - Emergent,2,Transferred,Asthma,Not Admitted,194,255.0,4.25,0,0
2006-2007,2006,CTAS II - Emergent,2,Transferred,Influenzal Pneumonia,Not Admitted,0,314.0,5.2333,0,1
2006-2007,2006,CTAS II - Emergent,2,Transferred,Motor Vehicle Collisions,Not Admitted,1041,200.0,3.3333,0,0
2006-2007,2006,CTAS II - Emergent,2,Transferred,Pneumonia,Not Admitted,255,250.0,4.1667,0,0
2006-2007,2006,CTAS II - Emergent,2,Transferred,Trauma,Not Admitted,3273,193.0,3.2167,0,0
2006-2007,2006,CTAS II - Emergent,2,Transferred,Unintentional Falls,Not Admitted,972,226.0,3.7667,0,0
2006-2007,2006,CTAS II - Emergent,2,Unknown,Acute Myocardial Infarction,Not Admitted,0,0.0,0.0,0,1
2006-2007,2006,CTAS II - Emergent,2,Unknown,Asthma,Not Admitted,0,0.0,0.0,0,1
2006-2007,2006,CTAS II - Emergent,2,Unknown,Influenzal Pneumonia,Not Admitted,0,0.0,0.0,0,1
2006-2007,2006,CTAS II - Emergent,2,Unknown,Motor Vehicle Collisions,Not Admitted,0,0.0,0.0,0,1
2006-2007,2006,CTAS II - Emergent,2,Unknown,Pneumonia,Not Admitted,0,0.0,0.0,0,1
2006-2007,2006,CTAS II - Emergent,2,Unknown,Trauma,Not Admitted,0,0.0,0.0,0,1
2006-2007,2006,CTAS II - Emergent,2,Unknown,Unintentional Falls,Not Admitted,0,0.0,0.0,0,1
2006-2007,2006,CTAS III - Urgent,3,Admitted,Acute Myocardial Infarction,Admitted,3241,282.0,4.7,1,0
2006-2007,2006,Less urgent,3,Admitted,Acute Myocardial Infarction,Admitted,320,306.0,5.1,1,0
2006-2007,2006,Non-urgent,3,Admitted,Acute Myocardial Infarction,Admitted,48,138.0,2.3,1,0
2006-2007,2006,Unknown,3,Admitted,Acute Myocardial Infarction,Admitted,0,0.0,0.0,1,1
2006-2007,2006,CTAS III - Urgent,3,Admitted,Asthma,Admitted,2219,307.0,5.1167,1,0
2006-2007,2006,Less urgent,3,Admitted,Asthma,Admitted,232,242.0,4.0333,1,0
2006-2007,2006,Non-urgent,3,Admitted,Asthma,Admitted,37,99.0,1.65,1,0
2006-2007,2006,Unknown,3,Admitted,Asthma,Admitted,0,0.0,0.0,1,1
2006-2007,2006,CTAS III - Urgent,3,Admitted,Influenzal Pneumonia,Admitted,18,649.0,10.8167,1,0
2006-2007,2006,Less urgent,3,Admitted,Influenzal Pneumonia,Admitted,0,190.0,3.1667,1,1
2006-2007,2006,Non-urgent,3,Admitted,Influenzal Pneumonia,Admitted,0,150.0,2.5,1,1
2006-2007,2006,Unknown,3,Admitted,Influenzal Pneumonia,Admitted,0,0.0,0.0,1,1
2006-2007,2006,CTAS III - Urgent,3,Admitted,Motor Vehicle Collisions,Admitted,2399,240.0,4.0,1,0
2006-2007,2006,Less urgent,3,Admitted,Motor Vehicle Collisions,Admitted,455,232.0,3.8667,1,0
2006-2007,2006,Non-urgent,3,Admitted,Motor Vehicle Collisions,Admitted,93,239.0,3.9833,1,0
2006-2007,2006,Unknown,3,Admitted,Motor Vehicle Collisions,Admitted,0,0.0,0.0,1,1
2006-2007,2006,CTAS III - Urgent,3,Admitted,Pneumonia,Admitted,11463,327.0,5.45,1,0
2006-2007,2006,Less urgent,3,Admitted,Pneumonia,Admitted,1788,229.0,3.8167,1,0
2006-2007,2006,Non-urgent,3,Admitted,Pneumonia,Admitted,183,216.0,3.6,1,0
2006-2007,2006,Unknown,3,Admitted,Pneumonia,Admitted,0,0.0,0.0,1,1
2006-2007,2006,CTAS III - Urgent,3,Admitted,Trauma,Admitted,26841,275.0,4.5833,1,0
2006-2007,2006,Less urgent,3,Admitted,Trauma,Admitted,6881,251.0,4.1833,1,0
2006-2007,2006,Non-urgent,3,Admitted,Trauma,Admitted,820,174.0,2.9,1,0
2006-2007,2006,Unknown,3,Admitted,Trauma,Admitted,0,0.0,0.0,1,1
2006-2007,2006,CTAS III - Urgent,3,Admitted,Unintentional Falls,Admitted,19084,287.0,4.7833,1,0
2006-2007,2006,Less urgent,3,Admitted,Unintentional Falls,Admitted,4508,264.0,4.4,1,0
2006-2007,2006,Non-urgent,3,Admitted,Unintentional Falls,Admitted,431,179.0,2.9833,1,0
2006-2007,2006,Unknown,3,Admitted,Unintentional Falls,Admitted,0,0.0,0.0,1,1
2006-2007,2006,CTAS III - Urgent,3,Death,Acute Myocardial Infarction,Not Admitted,33,234.0,3.9,0,0
2006-2007,2006,Less urgent,3,Death,Acute Myocardial Infarction,Not Admitted,7,300.0,5.0,0,0
2006-2007,2006,Non-urgent,3,Death,Acute Myocardial Infarction,Not Admitted,7,22.0,0.3667,0,0
2006-2007,2006,Unknown,3,Death,Acute Myocardial Infarction,Not Admitted,0,0.0,0.0,0,1
2006-2007,2006,CTAS III - Urgent,3,Death,Asthma,Not Admitted,0,0.0,0.0,0,1
2006-2007,2006,Less urgent,3,Death,Asthma,Not Admitted,0,0.0,0.0,0,1
2006-2007,2006,Non-urgent,3,Death,Asthma,Not Admitted,0,0.0,0.0,0,1
2006-2007,2006,Unknown,3,Death,Asthma,Not Admitted,0,0.0,0.0,0,1
2006-2007,2006,CTAS III - Urgent,3,Death,Influenzal Pneumonia,Not Admitted,0,0.0,0.0,0,1
2006-2007,2006,Less urgent,3,Death,Influenzal Pneumonia,Not Admitted,0,0.0,0.0,0,1
2006-2007,2006,Non-urgent,3,Death,Influenzal Pneumonia,Not Admitted,0,0.0,0.0,0,1
2006-2007,2006,Unknown,3,Death,Influenzal Pneumonia,Not Admitted,0,0.0,0.0,0,1
2006-2007,2006,CTAS III - Urgent,3,Death,Motor Vehicle Collisions,Not Admitted,0,140.0,2.3333,0,1
2006-2007,2006,Less urgent,3,Death,Motor Vehicle Collisions,Not Admitted,0,1452.0,24.2,0,1
2006-2007,2006,Non-urgent,3,Death,Motor Vehicle Collisions,Not Admitted,0,88.0,1.4667,0,1
2006-2007,2006,Unknown,3,Death,Motor Vehicle Collisions,Not Admitted,0,0.0,0.0,0,1
2006-2007,2006,CTAS III - Urgent,3,Death,Pneumonia,Not Admitted,23,437.0,7.2833,0,0
2006-2007,2006,Less urgent,3,Death,Pneumonia,Not Admitted,0,690.0,11.5,0,1
2006-2007,2006,Non-urgent,3,Death,Pneumonia,Not Admitted,0,12.0,0.2,0,1
2006-2007,2006,Unknown,3,Death,Pneumonia,Not Admitted,0,0.0,0.0,0,1
2006-2007,2006,CTAS III - Urgent,3,Death,Trauma,Not Admitted,20,368.0,6.1333,0,0
2006-2007,2006,Less urgent,3,Death,Trauma,Not Admitted,14,76.0,1.2667,0,0
2006-2007,2006,Non-urgent,3,Death,Trauma,Not Admitted,11,75.0,1.25,0,0
2006-2007,2006,Unknown,3,Death,Trauma,Not Admitted,0,0.0,0.0,0,1
2006-2007,2006,CTAS III - Urgent,3,Death,Unintentional Falls,Not Admitted,11,571.0,9.5167,0,0
2006-2007,2006,Less urgent,3,Death,Unintentional Falls,Not Admitted,6,146.0,2.4333,0,0
2006-2007,2006,Non-urgent,3,Death,Unintentional Falls,Not Admitted,0,355.0,5.9167,0,1
2006-2007,2006,Unknown,3,Death,Unintentional Falls,Not Admitted,0,0.0,0.0,0,1
2006-2007,2006,CTAS III - Urgent,3,Discharged Home,Acute Myocardial Infarction,Not Admitted,99,340.0,5.6667,0,0
2006-2007,2006,Less urgent,3,Discharged Home,Acute Myocardial Infarction,Not Admitted,20,206.0,3.4333,0,0
2006-2007,2006,Non-urgent,3,Discharged Home,Acute Myocardial Infarction,Not Admitted,6,120.0,2.0,0,0
2006-2007,2006,Unknown,3,Discharged Home,Acute Myocardial Infarction,Not Admitted,0,0.0,0.0,0,1
2006-2007,2006,CTAS III - Urgent,3,Discharged Home,Asthma,Not Admitted,32085,151.0,2.5167,0,0
2006-2007,2006,Less urgent,3,Discharged Home,Asthma,Not Admitted,17793,101.0,1.6833,0,0
2006-2007,2006,Non-urgent,3,Discharged Home,Asthma,Not Admitted,3459,71.0,1.1833,0,0
2006-2007,2006,Unknown,3,Discharged Home,Asthma,Not Admitted,0,0.0,0.0,0,1
2006-2007,2006,CTAS III - Urgent,3,Discharged Home,Influenzal Pneumonia,Not Admitted,44,192.0,3.2,0,0
2006-2007,2006,Less urgent,3,Discharged Home,Influenzal Pneumonia,Not Admitted,48,96.0,1.6,0,0
2006-2007,2006,Non-urgent,3,Discharged Home,Influenzal Pneumonia,Not Admitted,5,84.0,1.4,0,0
2006-2007,2006,Unknown,3,Discharged Home,Influenzal Pneumonia,Not Admitted,0,0.0,0.0,0,1
2006-2007,2006,CTAS III - Urgent,3,Discharged Home,Motor Vehicle Collisions,Not Admitted,42827,151.0,2.5167,0,0
2006-2007,2006,Less urgent,3,Discharged Home,Motor Vehicle Collisions,Not Admitted,45669,120.0,2.0,0,0
2006-2007,2006,Non-urgent,3,Discharged Home,Motor Vehicle Collisions,Not Admitted,5674,93.0,1.55,0,0
2006-2007,2006,Unknown,3,Discharged Home,Motor Vehicle Collisions,Not Admitted,0,0.0,0.0,0,1
2006-2007,2006,CTAS III - Urgent,3,Discharged Home,Pneumonia,Not Admitted,21624,201.0,3.35,0,0
2006-2007,2006,Less urgent,3,Discharged Home,Pneumonia,Not Admitted,14533,125.0,2.0833,0,0
2006-2007,2006,Non-urgent,3,Discharged Home,Pneumonia,Not Admitted,2198,91.0,1.5167,0,0
2006-2007,2006,Unknown,3,Discharged Home,Pneumonia,Not Admitted,0,0.0,0.0,0,1
2006-2007,2006,CTAS III - Urgent,3,Discharged Home,Trauma,Not Admitted,331414,140.0,2.3333,0,0
2006-2007,2006,Less urgent,3,Discharged Home,Trauma,Not Admitted,671962,112.0,1.8667,0,0
2006-2007,2006,Non-urgent,3,Discharged Home,Trauma,Not Admitted,113972,86.0,1.4333,0,0
2006-2007,2006,Unknown,3,Discharged Home,Trauma,Not Admitted,0,0.0,0.0,0,1
2006-2007,2006,CTAS III - Urgent,3,Discharged Home,Unintentional Falls,Not Admitted,109487,162.0,2.7,0,0
2006-2007,2006,Less urgent,3,Discharged Home,Unintentional Falls,Not Admitted,180401,123.0,2.05,0,0
2006-2007,2006,Non-urgent,3,Discharged Home,Unintentional Falls,Not Admitted,24030,95.0,1.5833,0,0
2006-2007,2006,Unknown,3,Discharged Home,Unintentional Falls,Not Admitted,0,0.0,0.0,0,1
2006-2007,2006,CTAS III - Urgent,3,Intra-Facility Transfer,Acute Myocardial Infarction,Not Admitted,5,122.0,2.0333,0,0
2006-2007,2006,Less urgent,3,Intra-Facility Transfer,Acute Myocardial Infarction,Not Admitted,0,63.0,1.05,0,1
2006-2007,2006,Non-urgent,3,Intra-Facility Transfer,Acute Myocardial Infarction,Not Admitted,0,0.0,0.0,0,1
2006-2007,2006,Unknown,3,Intra-Facility Transfer,Acute Myocardial Infarction,Not Admitted,0,0.0,0.0,0,1
2006-2007,2006,CTAS III - Urgent,3,Intra-Facility Transfer,Asthma,Not Admitted,15,120.0,2.0,0,0
2006-2007,2006,Less urgent,3,Intra-Facility Transfer,Asthma,Not Admitted,6,182.0,3.0333,0,0
2006-2007,2006,Non-urgent,3,Intra-Facility Transfer,Asthma,Not Admitted,0,0.0,0.0,0,1
2006-2007,2006,Unknown,3,Intra-Facility Transfer,Asthma,Not Admitted,0,0.0,0.0,0,1
2006-2007,2006,CTAS III - Urgent,3,Intra-Facility Transfer,Influenzal Pneumonia,Not Admitted,0,0.0,0.0,0,1
2006-2007,2006,Less urgent,3,Intra-Facility Transfer,Influenzal Pneumonia,Not Admitted,0,0.0,0.0,0,1
2006-2007,2006,Non-urgent,3,Intra-Facility Transfer,Influenzal Pneumonia,Not Admitted,0,0.0,0.0,0,1
2006-2007,2006,Unknown,3,Intra-Facility Transfer,Influenzal Pneumonia,Not Admitted,0,0.0,0.0,0,1
2006-2007,2006,CTAS III - Urgent,3,Intra-Facility Transfer,Motor Vehicle Collisions,Not Admitted,121,174.0,2.9,0,0
2006-2007,2006,Less urgent,3,Intra-Facility Transfer,Motor Vehicle Collisions,Not Admitted,75,159.0,2.65,0,0
2006-2007,2006,Non-urgent,3,Intra-Facility Transfer,Motor Vehicle Collisions,Not Admitted,27,55.0,0.9167,0,0
2006-2007,2006,Unknown,3,Intra-Facility Transfer,Motor Vehicle Collisions,Not Admitted,0,0.0,0.0,0,1
2006-2007,2006,CTAS III - Urgent,3,Intra-Facility Transfer,Pneumonia,Not Admitted,30,238.0,3.9667,0,0
2006-2007,2006,Less urgent,3,Intra-Facility Transfer,Pneumonia,Not Admitted,14,197.0,3.2833,0,0
2006-2007,2006,Non-urgent,3,Intra-Facility Transfer,Pneumonia,Not Admitted,0,292.0,4.8667,0,1
2006-2007,2006,Unknown,3,Intra-Facility Transfer,Pneumonia,Not Admitted,0,0.0,0.0,0,1
2006-2007,2006,CTAS III - Urgent,3,Intra-Facility Transfer,Trauma,Not Admitted,1745,175.0,2.9167,0,0
2006-2007,2006,Less urgent,3,Intra-Facility Transfer,Trauma,Not Admitted,1324,132.0,2.2,0,0
2006-2007,2006,Non-urgent,3,Intra-Facility Transfer,Trauma,Not Admitted,395,79.0,1.3167,0,0
2006-2007,2006,Unknown,3,Intra-Facility Transfer,Trauma,Not Admitted,0,0.0,0.0,0,1
2006-2007,2006,CTAS III - Urgent,3,Intra-Facility Transfer,Unintentional Falls,Not Admitted,576,178.0,2.9667,0,0
2006-2007,2006,Less urgent,3,Intra-Facility Transfer,Unintentional Falls,Not Admitted,424,143.0,2.3833,0,0
2006-2007,2006,Non-urgent,3,Intra-Facility Transfer,Unintentional Falls,Not Admitted,114,65.0,1.0833,0,0
2006-2007,2006,Unknown,3,Intra-Facility Transfer,Unintentional Falls,Not Admitted,0,0.0,0.0,0,1
2006-2007,2006,CTAS III - Urgent,3,Not Seen Or Left,Acute Myocardial Infarction,Not Admitted,6,540.0,9.0,0,0
2006-2007,2006,Less urgent,3,Not Seen Or Left,Acute Myocardial Infarction,Not Admitted,0,175.0,2.9167,0,1
2006-2007,2006,Non-urgent,3,Not Seen Or Left,Acute Myocardial Infarction,Not Admitted,0,0.0,0.0,0,1
2006-2007,2006,Unknown,3,Not Seen Or Left,Acute Myocardial Infarction,Not Admitted,0,0.0,0.0,0,1
2006-2007,2006,CTAS III - Urgent,3,Not Seen Or Left,Asthma,Not Admitted,449,123.0,2.05,0,0
2006-2007,2006,Less urgent,3,Not Seen Or Left,Asthma,Not Admitted,184,116.0,1.9333,0,0
2006-2007,2006,Non-urgent,3,Not Seen Or Left,Asthma,Not Admitted,20,118.0,1.9667,0,0
2006-2007,2006,Unknown,3,Not Seen Or Left,Asthma,Not Admitted,0,35.0,0.5833,0,1
2006-2007,2006,CTAS III - Urgent,3,Not Seen Or Left,Influenzal Pneumonia,Not Admitted,0,0.0,0.0,0,1
2006-2007,2006,Less urgent,3,Not Seen Or Left,Influenzal Pneumonia,Not Admitted,0,0.0,0.0,0,1
2006-2007,2006,Non-urgent,3,Not Seen Or Left,Influenzal Pneumonia,Not Admitted,0,72.0,1.2,0,1
2006-2007,2006,Unknown,3,Not Seen Or Left,Influenzal Pneumonia,Not Admitted,0,0.0,0.0,0,1
2006-2007,2006,CTAS III - Urgent,3,Not Seen Or Left,Motor Vehicle Collisions,Not Admitted,1118,134.0,2.2333,0,0
2006-2007,2006,Less urgent,3,Not Seen Or Left,Motor Vehicle Collisions,Not Admitted,1534,128.0,2.1333,0,0
2006-2007,2006,Non-urgent,3,Not Seen Or Left,Motor Vehicle Collisions,Not Admitted,192,111.0,1.85,0,0
2006-2007,2006,Unknown,3,Not Seen Or Left,Motor Vehicle Collisions,Not Admitted,10,20.0,0.3333,0,0
2006-2007,2006,CTAS III - Urgent,3,Not Seen Or Left,Pneumonia,Not Admitted,79,190.0,3.1667,0,0
2006-2007,2006,Less urgent,3,Not Seen Or Left,Pneumonia,Not Admitted,37,187.0,3.1167,0,0
2006-2007,2006,Non-urgent,3,Not Seen Or Left,Pneumonia,Not Admitted,13,83.0,1.3833,0,0
2006-2007,2006,Unknown,3,Not Seen Or Left,Pneumonia,Not Admitted,0,0.0,0.0,0,1
2006-2007,2006,CTAS III - Urgent,3,Not Seen Or Left,Trauma,Not Admitted,10342,128.0,2.1333,0,0
2006-2007,2006,Less urgent,3,Not Seen Or Left,Trauma,Not Admitted,24257,122.0,2.0333,0,0
2006-2007,2006,Non-urgent,3,Not Seen Or Left,Trauma,Not Admitted,4459,95.0,1.5833,0,0
2006-2007,2006,Unknown,3,Not Seen Or Left,Trauma,Not Admitted,348,15.0,0.25,0,0
2006-2007,2006,CTAS III - Urgent,3,Not Seen Or Left,Unintentional Falls,Not Admitted,2615,135.0,2.25,0,0
2006-2007,2006,Less urgent,3,Not Seen Or Left,Unintentional Falls,Not Admitted,5020,126.0,2.1,0,0
2006-2007,2006,Non-urgent,3,Not Seen Or Left,Unintentional Falls,Not Admitted,694,99.0,1.65,0,0
2006-2007,2006,Unknown,3,Not Seen Or Left,Unintentional Falls,Not Admitted,25,57.0,0.95,0,0
2006-2007,2006,CTAS III - Urgent,3,Transferred,Acute Myocardial Infarction,Not Admitted,392,195.0,3.25,0,0
2006-2007,2006,Less urgent,3,Transferred,Acute Myocardial Infarction,Not Admitted,31,285.0,4.75,0,0
2006-2007,2006,Non-urgent,3,Transferred,Acute Myocardial Infarction,Not Admitted,6,178.0,2.9667,0,0
2006-2007,2006,Unknown,3,Transferred,Acute Myocardial Infarction,Not Admitted,0,0.0,0.0,0,1
2006-2007,2006,CTAS III - Urgent,3,Transferred,Asthma,Not Admitted,199,232.0,3.8667,0,0
2006-2007,2006,Less urgent,3,Transferred,Asthma,Not Admitted,18,180.0,3.0,0,0
2006-2007,2006,Non-urgent,3,Transferred,Asthma,Not Admitted,0,616.0,10.2667,0,1
2006-2007,2006,Unknown,3,Transferred,Asthma,Not Admitted,0,0.0,0.0,0,1
2006-2007,2006,CTAS III - Urgent,3,Transferred,Influenzal Pneumonia,Not Admitted,0,0.0,0.0,0,1
2006-2007,2006,Less urgent,3,Transferred,Influenzal Pneumonia,Not Admitted,0,0.0,0.0,0,1
2006-2007,2006,Non-urgent,3,Transferred,Influenzal Pneumonia,Not Admitted,0,0.0,0.0,0,1
2006-2007,2006,Unknown,3,Transferred,Influenzal Pneumonia,Not Admitted,0,0.0,0.0,0,1
2006-2007,2006,CTAS III - Urgent,3,Transferred,Motor Vehicle Collisions,Not Admitted,823,207.0,3.45,0,0
2006-2007,2006,Less urgent,3,Transferred,Motor Vehicle Collisions,Not Admitted,232,172.0,2.8667,0,0
2006-2007,2006,Non-urgent,3,Transferred,Motor Vehicle Collisions,Not Admitted,33,100.0,1.6667,0,0
2006-2007,2006,Unknown,3,Transferred,Motor Vehicle Collisions,Not Admitted,0,0.0,0.0,0,1
2006-2007,2006,CTAS III - Urgent,3,Transferred,Pneumonia,Not Admitted,466,271.0,4.5167,0,0
2006-2007,2006,Less urgent,3,Transferred,Pneumonia,Not Admitted,105,269.0,4.4833,0,0
2006-2007,2006,Non-urgent,3,Transferred,Pneumonia,Not Admitted,25,215.0,3.5833,0,0
2006-2007,2006,Unknown,3,Transferred,Pneumonia,Not Admitted,0,0.0,0.0,0,1
2006-2007,2006,CTAS III - Urgent,3,Transferred,Trauma,Not Admitted,5226,205.0,3.4167,0,0
2006-2007,2006,Less urgent,3,Transferred,Trauma,Not Admitted,2369,180.0,3.0,0,0
2006-2007,2006,Non-urgent,3,Transferred,Trauma,Not Admitted,395,135.0,2.25,0,0
2006-2007,2006,Unknown,3,Transferred,Trauma,Not Admitted,0,0.0,0.0,0,1
2006-2007,2006,CTAS III - Urgent,3,Transferred,Unintentional Falls,Not Admitted,2657,235.0,3.9167,0,0
2006-2007,2006,Less urgent,3,Transferred,Unintentional Falls,Not Admitted,1124,208.0,3.4667,0,0
2006-2007,2006,Non-urgent,3,Transferred,Unintentional Falls,Not Admitted,149,155.0,2.5833,0,0
2006-2007,2006,Unknown,3,Transferred,Unintentional Falls,Not Admitted,0,0.0,0.0,0,1
2006-2007,2006,CTAS III - Urgent,3,Unknown,Acute Myocardial Infarction,Not Admitted,0,0.0,0.0,0,1
2006-2007,2006,Less urgent,3,Unknown,Acute Myocardial Infarction,Not Admitted,0,0.0,0.0,0,1
2006-2007,2006,Non-urgent,3,Unknown,Acute Myocardial Infarction,Not Admitted,0,0.0,0.0,0,1
2006-2007,2006,Unknown,3,Unknown,Acute Myocardial Infarction,Not Admitted,0,0.0,0.0,0,1
2006-2007,2006,CTAS III - Urgent,3,Unknown,Asthma,Not Admitted,0,0.0,0.0,0,1
2006-2007,2006,Less urgent,3,Unknown,Asthma,Not Admitted,0,0.0,0.0,0,1
2006-2007,2006,Non-urgent,3,Unknown,Asthma,Not Admitted,0,0.0,0.0,0,1
2006-2007,2006,Unknown,3,Unknown,Asthma,Not Admitted,0,0.0,0.0,0,1
2006-2007,2006,CTAS III - Urgent,3,Unknown,Influenzal Pneumonia,Not Admitted,0,0.0,0.0,0,1
2006-2007,2006,Less urgent,3,Unknown,Influenzal Pneumonia,Not Admitted,0,0.0,0.0,0,1
2006-2007,2006,Non-urgent,3,Unknown,Influenzal Pneumonia,Not Admitted,0,0.0,0.0,0,1
2006-2007,2006,Unknown,3,Unknown,Influenzal Pneumonia,Not Admitted,0,0.0,0.0,0,1
2006-2007,2006,CTAS III - Urgent,3,Unknown,Motor Vehicle Collisions,Not Admitted,0,0.0,0.0,0,1
2006-2007,2006,Less urgent,3,Unknown,Motor Vehicle Collisions,Not Admitted,0,0.0,0.0,0,1
2006-2007,2006,Non-urgent,3,Unknown,Motor Vehicle Collisions,Not Admitted,0,0.0,0.0,0,1
2006-2007,2006,Unknown,3,Unknown,Motor Vehicle Collisions,Not Admitted,0,0.0,0.0,0,1
2006-2007,2006,CTAS III - Urgent,3,Unknown,Pneumonia,Not Admitted,0,0.0,0.0,0,1
2006-2007,2006,Less urgent,3,Unknown,Pneumonia,Not Admitted,0,0.0,0.0,0,1
2006-2007,2006,Non-urgent,3,Unknown,Pneumonia,Not Admitted,0,0.0,0.0,0,1
2006-2007,2006,Unknown,3,Unknown,Pneumonia,Not Admitted,0,0.0,0.0,0,1
2006-2007,2006,CTAS III - Urgent,3,Unknown,Trauma,Not Admitted,0,0.0,0.0,0,1
2006-2007,2006,Less urgent,3,Unknown,Trauma,Not Admitted,0,0.0,0.0,0,1
2006-2007,2006,Non-urgent,3,Unknown,Trauma,Not Admitted,0,0.0,0.0,0,1
2006-2007,2006,Unknown,3,Unknown,Trauma,Not Admitted,0,0.0,0.0,0,1
2006-2007,2006,CTAS III - Urgent,3,Unknown,Unintentional Falls,Not Admitted,0,0.0,0.0,0,1
2006-2007,2006,Less urgent,3,Unknown,Unintentional Falls,Not Admitted,0,0.0,0.0,0,1
2006-2007,2006,Non-urgent,3,Unknown,Unintentional Falls,Not Admitted,0,0.0,0.0,0,1
2006-2007,2006,Unknown,3,Unknown,Unintentional Falls,Not Admitted,0,0.0,0.0,0,1
2005-2006,2005,CTAS I - Resuscitation,1,Admitted,Acute Myocardial Infarction,Admitted,513,118.0,1.9667,1,0
2005-2006,2005,CTAS I - Resuscitation,1,Admitted,Asthma,Admitted,286,215.0,3.5833,1,0
2005-2006,2005,CTAS I - Resuscitation,1,Admitted,Influenzal Pneumonia,Admitted,0,0.0,0.0,1,1
2005-2006,2005,CTAS I - Resuscitation,1,Admitted,Motor Vehicle Collisions,Admitted,1613,161.0,2.6833,1,0
2005-2006,2005,CTAS I - Resuscitation,1,Admitted,Pneumonia,Admitted,366,212.0,3.5333,1,0
2005-2006,2005,CTAS I - Resuscitation,1,Admitted,Trauma,Admitted,3184,160.0,2.6667,1,0
2005-2006,2005,CTAS I - Resuscitation,1,Admitted,Unintentional Falls,Admitted,566,204.0,3.4,1,0
2005-2006,2005,CTAS I - Resuscitation,1,Death,Acute Myocardial Infarction,Not Admitted,594,24.0,0.4,0,0
2005-2006,2005,CTAS I - Resuscitation,1,Death,Asthma,Not Admitted,0,150.0,2.5,0,1
2005-2006,2005,CTAS I - Resuscitation,1,Death,Influenzal Pneumonia,Not Admitted,0,0.0,0.0,0,1
2005-2006,2005,CTAS I - Resuscitation,1,Death,Motor Vehicle Collisions,Not Admitted,251,37.0,0.6167,0,0
2005-2006,2005,CTAS I - Resuscitation,1,Death,Pneumonia,Not Admitted,22,149.0,2.4833,0,0
2005-2006,2005,CTAS I - Resuscitation,1,Death,Trauma,Not Admitted,533,32.0,0.5333,0,0
2005-2006,2005,CTAS I - Resuscitation,1,Death,Unintentional Falls,Not Admitted,46,104.0,1.7333,0,0
2005-2006,2005,CTAS I - Resuscitation,1,Discharged Home,Acute Myocardial Infarction,Not Admitted,8,114.0,1.9,0,0
2005-2006,2005,CTAS I - Resuscitation,1,Discharged Home,Asthma,Not Admitted,172,196.0,3.2667,0,0
2005-2006,2005,CTAS I - Resuscitation,1,Discharged Home,Influenzal Pneumonia,Not Admitted,0,0.0,0.0,0,1
2005-2006,2005,CTAS I - Resuscitation,1,Discharged Home,Motor Vehicle Collisions,Not Admitted,340,285.0,4.75,0,0
2005-2006,2005,CTAS I - Resuscitation,1,Discharged Home,Pneumonia,Not Admitted,29,231.0,3.85,0,0
2005-2006,2005,CTAS I - Resuscitation,1,Discharged Home,Trauma,Not Admitted,1220,253.0,4.2167,0,0
2005-2006,2005,CTAS I - Resuscitation,1,Discharged Home,Unintentional Falls,Not Admitted,185,263.0,4.3833,0,0
2005-2006,2005,CTAS I - Resuscitation,1,Intra-Facility Transfer,Acute Myocardial Infarction,Not Admitted,0,0.0,0.0,0,1
2005-2006,2005,CTAS I - Resuscitation,1,Intra-Facility Transfer,Asthma,Not Admitted,0,102.0,1.7,0,1
2005-2006,2005,CTAS I - Resuscitation,1,Intra-Facility Transfer,Influenzal Pneumonia,Not Admitted,0,0.0,0.0,0,1
2005-2006,2005,CTAS I - Resuscitation,1,Intra-Facility Transfer,Motor Vehicle Collisions,Not Admitted,9,64.0,1.0667,0,0
2005-2006,2005,CTAS I - Resuscitation,1,Intra-Facility Transfer,Pneumonia,Not Admitted,0,0.0,0.0,0,1
2005-2006,2005,CTAS I - Resuscitation,1,Intra-Facility Transfer,Trauma,Not Admitted,28,122.0,2.0333,0,0
2005-2006,2005,CTAS I - Resuscitation,1,Intra-Facility Transfer,Unintentional Falls,Not Admitted,0,230.0,3.8333,0,1
2005-2006,2005,CTAS I - Resuscitation,1,Not Seen Or Left,Acute Myocardial Infarction,Not Admitted,0,0.0,0.0,0,1
2005-2006,2005,CTAS I - Resuscitation,1,Not Seen Or Left,Asthma,Not Admitted,5,273.0,4.55,0,0
2005-2006,2005,CTAS I - Resuscitation,1,Not Seen Or Left,Influenzal Pneumonia,Not Admitted,0,0.0,0.0,0,1
2005-2006,2005,CTAS I - Resuscitation,1,Not Seen Or Left,Motor Vehicle Collisions,Not Admitted,0,195.0,3.25,0,1
2005-2006,2005,CTAS I - Resuscitation,1,Not Seen Or Left,Pneumonia,Not Admitted,0,0.0,0.0,0,1
2005-2006,2005,CTAS I - Resuscitation,1,Not Seen Or Left,Trauma,Not Admitted,17,203.0,3.3833,0,0
2005-2006,2005,CTAS I - Resuscitation,1,Not Seen Or Left,Unintentional Falls,Not Admitted,0,815.0,13.5833,0,1
2005-2006,2005,CTAS I - Resuscitation,1,Transferred,Acute Myocardial Infarction,Not Admitted,198,142.0,2.3667,0,0
2005-2006,2005,CTAS I - Resuscitation,1,Transferred,Asthma,Not Admitted,26,205.0,3.4167,0,0
2005-2006,2005,CTAS I - Resuscitation,1,Transferred,Influenzal Pneumonia,Not Admitted,0,0.0,0.0,0,1
2005-2006,2005,CTAS I - Resuscitation,1,Transferred,Motor Vehicle Collisions,Not Admitted,387,126.0,2.1,0,0
2005-2006,2005,CTAS I - Resuscitation,1,Transferred,Pneumonia,Not Admitted,24,206.0,3.4333,0,0
2005-2006,2005,CTAS I - Resuscitation,1,Transferred,Trauma,Not Admitted,727,133.0,2.2167,0,0
2005-2006,2005,CTAS I - Resuscitation,1,Transferred,Unintentional Falls,Not Admitted,116,177.0,2.95,0,0
2005-2006,2005,CTAS I - Resuscitation,1,Unknown,Acute Myocardial Infarction,Not Admitted,0,0.0,0.0,0,1
2005-2006,2005,CTAS I - Resuscitation,1,Unknown,Asthma,Not Admitted,0,0.0,0.0,0,1
2005-2006,2005,CTAS I - Resuscitation,1,Unknown,Influenzal Pneumonia,Not Admitted,0,0.0,0.0,0,1
2005-2006,2005,CTAS I - Resuscitation,1,Unknown,Motor Vehicle Collisions,Not Admitted,0,0.0,0.0,0,1
2005-2006,2005,CTAS I - Resuscitation,1,Unknown,Pneumonia,Not Admitted,0,0.0,0.0,0,1
2005-2006,2005,CTAS I - Resuscitation,1,Unknown,Trauma,Not Admitted,0,0.0,0.0,0,1
2005-2006,2005,CTAS I - Resuscitation,1,Unknown,Unintentional Falls,Not Admitted,0,0.0,0.0,0,1
2005-2006,2005,CTAS II - Emergent,2,Admitted,Acute Myocardial Infarction,Admitted,6673,193.0,3.2167,1,0
2005-2006,2005,CTAS II - Emergent,2,Admitted,Asthma,Admitted,4210,263.0,4.3833,1,0
2005-2006,2005,CTAS II - Emergent,2,Admitted,Influenzal Pneumonia,Admitted,0,512.0,8.5333,1,1
2005-2006,2005,CTAS II - Emergent,2,Admitted,Motor Vehicle Collisions,Admitted,2742,247.0,4.1167,1,0
2005-2006,2005,CTAS II - Emergent,2,Admitted,Pneumonia,Admitted,7891,295.0,4.9167,1,0
2005-2006,2005,CTAS II - Emergent,2,Admitted,Trauma,Admitted,11717,247.0,4.1167,1,0
2005-2006,2005,CTAS II - Emergent,2,Admitted,Unintentional Falls,Admitted,5501,268.0,4.4667,1,0
2005-2006,2005,CTAS II - Emergent,2,Death,Acute Myocardial Infarction,Not Admitted,131,168.0,2.8,0,0
2005-2006,2005,CTAS II - Emergent,2,Death,Asthma,Not Admitted,0,194.0,3.2333,0,1
2005-2006,2005,CTAS II - Emergent,2,Death,Influenzal Pneumonia,Not Admitted,0,0.0,0.0,0,1
2005-2006,2005,CTAS II - Emergent,2,Death,Motor Vehicle Collisions,Not Admitted,10,39.0,0.65,0,0
2005-2006,2005,CTAS II - Emergent,2,Death,Pneumonia,Not Admitted,28,295.0,4.9167,0,0
2005-2006,2005,CTAS II - Emergent,2,Death,Trauma,Not Admitted,31,157.0,2.6167,0,0
2005-2006,2005,CTAS II - Emergent,2,Death,Unintentional Falls,Not Admitted,14,304.0,5.0667,0,0
2005-2006,2005,CTAS II - Emergent,2,Discharged Home,Acute Myocardial Infarction,Not Admitted,138,228.0,3.8,0,0
2005-2006,2005,CTAS II - Emergent,2,Discharged Home,Asthma,Not Admitted,12489,177.0,2.95,0,0
2005-2006,2005,CTAS II - Emergent,2,Discharged Home,Influenzal Pneumonia,Not Admitted,0,175.0,2.9167,0,1
2005-2006,2005,CTAS II - Emergent,2,Discharged Home,Motor Vehicle Collisions,Not Admitted,11787,182.0,3.0333,0,0
2005-2006,2005,CTAS II - Emergent,2,Discharged Home,Pneumonia,Not Admitted,4632,225.0,3.75,0,0
2005-2006,2005,CTAS II - Emergent,2,Discharged Home,Trauma,Not Admitted,56120,167.0,2.7833,0,0
2005-2006,2005,CTAS II - Emergent,2,Discharged Home,Unintentional Falls,Not Admitted,14854,196.0,3.2667,0,0
2005-2006,2005,CTAS II - Emergent,2,Intra-Facility Transfer,Acute Myocardial Infarction,Not Admitted,12,82.0,1.3667,0,0
2005-2006,2005,CTAS II - Emergent,2,Intra-Facility Transfer,Asthma,Not Admitted,33,173.0,2.8833,0,0
2005-2006,2005,CTAS II - Emergent,2,Intra-Facility Transfer,Influenzal Pneumonia,Not Admitted,0,0.0,0.0,0,1
2005-2006,2005,CTAS II - Emergent,2,Intra-Facility Transfer,Motor Vehicle Collisions,Not Admitted,66,233.0,3.8833,0,0
2005-2006,2005,CTAS II - Emergent,2,Intra-Facility Transfer,Pneumonia,Not Admitted,16,198.0,3.3,0,0
2005-2006,2005,CTAS II - Emergent,2,Intra-Facility Transfer,Trauma,Not Admitted,592,176.0,2.9333,0,0
2005-2006,2005,CTAS II - Emergent,2,Intra-Facility Transfer,Unintentional Falls,Not Admitted,125,178.0,2.9667,0,0
2005-2006,2005,CTAS II - Emergent,2,Not Seen Or Left,Acute Myocardial Infarction,Not Admitted,17,409.0,6.8167,0,0
2005-2006,2005,CTAS II - Emergent,2,Not Seen Or Left,Asthma,Not Admitted,140,185.0,3.0833,0,0
2005-2006,2005,CTAS II - Emergent,2,Not Seen Or Left,Influenzal Pneumonia,Not Admitted,0,0.0,0.0,0,1
2005-2006,2005,CTAS II - Emergent,2,Not Seen Or Left,Motor Vehicle Collisions,Not Admitted,145,152.0,2.5333,0,0
2005-2006,2005,CTAS II - Emergent,2,Not Seen Or Left,Pneumonia,Not Admitted,21,303.0,5.05,0,0
2005-2006,2005,CTAS II - Emergent,2,Not Seen Or Left,Trauma,Not Admitted,931,141.0,2.35,0,0
2005-2006,2005,CTAS II - Emergent,2,Not Seen Or Left,Unintentional Falls,Not Admitted,225,160.0,2.6667,0,0
2005-2006,2005,CTAS II - Emergent,2,Transferred,Acute Myocardial Infarction,Not Admitted,1265,162.0,2.7,0,0
2005-2006,2005,CTAS II - Emergent,2,Transferred,Asthma,Not Admitted,238,254.0,4.2333,0,0
2005-2006,2005,CTAS II - Emergent,2,Transferred,Influenzal Pneumonia,Not Admitted,0,0.0,0.0,0,1
2005-2006,2005,CTAS II - Emergent,2,Transferred,Motor Vehicle Collisions,Not Admitted,1018,195.0,3.25,0,0
2005-2006,2005,CTAS II - Emergent,2,Transferred,Pneumonia,Not Admitted,270,244.0,4.0667,0,0
2005-2006,2005,CTAS II - Emergent,2,Transferred,Trauma,Not Admitted,3191,183.0,3.05,0,0
2005-2006,2005,CTAS II - Emergent,2,Transferred,Unintentional Falls,Not Admitted,932,218.0,3.6333,0,0
2005-2006,2005,CTAS II - Emergent,2,Unknown,Acute Myocardial Infarction,Not Admitted,0,0.0,0.0,0,1
2005-2006,2005,CTAS II - Emergent,2,Unknown,Asthma,Not Admitted,0,0.0,0.0,0,1
2005-2006,2005,CTAS II - Emergent,2,Unknown,Influenzal Pneumonia,Not Admitted,0,0.0,0.0,0,1
2005-2006,2005,CTAS II - Emergent,2,Unknown,Motor Vehicle Collisions,Not Admitted,0,0.0,0.0,0,1
2005-2006,2005,CTAS II - Emergent,2,Unknown,Pneumonia,Not Admitted,0,0.0,0.0,0,1
2005-2006,2005,CTAS II - Emergent,2,Unknown,Trauma,Not Admitted,0,0.0,0.0,0,1
2005-2006,2005,CTAS II - Emergent,2,Unknown,Unintentional Falls,Not Admitted,0,0.0,0.0,0,1
2005-2006,2005,CTAS III - Urgent,3,Admitted,Acute Myocardial Infarction,Admitted,3287,289.0,4.8167,1,0
2005-2006,2005,Less urgent,3,Admitted,Acute Myocardial Infarction,Admitted,292,280.0,4.6667,1,0
2005-2006,2005,Non-urgent,3,Admitted,Acute Myocardial Infarction,Admitted,48,190.0,3.1667,1,0
2005-2006,2005,Unknown,3,Admitted,Acute Myocardial Infarction,Admitted,0,0.0,0.0,1,1
2005-2006,2005,CTAS III - Urgent,3,Admitted,Asthma,Admitted,2801,300.0,5.0,1,0
2005-2006,2005,Less urgent,3,Admitted,Asthma,Admitted,224,216.0,3.6,1,0
2005-2006,2005,Non-urgent,3,Admitted,Asthma,Admitted,47,167.0,2.7833,1,0
2005-2006,2005,Unknown,3,Admitted,Asthma,Admitted,0,0.0,0.0,1,1
2005-2006,2005,CTAS III - Urgent,3,Admitted,Influenzal Pneumonia,Admitted,5,407.0,6.7833,1,0
2005-2006,2005,Less urgent,3,Admitted,Influenzal Pneumonia,Admitted,0,190.0,3.1667,1,1
2005-2006,2005,Non-urgent,3,Admitted,Influenzal Pneumonia,Admitted,0,0.0,0.0,1,1
2005-2006,2005,Unknown,3,Admitted,Influenzal Pneumonia,Admitted,0,0.0,0.0,1,1
2005-2006,2005,CTAS III - Urgent,3,Admitted,Motor Vehicle Collisions,Admitted,2660,242.0,4.0333,1,0
2005-2006,2005,Less urgent,3,Admitted,Motor Vehicle Collisions,Admitted,476,222.0,3.7,1,0
2005-2006,2005,Non-urgent,3,Admitted,Motor Vehicle Collisions,Admitted,96,190.0,3.1667,1,0
2005-2006,2005,Unknown,3,Admitted,Motor Vehicle Collisions,Admitted,0,0.0,0.0,1,1
2005-2006,2005,CTAS III - Urgent,3,Admitted,Pneumonia,Admitted,11575,320.0,5.3333,1,0
2005-2006,2005,Less urgent,3,Admitted,Pneumonia,Admitted,1734,241.0,4.0167,1,0
2005-2006,2005,Non-urgent,3,Admitted,Pneumonia,Admitted,214,186.0,3.1,1,0
2005-2006,2005,Unknown,3,Admitted,Pneumonia,Admitted,0,0.0,0.0,1,1
2005-2006,2005,CTAS III - Urgent,3,Admitted,Trauma,Admitted,27536,270.0,4.5,1,0
2005-2006,2005,Less urgent,3,Admitted,Trauma,Admitted,7225,251.0,4.1833,1,0
2005-2006,2005,Non-urgent,3,Admitted,Trauma,Admitted,811,167.0,2.7833,1,0
2005-2006,2005,Unknown,3,Admitted,Trauma,Admitted,0,0.0,0.0,1,1
2005-2006,2005,CTAS III - Urgent,3,Admitted,Unintentional Falls,Admitted,19021,283.0,4.7167,1,0
2005-2006,2005,Less urgent,3,Admitted,Unintentional Falls,Admitted,4681,265.0,4.4167,1,0
2005-2006,2005,Non-urgent,3,Admitted,Unintentional Falls,Admitted,396,170.0,2.8333,1,0
2005-2006,2005,Unknown,3,Admitted,Unintentional Falls,Admitted,0,0.0,0.0,1,1
2005-2006,2005,CTAS III - Urgent,3,Death,Acute Myocardial Infarction,Not Admitted,36,248.0,4.1333,0,0
2005-2006,2005,Less urgent,3,Death,Acute Myocardial Infarction,Not Admitted,5,113.0,1.8833,0,0
2005-2006,2005,Non-urgent,3,Death,Acute Myocardial Infarction,Not Admitted,10,28.0,0.4667,0,0
2005-2006,2005,Unknown,3,Death,Acute Myocardial Infarction,Not Admitted,0,0.0,0.0,0,1
2005-2006,2005,CTAS III - Urgent,3,Death,Asthma,Not Admitted,0,0.0,0.0,0,1
2005-2006,2005,Less urgent,3,Death,Asthma,Not Admitted,0,0.0,0.0,0,1
2005-2006,2005,Non-urgent,3,Death,Asthma,Not Admitted,0,0.0,0.0,0,1
2005-2006,2005,Unknown,3,Death,Asthma,Not Admitted,0,0.0,0.0,0,1
2005-2006,2005,CTAS III - Urgent,3,Death,Influenzal Pneumonia,Not Admitted,0,0.0,0.0,0,1
2005-2006,2005,Less urgent,3,Death,Influenzal Pneumonia,Not Admitted,0,0.0,0.0,0,1
2005-2006,2005,Non-urgent,3,Death,Influenzal Pneumonia,Not Admitted,0,0.0,0.0,0,1
2005-2006,2005,Unknown,3,Death,Influenzal Pneumonia,Not Admitted,0,0.0,0.0,0,1
2005-2006,2005,CTAS III - Urgent,3,Death,Motor Vehicle Collisions,Not Admitted,0,214.0,3.5667,0,1
2005-2006,2005,Less urgent,3,Death,Motor Vehicle Collisions,Not Admitted,0,115.0,1.9167,0,1
2005-2006,2005,Non-urgent,3,Death,Motor Vehicle Collisions,Not Admitted,16,12.0,0.2,0,0
2005-2006,2005,Unknown,3,Death,Motor Vehicle Collisions,Not Admitted,0,0.0,0.0,0,1
2005-2006,2005,CTAS III - Urgent,3,Death,Pneumonia,Not Admitted,21,314.0,5.2333,0,0
2005-2006,2005,Less urgent,3,Death,Pneumonia,Not Admitted,0,543.0,9.05,0,1
2005-2006,2005,Non-urgent,3,Death,Pneumonia,Not Admitted,0,664.0,11.0667,0,1
2005-2006,2005,Unknown,3,Death,Pneumonia,Not Admitted,0,0.0,0.0,0,1
2005-2006,2005,CTAS III - Urgent,3,Death,Trauma,Not Admitted,31,271.0,4.5167,0,0
2005-2006,2005,Less urgent,3,Death,Trauma,Not Admitted,22,121.0,2.0167,0,0
2005-2006,2005,Non-urgent,3,Death,Trauma,Not Admitted,27,21.0,0.35,0,0
2005-2006,2005,Unknown,3,Death,Trauma,Not Admitted,0,0.0,0.0,0,1
2005-2006,2005,CTAS III - Urgent,3,Death,Unintentional Falls,Not Admitted,20,422.0,7.0333,0,0
2005-2006,2005,Less urgent,3,Death,Unintentional Falls,Not Admitted,6,139.0,2.3167,0,0
2005-2006,2005,Non-urgent,3,Death,Unintentional Falls,Not Admitted,0,209.0,3.4833,0,1
2005-2006,2005,Unknown,3,Death,Unintentional Falls,Not Admitted,0,0.0,0.0,0,1
2005-2006,2005,CTAS III - Urgent,3,Discharged Home,Acute Myocardial Infarction,Not Admitted,89,349.0,5.8167,0,0
2005-2006,2005,Less urgent,3,Discharged Home,Acute Myocardial Infarction,Not Admitted,14,306.0,5.1,0,0
2005-2006,2005,Non-urgent,3,Discharged Home,Acute Myocardial Infarction,Not Admitted,12,274.0,4.5667,0,0
2005-2006,2005,Unknown,3,Discharged Home,Acute Myocardial Infarction,Not Admitted,0,0.0,0.0,0,1
2005-2006,2005,CTAS III - Urgent,3,Discharged Home,Asthma,Not Admitted,33807,149.0,2.4833,0,0
2005-2006,2005,Less urgent,3,Discharged Home,Asthma,Not Admitted,17926,97.0,1.6167,0,0
2005-2006,2005,Non-urgent,3,Discharged Home,Asthma,Not Admitted,3561,66.0,1.1,0,0
2005-2006,2005,Unknown,3,Discharged Home,Asthma,Not Admitted,0,0.0,0.0,0,1
2005-2006,2005,CTAS III - Urgent,3,Discharged Home,Influenzal Pneumonia,Not Admitted,12,192.0,3.2,0,0
2005-2006,2005,Less urgent,3,Discharged Home,Influenzal Pneumonia,Not Admitted,20,84.0,1.4,0,0
2005-2006,2005,Non-urgent,3,Discharged Home,Influenzal Pneumonia,Not Admitted,9,75.0,1.25,0,0
2005-2006,2005,Unknown,3,Discharged Home,Influenzal Pneumonia,Not Admitted,0,0.0,0.0,0,1
2005-2006,2005,CTAS III - Urgent,3,Discharged Home,Motor Vehicle Collisions,Not Admitted,43083,150.0,2.5,0,0
2005-2006,2005,Less urgent,3,Discharged Home,Motor Vehicle Collisions,Not Admitted,48650,118.0,1.9667,0,0
2005-2006,2005,Non-urgent,3,Discharged Home,Motor Vehicle Collisions,Not Admitted,6714,90.0,1.5,0,0
2005-2006,2005,Unknown,3,Discharged Home,Motor Vehicle Collisions,Not Admitted,0,0.0,0.0,0,1
2005-2006,2005,CTAS III - Urgent,3,Discharged Home,Pneumonia,Not Admitted,19263,195.0,3.25,0,0
2005-2006,2005,Less urgent,3,Discharged Home,Pneumonia,Not Admitted,12510,124.0,2.0667,0,0
2005-2006,2005,Non-urgent,3,Discharged Home,Pneumonia,Not Admitted,2119,88.0,1.4667,0,0
2005-2006,2005,Unknown,3,Discharged Home,Pneumonia,Not Admitted,0,0.0,0.0,0,1
2005-2006,2005,CTAS III - Urgent,3,Discharged Home,Trauma,Not Admitted,332118,138.0,2.3,0,0
2005-2006,2005,Less urgent,3,Discharged Home,Trauma,Not Admitted,689072,110.0,1.8333,0,0
2005-2006,2005,Non-urgent,3,Discharged Home,Trauma,Not Admitted,129935,85.0,1.4167,0,0
2005-2006,2005,Unknown,3,Discharged Home,Trauma,Not Admitted,0,0.0,0.0,0,1
2005-2006,2005,CTAS III - Urgent,3,Discharged Home,Unintentional Falls,Not Admitted,109140,159.0,2.65,0,0
2005-2006,2005,Less urgent,3,Discharged Home,Unintentional Falls,Not Admitted,185562,121.0,2.0167,0,0
2005-2006,2005,Non-urgent,3,Discharged Home,Unintentional Falls,Not Admitted,27399,93.0,1.55,0,0
2005-2006,2005,Unknown,3,Discharged Home,Unintentional Falls,Not Admitted,0,0.0,0.0,0,1
2005-2006,2005,CTAS III - Urgent,3,Intra-Facility Transfer,Acute Myocardial Infarction,Not Admitted,0,220.0,3.6667,0,1
2005-2006,2005,Less urgent,3,Intra-Facility Transfer,Acute Myocardial Infarction,Not Admitted,0,0.0,0.0,0,1
2005-2006,2005,Non-urgent,3,Intra-Facility Transfer,Acute Myocardial Infarction,Not Admitted,0,0.0,0.0,0,1
2005-2006,2005,Unknown,3,Intra-Facility Transfer,Acute Myocardial Infarction,Not Admitted,0,0.0,0.0,0,1
2005-2006,2005,CTAS III - Urgent,3,Intra-Facility Transfer,Asthma,Not Admitted,64,185.0,3.0833,0,0
2005-2006,2005,Less urgent,3,Intra-Facility Transfer,Asthma,Not Admitted,14,244.0,4.0667,0,0
2005-2006,2005,Non-urgent,3,Intra-Facility Transfer,Asthma,Not Admitted,0,11.0,0.1833,0,1
2005-2006,2005,Unknown,3,Intra-Facility Transfer,Asthma,Not Admitted,0,0.0,0.0,0,1
2005-2006,2005,CTAS III - Urgent,3,Intra-Facility Transfer,Influenzal Pneumonia,Not Admitted,0,0.0,0.0,0,1
2005-2006,2005,Less urgent,3,Intra-Facility Transfer,Influenzal Pneumonia,Not Admitted,0,0.0,0.0,0,1
2005-2006,2005,Non-urgent,3,Intra-Facility Transfer,Influenzal Pneumonia,Not Admitted,0,0.0,0.0,0,1
2005-2006,2005,Unknown,3,Intra-Facility Transfer,Influenzal Pneumonia,Not Admitted,0,0.0,0.0,0,1
2005-2006,2005,CTAS III - Urgent,3,Intra-Facility Transfer,Motor Vehicle Collisions,Not Admitted,155,181.0,3.0167,0,0
2005-2006,2005,Less urgent,3,Intra-Facility Transfer,Motor Vehicle Collisions,Not Admitted,101,135.0,2.25,0,0
2005-2006,2005,Non-urgent,3,Intra-Facility Transfer,Motor Vehicle Collisions,Not Admitted,29,105.0,1.75,0,0
2005-2006,2005,Unknown,3,Intra-Facility Transfer,Motor Vehicle Collisions,Not Admitted,0,0.0,0.0,0,1
2005-2006,2005,CTAS III - Urgent,3,Intra-Facility Transfer,Pneumonia,Not Admitted,41,165.0,2.75,0,0
2005-2006,2005,Less urgent,3,Intra-Facility Transfer,Pneumonia,Not Admitted,13,245.0,4.0833,0,0
2005-2006,2005,Non-urgent,3,Intra-Facility Transfer,Pneumonia,Not Admitted,0,92.0,1.5333,0,1
2005-2006,2005,Unknown,3,Intra-Facility Transfer,Pneumonia,Not Admitted,0,0.0,0.0,0,1
2005-2006,2005,CTAS III - Urgent,3,Intra-Facility Transfer,Trauma,Not Admitted,2097,177.0,2.95,0,0
2005-2006,2005,Less urgent,3,Intra-Facility Transfer,Trauma,Not Admitted,1614,139.0,2.3167,0,0
2005-2006,2005,Non-urgent,3,Intra-Facility Transfer,Trauma,Not Admitted,454,88.0,1.4667,0,0
2005-2006,2005,Unknown,3,Intra-Facility Transfer,Trauma,Not Admitted,0,0.0,0.0,0,1
2005-2006,2005,CTAS III - Urgent,3,Intra-Facility Transfer,Unintentional Falls,Not Admitted,655,183.0,3.05,0,0
2005-2006,2005,Less urgent,3,Intra-Facility Transfer,Unintentional Falls,Not Admitted,556,138.0,2.3,0,0
2005-2006,2005,Non-urgent,3,Intra-Facility Transfer,Unintentional Falls,Not Admitted,122,82.0,1.3667,0,0
2005-2006,2005,Unknown,3,Intra-Facility Transfer,Unintentional Falls,Not Admitted,0,0.0,0.0,0,1
2005-2006,2005,CTAS III - Urgent,3,Not Seen Or Left,Acute Myocardial Infarction,Not Admitted,16,308.0,5.1333,0,0
2005-2006,2005,Less urgent,3,Not Seen Or Left,Acute Myocardial Infarction,Not Admitted,5,213.0,3.55,0,0
2005-2006,2005,Non-urgent,3,Not Seen Or Left,Acute Myocardial Infarction,Not Admitted,0,0.0,0.0,0,1
2005-2006,2005,Unknown,3,Not Seen Or Left,Acute Myocardial Infarction,Not Admitted,0,0.0,0.0,0,1
2005-2006,2005,CTAS III - Urgent,3,Not Seen Or Left,Asthma,Not Admitted,504,118.0,1.9667,0,0
2005-2006,2005,Less urgent,3,Not Seen Or Left,Asthma,Not Admitted,189,102.0,1.7,0,0
2005-2006,2005,Non-urgent,3,Not Seen Or Left,Asthma,Not Admitted,24,53.0,0.8833,0,0
2005-2006,2005,Unknown,3,Not Seen Or Left,Asthma,Not Admitted,0,59.0,0.9833,0,1
2005-2006,2005,CTAS III - Urgent,3,Not Seen Or Left,Influenzal Pneumonia,Not Admitted,0,0.0,0.0,0,1
2005-2006,2005,Less urgent,3,Not Seen Or Left,Influenzal Pneumonia,Not Admitted,0,144.0,2.4,0,1
2005-2006,2005,Non-urgent,3,Not Seen Or Left,Influenzal Pneumonia,Not Admitted,0,0.0,0.0,0,1
2005-2006,2005,Unknown,3,Not Seen Or Left,Influenzal Pneumonia,Not Admitted,0,0.0,0.0,0,1
2005-2006,2005,CTAS III - Urgent,3,Not Seen Or Left,Motor Vehicle Collisions,Not Admitted,940,128.0,2.1333,0,0
2005-2006,2005,Less urgent,3,Not Seen Or Left,Motor Vehicle Collisions,Not Admitted,1562,126.0,2.1,0,0
2005-2006,2005,Non-urgent,3,Not Seen Or Left,Motor Vehicle Collisions,Not Admitted,202,102.0,1.7,0,0
2005-2006,2005,Unknown,3,Not Seen Or Left,Motor Vehicle Collisions,Not Admitted,0,0.0,0.0,0,1
2005-2006,2005,CTAS III - Urgent,3,Not Seen Or Left,Pneumonia,Not Admitted,76,254.0,4.2333,0,0
2005-2006,2005,Less urgent,3,Not Seen Or Left,Pneumonia,Not Admitted,36,200.0,3.3333,0,0
2005-2006,2005,Non-urgent,3,Not Seen Or Left,Pneumonia,Not Admitted,8,65.0,1.0833,0,0
2005-2006,2005,Unknown,3,Not Seen Or Left,Pneumonia,Not Admitted,0,0.0,0.0,0,1
2005-2006,2005,CTAS III - Urgent,3,Not Seen Or Left,Trauma,Not Admitted,9315,121.0,2.0167,0,0
2005-2006,2005,Less urgent,3,Not Seen Or Left,Trauma,Not Admitted,23637,118.0,1.9667,0,0
2005-2006,2005,Non-urgent,3,Not Seen Or Left,Trauma,Not Admitted,4798,96.0,1.6,0,0
2005-2006,2005,Unknown,3,Not Seen Or Left,Trauma,Not Admitted,219,27.0,0.45,0,0
2005-2006,2005,CTAS III - Urgent,3,Not Seen Or Left,Unintentional Falls,Not Admitted,2258,135.0,2.25,0,0
2005-2006,2005,Less urgent,3,Not Seen Or Left,Unintentional Falls,Not Admitted,4701,122.0,2.0333,0,0
2005-2006,2005,Non-urgent,3,Not Seen Or Left,Unintentional Falls,Not Admitted,739,105.0,1.75,0,0
2005-2006,2005,Unknown,3,Not Seen Or Left,Unintentional Falls,Not Admitted,16,36.0,0.6,0,0
2005-2006,2005,CTAS III - Urgent,3,Transferred,Acute Myocardial Infarction,Not Admitted,345,195.0,3.25,0,0
2005-2006,2005,Less urgent,3,Transferred,Acute Myocardial Infarction,Not Admitted,26,214.0,3.5667,0,0
2005-2006,2005,Non-urgent,3,Transferred,Acute Myocardial Infarction,Not Admitted,5,189.0,3.15,0,0
2005-2006,2005,Unknown,3,Transferred,Acute Myocardial Infarction,Not Admitted,0,0.0,0.0,0,1
2005-2006,2005,CTAS III - Urgent,3,Transferred,Asthma,Not Admitted,202,258.0,4.3,0,0
2005-2006,2005,Less urgent,3,Transferred,Asthma,Not Admitted,27,262.0,4.3667,0,0
2005-2006,2005,Non-urgent,3,Transferred,Asthma,Not Admitted,6,106.0,1.7667,0,0
2005-2006,2005,Unknown,3,Transferred,Asthma,Not Admitted,0,0.0,0.0,0,1
2005-2006,2005,CTAS III - Urgent,3,Transferred,Influenzal Pneumonia,Not Admitted,0,0.0,0.0,0,1
2005-2006,2005,Less urgent,3,Transferred,Influenzal Pneumonia,Not Admitted,0,0.0,0.0,0,1
2005-2006,2005,Non-urgent,3,Transferred,Influenzal Pneumonia,Not Admitted,0,0.0,0.0,0,1
2005-2006,2005,Unknown,3,Transferred,Influenzal Pneumonia,Not Admitted,0,0.0,0.0,0,1
2005-2006,2005,CTAS III - Urgent,3,Transferred,Motor Vehicle Collisions,Not Admitted,856,206.0,3.4333,0,0
2005-2006,2005,Less urgent,3,Transferred,Motor Vehicle Collisions,Not Admitted,212,178.0,2.9667,0,0
2005-2006,2005,Non-urgent,3,Transferred,Motor Vehicle Collisions,Not Admitted,39,153.0,2.55,0,0
2005-2006,2005,Unknown,3,Transferred,Motor Vehicle Collisions,Not Admitted,0,0.0,0.0,0,1
2005-2006,2005,CTAS III - Urgent,3,Transferred,Pneumonia,Not Admitted,427,291.0,4.85,0,0
2005-2006,2005,Less urgent,3,Transferred,Pneumonia,Not Admitted,94,250.0,4.1667,0,0
2005-2006,2005,Non-urgent,3,Transferred,Pneumonia,Not Admitted,12,186.0,3.1,0,0
2005-2006,2005,Unknown,3,Transferred,Pneumonia,Not Admitted,0,0.0,0.0,0,1
2005-2006,2005,CTAS III - Urgent,3,Transferred,Trauma,Not Admitted,5612,206.0,3.4333,0,0
2005-2006,2005,Less urgent,3,Transferred,Trauma,Not Admitted,2359,175.0,2.9167,0,0
2005-2006,2005,Non-urgent,3,Transferred,Trauma,Not Admitted,412,130.0,2.1667,0,0
2005-2006,2005,Unknown,3,Transferred,Trauma,Not Admitted,0,0.0,0.0,0,1
2005-2006,2005,CTAS III - Urgent,3,Transferred,Unintentional Falls,Not Admitted,2888,234.0,3.9,0,0
2005-2006,2005,Less urgent,3,Transferred,Unintentional Falls,Not Admitted,1163,194.0,3.2333,0,0
2005-2006,2005,Non-urgent,3,Transferred,Unintentional Falls,Not Admitted,160,144.0,2.4,0,0
2005-2006,2005,Unknown,3,Transferred,Unintentional Falls,Not Admitted,0,0.0,0.0,0,1
2005-2006,2005,CTAS III - Urgent,3,Unknown,Acute Myocardial Infarction,Not Admitted,0,0.0,0.0,0,1
2005-2006,2005,Less urgent,3,Unknown,Acute Myocardial Infarction,Not Admitted,0,0.0,0.0,0,1
2005-2006,2005,Non-urgent,3,Unknown,Acute Myocardial Infarction,Not Admitted,0,0.0,0.0,0,1
2005-2006,2005,Unknown,3,Unknown,Acute Myocardial Infarction,Not Admitted,0,0.0,0.0,0,1
2005-2006,2005,CTAS III - Urgent,3,Unknown,Asthma,Not Admitted,0,0.0,0.0,0,1
2005-2006,2005,Less urgent,3,Unknown,Asthma,Not Admitted,0,0.0,0.0,0,1
2005-2006,2005,Non-urgent,3,Unknown,Asthma,Not Admitted,0,0.0,0.0,0,1
2005-2006,2005,Unknown,3,Unknown,Asthma,Not Admitted,0,0.0,0.0,0,1
2005-2006,2005,CTAS III - Urgent,3,Unknown,Influenzal Pneumonia,Not Admitted,0,0.0,0.0,0,1
2005-2006,2005,Less urgent,3,Unknown,Influenzal Pneumonia,Not Admitted,0,0.0,0.0,0,1
2005-2006,2005,Non-urgent,3,Unknown,Influenzal Pneumonia,Not Admitted,0,0.0,0.0,0,1
2005-2006,2005,Unknown,3,Unknown,Influenzal Pneumonia,Not Admitted,0,0.0,0.0,0,1
2005-2006,2005,CTAS III - Urgent,3,Unknown,Motor Vehicle Collisions,Not Admitted,0,0.0,0.0,0,1
2005-2006,2005,Less urgent,3,Unknown,Motor Vehicle Collisions,Not Admitted,0,0.0,0.0,0,1
2005-2006,2005,Non-urgent,3,Unknown,Motor Vehicle Collisions,Not Admitted,0,0.0,0.0,0,1
2005-2006,2005,Unknown,3,Unknown,Motor Vehicle Collisions,Not Admitted,0,0.0,0.0,0,1
2005-2006,2005,CTAS III - Urgent,3,Unknown,Pneumonia,Not Admitted,0,0.0,0.0,0,1
2005-2006,2005,Less urgent,3,Unknown,Pneumonia,Not Admitted,0,0.0,0.0,0,1
2005-2006,2005,Non-urgent,3,Unknown,Pneumonia,Not Admitted,0,0.0,0.0,0,1
2005-2006,2005,Unknown,3,Unknown,Pneumonia,Not Admitted,0,0.0,0.0,0,1
2005-2006,2005,CTAS III - Urgent,3,Unknown,Trauma,Not Admitted,0,0.0,0.0,0,1
2005-2006,2005,Less urgent,3,Unknown,Trauma,Not Admitted,0,0.0,0.0,0,1
2005-2006,2005,Non-urgent,3,Unknown,Trauma,Not Admitted,0,0.0,0.0,0,1
2005-2006,2005,Unknown,3,Unknown,Trauma,Not Admitted,0,0.0,0.0,0,1
2005-2006,2005,CTAS III - Urgent,3,Unknown,Unintentional Falls,Not Admitted,0,0.0,0.0,0,1
2005-2006,2005,Less urgent,3,Unknown,Unintentional Falls,Not Admitted,0,0.0,0.0,0,1
2005-2006,2005,Non-urgent,3,Unknown,Unintentional Falls,Not Admitted,0,0.0,0.0,0,1
2005-2006,2005,Unknown,3,Unknown,Unintentional Falls,Not Admitted,0,0.0,0.0,0,1
2004-2005,2004,CTAS I - Resuscitation,1,Admitted,Acute Myocardial Infarction,Admitted,495,112.0,1.8667,1,0
2004-2005,2004,CTAS I - Resuscitation,1,Admitted,Asthma,Admitted,212,205.0,3.4167,1,0
2004-2005,2004,CTAS I - Resuscitation,1,Admitted,Influenzal Pneumonia,Admitted,0,0.0,0.0,1,1
2004-2005,2004,CTAS I - Resuscitation,1,Admitted,Motor Vehicle Collisions,Admitted,1474,170.0,2.8333,1,0
2004-2005,2004,CTAS I - Resuscitation,1,Admitted,Pneumonia,Admitted,382,230.0,3.8333,1,0
2004-2005,2004,CTAS I - Resuscitation,1,Admitted,Trauma,Admitted,2857,167.0,2.7833,1,0
2004-2005,2004,CTAS I - Resuscitation,1,Admitted,Unintentional Falls,Admitted,531,195.0,3.25,1,0
2004-2005,2004,CTAS I - Resuscitation,1,Death,Acute Myocardial Infarction,Not Admitted,556,18.0,0.3,0,0
2004-2005,2004,CTAS I - Resuscitation,1,Death,Asthma,Not Admitted,0,16.0,0.2667,0,1
2004-2005,2004,CTAS I - Resuscitation,1,Death,Influenzal Pneumonia,Not Admitted,0,0.0,0.0,0,1
2004-2005,2004,CTAS I - Resuscitation,1,Death,Motor Vehicle Collisions,Not Admitted,219,35.0,0.5833,0,0
2004-2005,2004,CTAS I - Resuscitation,1,Death,Pneumonia,Not Admitted,28,132.0,2.2,0,0
2004-2005,2004,CTAS I - Resuscitation,1,Death,Trauma,Not Admitted,503,34.0,0.5667,0,0
2004-2005,2004,CTAS I - Resuscitation,1,Death,Unintentional Falls,Not Admitted,59,88.0,1.4667,0,0
2004-2005,2004,CTAS I - Resuscitation,1,Discharged Home,Acute Myocardial Infarction,Not Admitted,11,140.0,2.3333,0,0
2004-2005,2004,CTAS I - Resuscitation,1,Discharged Home,Asthma,Not Admitted,159,158.0,2.6333,0,0
2004-2005,2004,CTAS I - Resuscitation,1,Discharged Home,Influenzal Pneumonia,Not Admitted,0,0.0,0.0,0,1
2004-2005,2004,CTAS I - Resuscitation,1,Discharged Home,Motor Vehicle Collisions,Not Admitted,298,282.0,4.7,0,0
2004-2005,2004,CTAS I - Resuscitation,1,Discharged Home,Pneumonia,Not Admitted,28,287.0,4.7833,0,0
2004-2005,2004,CTAS I - Resuscitation,1,Discharged Home,Trauma,Not Admitted,1022,236.0,3.9333,0,0
2004-2005,2004,CTAS I - Resuscitation,1,Discharged Home,Unintentional Falls,Not Admitted,189,249.0,4.15,0,0
2004-2005,2004,CTAS I - Resuscitation,1,Intra-Facility Transfer,Acute Myocardial Infarction,Not Admitted,0,0.0,0.0,0,1
2004-2005,2004,CTAS I - Resuscitation,1,Intra-Facility Transfer,Asthma,Not Admitted,0,0.0,0.0,0,1
2004-2005,2004,CTAS I - Resuscitation,1,Intra-Facility Transfer,Influenzal Pneumonia,Not Admitted,0,0.0,0.0,0,1
2004-2005,2004,CTAS I - Resuscitation,1,Intra-Facility Transfer,Motor Vehicle Collisions,Not Admitted,12,134.0,2.2333,0,0
2004-2005,2004,CTAS I - Resuscitation,1,Intra-Facility Transfer,Pneumonia,Not Admitted,0,175.0,2.9167,0,1
2004-2005,2004,CTAS I - Resuscitation,1,Intra-Facility Transfer,Trauma,Not Admitted,31,138.0,2.3,0,0
2004-2005,2004,CTAS I - Resuscitation,1,Intra-Facility Transfer,Unintentional Falls,Not Admitted,0,186.0,3.1,0,1
2004-2005,2004,CTAS I - Resuscitation,1,Not Seen Or Left,Acute Myocardial Infarction,Not Admitted,0,0.0,0.0,0,1
2004-2005,2004,CTAS I - Resuscitation,1,Not Seen Or Left,Asthma,Not Admitted,6,176.0,2.9333,0,0
2004-2005,2004,CTAS I - Resuscitation,1,Not Seen Or Left,Influenzal Pneumonia,Not Admitted,0,0.0,0.0,0,1
2004-2005,2004,CTAS I - Resuscitation,1,Not Seen Or Left,Motor Vehicle Collisions,Not Admitted,0,211.0,3.5167,0,1
2004-2005,2004,CTAS I - Resuscitation,1,Not Seen Or Left,Pneumonia,Not Admitted,0,0.0,0.0,0,1
2004-2005,2004,CTAS I - Resuscitation,1,Not Seen Or Left,Trauma,Not Admitted,26,200.0,3.3333,0,0
2004-2005,2004,CTAS I - Resuscitation,1,Not Seen Or Left,Unintentional Falls,Not Admitted,0,298.0,4.9667,0,1
2004-2005,2004,CTAS I - Resuscitation,1,Transferred,Acute Myocardial Infarction,Not Admitted,152,127.0,2.1167,0,0
2004-2005,2004,CTAS I - Resuscitation,1,Transferred,Asthma,Not Admitted,14,206.0,3.4333,0,0
2004-2005,2004,CTAS I - Resuscitation,1,Transferred,Influenzal Pneumonia,Not Admitted,0,0.0,0.0,0,1
2004-2005,2004,CTAS I - Resuscitation,1,Transferred,Motor Vehicle Collisions,Not Admitted,313,125.0,2.0833,0,0
2004-2005,2004,CTAS I - Resuscitation,1,Transferred,Pneumonia,Not Admitted,13,262.0,4.3667,0,0
2004-2005,2004,CTAS I - Resuscitation,1,Transferred,Trauma,Not Admitted,612,132.0,2.2,0,0
2004-2005,2004,CTAS I - Resuscitation,1,Transferred,Unintentional Falls,Not Admitted,117,166.0,2.7667,0,0
2004-2005,2004,CTAS I - Resuscitation,1,Unknown,Acute Myocardial Infarction,Not Admitted,13,65.0,1.0833,0,0
2004-2005,2004,CTAS I - Resuscitation,1,Unknown,Asthma,Not Admitted,0,128.0,2.1333,0,1
2004-2005,2004,CTAS I - Resuscitation,1,Unknown,Influenzal Pneumonia,Not Admitted,0,0.0,0.0,0,1
2004-2005,2004,CTAS I - Resuscitation,1,Unknown,Motor Vehicle Collisions,Not Admitted,0,136.0,2.2667,0,1
2004-2005,2004,CTAS I - Resuscitation,1,Unknown,Pneumonia,Not Admitted,0,994.0,16.5667,0,1
2004-2005,2004,CTAS I - Resuscitation,1,Unknown,Trauma,Not Admitted,10,100.0,1.6667,0,0
2004-2005,2004,CTAS I - Resuscitation,1,Unknown,Unintentional Falls,Not Admitted,0,212.0,3.5333,0,1
2004-2005,2004,CTAS II - Emergent,2,Admitted,Acute Myocardial Infarction,Admitted,6921,190.0,3.1667,1,0
2004-2005,2004,CTAS II - Emergent,2,Admitted,Asthma,Admitted,3763,261.0,4.35,1,0
2004-2005,2004,CTAS II - Emergent,2,Admitted,Influenzal Pneumonia,Admitted,5,283.0,4.7167,1,0
2004-2005,2004,CTAS II - Emergent,2,Admitted,Motor Vehicle Collisions,Admitted,2684,234.0,3.9,1,0
2004-2005,2004,CTAS II - Emergent,2,Admitted,Pneumonia,Admitted,7855,293.0,4.8833,1,0
2004-2005,2004,CTAS II - Emergent,2,Admitted,Trauma,Admitted,10954,242.0,4.0333,1,0
2004-2005,2004,CTAS II - Emergent,2,Admitted,Unintentional Falls,Admitted,5018,265.0,4.4167,1,0
2004-2005,2004,CTAS II - Emergent,2,Death,Acute Myocardial Infarction,Not Admitted,140,122.0,2.0333,0,0
2004-2005,2004,CTAS II - Emergent,2,Death,Asthma,Not Admitted,0,0.0,0.0,0,1
2004-2005,2004,CTAS II - Emergent,2,Death,Influenzal Pneumonia,Not Admitted,0,143.0,2.3833,0,1
2004-2005,2004,CTAS II - Emergent,2,Death,Motor Vehicle Collisions,Not Admitted,9,133.0,2.2167,0,0
2004-2005,2004,CTAS II - Emergent,2,Death,Pneumonia,Not Admitted,48,402.0,6.7,0,0
2004-2005,2004,CTAS II - Emergent,2,Death,Trauma,Not Admitted,37,189.0,3.15,0,0
2004-2005,2004,CTAS II - Emergent,2,Death,Unintentional Falls,Not Admitted,16,250.0,4.1667,0,0
2004-2005,2004,CTAS II - Emergent,2,Discharged Home,Acute Myocardial Infarction,Not Admitted,134,293.0,4.8833,0,0
2004-2005,2004,CTAS II - Emergent,2,Discharged Home,Asthma,Not Admitted,10711,168.0,2.8,0,0
2004-2005,2004,CTAS II - Emergent,2,Discharged Home,Influenzal Pneumonia,Not Admitted,5,254.0,4.2333,0,0
2004-2005,2004,CTAS II - Emergent,2,Discharged Home,Motor Vehicle Collisions,Not Admitted,10052,179.0,2.9833,0,0
2004-2005,2004,CTAS II - Emergent,2,Discharged Home,Pneumonia,Not Admitted,4270,223.0,3.7167,0,0
2004-2005,2004,CTAS II - Emergent,2,Discharged Home,Trauma,Not Admitted,47847,162.0,2.7,0,0
2004-2005,2004,CTAS II - Emergent,2,Discharged Home,Unintentional Falls,Not Admitted,12752,190.0,3.1667,0,0
2004-2005,2004,CTAS II - Emergent,2,Intra-Facility Transfer,Acute Myocardial Infarction,Not Admitted,10,165.0,2.75,0,0
2004-2005,2004,CTAS II - Emergent,2,Intra-Facility Transfer,Asthma,Not Admitted,14,210.0,3.5,0,0
2004-2005,2004,CTAS II - Emergent,2,Intra-Facility Transfer,Influenzal Pneumonia,Not Admitted,0,0.0,0.0,0,1
2004-2005,2004,CTAS II - Emergent,2,Intra-Facility Transfer,Motor Vehicle Collisions,Not Admitted,61,155.0,2.5833,0,0
2004-2005,2004,CTAS II - Emergent,2,Intra-Facility Transfer,Pneumonia,Not Admitted,11,180.0,3.0,0,0
2004-2005,2004,CTAS II - Emergent,2,Intra-Facility Transfer,Trauma,Not Admitted,549,187.0,3.1167,0,0
2004-2005,2004,CTAS II - Emergent,2,Intra-Facility Transfer,Unintentional Falls,Not Admitted,148,222.0,3.7,0,0
2004-2005,2004,CTAS II - Emergent,2,Not Seen Or Left,Acute Myocardial Infarction,Not Admitted,14,438.0,7.3,0,0
2004-2005,2004,CTAS II - Emergent,2,Not Seen Or Left,Asthma,Not Admitted,132,170.0,2.8333,0,0
2004-2005,2004,CTAS II - Emergent,2,Not Seen Or Left,Influenzal Pneumonia,Not Admitted,0,0.0,0.0,0,1
2004-2005,2004,CTAS II - Emergent,2,Not Seen Or Left,Motor Vehicle Collisions,Not Admitted,109,160.0,2.6667,0,0
2004-2005,2004,CTAS II - Emergent,2,Not Seen Or Left,Pneumonia,Not Admitted,24,292.0,4.8667,0,0
2004-2005,2004,CTAS II - Emergent,2,Not Seen Or Left,Trauma,Not Admitted,698,132.0,2.2,0,0
2004-2005,2004,CTAS II - Emergent,2,Not Seen Or Left,Unintentional Falls,Not Admitted,176,138.0,2.3,0,0
2004-2005,2004,CTAS II - Emergent,2,Transferred,Acute Myocardial Infarction,Not Admitted,872,155.0,2.5833,0,0
2004-2005,2004,CTAS II - Emergent,2,Transferred,Asthma,Not Admitted,179,253.0,4.2167,0,0
2004-2005,2004,CTAS II - Emergent,2,Transferred,Influenzal Pneumonia,Not Admitted,0,0.0,0.0,0,1
2004-2005,2004,CTAS II - Emergent,2,Transferred,Motor Vehicle Collisions,Not Admitted,1027,185.0,3.0833,0,0
2004-2005,2004,CTAS II - Emergent,2,Transferred,Pneumonia,Not Admitted,226,280.0,4.6667,0,0
2004-2005,2004,CTAS II - Emergent,2,Transferred,Trauma,Not Admitted,3036,179.0,2.9833,0,0
2004-2005,2004,CTAS II - Emergent,2,Transferred,Unintentional Falls,Not Admitted,872,206.0,3.4333,0,0
2004-2005,2004,CTAS II - Emergent,2,Unknown,Acute Myocardial Infarction,Not Admitted,57,133.0,2.2167,0,0
2004-2005,2004,CTAS II - Emergent,2,Unknown,Asthma,Not Admitted,45,69.0,1.15,0,0
2004-2005,2004,CTAS II - Emergent,2,Unknown,Influenzal Pneumonia,Not Admitted,0,0.0,0.0,0,1
2004-2005,2004,CTAS II - Emergent,2,Unknown,Motor Vehicle Collisions,Not Admitted,51,154.0,2.5667,0,0
2004-2005,2004,CTAS II - Emergent,2,Unknown,Pneumonia,Not Admitted,37,144.0,2.4,0,0
2004-2005,2004,CTAS II - Emergent,2,Unknown,Trauma,Not Admitted,173,118.0,1.9667,0,0
2004-2005,2004,CTAS II - Emergent,2,Unknown,Unintentional Falls,Not Admitted,44,119.0,1.9833,0,0
2004-2005,2004,CTAS III - Urgent,3,Admitted,Acute Myocardial Infarction,Admitted,3562,263.0,4.3833,1,0
2004-2005,2004,Less urgent,3,Admitted,Acute Myocardial Infarction,Admitted,370,241.0,4.0167,1,0
2004-2005,2004,Non-urgent,3,Admitted,Acute Myocardial Infarction,Admitted,70,206.0,3.4333,1,0
2004-2005,2004,Unknown,3,Admitted,Acute Myocardial Infarction,Admitted,0,0.0,0.0,1,1
2004-2005,2004,CTAS III - Urgent,3,Admitted,Asthma,Admitted,3194,297.0,4.95,1,0
2004-2005,2004,Less urgent,3,Admitted,Asthma,Admitted,347,235.0,3.9167,1,0
2004-2005,2004,Non-urgent,3,Admitted,Asthma,Admitted,38,211.0,3.5167,1,0
2004-2005,2004,Unknown,3,Admitted,Asthma,Admitted,0,0.0,0.0,1,1
2004-2005,2004,CTAS III - Urgent,3,Admitted,Influenzal Pneumonia,Admitted,12,298.0,4.9667,1,0
2004-2005,2004,Less urgent,3,Admitted,Influenzal Pneumonia,Admitted,0,173.0,2.8833,1,1
2004-2005,2004,Non-urgent,3,Admitted,Influenzal Pneumonia,Admitted,0,0.0,0.0,1,1
2004-2005,2004,Unknown,3,Admitted,Influenzal Pneumonia,Admitted,0,0.0,0.0,1,1
2004-2005,2004,CTAS III - Urgent,3,Admitted,Motor Vehicle Collisions,Admitted,2883,241.0,4.0167,1,0
2004-2005,2004,Less urgent,3,Admitted,Motor Vehicle Collisions,Admitted,575,230.0,3.8333,1,0
2004-2005,2004,Non-urgent,3,Admitted,Motor Vehicle Collisions,Admitted,114,196.0,3.2667,1,0
2004-2005,2004,Unknown,3,Admitted,Motor Vehicle Collisions,Admitted,0,0.0,0.0,1,1
2004-2005,2004,CTAS III - Urgent,3,Admitted,Pneumonia,Admitted,12681,320.0,5.3333,1,0
2004-2005,2004,Less urgent,3,Admitted,Pneumonia,Admitted,2118,252.0,4.2,1,0
2004-2005,2004,Non-urgent,3,Admitted,Pneumonia,Admitted,259,212.0,3.5333,1,0
2004-2005,2004,Unknown,3,Admitted,Pneumonia,Admitted,0,0.0,0.0,1,1
2004-2005,2004,CTAS III - Urgent,3,Admitted,Trauma,Admitted,28252,269.0,4.4833,1,0
2004-2005,2004,Less urgent,3,Admitted,Trauma,Admitted,8015,250.0,4.1667,1,0
2004-2005,2004,Non-urgent,3,Admitted,Trauma,Admitted,1022,188.0,3.1333,1,0
2004-2005,2004,Unknown,3,Admitted,Trauma,Admitted,0,0.0,0.0,1,1
2004-2005,2004,CTAS III - Urgent,3,Admitted,Unintentional Falls,Admitted,19098,280.0,4.6667,1,0
2004-2005,2004,Less urgent,3,Admitted,Unintentional Falls,Admitted,5316,263.0,4.3833,1,0
2004-2005,2004,Non-urgent,3,Admitted,Unintentional Falls,Admitted,513,210.0,3.5,1,0
2004-2005,2004,Unknown,3,Admitted,Unintentional Falls,Admitted,0,0.0,0.0,1,1
2004-2005,2004,CTAS III - Urgent,3,Death,Acute Myocardial Infarction,Not Admitted,39,226.0,3.7667,0,0
2004-2005,2004,Less urgent,3,Death,Acute Myocardial Infarction,Not Admitted,0,242.0,4.0333,0,1
2004-2005,2004,Non-urgent,3,Death,Acute Myocardial Infarction,Not Admitted,17,40.0,0.6667,0,0
2004-2005,2004,Unknown,3,Death,Acute Myocardial Infarction,Not Admitted,0,0.0,0.0,0,1
2004-2005,2004,CTAS III - Urgent,3,Death,Asthma,Not Admitted,0,208.0,3.4667,0,1
2004-2005,2004,Less urgent,3,Death,Asthma,Not Admitted,0,0.0,0.0,0,1
2004-2005,2004,Non-urgent,3,Death,Asthma,Not Admitted,0,0.0,0.0,0,1
2004-2005,2004,Unknown,3,Death,Asthma,Not Admitted,0,0.0,0.0,0,1
2004-2005,2004,CTAS III - Urgent,3,Death,Influenzal Pneumonia,Not Admitted,0,0.0,0.0,0,1
2004-2005,2004,Less urgent,3,Death,Influenzal Pneumonia,Not Admitted,0,0.0,0.0,0,1
2004-2005,2004,Non-urgent,3,Death,Influenzal Pneumonia,Not Admitted,0,0.0,0.0,0,1
2004-2005,2004,Unknown,3,Death,Influenzal Pneumonia,Not Admitted,0,0.0,0.0,0,1
2004-2005,2004,CTAS III - Urgent,3,Death,Motor Vehicle Collisions,Not Admitted,5,35.0,0.5833,0,0
2004-2005,2004,Less urgent,3,Death,Motor Vehicle Collisions,Not Admitted,0,80.0,1.3333,0,1
2004-2005,2004,Non-urgent,3,Death,Motor Vehicle Collisions,Not Admitted,17,6.0,0.1,0,0
2004-2005,2004,Unknown,3,Death,Motor Vehicle Collisions,Not Admitted,0,0.0,0.0,0,1
2004-2005,2004,CTAS III - Urgent,3,Death,Pneumonia,Not Admitted,21,366.0,6.1,0,0
2004-2005,2004,Less urgent,3,Death,Pneumonia,Not Admitted,0,270.0,4.5,0,1
2004-2005,2004,Non-urgent,3,Death,Pneumonia,Not Admitted,0,95.0,1.5833,0,1
2004-2005,2004,Unknown,3,Death,Pneumonia,Not Admitted,0,0.0,0.0,0,1
2004-2005,2004,CTAS III - Urgent,3,Death,Trauma,Not Admitted,27,170.0,2.8333,0,0
2004-2005,2004,Less urgent,3,Death,Trauma,Not Admitted,13,94.0,1.5667,0,0
2004-2005,2004,Non-urgent,3,Death,Trauma,Not Admitted,28,12.0,0.2,0,0
2004-2005,2004,Unknown,3,Death,Trauma,Not Admitted,0,0.0,0.0,0,1
2004-2005,2004,CTAS III - Urgent,3,Death,Unintentional Falls,Not Admitted,18,216.0,3.6,0,0
2004-2005,2004,Less urgent,3,Death,Unintentional Falls,Not Admitted,0,134.0,2.2333,0,1
2004-2005,2004,Non-urgent,3,Death,Unintentional Falls,Not Admitted,0,0.0,0.0,0,1
2004-2005,2004,Unknown,3,Death,Unintentional Falls,Not Admitted,0,0.0,0.0,0,1
2004-2005,2004,CTAS III - Urgent,3,Discharged Home,Acute Myocardial Infarction,Not Admitted,103,379.0,6.3167,0,0
2004-2005,2004,Less urgent,3,Discharged Home,Acute Myocardial Infarction,Not Admitted,13,170.0,2.8333,0,0
2004-2005,2004,Non-urgent,3,Discharged Home,Acute Myocardial Infarction,Not Admitted,0,79.0,1.3167,0,1
2004-2005,2004,Unknown,3,Discharged Home,Acute Myocardial Infarction,Not Admitted,0,0.0,0.0,0,1
2004-2005,2004,CTAS III - Urgent,3,Discharged Home,Asthma,Not Admitted,33256,148.0,2.4667,0,0
2004-2005,2004,Less urgent,3,Discharged Home,Asthma,Not Admitted,18237,98.0,1.6333,0,0
2004-2005,2004,Non-urgent,3,Discharged Home,Asthma,Not Admitted,3950,63.0,1.05,0,0
2004-2005,2004,Unknown,3,Discharged Home,Asthma,Not Admitted,0,0.0,0.0,0,1
2004-2005,2004,CTAS III - Urgent,3,Discharged Home,Influenzal Pneumonia,Not Admitted,15,122.0,2.0333,0,0
2004-2005,2004,Less urgent,3,Discharged Home,Influenzal Pneumonia,Not Admitted,46,100.0,1.6667,0,0
2004-2005,2004,Non-urgent,3,Discharged Home,Influenzal Pneumonia,Not Admitted,6,64.0,1.0667,0,0
2004-2005,2004,Unknown,3,Discharged Home,Influenzal Pneumonia,Not Admitted,0,0.0,0.0,0,1
2004-2005,2004,CTAS III - Urgent,3,Discharged Home,Motor Vehicle Collisions,Not Admitted,40546,147.0,2.45,0,0
2004-2005,2004,Less urgent,3,Discharged Home,Motor Vehicle Collisions,Not Admitted,49069,115.0,1.9167,0,0
2004-2005,2004,Non-urgent,3,Discharged Home,Motor Vehicle Collisions,Not Admitted,7270,88.0,1.4667,0,0
2004-2005,2004,Unknown,3,Discharged Home,Motor Vehicle Collisions,Not Admitted,0,0.0,0.0,0,1
2004-2005,2004,CTAS III - Urgent,3,Discharged Home,Pneumonia,Not Admitted,20426,199.0,3.3167,0,0
2004-2005,2004,Less urgent,3,Discharged Home,Pneumonia,Not Admitted,13685,125.0,2.0833,0,0
2004-2005,2004,Non-urgent,3,Discharged Home,Pneumonia,Not Admitted,2665,85.0,1.4167,0,0
2004-2005,2004,Unknown,3,Discharged Home,Pneumonia,Not Admitted,0,0.0,0.0,0,1
2004-2005,2004,CTAS III - Urgent,3,Discharged Home,Trauma,Not Admitted,302965,137.0,2.2833,0,0
2004-2005,2004,Less urgent,3,Discharged Home,Trauma,Not Admitted,682099,108.0,1.8,0,0
2004-2005,2004,Non-urgent,3,Discharged Home,Trauma,Not Admitted,142503,82.0,1.3667,0,0
2004-2005,2004,Unknown,3,Discharged Home,Trauma,Not Admitted,0,0.0,0.0,0,1
2004-2005,2004,CTAS III - Urgent,3,Discharged Home,Unintentional Falls,Not Admitted,101448,158.0,2.6333,0,0
2004-2005,2004,Less urgent,3,Discharged Home,Unintentional Falls,Not Admitted,186993,120.0,2.0,0,0
2004-2005,2004,Non-urgent,3,Discharged Home,Unintentional Falls,Not Admitted,31430,92.0,1.5333,0,0
2004-2005,2004,Unknown,3,Discharged Home,Unintentional Falls,Not Admitted,0,0.0,0.0,0,1
2004-2005,2004,CTAS III - Urgent,3,Intra-Facility Transfer,Acute Myocardial Infarction,Not Admitted,5,151.0,2.5167,0,0
2004-2005,2004,Less urgent,3,Intra-Facility Transfer,Acute Myocardial Infarction,Not Admitted,0,138.0,2.3,0,1
2004-2005,2004,Non-urgent,3,Intra-Facility Transfer,Acute Myocardial Infarction,Not Admitted,0,164.0,2.7333,0,1
2004-2005,2004,Unknown,3,Intra-Facility Transfer,Acute Myocardial Infarction,Not Admitted,0,0.0,0.0,0,1
2004-2005,2004,CTAS III - Urgent,3,Intra-Facility Transfer,Asthma,Not Admitted,47,260.0,4.3333,0,0
2004-2005,2004,Less urgent,3,Intra-Facility Transfer,Asthma,Not Admitted,17,175.0,2.9167,0,0
2004-2005,2004,Non-urgent,3,Intra-Facility Transfer,Asthma,Not Admitted,0,4.0,0.0667,0,1
2004-2005,2004,Unknown,3,Intra-Facility Transfer,Asthma,Not Admitted,0,0.0,0.0,0,1
2004-2005,2004,CTAS III - Urgent,3,Intra-Facility Transfer,Influenzal Pneumonia,Not Admitted,0,0.0,0.0,0,1
2004-2005,2004,Less urgent,3,Intra-Facility Transfer,Influenzal Pneumonia,Not Admitted,0,0.0,0.0,0,1
2004-2005,2004,Non-urgent,3,Intra-Facility Transfer,Influenzal Pneumonia,Not Admitted,0,0.0,0.0,0,1
2004-2005,2004,Unknown,3,Intra-Facility Transfer,Influenzal Pneumonia,Not Admitted,0,0.0,0.0,0,1
2004-2005,2004,CTAS III - Urgent,3,Intra-Facility Transfer,Motor Vehicle Collisions,Not Admitted,176,166.0,2.7667,0,0
2004-2005,2004,Less urgent,3,Intra-Facility Transfer,Motor Vehicle Collisions,Not Admitted,93,139.0,2.3167,0,0
2004-2005,2004,Non-urgent,3,Intra-Facility Transfer,Motor Vehicle Collisions,Not Admitted,49,104.0,1.7333,0,0
2004-2005,2004,Unknown,3,Intra-Facility Transfer,Motor Vehicle Collisions,Not Admitted,0,0.0,0.0,0,1
2004-2005,2004,CTAS III - Urgent,3,Intra-Facility Transfer,Pneumonia,Not Admitted,33,294.0,4.9,0,0
2004-2005,2004,Less urgent,3,Intra-Facility Transfer,Pneumonia,Not Admitted,36,270.0,4.5,0,0
2004-2005,2004,Non-urgent,3,Intra-Facility Transfer,Pneumonia,Not Admitted,6,244.0,4.0667,0,0
2004-2005,2004,Unknown,3,Intra-Facility Transfer,Pneumonia,Not Admitted,0,0.0,0.0,0,1
2004-2005,2004,CTAS III - Urgent,3,Intra-Facility Transfer,Trauma,Not Admitted,2206,163.0,2.7167,0,0
2004-2005,2004,Less urgent,3,Intra-Facility Transfer,Trauma,Not Admitted,2021,135.0,2.25,0,0
2004-2005,2004,Non-urgent,3,Intra-Facility Transfer,Trauma,Not Admitted,712,92.0,1.5333,0,0
2004-2005,2004,Unknown,3,Intra-Facility Transfer,Trauma,Not Admitted,0,0.0,0.0,0,1
2004-2005,2004,CTAS III - Urgent,3,Intra-Facility Transfer,Unintentional Falls,Not Admitted,844,160.0,2.6667,0,0
2004-2005,2004,Less urgent,3,Intra-Facility Transfer,Unintentional Falls,Not Admitted,787,135.0,2.25,0,0
2004-2005,2004,Non-urgent,3,Intra-Facility Transfer,Unintentional Falls,Not Admitted,226,90.0,1.5,0,0
2004-2005,2004,Unknown,3,Intra-Facility Transfer,Unintentional Falls,Not Admitted,0,0.0,0.0,0,1
2004-2005,2004,CTAS III - Urgent,3,Not Seen Or Left,Acute Myocardial Infarction,Not Admitted,19,335.0,5.5833,0,0
2004-2005,2004,Less urgent,3,Not Seen Or Left,Acute Myocardial Infarction,Not Admitted,0,315.0,5.25,0,1
2004-2005,2004,Non-urgent,3,Not Seen Or Left,Acute Myocardial Infarction,Not Admitted,0,0.0,0.0,0,1
2004-2005,2004,Unknown,3,Not Seen Or Left,Acute Myocardial Infarction,Not Admitted,0,0.0,0.0,0,1
2004-2005,2004,CTAS III - Urgent,3,Not Seen Or Left,Asthma,Not Admitted,495,118.0,1.9667,0,0
2004-2005,2004,Less urgent,3,Not Seen Or Left,Asthma,Not Admitted,189,104.0,1.7333,0,0
2004-2005,2004,Non-urgent,3,Not Seen Or Left,Asthma,Not Admitted,43,69.0,1.15,0,0
2004-2005,2004,Unknown,3,Not Seen Or Left,Asthma,Not Admitted,0,74.0,1.2333,0,1
2004-2005,2004,CTAS III - Urgent,3,Not Seen Or Left,Influenzal Pneumonia,Not Admitted,0,0.0,0.0,0,1
2004-2005,2004,Less urgent,3,Not Seen Or Left,Influenzal Pneumonia,Not Admitted,0,135.0,2.25,0,1
2004-2005,2004,Non-urgent,3,Not Seen Or Left,Influenzal Pneumonia,Not Admitted,0,0.0,0.0,0,1
2004-2005,2004,Unknown,3,Not Seen Or Left,Influenzal Pneumonia,Not Admitted,0,0.0,0.0,0,1
2004-2005,2004,CTAS III - Urgent,3,Not Seen Or Left,Motor Vehicle Collisions,Not Admitted,813,128.0,2.1333,0,0
2004-2005,2004,Less urgent,3,Not Seen Or Left,Motor Vehicle Collisions,Not Admitted,1537,129.0,2.15,0,0
2004-2005,2004,Non-urgent,3,Not Seen Or Left,Motor Vehicle Collisions,Not Admitted,232,92.0,1.5333,0,0
2004-2005,2004,Unknown,3,Not Seen Or Left,Motor Vehicle Collisions,Not Admitted,9,54.0,0.9,0,0
2004-2005,2004,CTAS III - Urgent,3,Not Seen Or Left,Pneumonia,Not Admitted,83,211.0,3.5167,0,0
2004-2005,2004,Less urgent,3,Not Seen Or Left,Pneumonia,Not Admitted,52,166.0,2.7667,0,0
2004-2005,2004,Non-urgent,3,Not Seen Or Left,Pneumonia,Not Admitted,8,161.0,2.6833,0,0
2004-2005,2004,Unknown,3,Not Seen Or Left,Pneumonia,Not Admitted,0,79.0,1.3167,0,1
2004-2005,2004,CTAS III - Urgent,3,Not Seen Or Left,Trauma,Not Admitted,7644,122.0,2.0333,0,0
2004-2005,2004,Less urgent,3,Not Seen Or Left,Trauma,Not Admitted,22231,117.0,1.95,0,0
2004-2005,2004,Non-urgent,3,Not Seen Or Left,Trauma,Not Admitted,4887,93.0,1.55,0,0
2004-2005,2004,Unknown,3,Not Seen Or Left,Trauma,Not Admitted,253,31.0,0.5167,0,0
2004-2005,2004,CTAS III - Urgent,3,Not Seen Or Left,Unintentional Falls,Not Admitted,1994,130.0,2.1667,0,0
2004-2005,2004,Less urgent,3,Not Seen Or Left,Unintentional Falls,Not Admitted,4638,118.0,1.9667,0,0
2004-2005,2004,Non-urgent,3,Not Seen Or Left,Unintentional Falls,Not Admitted,824,102.0,1.7,0,0
2004-2005,2004,Unknown,3,Not Seen Or Left,Unintentional Falls,Not Admitted,18,51.0,0.85,0,0
2004-2005,2004,CTAS III - Urgent,3,Transferred,Acute Myocardial Infarction,Not Admitted,286,220.0,3.6667,0,0
2004-2005,2004,Less urgent,3,Transferred,Acute Myocardial Infarction,Not Admitted,19,300.0,5.0,0,0
2004-2005,2004,Non-urgent,3,Transferred,Acute Myocardial Infarction,Not Admitted,6,248.0,4.1333,0,0
2004-2005,2004,Unknown,3,Transferred,Acute Myocardial Infarction,Not Admitted,0,0.0,0.0,0,1
2004-2005,2004,CTAS III - Urgent,3,Transferred,Asthma,Not Admitted,186,272.0,4.5333,0,0
2004-2005,2004,Less urgent,3,Transferred,Asthma,Not Admitted,18,155.0,2.5833,0,0
2004-2005,2004,Non-urgent,3,Transferred,Asthma,Not Admitted,5,165.0,2.75,0,0
2004-2005,2004,Unknown,3,Transferred,Asthma,Not Admitted,0,0.0,0.0,0,1
2004-2005,2004,CTAS III - Urgent,3,Transferred,Influenzal Pneumonia,Not Admitted,0,0.0,0.0,0,1
2004-2005,2004,Less urgent,3,Transferred,Influenzal Pneumonia,Not Admitted,0,0.0,0.0,0,1
2004-2005,2004,Non-urgent,3,Transferred,Influenzal Pneumonia,Not Admitted,0,0.0,0.0,0,1
2004-2005,2004,Unknown,3,Transferred,Influenzal Pneumonia,Not Admitted,0,0.0,0.0,0,1
2004-2005,2004,CTAS III - Urgent,3,Transferred,Motor Vehicle Collisions,Not Admitted,852,205.0,3.4167,0,0
2004-2005,2004,Less urgent,3,Transferred,Motor Vehicle Collisions,Not Admitted,205,173.0,2.8833,0,0
2004-2005,2004,Non-urgent,3,Transferred,Motor Vehicle Collisions,Not Admitted,49,130.0,2.1667,0,0
2004-2005,2004,Unknown,3,Transferred,Motor Vehicle Collisions,Not Admitted,0,0.0,0.0,0,1
2004-2005,2004,CTAS III - Urgent,3,Transferred,Pneumonia,Not Admitted,396,282.0,4.7,0,0
2004-2005,2004,Less urgent,3,Transferred,Pneumonia,Not Admitted,103,238.0,3.9667,0,0
2004-2005,2004,Non-urgent,3,Transferred,Pneumonia,Not Admitted,10,165.0,2.75,0,0
2004-2005,2004,Unknown,3,Transferred,Pneumonia,Not Admitted,0,0.0,0.0,0,1
2004-2005,2004,CTAS III - Urgent,3,Transferred,Trauma,Not Admitted,5413,203.0,3.3833,0,0
2004-2005,2004,Less urgent,3,Transferred,Trauma,Not Admitted,2315,177.0,2.95,0,0
2004-2005,2004,Non-urgent,3,Transferred,Trauma,Not Admitted,367,135.0,2.25,0,0
2004-2005,2004,Unknown,3,Transferred,Trauma,Not Admitted,0,0.0,0.0,0,1
2004-2005,2004,CTAS III - Urgent,3,Transferred,Unintentional Falls,Not Admitted,2787,230.0,3.8333,0,0
2004-2005,2004,Less urgent,3,Transferred,Unintentional Falls,Not Admitted,1192,200.0,3.3333,0,0
2004-2005,2004,Non-urgent,3,Transferred,Unintentional Falls,Not Admitted,155,148.0,2.4667,0,0
2004-2005,2004,Unknown,3,Transferred,Unintentional Falls,Not Admitted,0,0.0,0.0,0,1
2004-2005,2004,CTAS III - Urgent,3,Unknown,Acute Myocardial Infarction,Not Admitted,23,220.0,3.6667,0,0
2004-2005,2004,Less urgent,3,Unknown,Acute Myocardial Infarction,Not Admitted,6,190.0,3.1667,0,0
2004-2005,2004,Non-urgent,3,Unknown,Acute Myocardial Infarction,Not Admitted,0,0.0,0.0,0,1
2004-2005,2004,Unknown,3,Unknown,Acute Myocardial Infarction,Not Admitted,0,0.0,0.0,0,1
2004-2005,2004,CTAS III - Urgent,3,Unknown,Asthma,Not Admitted,285,65.0,1.0833,0,0
2004-2005,2004,Less urgent,3,Unknown,Asthma,Not Admitted,433,61.0,1.0167,0,0
2004-2005,2004,Non-urgent,3,Unknown,Asthma,Not Admitted,8,36.0,0.6,0,0
2004-2005,2004,Unknown,3,Unknown,Asthma,Not Admitted,0,0.0,0.0,0,1
2004-2005,2004,CTAS III - Urgent,3,Unknown,Influenzal Pneumonia,Not Admitted,0,0.0,0.0,0,1
2004-2005,2004,Less urgent,3,Unknown,Influenzal Pneumonia,Not Admitted,0,0.0,0.0,0,1
2004-2005,2004,Non-urgent,3,Unknown,Influenzal Pneumonia,Not Admitted,0,0.0,0.0,0,1
2004-2005,2004,Unknown,3,Unknown,Influenzal Pneumonia,Not Admitted,0,0.0,0.0,0,1
2004-2005,2004,CTAS III - Urgent,3,Unknown,Motor Vehicle Collisions,Not Admitted,317,77.0,1.2833,0,0
2004-2005,2004,Less urgent,3,Unknown,Motor Vehicle Collisions,Not Admitted,408,61.0,1.0167,0,0
2004-2005,2004,Non-urgent,3,Unknown,Motor Vehicle Collisions,Not Admitted,0,38.0,0.6333,0,1
2004-2005,2004,Unknown,3,Unknown,Motor Vehicle Collisions,Not Admitted,0,0.0,0.0,0,1
2004-2005,2004,CTAS III - Urgent,3,Unknown,Pneumonia,Not Admitted,226,121.0,2.0167,0,0
2004-2005,2004,Less urgent,3,Unknown,Pneumonia,Not Admitted,301,80.0,1.3333,0,0
2004-2005,2004,Non-urgent,3,Unknown,Pneumonia,Not Admitted,0,144.0,2.4,0,1
2004-2005,2004,Unknown,3,Unknown,Pneumonia,Not Admitted,0,0.0,0.0,0,1
2004-2005,2004,CTAS III - Urgent,3,Unknown,Trauma,Not Admitted,2793,67.0,1.1167,0,0
2004-2005,2004,Less urgent,3,Unknown,Trauma,Not Admitted,7405,59.0,0.9833,0,0
2004-2005,2004,Non-urgent,3,Unknown,Trauma,Not Admitted,139,57.0,0.95,0,0
2004-2005,2004,Unknown,3,Unknown,Trauma,Not Admitted,0,0.0,0.0,0,1
2004-2005,2004,CTAS III - Urgent,3,Unknown,Unintentional Falls,Not Admitted,817,85.0,1.4167,0,0
2004-2005,2004,Less urgent,3,Unknown,Unintentional Falls,Not Admitted,1843,70.0,1.1667,0,0
2004-2005,2004,Non-urgent,3,Unknown,Unintentional Falls,Not Admitted,32,58.0,0.9667,0,0
2004-2005,2004,Unknown,3,Unknown,Unintentional Falls,Not Admitted,0,0.0,0.0,0,1
2003-2004,2003,CTAS I - Resuscitation,1,Admitted,Acute Myocardial Infarction,Admitted,543,129.0,2.15,1,0
2003-2004,2003,CTAS I - Resuscitation,1,Admitted,Asthma,Admitted,197,194.0,3.2333,1,0
2003-2004,2003,CTAS I - Resuscitation,1,Admitted,Influenzal Pneumonia,Admitted,0,0.0,0.0,1,1
2003-2004,2003,CTAS I - Resuscitation,1,Admitted,Motor Vehicle Collisions,Admitted,1493,169.0,2.8167,1,0
2003-2004,2003,CTAS I - Resuscitation,1,Admitted,Pneumonia,Admitted,349,245.0,4.0833,1,0
2003-2004,2003,CTAS I - Resuscitation,1,Admitted,Trauma,Admitted,2782,165.0,2.75,1,0
2003-2004,2003,CTAS I - Resuscitation,1,Admitted,Unintentional Falls,Admitted,460,180.0,3.0,1,0
2003-2004,2003,CTAS I - Resuscitation,1,Death,Acute Myocardial Infarction,Not Admitted,560,28.0,0.4667,0,0
2003-2004,2003,CTAS I - Resuscitation,1,Death,Asthma,Not Admitted,6,94.0,1.5667,0,0
2003-2004,2003,CTAS I - Resuscitation,1,Death,Influenzal Pneumonia,Not Admitted,0,0.0,0.0,0,1
2003-2004,2003,CTAS I - Resuscitation,1,Death,Motor Vehicle Collisions,Not Admitted,238,32.0,0.5333,0,0
2003-2004,2003,CTAS I - Resuscitation,1,Death,Pneumonia,Not Admitted,31,105.0,1.75,0,0
2003-2004,2003,CTAS I - Resuscitation,1,Death,Trauma,Not Admitted,481,36.0,0.6,0,0
2003-2004,2003,CTAS I - Resuscitation,1,Death,Unintentional Falls,Not Admitted,47,163.0,2.7167,0,0
2003-2004,2003,CTAS I - Resuscitation,1,Discharged Home,Acute Myocardial Infarction,Not Admitted,23,110.0,1.8333,0,0
2003-2004,2003,CTAS I - Resuscitation,1,Discharged Home,Asthma,Not Admitted,156,160.0,2.6667,0,0
2003-2004,2003,CTAS I - Resuscitation,1,Discharged Home,Influenzal Pneumonia,Not Admitted,0,0.0,0.0,0,1
2003-2004,2003,CTAS I - Resuscitation,1,Discharged Home,Motor Vehicle Collisions,Not Admitted,345,262.0,4.3667,0,0
2003-2004,2003,CTAS I - Resuscitation,1,Discharged Home,Pneumonia,Not Admitted,33,238.0,3.9667,0,0
2003-2004,2003,CTAS I - Resuscitation,1,Discharged Home,Trauma,Not Admitted,1120,230.0,3.8333,0,0
2003-2004,2003,CTAS I - Resuscitation,1,Discharged Home,Unintentional Falls,Not Admitted,202,226.0,3.7667,0,0
2003-2004,2003,CTAS I - Resuscitation,1,Intra-Facility Transfer,Acute Myocardial Infarction,Not Admitted,0,0.0,0.0,0,1
2003-2004,2003,CTAS I - Resuscitation,1,Intra-Facility Transfer,Asthma,Not Admitted,0,0.0,0.0,0,1
2003-2004,2003,CTAS I - Resuscitation,1,Intra-Facility Transfer,Influenzal Pneumonia,Not Admitted,0,0.0,0.0,0,1
2003-2004,2003,CTAS I - Resuscitation,1,Intra-Facility Transfer,Motor Vehicle Collisions,Not Admitted,7,177.0,2.95,0,0
2003-2004,2003,CTAS I - Resuscitation,1,Intra-Facility Transfer,Pneumonia,Not Admitted,0,115.0,1.9167,0,1
2003-2004,2003,CTAS I - Resuscitation,1,Intra-Facility Transfer,Trauma,Not Admitted,25,171.0,2.85,0,0
2003-2004,2003,CTAS I - Resuscitation,1,Intra-Facility Transfer,Unintentional Falls,Not Admitted,0,0.0,0.0,0,1
2003-2004,2003,CTAS I - Resuscitation,1,Not Seen Or Left,Acute Myocardial Infarction,Not Admitted,0,164.0,2.7333,0,1
2003-2004,2003,CTAS I - Resuscitation,1,Not Seen Or Left,Asthma,Not Admitted,9,183.0,3.05,0,0
2003-2004,2003,CTAS I - Resuscitation,1,Not Seen Or Left,Influenzal Pneumonia,Not Admitted,0,0.0,0.0,0,1
2003-2004,2003,CTAS I - Resuscitation,1,Not Seen Or Left,Motor Vehicle Collisions,Not Admitted,0,275.0,4.5833,0,1
2003-2004,2003,CTAS I - Resuscitation,1,Not Seen Or Left,Pneumonia,Not Admitted,0,0.0,0.0,0,1
2003-2004,2003,CTAS I - Resuscitation,1,Not Seen Or Left,Trauma,Not Admitted,17,136.0,2.2667,0,0
2003-2004,2003,CTAS I - Resuscitation,1,Not Seen Or Left,Unintentional Falls,Not Admitted,0,97.0,1.6167,0,1
2003-2004,2003,CTAS I - Resuscitation,1,Transferred,Acute Myocardial Infarction,Not Admitted,93,161.0,2.6833,0,0
2003-2004,2003,CTAS I - Resuscitation,1,Transferred,Asthma,Not Admitted,9,226.0,3.7667,0,0
2003-2004,2003,CTAS I - Resuscitation,1,Transferred,Influenzal Pneumonia,Not Admitted,0,0.0,0.0,0,1
2003-2004,2003,CTAS I - Resuscitation,1,Transferred,Motor Vehicle Collisions,Not Admitted,294,140.0,2.3333,0,0
2003-2004,2003,CTAS I - Resuscitation,1,Transferred,Pneumonia,Not Admitted,19,255.0,4.25,0,0
2003-2004,2003,CTAS I - Resuscitation,1,Transferred,Trauma,Not Admitted,563,144.0,2.4,0,0
2003-2004,2003,CTAS I - Resuscitation,1,Transferred,Unintentional Falls,Not Admitted,100,158.0,2.6333,0,0
2003-2004,2003,CTAS I - Resuscitation,1,Unknown,Acute Myocardial Infarction,Not Admitted,14,38.0,0.6333,0,0
2003-2004,2003,CTAS I - Resuscitation,1,Unknown,Asthma,Not Admitted,0,48.0,0.8,0,1
2003-2004,2003,CTAS I - Resuscitation,1,Unknown,Influenzal Pneumonia,Not Admitted,0,0.0,0.0,0,1
2003-2004,2003,CTAS I - Resuscitation,1,Unknown,Motor Vehicle Collisions,Not Admitted,7,99.0,1.65,0,0
2003-2004,2003,CTAS I - Resuscitation,1,Unknown,Pneumonia,Not Admitted,0,124.0,2.0667,0,1
2003-2004,2003,CTAS I - Resuscitation,1,Unknown,Trauma,Not Admitted,25,96.0,1.6,0,0
2003-2004,2003,CTAS I - Resuscitation,1,Unknown,Unintentional Falls,Not Admitted,0,78.0,1.3,0,1
2003-2004,2003,CTAS II - Emergent,2,Admitted,Acute Myocardial Infarction,Admitted,6875,188.0,3.1333,1,0
2003-2004,2003,CTAS II - Emergent,2,Admitted,Asthma,Admitted,3237,269.0,4.4833,1,0
2003-2004,2003,CTAS II - Emergent,2,Admitted,Influenzal Pneumonia,Admitted,10,277.0,4.6167,1,0
2003-2004,2003,CTAS II - Emergent,2,Admitted,Motor Vehicle Collisions,Admitted,2389,238.0,3.9667,1,0
2003-2004,2003,CTAS II - Emergent,2,Admitted,Pneumonia,Admitted,6754,301.0,5.0167,1,0
2003-2004,2003,CTAS II - Emergent,2,Admitted,Trauma,Admitted,8949,250.0,4.1667,1,0
2003-2004,2003,CTAS II - Emergent,2,Admitted,Unintentional Falls,Admitted,3783,277.0,4.6167,1,0
2003-2004,2003,CTAS II - Emergent,2,Death,Acute Myocardial Infarction,Not Admitted,135,173.0,2.8833,0,0
2003-2004,2003,CTAS II - Emergent,2,Death,Asthma,Not Admitted,0,0.0,0.0,0,1
2003-2004,2003,CTAS II - Emergent,2,Death,Influenzal Pneumonia,Not Admitted,0,0.0,0.0,0,1
2003-2004,2003,CTAS II - Emergent,2,Death,Motor Vehicle Collisions,Not Admitted,18,123.0,2.05,0,0
2003-2004,2003,CTAS II - Emergent,2,Death,Pneumonia,Not Admitted,31,254.0,4.2333,0,0
2003-2004,2003,CTAS II - Emergent,2,Death,Trauma,Not Admitted,55,142.0,2.3667,0,0
2003-2004,2003,CTAS II - Emergent,2,Death,Unintentional Falls,Not Admitted,22,210.0,3.5,0,0
2003-2004,2003,CTAS II - Emergent,2,Discharged Home,Acute Myocardial Infarction,Not Admitted,140,219.0,3.65,0,0
2003-2004,2003,CTAS II - Emergent,2,Discharged Home,Asthma,Not Admitted,8283,165.0,2.75,0,0
2003-2004,2003,CTAS II - Emergent,2,Discharged Home,Influenzal Pneumonia,Not Admitted,0,334.0,5.5667,0,1
2003-2004,2003,CTAS II - Emergent,2,Discharged Home,Motor Vehicle Collisions,Not Admitted,7792,180.0,3.0,0,0
2003-2004,2003,CTAS II - Emergent,2,Discharged Home,Pneumonia,Not Admitted,3199,215.0,3.5833,0,0
2003-2004,2003,CTAS II - Emergent,2,Discharged Home,Trauma,Not Admitted,35084,160.0,2.6667,0,0
2003-2004,2003,CTAS II - Emergent,2,Discharged Home,Unintentional Falls,Not Admitted,8686,190.0,3.1667,0,0
2003-2004,2003,CTAS II - Emergent,2,Intra-Facility Transfer,Acute Myocardial Infarction,Not Admitted,24,114.0,1.9,0,0
2003-2004,2003,CTAS II - Emergent,2,Intra-Facility Transfer,Asthma,Not Admitted,20,170.0,2.8333,0,0
2003-2004,2003,CTAS II - Emergent,2,Intra-Facility Transfer,Influenzal Pneumonia,Not Admitted,0,0.0,0.0,0,1
2003-2004,2003,CTAS II - Emergent,2,Intra-Facility Transfer,Motor Vehicle Collisions,Not Admitted,51,204.0,3.4,0,0
2003-2004,2003,CTAS II - Emergent,2,Intra-Facility Transfer,Pneumonia,Not Admitted,15,267.0,4.45,0,0
2003-2004,2003,CTAS II - Emergent,2,Intra-Facility Transfer,Trauma,Not Admitted,446,172.0,2.8667,0,0
2003-2004,2003,CTAS II - Emergent,2,Intra-Facility Transfer,Unintentional Falls,Not Admitted,109,165.0,2.75,0,0
2003-2004,2003,CTAS II - Emergent,2,Not Seen Or Left,Acute Myocardial Infarction,Not Admitted,0,178.0,2.9667,0,1
2003-2004,2003,CTAS II - Emergent,2,Not Seen Or Left,Asthma,Not Admitted,93,152.0,2.5333,0,0
2003-2004,2003,CTAS II - Emergent,2,Not Seen Or Left,Influenzal Pneumonia,Not Admitted,0,0.0,0.0,0,1
2003-2004,2003,CTAS II - Emergent,2,Not Seen Or Left,Motor Vehicle Collisions,Not Admitted,80,122.0,2.0333,0,0
2003-2004,2003,CTAS II - Emergent,2,Not Seen Or Left,Pneumonia,Not Admitted,18,216.0,3.6,0,0
2003-2004,2003,CTAS II - Emergent,2,Not Seen Or Left,Trauma,Not Admitted,470,135.0,2.25,0,0
2003-2004,2003,CTAS II - Emergent,2,Not Seen Or Left,Unintentional Falls,Not Admitted,122,174.0,2.9,0,0
2003-2004,2003,CTAS II - Emergent,2,Transferred,Acute Myocardial Infarction,Not Admitted,555,174.0,2.9,0,0
2003-2004,2003,CTAS II - Emergent,2,Transferred,Asthma,Not Admitted,162,231.0,3.85,0,0
2003-2004,2003,CTAS II - Emergent,2,Transferred,Influenzal Pneumonia,Not Admitted,0,0.0,0.0,0,1
2003-2004,2003,CTAS II - Emergent,2,Transferred,Motor Vehicle Collisions,Not Admitted,909,181.0,3.0167,0,0
2003-2004,2003,CTAS II - Emergent,2,Transferred,Pneumonia,Not Admitted,180,242.0,4.0333,0,0
2003-2004,2003,CTAS II - Emergent,2,Transferred,Trauma,Not Admitted,2453,180.0,3.0,0,0
2003-2004,2003,CTAS II - Emergent,2,Transferred,Unintentional Falls,Not Admitted,668,215.0,3.5833,0,0
2003-2004,2003,CTAS II - Emergent,2,Unknown,Acute Myocardial Infarction,Not Admitted,48,144.0,2.4,0,0
2003-2004,2003,CTAS II - Emergent,2,Unknown,Asthma,Not Admitted,49,94.0,1.5667,0,0
2003-2004,2003,CTAS II - Emergent,2,Unknown,Influenzal Pneumonia,Not Admitted,0,0.0,0.0,0,1
2003-2004,2003,CTAS II - Emergent,2,Unknown,Motor Vehicle Collisions,Not Admitted,59,110.0,1.8333,0,0
2003-2004,2003,CTAS II - Emergent,2,Unknown,Pneumonia,Not Admitted,61,173.0,2.8833,0,0
2003-2004,2003,CTAS II - Emergent,2,Unknown,Trauma,Not Admitted,228,96.0,1.6,0,0
2003-2004,2003,CTAS II - Emergent,2,Unknown,Unintentional Falls,Not Admitted,76,112.0,1.8667,0,0
2003-2004,2003,CTAS III - Urgent,3,Admitted,Acute Myocardial Infarction,Admitted,4476,272.0,4.5333,1,0
2003-2004,2003,Less urgent,3,Admitted,Acute Myocardial Infarction,Admitted,374,274.0,4.5667,1,0
2003-2004,2003,Non-urgent,3,Admitted,Acute Myocardial Infarction,Admitted,71,246.0,4.1,1,0
2003-2004,2003,Unknown,3,Admitted,Acute Myocardial Infarction,Admitted,0,0.0,0.0,1,1
2003-2004,2003,CTAS III - Urgent,3,Admitted,Asthma,Admitted,3482,282.0,4.7,1,0
2003-2004,2003,Less urgent,3,Admitted,Asthma,Admitted,387,239.0,3.9833,1,0
2003-2004,2003,Non-urgent,3,Admitted,Asthma,Admitted,47,131.0,2.1833,1,0
2003-2004,2003,Unknown,3,Admitted,Asthma,Admitted,0,0.0,0.0,1,1
2003-2004,2003,CTAS III - Urgent,3,Admitted,Influenzal Pneumonia,Admitted,18,315.0,5.25,1,0
2003-2004,2003,Less urgent,3,Admitted,Influenzal Pneumonia,Admitted,8,267.0,4.45,1,0
2003-2004,2003,Non-urgent,3,Admitted,Influenzal Pneumonia,Admitted,0,107.0,1.7833,1,1
2003-2004,2003,Unknown,3,Admitted,Influenzal Pneumonia,Admitted,0,0.0,0.0,1,1
2003-2004,2003,CTAS III - Urgent,3,Admitted,Motor Vehicle Collisions,Admitted,2944,240.0,4.0,1,0
2003-2004,2003,Less urgent,3,Admitted,Motor Vehicle Collisions,Admitted,598,232.0,3.8667,1,0
2003-2004,2003,Non-urgent,3,Admitted,Motor Vehicle Collisions,Admitted,135,156.0,2.6,1,0
2003-2004,2003,Unknown,3,Admitted,Motor Vehicle Collisions,Admitted,0,0.0,0.0,1,1
2003-2004,2003,CTAS III - Urgent,3,Admitted,Pneumonia,Admitted,13255,321.0,5.35,1,0
2003-2004,2003,Less urgent,3,Admitted,Pneumonia,Admitted,2193,265.0,4.4167,1,0
2003-2004,2003,Non-urgent,3,Admitted,Pneumonia,Admitted,270,208.0,3.4667,1,0
2003-2004,2003,Unknown,3,Admitted,Pneumonia,Admitted,0,0.0,0.0,1,1
2003-2004,2003,CTAS III - Urgent,3,Admitted,Trauma,Admitted,27838,269.0,4.4833,1,0
2003-2004,2003,Less urgent,3,Admitted,Trauma,Admitted,8580,250.0,4.1667,1,0
2003-2004,2003,Non-urgent,3,Admitted,Trauma,Admitted,1045,193.0,3.2167,1,0
2003-2004,2003,Unknown,3,Admitted,Trauma,Admitted,0,0.0,0.0,1,1
2003-2004,2003,CTAS III - Urgent,3,Admitted,Unintentional Falls,Admitted,18560,280.0,4.6667,1,0
2003-2004,2003,Less urgent,3,Admitted,Unintentional Falls,Admitted,5594,260.0,4.3333,1,0
2003-2004,2003,Non-urgent,3,Admitted,Unintentional Falls,Admitted,542,208.0,3.4667,1,0
2003-2004,2003,Unknown,3,Admitted,Unintentional Falls,Admitted,0,0.0,0.0,1,1
2003-2004,2003,CTAS III - Urgent,3,Death,Acute Myocardial Infarction,Not Admitted,44,215.0,3.5833,0,0
2003-2004,2003,Less urgent,3,Death,Acute Myocardial Infarction,Not Admitted,7,143.0,2.3833,0,0
2003-2004,2003,Non-urgent,3,Death,Acute Myocardial Infarction,Not Admitted,17,8.0,0.1333,0,0
2003-2004,2003,Unknown,3,Death,Acute Myocardial Infarction,Not Admitted,0,0.0,0.0,0,1
2003-2004,2003,CTAS III - Urgent,3,Death,Asthma,Not Admitted,0,144.0,2.4,0,1
2003-2004,2003,Less urgent,3,Death,Asthma,Not Admitted,0,85.0,1.4167,0,1
2003-2004,2003,Non-urgent,3,Death,Asthma,Not Admitted,0,0.0,0.0,0,1
2003-2004,2003,Unknown,3,Death,Asthma,Not Admitted,0,0.0,0.0,0,1
2003-2004,2003,CTAS III - Urgent,3,Death,Influenzal Pneumonia,Not Admitted,0,0.0,0.0,0,1
2003-2004,2003,Less urgent,3,Death,Influenzal Pneumonia,Not Admitted,0,0.0,0.0,0,1
2003-2004,2003,Non-urgent,3,Death,Influenzal Pneumonia,Not Admitted,0,0.0,0.0,0,1
2003-2004,2003,Unknown,3,Death,Influenzal Pneumonia,Not Admitted,0,0.0,0.0,0,1
2003-2004,2003,CTAS III - Urgent,3,Death,Motor Vehicle Collisions,Not Admitted,6,136.0,2.2667,0,0
2003-2004,2003,Less urgent,3,Death,Motor Vehicle Collisions,Not Admitted,0,70.0,1.1667,0,1
2003-2004,2003,Non-urgent,3,Death,Motor Vehicle Collisions,Not Admitted,12,19.0,0.3167,0,0
2003-2004,2003,Unknown,3,Death,Motor Vehicle Collisions,Not Admitted,0,0.0,0.0,0,1
2003-2004,2003,CTAS III - Urgent,3,Death,Pneumonia,Not Admitted,22,359.0,5.9833,0,0
2003-2004,2003,Less urgent,3,Death,Pneumonia,Not Admitted,0,968.0,16.1333,0,1
2003-2004,2003,Non-urgent,3,Death,Pneumonia,Not Admitted,0,163.0,2.7167,0,1
2003-2004,2003,Unknown,3,Death,Pneumonia,Not Admitted,0,0.0,0.0,0,1
2003-2004,2003,CTAS III - Urgent,3,Death,Trauma,Not Admitted,32,198.0,3.3,0,0
2003-2004,2003,Less urgent,3,Death,Trauma,Not Admitted,17,154.0,2.5667,0,0
2003-2004,2003,Non-urgent,3,Death,Trauma,Not Admitted,37,18.0,0.3,0,0
2003-2004,2003,Unknown,3,Death,Trauma,Not Admitted,0,0.0,0.0,0,1
2003-2004,2003,CTAS III - Urgent,3,Death,Unintentional Falls,Not Admitted,18,344.0,5.7333,0,0
2003-2004,2003,Less urgent,3,Death,Unintentional Falls,Not Admitted,7,255.0,4.25,0,0
2003-2004,2003,Non-urgent,3,Death,Unintentional Falls,Not Admitted,0,38.0,0.6333,0,1
2003-2004,2003,Unknown,3,Death,Unintentional Falls,Not Admitted,0,0.0,0.0,0,1
2003-2004,2003,CTAS III - Urgent,3,Discharged Home,Acute Myocardial Infarction,Not Admitted,122,354.0,5.9,0,0
2003-2004,2003,Less urgent,3,Discharged Home,Acute Myocardial Infarction,Not Admitted,18,206.0,3.4333,0,0
2003-2004,2003,Non-urgent,3,Discharged Home,Acute Myocardial Infarction,Not Admitted,7,125.0,2.0833,0,0
2003-2004,2003,Unknown,3,Discharged Home,Acute Myocardial Infarction,Not Admitted,0,0.0,0.0,0,1
2003-2004,2003,CTAS III - Urgent,3,Discharged Home,Asthma,Not Admitted,32785,142.0,2.3667,0,0
2003-2004,2003,Less urgent,3,Discharged Home,Asthma,Not Admitted,19125,97.0,1.6167,0,0
2003-2004,2003,Non-urgent,3,Discharged Home,Asthma,Not Admitted,4270,62.0,1.0333,0,0
2003-2004,2003,Unknown,3,Discharged Home,Asthma,Not Admitted,0,0.0,0.0,0,1
2003-2004,2003,CTAS III - Urgent,3,Discharged Home,Influenzal Pneumonia,Not Admitted,36,176.0,2.9333,0,0
2003-2004,2003,Less urgent,3,Discharged Home,Influenzal Pneumonia,Not Admitted,59,100.0,1.6667,0,0
2003-2004,2003,Non-urgent,3,Discharged Home,Influenzal Pneumonia,Not Admitted,12,100.0,1.6667,0,0
2003-2004,2003,Unknown,3,Discharged Home,Influenzal Pneumonia,Not Admitted,0,0.0,0.0,0,1
2003-2004,2003,CTAS III - Urgent,3,Discharged Home,Motor Vehicle Collisions,Not Admitted,37130,146.0,2.4333,0,0
2003-2004,2003,Less urgent,3,Discharged Home,Motor Vehicle Collisions,Not Admitted,49090,112.0,1.8667,0,0
2003-2004,2003,Non-urgent,3,Discharged Home,Motor Vehicle Collisions,Not Admitted,8356,88.0,1.4667,0,0
2003-2004,2003,Unknown,3,Discharged Home,Motor Vehicle Collisions,Not Admitted,0,0.0,0.0,0,1
2003-2004,2003,CTAS III - Urgent,3,Discharged Home,Pneumonia,Not Admitted,18533,189.0,3.15,0,0
2003-2004,2003,Less urgent,3,Discharged Home,Pneumonia,Not Admitted,13312,129.0,2.15,0,0
2003-2004,2003,Non-urgent,3,Discharged Home,Pneumonia,Not Admitted,2500,87.0,1.45,0,0
2003-2004,2003,Unknown,3,Discharged Home,Pneumonia,Not Admitted,0,0.0,0.0,0,1
2003-2004,2003,CTAS III - Urgent,3,Discharged Home,Trauma,Not Admitted,259164,134.0,2.2333,0,0
2003-2004,2003,Less urgent,3,Discharged Home,Trauma,Not Admitted,659980,104.0,1.7333,0,0
2003-2004,2003,Non-urgent,3,Discharged Home,Trauma,Not Admitted,160368,82.0,1.3667,0,0
2003-2004,2003,Unknown,3,Discharged Home,Trauma,Not Admitted,0,0.0,0.0,0,1
2003-2004,2003,CTAS III - Urgent,3,Discharged Home,Unintentional Falls,Not Admitted,84642,154.0,2.5667,0,0
2003-2004,2003,Less urgent,3,Discharged Home,Unintentional Falls,Not Admitted,178687,115.0,1.9167,0,0
2003-2004,2003,Non-urgent,3,Discharged Home,Unintentional Falls,Not Admitted,35305,90.0,1.5,0,0
2003-2004,2003,Unknown,3,Discharged Home,Unintentional Falls,Not Admitted,0,0.0,0.0,0,1
2003-2004,2003,CTAS III - Urgent,3,Intra-Facility Transfer,Acute Myocardial Infarction,Not Admitted,10,152.0,2.5333,0,0
2003-2004,2003,Less urgent,3,Intra-Facility Transfer,Acute Myocardial Infarction,Not Admitted,0,156.0,2.6,0,1
2003-2004,2003,Non-urgent,3,Intra-Facility Transfer,Acute Myocardial Infarction,Not Admitted,0,0.0,0.0,0,1
2003-2004,2003,Unknown,3,Intra-Facility Transfer,Acute Myocardial Infarction,Not Admitted,0,0.0,0.0,0,1
2003-2004,2003,CTAS III - Urgent,3,Intra-Facility Transfer,Asthma,Not Admitted,42,188.0,3.1333,0,0
2003-2004,2003,Less urgent,3,Intra-Facility Transfer,Asthma,Not Admitted,13,221.0,3.6833,0,0
2003-2004,2003,Non-urgent,3,Intra-Facility Transfer,Asthma,Not Admitted,6,156.0,2.6,0,0
2003-2004,2003,Unknown,3,Intra-Facility Transfer,Asthma,Not Admitted,0,0.0,0.0,0,1
2003-2004,2003,CTAS III - Urgent,3,Intra-Facility Transfer,Influenzal Pneumonia,Not Admitted,0,0.0,0.0,0,1
2003-2004,2003,Less urgent,3,Intra-Facility Transfer,Influenzal Pneumonia,Not Admitted,0,0.0,0.0,0,1
2003-2004,2003,Non-urgent,3,Intra-Facility Transfer,Influenzal Pneumonia,Not Admitted,0,0.0,0.0,0,1
2003-2004,2003,Unknown,3,Intra-Facility Transfer,Influenzal Pneumonia,Not Admitted,0,0.0,0.0,0,1
2003-2004,2003,CTAS III - Urgent,3,Intra-Facility Transfer,Motor Vehicle Collisions,Not Admitted,165,191.0,3.1833,0,0
2003-2004,2003,Less urgent,3,Intra-Facility Transfer,Motor Vehicle Collisions,Not Admitted,132,135.0,2.25,0,0
2003-2004,2003,Non-urgent,3,Intra-Facility Transfer,Motor Vehicle Collisions,Not Admitted,37,93.0,1.55,0,0
2003-2004,2003,Unknown,3,Intra-Facility Transfer,Motor Vehicle Collisions,Not Admitted,0,0.0,0.0,0,1
2003-2004,2003,CTAS III - Urgent,3,Intra-Facility Transfer,Pneumonia,Not Admitted,38,338.0,5.6333,0,0
2003-2004,2003,Less urgent,3,Intra-Facility Transfer,Pneumonia,Not Admitted,23,240.0,4.0,0,0
2003-2004,2003,Non-urgent,3,Intra-Facility Transfer,Pneumonia,Not Admitted,0,242.0,4.0333,0,1
2003-2004,2003,Unknown,3,Intra-Facility Transfer,Pneumonia,Not Admitted,0,0.0,0.0,0,1
2003-2004,2003,CTAS III - Urgent,3,Intra-Facility Transfer,Trauma,Not Admitted,2257,172.0,2.8667,0,0
2003-2004,2003,Less urgent,3,Intra-Facility Transfer,Trauma,Not Admitted,2060,151.0,2.5167,0,0
2003-2004,2003,Non-urgent,3,Intra-Facility Transfer,Trauma,Not Admitted,628,106.0,1.7667,0,0
2003-2004,2003,Unknown,3,Intra-Facility Transfer,Trauma,Not Admitted,0,0.0,0.0,0,1
2003-2004,2003,CTAS III - Urgent,3,Intra-Facility Transfer,Unintentional Falls,Not Admitted,814,170.0,2.8333,0,0
2003-2004,2003,Less urgent,3,Intra-Facility Transfer,Unintentional Falls,Not Admitted,615,132.0,2.2,0,0
2003-2004,2003,Non-urgent,3,Intra-Facility Transfer,Unintentional Falls,Not Admitted,192,108.0,1.8,0,0
2003-2004,2003,Unknown,3,Intra-Facility Transfer,Unintentional Falls,Not Admitted,0,0.0,0.0,0,1
2003-2004,2003,CTAS III - Urgent,3,Not Seen Or Left,Acute Myocardial Infarction,Not Admitted,8,281.0,4.6833,0,0
2003-2004,2003,Less urgent,3,Not Seen Or Left,Acute Myocardial Infarction,Not Admitted,5,220.0,3.6667,0,0
2003-2004,2003,Non-urgent,3,Not Seen Or Left,Acute Myocardial Infarction,Not Admitted,0,0.0,0.0,0,1
2003-2004,2003,Unknown,3,Not Seen Or Left,Acute Myocardial Infarction,Not Admitted,0,0.0,0.0,0,1
2003-2004,2003,CTAS III - Urgent,3,Not Seen Or Left,Asthma,Not Admitted,495,116.0,1.9333,0,0
2003-2004,2003,Less urgent,3,Not Seen Or Left,Asthma,Not Admitted,234,94.0,1.5667,0,0
2003-2004,2003,Non-urgent,3,Not Seen Or Left,Asthma,Not Admitted,81,37.0,0.6167,0,0
2003-2004,2003,Unknown,3,Not Seen Or Left,Asthma,Not Admitted,0,16.0,0.2667,0,1
2003-2004,2003,CTAS III - Urgent,3,Not Seen Or Left,Influenzal Pneumonia,Not Admitted,0,235.0,3.9167,0,1
2003-2004,2003,Less urgent,3,Not Seen Or Left,Influenzal Pneumonia,Not Admitted,0,0.0,0.0,0,1
2003-2004,2003,Non-urgent,3,Not Seen Or Left,Influenzal Pneumonia,Not Admitted,0,0.0,0.0,0,1
2003-2004,2003,Unknown,3,Not Seen Or Left,Influenzal Pneumonia,Not Admitted,0,0.0,0.0,0,1
2003-2004,2003,CTAS III - Urgent,3,Not Seen Or Left,Motor Vehicle Collisions,Not Admitted,661,123.0,2.05,0,0
2003-2004,2003,Less urgent,3,Not Seen Or Left,Motor Vehicle Collisions,Not Admitted,1517,116.0,1.9333,0,0
2003-2004,2003,Non-urgent,3,Not Seen Or Left,Motor Vehicle Collisions,Not Admitted,241,110.0,1.8333,0,0
2003-2004,2003,Unknown,3,Not Seen Or Left,Motor Vehicle Collisions,Not Admitted,7,40.0,0.6667,0,0
2003-2004,2003,CTAS III - Urgent,3,Not Seen Or Left,Pneumonia,Not Admitted,72,220.0,3.6667,0,0
2003-2004,2003,Less urgent,3,Not Seen Or Left,Pneumonia,Not Admitted,33,108.0,1.8,0,0
2003-2004,2003,Non-urgent,3,Not Seen Or Left,Pneumonia,Not Admitted,17,60.0,1.0,0,0
2003-2004,2003,Unknown,3,Not Seen Or Left,Pneumonia,Not Admitted,0,0.0,0.0,0,1
2003-2004,2003,CTAS III - Urgent,3,Not Seen Or Left,Trauma,Not Admitted,6040,115.0,1.9167,0,0
2003-2004,2003,Less urgent,3,Not Seen Or Left,Trauma,Not Admitted,20220,109.0,1.8167,0,0
2003-2004,2003,Non-urgent,3,Not Seen Or Left,Trauma,Not Admitted,5300,90.0,1.5,0,0
2003-2004,2003,Unknown,3,Not Seen Or Left,Trauma,Not Admitted,216,28.0,0.4667,0,0
2003-2004,2003,CTAS III - Urgent,3,Not Seen Or Left,Unintentional Falls,Not Admitted,1445,120.0,2.0,0,0
2003-2004,2003,Less urgent,3,Not Seen Or Left,Unintentional Falls,Not Admitted,4103,111.0,1.85,0,0
2003-2004,2003,Non-urgent,3,Not Seen Or Left,Unintentional Falls,Not Admitted,774,95.0,1.5833,0,0
2003-2004,2003,Unknown,3,Not Seen Or Left,Unintentional Falls,Not Admitted,22,26.0,0.4333,0,0
2003-2004,2003,CTAS III - Urgent,3,Transferred,Acute Myocardial Infarction,Not Admitted,240,254.0,4.2333,0,0
2003-2004,2003,Less urgent,3,Transferred,Acute Myocardial Infarction,Not Admitted,21,265.0,4.4167,0,0
2003-2004,2003,Non-urgent,3,Transferred,Acute Myocardial Infarction,Not Admitted,0,912.0,15.2,0,1
2003-2004,2003,Unknown,3,Transferred,Acute Myocardial Infarction,Not Admitted,0,0.0,0.0,0,1
2003-2004,2003,CTAS III - Urgent,3,Transferred,Asthma,Not Admitted,182,274.0,4.5667,0,0
2003-2004,2003,Less urgent,3,Transferred,Asthma,Not Admitted,44,170.0,2.8333,0,0
2003-2004,2003,Non-urgent,3,Transferred,Asthma,Not Admitted,8,94.0,1.5667,0,0
2003-2004,2003,Unknown,3,Transferred,Asthma,Not Admitted,0,0.0,0.0,0,1
2003-2004,2003,CTAS III - Urgent,3,Transferred,Influenzal Pneumonia,Not Admitted,0,0.0,0.0,0,1
2003-2004,2003,Less urgent,3,Transferred,Influenzal Pneumonia,Not Admitted,0,255.0,4.25,0,1
2003-2004,2003,Non-urgent,3,Transferred,Influenzal Pneumonia,Not Admitted,0,0.0,0.0,0,1
2003-2004,2003,Unknown,3,Transferred,Influenzal Pneumonia,Not Admitted,0,0.0,0.0,0,1
2003-2004,2003,CTAS III - Urgent,3,Transferred,Motor Vehicle Collisions,Not Admitted,881,205.0,3.4167,0,0
2003-2004,2003,Less urgent,3,Transferred,Motor Vehicle Collisions,Not Admitted,226,168.0,2.8,0,0
2003-2004,2003,Non-urgent,3,Transferred,Motor Vehicle Collisions,Not Admitted,34,138.0,2.3,0,0
2003-2004,2003,Unknown,3,Transferred,Motor Vehicle Collisions,Not Admitted,0,0.0,0.0,0,1
2003-2004,2003,CTAS III - Urgent,3,Transferred,Pneumonia,Not Admitted,350,279.0,4.65,0,0
2003-2004,2003,Less urgent,3,Transferred,Pneumonia,Not Admitted,104,228.0,3.8,0,0
2003-2004,2003,Non-urgent,3,Transferred,Pneumonia,Not Admitted,11,155.0,2.5833,0,0
2003-2004,2003,Unknown,3,Transferred,Pneumonia,Not Admitted,0,0.0,0.0,0,1
2003-2004,2003,CTAS III - Urgent,3,Transferred,Trauma,Not Admitted,5092,200.0,3.3333,0,0
2003-2004,2003,Less urgent,3,Transferred,Trauma,Not Admitted,2394,162.0,2.7,0,0
2003-2004,2003,Non-urgent,3,Transferred,Trauma,Not Admitted,419,119.0,1.9833,0,0
2003-2004,2003,Unknown,3,Transferred,Trauma,Not Admitted,0,0.0,0.0,0,1
2003-2004,2003,CTAS III - Urgent,3,Transferred,Unintentional Falls,Not Admitted,2551,225.0,3.75,0,0
2003-2004,2003,Less urgent,3,Transferred,Unintentional Falls,Not Admitted,1208,187.0,3.1167,0,0
2003-2004,2003,Non-urgent,3,Transferred,Unintentional Falls,Not Admitted,157,142.0,2.3667,0,0
2003-2004,2003,Unknown,3,Transferred,Unintentional Falls,Not Admitted,0,0.0,0.0,0,1
2003-2004,2003,CTAS III - Urgent,3,Unknown,Acute Myocardial Infarction,Not Admitted,16,214.0,3.5667,0,0
2003-2004,2003,Less urgent,3,Unknown,Acute Myocardial Infarction,Not Admitted,0,207.0,3.45,0,1
2003-2004,2003,Non-urgent,3,Unknown,Acute Myocardial Infarction,Not Admitted,0,0.0,0.0,0,1
2003-2004,2003,Unknown,3,Unknown,Acute Myocardial Infarction,Not Admitted,0,0.0,0.0,0,1
2003-2004,2003,CTAS III - Urgent,3,Unknown,Asthma,Not Admitted,333,64.0,1.0667,0,0
2003-2004,2003,Less urgent,3,Unknown,Asthma,Not Admitted,315,63.0,1.05,0,0
2003-2004,2003,Non-urgent,3,Unknown,Asthma,Not Admitted,0,29.0,0.4833,0,1
2003-2004,2003,Unknown,3,Unknown,Asthma,Not Admitted,0,0.0,0.0,0,1
2003-2004,2003,CTAS III - Urgent,3,Unknown,Influenzal Pneumonia,Not Admitted,0,29.0,0.4833,0,1
2003-2004,2003,Less urgent,3,Unknown,Influenzal Pneumonia,Not Admitted,0,0.0,0.0,0,1
2003-2004,2003,Non-urgent,3,Unknown,Influenzal Pneumonia,Not Admitted,0,0.0,0.0,0,1
2003-2004,2003,Unknown,3,Unknown,Influenzal Pneumonia,Not Admitted,0,0.0,0.0,0,1
2003-2004,2003,CTAS III - Urgent,3,Unknown,Motor Vehicle Collisions,Not Admitted,283,82.0,1.3667,0,0
2003-2004,2003,Less urgent,3,Unknown,Motor Vehicle Collisions,Not Admitted,308,64.0,1.0667,0,0
2003-2004,2003,Non-urgent,3,Unknown,Motor Vehicle Collisions,Not Admitted,0,42.0,0.7,0,1
2003-2004,2003,Unknown,3,Unknown,Motor Vehicle Collisions,Not Admitted,0,0.0,0.0,0,1
2003-2004,2003,CTAS III - Urgent,3,Unknown,Pneumonia,Not Admitted,282,103.0,1.7167,0,0
2003-2004,2003,Less urgent,3,Unknown,Pneumonia,Not Admitted,247,78.0,1.3,0,0
2003-2004,2003,Non-urgent,3,Unknown,Pneumonia,Not Admitted,0,79.0,1.3167,0,1
2003-2004,2003,Unknown,3,Unknown,Pneumonia,Not Admitted,0,0.0,0.0,0,1
2003-2004,2003,CTAS III - Urgent,3,Unknown,Trauma,Not Admitted,3007,67.0,1.1167,0,0
2003-2004,2003,Less urgent,3,Unknown,Trauma,Not Admitted,6660,60.0,1.0,0,0
2003-2004,2003,Non-urgent,3,Unknown,Trauma,Not Admitted,109,41.0,0.6833,0,0
2003-2004,2003,Unknown,3,Unknown,Trauma,Not Admitted,0,0.0,0.0,0,1
2003-2004,2003,CTAS III - Urgent,3,Unknown,Unintentional Falls,Not Admitted,895,85.0,1.4167,0,0
2003-2004,2003,Less urgent,3,Unknown,Unintentional Falls,Not Admitted,1557,69.0,1.15,0,0
2003-2004,2003,Non-urgent,3,Unknown,Unintentional Falls,Not Admitted,18,42.0,0.7,0,0
2003-2004,2003,Unknown,3,Unknown,Unintentional Falls,Not Admitted,0,0.0,0.0,0,1
