fiscal_year,fiscal_year_start,triage_level,ctas_urgency_score,visit_disposition,main_problem,admission_status,ed_visits,median_los_minutes,median_los_hours,admission_flag,erbi
2021-2022,2021,CTAS I - Resuscitation,1,Admitted,Acute Myocardial Infarction,Admitted,1360,93,1.55,1,126480
2021-2022,2021,CTAS I - Resuscitation,1,Admitted,Asthma,Admitted,822,456,7.6,1,374832
2021-2022,2021,CTAS I - Resuscitation,1,Admitted,Influenzal Pneumonia,Admitted,0,0,0.0,1,0
2021-2022,2021,CTAS I - Resuscitation,1,Admitted,Motor Vehicle Collisions,Admitted,3032,324,5.4,1,982368
2021-2022,2021,CTAS I - Resuscitation,1,Admitted,Pneumonia,Admitted,1656,561,9.35,1,929016
2021-2022,2021,CTAS I - Resuscitation,1,Admitted,Trauma,Admitted,8476,348,5.8,1,2949648
2021-2022,2021,CTAS I - Resuscitation,1,Admitted,Unintentional Falls,Admitted,2393,456,7.6,1,1091208
2021-2022,2021,CTAS I - Resuscitation,1,Death,Acute Myocardial Infarction,Not Admitted,365,36,0.6,0,13140
2021-2022,2021,CTAS I - Resuscitation,1,Death,Asthma,Not Admitted,0,18,0.3,0,0
2021-2022,2021,CTAS I - Resuscitation,1,Death,Influenzal Pneumonia,Not Admitted,0,0,0.0,0,0
2021-2022,2021,CTAS I - Resuscitation,1,Death,Motor Vehicle Collisions,Not Admitted,195,30,0.5,0,5850
2021-2022,2021,CTAS I - Resuscitation,1,Death,Pneumonia,Not Admitted,32,324,5.4,0,10368
2021-2022,2021,CTAS I - Resuscitation,1,Death,Trauma,Not Admitted,683,60,1.0,0,40980
2021-2022,2021,CTAS I - Resuscitation,1,Death,Unintentional Falls,Not Admitted,120,201,3.35,0,24120
2021-2022,2021,CTAS I - Resuscitation,1,Discharged Home,Acute Myocardial Infarction,Not Admitted,7,36,0.6,0,252
2021-2022,2021,CTAS I - Resuscitation,1,Discharged Home,Asthma,Not Admitted,813,252,4.2,0,204876
2021-2022,2021,CTAS I - Resuscitation,1,Discharged Home,Influenzal Pneumonia,Not Admitted,0,0,0.0,0,0
2021-2022,2021,CTAS I - Resuscitation,1,Discharged Home,Motor Vehicle Collisions,Not Admitted,752,294,4.9,0,221088
2021-2022,2021,CTAS I - Resuscitation,1,Discharged Home,Pneumonia,Not Admitted,353,198,3.3,0,69894
2021-2022,2021,CTAS I - Resuscitation,1,Discharged Home,Trauma,Not Admitted,4095,258,4.3,0,1056510
2021-2022,2021,CTAS I - Resuscitation,1,Discharged Home,Unintentional Falls,Not Admitted,760,264,4.4,0,200640
2021-2022,2021,CTAS I - Resuscitation,1,Intra-Facility Transfer,Acute Myocardial Infarction,Not Admitted,158,33,0.55,0,5214
2021-2022,2021,CTAS I - Resuscitation,1,Intra-Facility Transfer,Asthma,Not Admitted,9,102,1.7,0,918
2021-2022,2021,CTAS I - Resuscitation,1,Intra-Facility Transfer,Influenzal Pneumonia,Not Admitted,0,0,0.0,0,0
2021-2022,2021,CTAS I - Resuscitation,1,Intra-Facility Transfer,Motor Vehicle Collisions,Not Admitted,16,237,3.95,0,3792
2021-2022,2021,CTAS I - Resuscitation,1,Intra-Facility Transfer,Pneumonia,Not Admitted,5,222,3.7,0,1110
2021-2022,2021,CTAS I - Resuscitation,1,Intra-Facility Transfer,Trauma,Not Admitted,87,144,2.4,0,12528
2021-2022,2021,CTAS I - Resuscitation,1,Intra-Facility Transfer,Unintentional Falls,Not Admitted,15,150,2.5,0,2250
2021-2022,2021,CTAS I - Resuscitation,1,Not Seen Or Left,Acute Myocardial Infarction,Not Admitted,0,411,6.85,0,0
2021-2022,2021,CTAS I - Resuscitation,1,Not Seen Or Left,Asthma,Not Admitted,9,180,3.0,0,1620
2021-2022,2021,CTAS I - Resuscitation,1,Not Seen Or Left,Influenzal Pneumonia,Not Admitted,0,0,0.0,0,0
2021-2022,2021,CTAS I - Resuscitation,1,Not Seen Or Left,Motor Vehicle Collisions,Not Admitted,22,213,3.55,0,4686
2021-2022,2021,CTAS I - Resuscitation,1,Not Seen Or Left,Pneumonia,Not Admitted,7,222,3.7,0,1554
2021-2022,2021,CTAS I - Resuscitation,1,Not Seen Or Left,Trauma,Not Admitted,138,228,3.8,0,31464
2021-2022,2021,CTAS I - Resuscitation,1,Not Seen Or Left,Unintentional Falls,Not Admitted,24,372,6.2,0,8928
2021-2022,2021,CTAS I - Resuscitation,1,Transferred,Acute Myocardial Infarction,Not Admitted,554,78,1.3,0,43212
2021-2022,2021,CTAS I - Resuscitation,1,Transferred,Asthma,Not Admitted,146,327,5.45,0,47742
2021-2022,2021,CTAS I - Resuscitation,1,Transferred,Influenzal Pneumonia,Not Admitted,0,198,3.3,0,0
2021-2022,2021,CTAS I - Resuscitation,1,Transferred,Motor Vehicle Collisions,Not Admitted,581,120,2.0,0,69720
2021-2022,2021,CTAS I - Resuscitation,1,Transferred,Pneumonia,Not Admitted,227,300,5.0,0,68100
2021-2022,2021,CTAS I - Resuscitation,1,Transferred,Trauma,Not Admitted,1758,156,2.6,0,274248
2021-2022,2021,CTAS I - Resuscitation,1,Transferred,Unintentional Falls,Not Admitted,400,192,3.2,0,76800
2021-2022,2021,CTAS I - Resuscitation,1,Unknown,Acute Myocardial Infarction,Not Admitted,0,0,0.0,0,0
2021-2022,2021,CTAS I - Resuscitation,1,Unknown,Asthma,Not Admitted,0,0,0.0,0,0
2021-2022,2021,CTAS I - Resuscitation,1,Unknown,Influenzal Pneumonia,Not Admitted,0,0,0.0,0,0
2021-2022,2021,CTAS I - Resuscitation,1,Unknown,Motor Vehicle Collisions,Not Admitted,0,0,0.0,0,0
2021-2022,2021,CTAS I - Resuscitation,1,Unknown,Pneumonia,Not Admitted,0,0,0.0,0,0
2021-2022,2021,CTAS I - Resuscitation,1,Unknown,Trauma,Not Admitted,0,0,0.0,0,0
2021-2022,2021,CTAS I - Resuscitation,1,Unknown,Unintentional Falls,Not Admitted,0,0,0.0,0,0
2021-2022,2021,CTAS II - Emergent,2,Admitted,Acute Myocardial Infarction,Admitted,13347,528,8.8,1,7047216
2021-2022,2021,CTAS II - Emergent,2,Admitted,Asthma,Admitted,2250,564,9.4,1,1269000
2021-2022,2021,CTAS II - Emergent,2,Admitted,Influenzal Pneumonia,Admitted,0,1506,25.1,1,0
2021-2022,2021,CTAS II - Emergent,2,Admitted,Motor Vehicle Collisions,Admitted,4363,462,7.7,1,2015706
2021-2022,2021,CTAS II - Emergent,2,Admitted,Pneumonia,Admitted,11251,768,12.8,1,8640768
2021-2022,2021,CTAS II - Emergent,2,Admitted,Trauma,Admitted,29489,588,9.8,1,17339532
2021-2022,2021,CTAS II - Emergent,2,Admitted,Unintentional Falls,Admitted,17236,660,11.0,1,11375760
2021-2022,2021,CTAS II - Emergent,2,Death,Acute Myocardial Infarction,Not Admitted,88,180,3.0,0,15840
2021-2022,2021,CTAS II - Emergent,2,Death,Asthma,Not Admitted,0,0,0.0,0,0
2021-2022,2021,CTAS II - Emergent,2,Death,Influenzal Pneumonia,Not Admitted,0,0,0.0,0,0
2021-2022,2021,CTAS II - Emergent,2,Death,Motor Vehicle Collisions,Not Admitted,0,126,2.1,0,0
2021-2022,2021,CTAS II - Emergent,2,Death,Pneumonia,Not Admitted,36,357,5.95,0,12852
2021-2022,2021,CTAS II - Emergent,2,Death,Trauma,Not Admitted,49,288,4.8,0,14112
2021-2022,2021,CTAS II - Emergent,2,Death,Unintentional Falls,Not Admitted,30,324,5.4,0,9720
2021-2022,2021,CTAS II - Emergent,2,Discharged Home,Acute Myocardial Infarction,Not Admitted,463,288,4.8,0,133344
2021-2022,2021,CTAS II - Emergent,2,Discharged Home,Asthma,Not Admitted,9616,240,4.0,0,2307840
2021-2022,2021,CTAS II - Emergent,2,Discharged Home,Influenzal Pneumonia,Not Admitted,7,204,3.4,0,1428
2021-2022,2021,CTAS II - Emergent,2,Discharged Home,Motor Vehicle Collisions,Not Admitted,28661,210,3.5,0,6018810
2021-2022,2021,CTAS II - Emergent,2,Discharged Home,Pneumonia,Not Admitted,9007,264,4.4,0,2377848
2021-2022,2021,CTAS II - Emergent,2,Discharged Home,Trauma,Not Admitted,182660,186,3.1,0,33974760
2021-2022,2021,CTAS II - Emergent,2,Discharged Home,Unintentional Falls,Not Admitted,63926,210,3.5,0,13424460
2021-2022,2021,CTAS II - Emergent,2,Intra-Facility Transfer,Acute Myocardial Infarction,Not Admitted,146,66,1.1,0,9636
2021-2022,2021,CTAS II - Emergent,2,Intra-Facility Transfer,Asthma,Not Admitted,27,216,3.6,0,5832
2021-2022,2021,CTAS II - Emergent,2,Intra-Facility Transfer,Influenzal Pneumonia,Not Admitted,0,0,0.0,0,0
2021-2022,2021,CTAS II - Emergent,2,Intra-Facility Transfer,Motor Vehicle Collisions,Not Admitted,85,288,4.8,0,24480
2021-2022,2021,CTAS II - Emergent,2,Intra-Facility Transfer,Pneumonia,Not Admitted,13,336,5.6,0,4368
2021-2022,2021,CTAS II - Emergent,2,Intra-Facility Transfer,Trauma,Not Admitted,1319,204,3.4,0,269076
2021-2022,2021,CTAS II - Emergent,2,Intra-Facility Transfer,Unintentional Falls,Not Admitted,230,270,4.5,0,62100
2021-2022,2021,CTAS II - Emergent,2,Not Seen Or Left,Acute Myocardial Infarction,Not Admitted,104,315,5.25,0,32760
2021-2022,2021,CTAS II - Emergent,2,Not Seen Or Left,Asthma,Not Admitted,122,222,3.7,0,27084
2021-2022,2021,CTAS II - Emergent,2,Not Seen Or Left,Influenzal Pneumonia,Not Admitted,0,0,0.0,0,0
2021-2022,2021,CTAS II - Emergent,2,Not Seen Or Left,Motor Vehicle Collisions,Not Admitted,926,162,2.7,0,150012
2021-2022,2021,CTAS II - Emergent,2,Not Seen Or Left,Pneumonia,Not Admitted,106,276,4.6,0,29256
2021-2022,2021,CTAS II - Emergent,2,Not Seen Or Left,Trauma,Not Admitted,6290,156,2.6,0,981240
2021-2022,2021,CTAS II - Emergent,2,Not Seen Or Left,Unintentional Falls,Not Admitted,1728,180,3.0,0,311040
2021-2022,2021,CTAS II - Emergent,2,Transferred,Acute Myocardial Infarction,Not Admitted,4487,138,2.3,0,619206
2021-2022,2021,CTAS II - Emergent,2,Transferred,Asthma,Not Admitted,317,348,5.8,0,110316
2021-2022,2021,CTAS II - Emergent,2,Transferred,Influenzal Pneumonia,Not Admitted,0,462,7.7,0,0
2021-2022,2021,CTAS II - Emergent,2,Transferred,Motor Vehicle Collisions,Not Admitted,2439,228,3.8,0,556092
2021-2022,2021,CTAS II - Emergent,2,Transferred,Pneumonia,Not Admitted,1150,384,6.4,0,441600
2021-2022,2021,CTAS II - Emergent,2,Transferred,Trauma,Not Admitted,14647,276,4.6,0,4042572
2021-2022,2021,CTAS II - Emergent,2,Transferred,Unintentional Falls,Not Admitted,7147,330,5.5,0,2358510
2021-2022,2021,CTAS II - Emergent,2,Unknown,Acute Myocardial Infarction,Not Admitted,0,0,0.0,0,0
2021-2022,2021,CTAS II - Emergent,2,Unknown,Asthma,Not Admitted,0,0,0.0,0,0
2021-2022,2021,CTAS II - Emergent,2,Unknown,Influenzal Pneumonia,Not Admitted,0,0,0.0,0,0
2021-2022,2021,CTAS II - Emergent,2,Unknown,Motor Vehicle Collisions,Not Admitted,0,0,0.0,0,0
2021-2022,2021,CTAS II - Emergent,2,Unknown,Pneumonia,Not Admitted,0,0,0.0,0,0
2021-2022,2021,CTAS II - Emergent,2,Unknown,Trauma,Not Admitted,0,0,0.0,0,0
2021-2022,2021,CTAS II - Emergent,2,Unknown,Unintentional Falls,Not Admitted,0,0,0.0,0,0
2021-2022,2021,CTAS III - Urgent,3,Admitted,Acute Myocardial Infarction,Admitted,3592,666,11.1,1,2392272
2021-2022,2021,Less urgent,3,Admitted,Acute Myocardial Infarction,Admitted,311,582,9.7,1,181002
2021-2022,2021,Non-urgent,3,Admitted,Acute Myocardial Infarction,Admitted,39,516,8.6,1,20124
2021-2022,2021,Unknown,3,Admitted,Acute Myocardial Infarction,Admitted,68,240,4.0,1,16320
2021-2022,2021,CTAS III - Urgent,3,Admitted,Asthma,Admitted,882,660,11.0,1,582120
2021-2022,2021,Less urgent,3,Admitted,Asthma,Admitted,27,354,5.9,1,9558
2021-2022,2021,Non-urgent,3,Admitted,Asthma,Admitted,7,450,7.5,1,3150
2021-2022,2021,Unknown,3,Admitted,Asthma,Admitted,15,246,4.1,1,3690
2021-2022,2021,CTAS III - Urgent,3,Admitted,Influenzal Pneumonia,Admitted,9,768,12.8,1,6912
2021-2022,2021,Less urgent,3,Admitted,Influenzal Pneumonia,Admitted,0,0,0.0,1,0
2021-2022,2021,Non-urgent,3,Admitted,Influenzal Pneumonia,Admitted,0,0,0.0,1,0
2021-2022,2021,Unknown,3,Admitted,Influenzal Pneumonia,Admitted,0,132,2.2,1,0
2021-2022,2021,CTAS III - Urgent,3,Admitted,Motor Vehicle Collisions,Admitted,2394,480,8.0,1,1149120
2021-2022,2021,Less urgent,3,Admitted,Motor Vehicle Collisions,Admitted,277,420,7.0,1,116340
2021-2022,2021,Non-urgent,3,Admitted,Motor Vehicle Collisions,Admitted,47,342,5.7,1,16074
2021-2022,2021,Unknown,3,Admitted,Motor Vehicle Collisions,Admitted,46,198,3.3,1,9108
2021-2022,2021,CTAS III - Urgent,3,Admitted,Pneumonia,Admitted,9424,792,13.2,1,7463808
2021-2022,2021,Less urgent,3,Admitted,Pneumonia,Admitted,599,558,9.3,1,334242
2021-2022,2021,Non-urgent,3,Admitted,Pneumonia,Admitted,60,420,7.0,1,25200
2021-2022,2021,Unknown,3,Admitted,Pneumonia,Admitted,120,210,3.5,1,25200
2021-2022,2021,CTAS III - Urgent,3,Admitted,Trauma,Admitted,48227,618,10.3,1,29804286
2021-2022,2021,Less urgent,3,Admitted,Trauma,Admitted,5615,462,7.7,1,2594130
2021-2022,2021,Non-urgent,3,Admitted,Trauma,Admitted,822,378,6.3,1,310716
2021-2022,2021,Unknown,3,Admitted,Trauma,Admitted,321,270,4.5,1,86670
2021-2022,2021,CTAS III - Urgent,3,Admitted,Unintentional Falls,Admitted,37604,642,10.7,1,24141768
2021-2022,2021,Less urgent,3,Admitted,Unintentional Falls,Admitted,3820,480,8.0,1,1833600
2021-2022,2021,Non-urgent,3,Admitted,Unintentional Falls,Admitted,503,396,6.6,1,199188
2021-2022,2021,Unknown,3,Admitted,Unintentional Falls,Admitted,190,306,5.1,1,58140
2021-2022,2021,CTAS III - Urgent,3,Death,Acute Myocardial Infarction,Not Admitted,30,276,4.6,0,8280
2021-2022,2021,Less urgent,3,Death,Acute Myocardial Infarction,Not Admitted,0,168,2.8,0,0
2021-2022,2021,Non-urgent,3,Death,Acute Myocardial Infarction,Not Admitted,0,0,0.0,0,0
2021-2022,2021,Unknown,3,Death,Acute Myocardial Infarction,Not Admitted,9,42,0.7,0,378
2021-2022,2021,CTAS III - Urgent,3,Death,Asthma,Not Admitted,0,0,0.0,0,0
2021-2022,2021,Less urgent,3,Death,Asthma,Not Admitted,0,0,0.0,0,0
2021-2022,2021,Non-urgent,3,Death,Asthma,Not Admitted,0,84,1.4,0,0
2021-2022,2021,Unknown,3,Death,Asthma,Not Admitted,0,0,0.0,0,0
2021-2022,2021,CTAS III - Urgent,3,Death,Influenzal Pneumonia,Not Admitted,0,0,0.0,0,0
2021-2022,2021,Less urgent,3,Death,Influenzal Pneumonia,Not Admitted,0,0,0.0,0,0
2021-2022,2021,Non-urgent,3,Death,Influenzal Pneumonia,Not Admitted,0,0,0.0,0,0
2021-2022,2021,Unknown,3,Death,Influenzal Pneumonia,Not Admitted,0,0,0.0,0,0
2021-2022,2021,CTAS III - Urgent,3,Death,Motor Vehicle Collisions,Not Admitted,0,0,0.0,0,0
2021-2022,2021,Less urgent,3,Death,Motor Vehicle Collisions,Not Admitted,0,117,1.95,0,0
2021-2022,2021,Non-urgent,3,Death,Motor Vehicle Collisions,Not Admitted,0,0,0.0,0,0
2021-2022,2021,Unknown,3,Death,Motor Vehicle Collisions,Not Admitted,0,180,3.0,0,0
2021-2022,2021,CTAS III - Urgent,3,Death,Pneumonia,Not Admitted,14,426,7.1,0,5964
2021-2022,2021,Less urgent,3,Death,Pneumonia,Not Admitted,0,0,0.0,0,0
2021-2022,2021,Non-urgent,3,Death,Pneumonia,Not Admitted,0,0,0.0,0,0
2021-2022,2021,Unknown,3,Death,Pneumonia,Not Admitted,0,0,0.0,0,0
2021-2022,2021,CTAS III - Urgent,3,Death,Trauma,Not Admitted,39,402,6.7,0,15678
2021-2022,2021,Less urgent,3,Death,Trauma,Not Admitted,6,147,2.45,0,882
2021-2022,2021,Non-urgent,3,Death,Trauma,Not Admitted,0,90,1.5,0,0
2021-2022,2021,Unknown,3,Death,Trauma,Not Admitted,20,69,1.15,0,1380
2021-2022,2021,CTAS III - Urgent,3,Death,Unintentional Falls,Not Admitted,30,462,7.7,0,13860
2021-2022,2021,Less urgent,3,Death,Unintentional Falls,Not Admitted,0,357,5.95,0,0
2021-2022,2021,Non-urgent,3,Death,Unintentional Falls,Not Admitted,0,0,0.0,0,0
2021-2022,2021,Unknown,3,Death,Unintentional Falls,Not Admitted,0,96,1.6,0,0
2021-2022,2021,CTAS III - Urgent,3,Discharged Home,Acute Myocardial Infarction,Not Admitted,213,411,6.85,0,87543
2021-2022,2021,Less urgent,3,Discharged Home,Acute Myocardial Infarction,Not Admitted,28,333,5.55,0,9324
2021-2022,2021,Non-urgent,3,Discharged Home,Acute Myocardial Infarction,Not Admitted,19,90,1.5,0,1710
2021-2022,2021,Unknown,3,Discharged Home,Acute Myocardial Infarction,Not Admitted,7,342,5.7,0,2394
2021-2022,2021,CTAS III - Urgent,3,Discharged Home,Asthma,Not Admitted,16927,192,3.2,0,3249984
2021-2022,2021,Less urgent,3,Discharged Home,Asthma,Not Admitted,6090,138,2.3,0,840420
2021-2022,2021,Non-urgent,3,Discharged Home,Asthma,Not Admitted,1274,114,1.9,0,145236
2021-2022,2021,Unknown,3,Discharged Home,Asthma,Not Admitted,203,96,1.6,0,19488
2021-2022,2021,CTAS III - Urgent,3,Discharged Home,Influenzal Pneumonia,Not Admitted,28,252,4.2,0,7056
2021-2022,2021,Less urgent,3,Discharged Home,Influenzal Pneumonia,Not Admitted,7,258,4.3,0,1806
2021-2022,2021,Non-urgent,3,Discharged Home,Influenzal Pneumonia,Not Admitted,0,84,1.4,0,0
2021-2022,2021,Unknown,3,Discharged Home,Influenzal Pneumonia,Not Admitted,0,0,0.0,0,0
2021-2022,2021,CTAS III - Urgent,3,Discharged Home,Motor Vehicle Collisions,Not Admitted,64405,168,2.8,0,10820040
2021-2022,2021,Less urgent,3,Discharged Home,Motor Vehicle Collisions,Not Admitted,29591,138,2.3,0,4083558
2021-2022,2021,Non-urgent,3,Discharged Home,Motor Vehicle Collisions,Not Admitted,4443,120,2.0,0,533160
2021-2022,2021,Unknown,3,Discharged Home,Motor Vehicle Collisions,Not Admitted,552,102,1.7,0,56304
2021-2022,2021,CTAS III - Urgent,3,Discharged Home,Pneumonia,Not Admitted,20185,234,3.9,0,4723290
2021-2022,2021,Less urgent,3,Discharged Home,Pneumonia,Not Admitted,5707,174,2.9,0,993018
2021-2022,2021,Non-urgent,3,Discharged Home,Pneumonia,Not Admitted,1195,150,2.5,0,179250
2021-2022,2021,Unknown,3,Discharged Home,Pneumonia,Not Admitted,157,132,2.2,0,20724
2021-2022,2021,CTAS III - Urgent,3,Discharged Home,Trauma,Not Admitted,731133,150,2.5,0,109669950
2021-2022,2021,Less urgent,3,Discharged Home,Trauma,Not Admitted,568538,126,2.1,0,71635788
2021-2022,2021,Non-urgent,3,Discharged Home,Trauma,Not Admitted,128699,108,1.8,0,13899492
2021-2022,2021,Unknown,3,Discharged Home,Trauma,Not Admitted,7366,84,1.4,0,618744
2021-2022,2021,CTAS III - Urgent,3,Discharged Home,Unintentional Falls,Not Admitted,280679,174,2.9,0,48838146
2021-2022,2021,Less urgent,3,Discharged Home,Unintentional Falls,Not Admitted,169765,138,2.3,0,23427570
2021-2022,2021,Non-urgent,3,Discharged Home,Unintentional Falls,Not Admitted,26457,126,2.1,0,3333582
2021-2022,2021,Unknown,3,Discharged Home,Unintentional Falls,Not Admitted,2089,96,1.6,0,200544
2021-2022,2021,CTAS III - Urgent,3,Intra-Facility Transfer,Acute Myocardial Infarction,Not Admitted,8,255,4.25,0,2040
2021-2022,2021,Less urgent,3,Intra-Facility Transfer,Acute Myocardial Infarction,Not Admitted,0,66,1.1,0,0
2021-2022,2021,Non-urgent,3,Intra-Facility Transfer,Acute Myocardial Infarction,Not Admitted,0,0,0.0,0,0
2021-2022,2021,Unknown,3,Intra-Facility Transfer,Acute Myocardial Infarction,Not Admitted,0,12,0.2,0,0
2021-2022,2021,CTAS III - Urgent,3,Intra-Facility Transfer,Asthma,Not Admitted,0,120,2.0,0,0
2021-2022,2021,Less urgent,3,Intra-Facility Transfer,Asthma,Not Admitted,0,108,1.8,0,0
2021-2022,2021,Non-urgent,3,Intra-Facility Transfer,Asthma,Not Admitted,0,0,0.0,0,0
2021-2022,2021,Unknown,3,Intra-Facility Transfer,Asthma,Not Admitted,0,0,0.0,0,0
2021-2022,2021,CTAS III - Urgent,3,Intra-Facility Transfer,Influenzal Pneumonia,Not Admitted,0,0,0.0,0,0
2021-2022,2021,Less urgent,3,Intra-Facility Transfer,Influenzal Pneumonia,Not Admitted,0,0,0.0,0,0
2021-2022,2021,Non-urgent,3,Intra-Facility Transfer,Influenzal Pneumonia,Not Admitted,0,0,0.0,0,0
2021-2022,2021,Unknown,3,Intra-Facility Transfer,Influenzal Pneumonia,Not Admitted,0,0,0.0,0,0
2021-2022,2021,CTAS III - Urgent,3,Intra-Facility Transfer,Motor Vehicle Collisions,Not Admitted,96,264,4.4,0,25344
2021-2022,2021,Less urgent,3,Intra-Facility Transfer,Motor Vehicle Collisions,Not Admitted,34,159,2.65,0,5406
2021-2022,2021,Non-urgent,3,Intra-Facility Transfer,Motor Vehicle Collisions,Not Admitted,15,132,2.2,0,1980
2021-2022,2021,Unknown,3,Intra-Facility Transfer,Motor Vehicle Collisions,Not Admitted,0,48,0.8,0,0
2021-2022,2021,CTAS III - Urgent,3,Intra-Facility Transfer,Pneumonia,Not Admitted,14,240,4.0,0,3360
2021-2022,2021,Less urgent,3,Intra-Facility Transfer,Pneumonia,Not Admitted,0,210,3.5,0,0
2021-2022,2021,Non-urgent,3,Intra-Facility Transfer,Pneumonia,Not Admitted,0,0,0.0,0,0
2021-2022,2021,Unknown,3,Intra-Facility Transfer,Pneumonia,Not Admitted,0,0,0.0,0,0
2021-2022,2021,CTAS III - Urgent,3,Intra-Facility Transfer,Trauma,Not Admitted,2292,240,4.0,0,550080
2021-2022,2021,Less urgent,3,Intra-Facility Transfer,Trauma,Not Admitted,754,186,3.1,0,140244
2021-2022,2021,Non-urgent,3,Intra-Facility Transfer,Trauma,Not Admitted,253,132,2.2,0,33396
2021-2022,2021,Unknown,3,Intra-Facility Transfer,Trauma,Not Admitted,32,66,1.1,0,2112
2021-2022,2021,CTAS III - Urgent,3,Intra-Facility Transfer,Unintentional Falls,Not Admitted,597,288,4.8,0,171936
2021-2022,2021,Less urgent,3,Intra-Facility Transfer,Unintentional Falls,Not Admitted,179,204,3.4,0,36516
2021-2022,2021,Non-urgent,3,Intra-Facility Transfer,Unintentional Falls,Not Admitted,53,144,2.4,0,7632
2021-2022,2021,Unknown,3,Intra-Facility Transfer,Unintentional Falls,Not Admitted,11,90,1.5,0,990
2021-2022,2021,CTAS III - Urgent,3,Not Seen Or Left,Acute Myocardial Infarction,Not Admitted,46,360,6.0,0,16560
2021-2022,2021,Less urgent,3,Not Seen Or Left,Acute Myocardial Infarction,Not Admitted,6,276,4.6,0,1656
2021-2022,2021,Non-urgent,3,Not Seen Or Left,Acute Myocardial Infarction,Not Admitted,0,174,2.9,0,0
2021-2022,2021,Unknown,3,Not Seen Or Left,Acute Myocardial Infarction,Not Admitted,0,144,2.4,0,0
2021-2022,2021,CTAS III - Urgent,3,Not Seen Or Left,Asthma,Not Admitted,252,186,3.1,0,46872
2021-2022,2021,Less urgent,3,Not Seen Or Left,Asthma,Not Admitted,83,144,2.4,0,11952
2021-2022,2021,Non-urgent,3,Not Seen Or Left,Asthma,Not Admitted,13,180,3.0,0,2340
2021-2022,2021,Unknown,3,Not Seen Or Left,Asthma,Not Admitted,11,48,0.8,0,528
2021-2022,2021,CTAS III - Urgent,3,Not Seen Or Left,Influenzal Pneumonia,Not Admitted,0,0,0.0,0,0
2021-2022,2021,Less urgent,3,Not Seen Or Left,Influenzal Pneumonia,Not Admitted,0,0,0.0,0,0
2021-2022,2021,Non-urgent,3,Not Seen Or Left,Influenzal Pneumonia,Not Admitted,0,0,0.0,0,0
2021-2022,2021,Unknown,3,Not Seen Or Left,Influenzal Pneumonia,Not Admitted,0,0,0.0,0,0
2021-2022,2021,CTAS III - Urgent,3,Not Seen Or Left,Motor Vehicle Collisions,Not Admitted,2687,168,2.8,0,451416
2021-2022,2021,Less urgent,3,Not Seen Or Left,Motor Vehicle Collisions,Not Admitted,1302,162,2.7,0,210924
2021-2022,2021,Non-urgent,3,Not Seen Or Left,Motor Vehicle Collisions,Not Admitted,221,138,2.3,0,30498
2021-2022,2021,Unknown,3,Not Seen Or Left,Motor Vehicle Collisions,Not Admitted,75,42,0.7,0,3150
2021-2022,2021,CTAS III - Urgent,3,Not Seen Or Left,Pneumonia,Not Admitted,178,294,4.9,0,52332
2021-2022,2021,Less urgent,3,Not Seen Or Left,Pneumonia,Not Admitted,49,162,2.7,0,7938
2021-2022,2021,Non-urgent,3,Not Seen Or Left,Pneumonia,Not Admitted,9,252,4.2,0,2268
2021-2022,2021,Unknown,3,Not Seen Or Left,Pneumonia,Not Admitted,9,132,2.2,0,1188
2021-2022,2021,CTAS III - Urgent,3,Not Seen Or Left,Trauma,Not Admitted,31508,156,2.6,0,4915248
2021-2022,2021,Less urgent,3,Not Seen Or Left,Trauma,Not Admitted,25663,144,2.4,0,3695472
2021-2022,2021,Non-urgent,3,Not Seen Or Left,Trauma,Not Admitted,7735,108,1.8,0,835380
2021-2022,2021,Unknown,3,Not Seen Or Left,Trauma,Not Admitted,2487,30,0.5,0,74610
2021-2022,2021,CTAS III - Urgent,3,Not Seen Or Left,Unintentional Falls,Not Admitted,9181,162,2.7,0,1487322
2021-2022,2021,Less urgent,3,Not Seen Or Left,Unintentional Falls,Not Admitted,6302,144,2.4,0,907488
2021-2022,2021,Non-urgent,3,Not Seen Or Left,Unintentional Falls,Not Admitted,1111,129,2.15,0,143319
2021-2022,2021,Unknown,3,Not Seen Or Left,Unintentional Falls,Not Admitted,276,48,0.8,0,13248
2021-2022,2021,CTAS III - Urgent,3,Transferred,Acute Myocardial Infarction,Not Admitted,858,270,4.5,0,231660
2021-2022,2021,Less urgent,3,Transferred,Acute Myocardial Infarction,Not Admitted,112,339,5.65,0,37968
2021-2022,2021,Non-urgent,3,Transferred,Acute Myocardial Infarction,Not Admitted,19,276,4.6,0,5244
2021-2022,2021,Unknown,3,Transferred,Acute Myocardial Infarction,Not Admitted,43,111,1.85,0,4773
2021-2022,2021,CTAS III - Urgent,3,Transferred,Asthma,Not Admitted,168,300,5.0,0,50400
2021-2022,2021,Less urgent,3,Transferred,Asthma,Not Admitted,44,231,3.85,0,10164
2021-2022,2021,Non-urgent,3,Transferred,Asthma,Not Admitted,6,183,3.05,0,1098
2021-2022,2021,Unknown,3,Transferred,Asthma,Not Admitted,0,0,0.0,0,0
2021-2022,2021,CTAS III - Urgent,3,Transferred,Influenzal Pneumonia,Not Admitted,0,450,7.5,0,0
2021-2022,2021,Less urgent,3,Transferred,Influenzal Pneumonia,Not Admitted,0,0,0.0,0,0
2021-2022,2021,Non-urgent,3,Transferred,Influenzal Pneumonia,Not Admitted,0,0,0.0,0,0
2021-2022,2021,Unknown,3,Transferred,Influenzal Pneumonia,Not Admitted,0,0,0.0,0,0
2021-2022,2021,CTAS III - Urgent,3,Transferred,Motor Vehicle Collisions,Not Admitted,1511,228,3.8,0,344508
2021-2022,2021,Less urgent,3,Transferred,Motor Vehicle Collisions,Not Admitted,270,204,3.4,0,55080
2021-2022,2021,Non-urgent,3,Transferred,Motor Vehicle Collisions,Not Admitted,31,186,3.1,0,5766
2021-2022,2021,Unknown,3,Transferred,Motor Vehicle Collisions,Not Admitted,69,216,3.6,0,14904
2021-2022,2021,CTAS III - Urgent,3,Transferred,Pneumonia,Not Admitted,1435,408,6.8,0,585480
2021-2022,2021,Less urgent,3,Transferred,Pneumonia,Not Admitted,187,318,5.3,0,59466
2021-2022,2021,Non-urgent,3,Transferred,Pneumonia,Not Admitted,34,255,4.25,0,8670
2021-2022,2021,Unknown,3,Transferred,Pneumonia,Not Admitted,23,216,3.6,0,4968
2021-2022,2021,CTAS III - Urgent,3,Transferred,Trauma,Not Admitted,31933,318,5.3,0,10154694
2021-2022,2021,Less urgent,3,Transferred,Trauma,Not Admitted,7576,216,3.6,0,1636416
2021-2022,2021,Non-urgent,3,Transferred,Trauma,Not Admitted,1298,168,2.8,0,218064
2021-2022,2021,Unknown,3,Transferred,Trauma,Not Admitted,357,174,2.9,0,62118
2021-2022,2021,CTAS III - Urgent,3,Transferred,Unintentional Falls,Not Admitted,22034,354,5.9,0,7800036
2021-2022,2021,Less urgent,3,Transferred,Unintentional Falls,Not Admitted,4236,246,4.1,0,1042056
2021-2022,2021,Non-urgent,3,Transferred,Unintentional Falls,Not Admitted,566,210,3.5,0,118860
2021-2022,2021,Unknown,3,Transferred,Unintentional Falls,Not Admitted,158,198,3.3,0,31284
2021-2022,2021,CTAS III - Urgent,3,Unknown,Acute Myocardial Infarction,Not Admitted,0,0,0.0,0,0
2021-2022,2021,Less urgent,3,Unknown,Acute Myocardial Infarction,Not Admitted,0,0,0.0,0,0
2021-2022,2021,Non-urgent,3,Unknown,Acute Myocardial Infarction,Not Admitted,0,0,0.0,0,0
2021-2022,2021,Unknown,3,Unknown,Acute Myocardial Infarction,Not Admitted,0,0,0.0,0,0
2021-2022,2021,CTAS III - Urgent,3,Unknown,Asthma,Not Admitted,0,0,0.0,0,0
2021-2022,2021,Less urgent,3,Unknown,Asthma,Not Admitted,0,0,0.0,0,0
2021-2022,2021,Non-urgent,3,Unknown,Asthma,Not Admitted,0,0,0.0,0,0
2021-2022,2021,Unknown,3,Unknown,Asthma,Not Admitted,0,0,0.0,0,0
2021-2022,2021,CTAS III - Urgent,3,Unknown,Influenzal Pneumonia,Not Admitted,0,0,0.0,0,0
2021-2022,2021,Less urgent,3,Unknown,Influenzal Pneumonia,Not Admitted,0,0,0.0,0,0
2021-2022,2021,Non-urgent,3,Unknown,Influenzal Pneumonia,Not Admitted,0,0,0.0,0,0
2021-2022,2021,Unknown,3,Unknown,Influenzal Pneumonia,Not Admitted,0,0,0.0,0,0
2021-2022,2021,CTAS III - Urgent,3,Unknown,Motor Vehicle Collisions,Not Admitted,0,0,0.0,0,0
2021-2022,2021,Less urgent,3,Unknown,Motor Vehicle Collisions,Not Admitted,0,0,0.0,0,0
2021-2022,2021,Non-urgent,3,Unknown,Motor Vehicle Collisions,Not Admitted,0,0,0.0,0,0
2021-2022,2021,Unknown,3,Unknown,Motor Vehicle Collisions,Not Admitted,0,0,0.0,0,0
2021-2022,2021,CTAS III - Urgent,3,Unknown,Pneumonia,Not Admitted,0,0,0.0,0,0
2021-2022,2021,Less urgent,3,Unknown,Pneumonia,Not Admitted,0,0,0.0,0,0
2021-2022,2021,Non-urgent,3,Unknown,Pneumonia,Not Admitted,0,0,0.0,0,0
2021-2022,2021,Unknown,3,Unknown,Pneumonia,Not Admitted,0,0,0.0,0,0
2021-2022,2021,CTAS III - Urgent,3,Unknown,Trauma,Not Admitted,0,0,0.0,0,0
2021-2022,2021,Less urgent,3,Unknown,Trauma,Not Admitted,0,0,0.0,0,0
2021-2022,2021,Non-urgent,3,Unknown,Trauma,Not Admitted,0,0,0.0,0,0
2021-2022,2021,Unknown,3,Unknown,Trauma,Not Admitted,0,0,0.0,0,0
2021-2022,2021,CTAS III - Urgent,3,Unknown,Unintentional Falls,Not Admitted,0,0,0.0,0,0
2021-2022,2021,Less urgent,3,Unknown,Unintentional Falls,Not Admitted,0,0,0.0,0,0
2021-2022,2021,Non-urgent,3,Unknown,Unintentional Falls,Not Admitted,0,0,0.0,0,0
2021-2022,2021,Unknown,3,Unknown,Unintentional Falls,Not Admitted,0,0,0.0,0,0
2020-2021,2020,CTAS I - Resuscitation,1,Admitted,Acute Myocardial Infarction,Admitted,1399,84,1.4,1,117516
2020-2021,2020,CTAS I - Resuscitation,1,Admitted,Asthma,Admitted,328,411,6.85,1,134808
2020-2021,2020,CTAS I - Resuscitation,1,Admitted,Influenzal Pneumonia,Admitted,0,360,6.0,1,0
2020-2021,2020,CTAS I - Resuscitation,1,Admitted,Motor Vehicle Collisions,Admitted,2611,300,5.0,1,783300
2020-2021,2020,CTAS I - Resuscitation,1,Admitted,Pneumonia,Admitted,1483,456,7.6,1,676248
2020-2021,2020,CTAS I - Resuscitation,1,Admitted,Trauma,Admitted,7500,306,5.1,1,2295000
2020-2021,2020,CTAS I - Resuscitation,1,Admitted,Unintentional Falls,Admitted,2133,366,6.1,1,780678
2020-2021,2020,CTAS I - Resuscitation,1,Death,Acute Myocardial Infarction,Not Admitted,346,24,0.4,0,8304
2020-2021,2020,CTAS I - Resuscitation,1,Death,Asthma,Not Admitted,0,12,0.2,0,0
2020-2021,2020,CTAS I - Resuscitation,1,Death,Influenzal Pneumonia,Not Admitted,0,0,0.0,0,0
2020-2021,2020,CTAS I - Resuscitation,1,Death,Motor Vehicle Collisions,Not Admitted,201,36,0.6,0,7236
2020-2021,2020,CTAS I - Resuscitation,1,Death,Pneumonia,Not Admitted,27,180,3.0,0,4860
2020-2021,2020,CTAS I - Resuscitation,1,Death,Trauma,Not Admitted,674,42,0.7,0,28308
2020-2021,2020,CTAS I - Resuscitation,1,Death,Unintentional Falls,Not Admitted,104,165,2.75,0,17160
2020-2021,2020,CTAS I - Resuscitation,1,Discharged Home,Acute Myocardial Infarction,Not Admitted,18,105,1.75,0,1890
2020-2021,2020,CTAS I - Resuscitation,1,Discharged Home,Asthma,Not Admitted,317,234,3.9,0,74178
2020-2021,2020,CTAS I - Resuscitation,1,Discharged Home,Influenzal Pneumonia,Not Admitted,0,0,0.0,0,0
2020-2021,2020,CTAS I - Resuscitation,1,Discharged Home,Motor Vehicle Collisions,Not Admitted,599,282,4.7,0,168918
2020-2021,2020,CTAS I - Resuscitation,1,Discharged Home,Pneumonia,Not Admitted,107,216,3.6,0,23112
2020-2021,2020,CTAS I - Resuscitation,1,Discharged Home,Trauma,Not Admitted,3272,252,4.2,0,824544
2020-2021,2020,CTAS I - Resuscitation,1,Discharged Home,Unintentional Falls,Not Admitted,625,264,4.4,0,165000
2020-2021,2020,CTAS I - Resuscitation,1,Intra-Facility Transfer,Acute Myocardial Infarction,Not Admitted,16,69,1.15,0,1104
2020-2021,2020,CTAS I - Resuscitation,1,Intra-Facility Transfer,Asthma,Not Admitted,0,114,1.9,0,0
2020-2021,2020,CTAS I - Resuscitation,1,Intra-Facility Transfer,Influenzal Pneumonia,Not Admitted,0,0,0.0,0,0
2020-2021,2020,CTAS I - Resuscitation,1,Intra-Facility Transfer,Motor Vehicle Collisions,Not Admitted,12,93,1.55,0,1116
2020-2021,2020,CTAS I - Resuscitation,1,Intra-Facility Transfer,Pneumonia,Not Admitted,0,0,0.0,0,0
2020-2021,2020,CTAS I - Resuscitation,1,Intra-Facility Transfer,Trauma,Not Admitted,76,120,2.0,0,9120
2020-2021,2020,CTAS I - Resuscitation,1,Intra-Facility Transfer,Unintentional Falls,Not Admitted,17,156,2.6,0,2652
2020-2021,2020,CTAS I - Resuscitation,1,Not Seen Or Left,Acute Myocardial Infarction,Not Admitted,0,465,7.75,0,0
2020-2021,2020,CTAS I - Resuscitation,1,Not Seen Or Left,Asthma,Not Admitted,15,216,3.6,0,3240
2020-2021,2020,CTAS I - Resuscitation,1,Not Seen Or Left,Influenzal Pneumonia,Not Admitted,0,0,0.0,0,0
2020-2021,2020,CTAS I - Resuscitation,1,Not Seen Or Left,Motor Vehicle Collisions,Not Admitted,25,186,3.1,0,4650
2020-2021,2020,CTAS I - Resuscitation,1,Not Seen Or Left,Pneumonia,Not Admitted,0,909,15.15,0,0
2020-2021,2020,CTAS I - Resuscitation,1,Not Seen Or Left,Trauma,Not Admitted,132,183,3.05,0,24156
2020-2021,2020,CTAS I - Resuscitation,1,Not Seen Or Left,Unintentional Falls,Not Admitted,16,222,3.7,0,3552
2020-2021,2020,CTAS I - Resuscitation,1,Transferred,Acute Myocardial Infarction,Not Admitted,504,84,1.4,0,42336
2020-2021,2020,CTAS I - Resuscitation,1,Transferred,Asthma,Not Admitted,42,261,4.35,0,10962
2020-2021,2020,CTAS I - Resuscitation,1,Transferred,Influenzal Pneumonia,Not Admitted,0,0,0.0,0,0
2020-2021,2020,CTAS I - Resuscitation,1,Transferred,Motor Vehicle Collisions,Not Admitted,464,108,1.8,0,50112
2020-2021,2020,CTAS I - Resuscitation,1,Transferred,Pneumonia,Not Admitted,96,291,4.85,0,27936
2020-2021,2020,CTAS I - Resuscitation,1,Transferred,Trauma,Not Admitted,1508,150,2.5,0,226200
2020-2021,2020,CTAS I - Resuscitation,1,Transferred,Unintentional Falls,Not Admitted,366,192,3.2,0,70272
2020-2021,2020,CTAS I - Resuscitation,1,Unknown,Acute Myocardial Infarction,Not Admitted,0,0,0.0,0,0
2020-2021,2020,CTAS I - Resuscitation,1,Unknown,Asthma,Not Admitted,0,0,0.0,0,0
2020-2021,2020,CTAS I - Resuscitation,1,Unknown,Influenzal Pneumonia,Not Admitted,0,0,0.0,0,0
2020-2021,2020,CTAS I - Resuscitation,1,Unknown,Motor Vehicle Collisions,Not Admitted,0,0,0.0,0,0
2020-2021,2020,CTAS I - Resuscitation,1,Unknown,Pneumonia,Not Admitted,0,0,0.0,0,0
2020-2021,2020,CTAS I - Resuscitation,1,Unknown,Trauma,Not Admitted,0,0,0.0,0,0
2020-2021,2020,CTAS I - Resuscitation,1,Unknown,Unintentional Falls,Not Admitted,0,0,0.0,0,0
2020-2021,2020,CTAS II - Emergent,2,Admitted,Acute Myocardial Infarction,Admitted,12615,462,7.7,1,5828130
2020-2021,2020,CTAS II - Emergent,2,Admitted,Asthma,Admitted,1049,558,9.3,1,585342
2020-2021,2020,CTAS II - Emergent,2,Admitted,Influenzal Pneumonia,Admitted,16,441,7.35,1,7056
2020-2021,2020,CTAS II - Emergent,2,Admitted,Motor Vehicle Collisions,Admitted,4420,420,7.0,1,1856400
2020-2021,2020,CTAS II - Emergent,2,Admitted,Pneumonia,Admitted,10150,636,10.6,1,6455400
2020-2021,2020,CTAS II - Emergent,2,Admitted,Trauma,Admitted,26928,504,8.4,1,13571712
2020-2021,2020,CTAS II - Emergent,2,Admitted,Unintentional Falls,Admitted,15512,558,9.3,1,8655696
2020-2021,2020,CTAS II - Emergent,2,Death,Acute Myocardial Infarction,Not Admitted,73,198,3.3,0,14454
2020-2021,2020,CTAS II - Emergent,2,Death,Asthma,Not Admitted,0,0,0.0,0,0
2020-2021,2020,CTAS II - Emergent,2,Death,Influenzal Pneumonia,Not Admitted,0,0,0.0,0,0
2020-2021,2020,CTAS II - Emergent,2,Death,Motor Vehicle Collisions,Not Admitted,0,120,2.0,0,0
2020-2021,2020,CTAS II - Emergent,2,Death,Pneumonia,Not Admitted,46,321,5.35,0,14766
2020-2021,2020,CTAS II - Emergent,2,Death,Trauma,Not Admitted,40,264,4.4,0,10560
2020-2021,2020,CTAS II - Emergent,2,Death,Unintentional Falls,Not Admitted,26,297,4.95,0,7722
2020-2021,2020,CTAS II - Emergent,2,Discharged Home,Acute Myocardial Infarction,Not Admitted,415,282,4.7,0,117030
2020-2021,2020,CTAS II - Emergent,2,Discharged Home,Asthma,Not Admitted,4988,204,3.4,0,1017552
2020-2021,2020,CTAS II - Emergent,2,Discharged Home,Influenzal Pneumonia,Not Admitted,19,258,4.3,0,4902
2020-2021,2020,CTAS II - Emergent,2,Discharged Home,Motor Vehicle Collisions,Not Admitted,24237,192,3.2,0,4653504
2020-2021,2020,CTAS II - Emergent,2,Discharged Home,Pneumonia,Not Admitted,5789,264,4.4,0,1528296
2020-2021,2020,CTAS II - Emergent,2,Discharged Home,Trauma,Not Admitted,145072,174,2.9,0,25242528
2020-2021,2020,CTAS II - Emergent,2,Discharged Home,Unintentional Falls,Not Admitted,50555,192,3.2,0,9706560
2020-2021,2020,CTAS II - Emergent,2,Intra-Facility Transfer,Acute Myocardial Infarction,Not Admitted,61,90,1.5,0,5490
2020-2021,2020,CTAS II - Emergent,2,Intra-Facility Transfer,Asthma,Not Admitted,0,168,2.8,0,0
2020-2021,2020,CTAS II - Emergent,2,Intra-Facility Transfer,Influenzal Pneumonia,Not Admitted,0,0,0.0,0,0
2020-2021,2020,CTAS II - Emergent,2,Intra-Facility Transfer,Motor Vehicle Collisions,Not Admitted,80,228,3.8,0,18240
2020-2021,2020,CTAS II - Emergent,2,Intra-Facility Transfer,Pneumonia,Not Admitted,5,114,1.9,0,570
2020-2021,2020,CTAS II - Emergent,2,Intra-Facility Transfer,Trauma,Not Admitted,1157,192,3.2,0,222144
2020-2021,2020,CTAS II - Emergent,2,Intra-Facility Transfer,Unintentional Falls,Not Admitted,189,228,3.8,0,43092
2020-2021,2020,CTAS II - Emergent,2,Not Seen Or Left,Acute Myocardial Infarction,Not Admitted,87,306,5.1,0,26622
2020-2021,2020,CTAS II - Emergent,2,Not Seen Or Left,Asthma,Not Admitted,66,189,3.15,0,12474
2020-2021,2020,CTAS II - Emergent,2,Not Seen Or Left,Influenzal Pneumonia,Not Admitted,0,0,0.0,0,0
2020-2021,2020,CTAS II - Emergent,2,Not Seen Or Left,Motor Vehicle Collisions,Not Admitted,581,162,2.7,0,94122
2020-2021,2020,CTAS II - Emergent,2,Not Seen Or Left,Pneumonia,Not Admitted,74,300,5.0,0,22200
2020-2021,2020,CTAS II - Emergent,2,Not Seen Or Left,Trauma,Not Admitted,3597,144,2.4,0,517968
2020-2021,2020,CTAS II - Emergent,2,Not Seen Or Left,Unintentional Falls,Not Admitted,919,162,2.7,0,148878
2020-2021,2020,CTAS II - Emergent,2,Transferred,Acute Myocardial Infarction,Not Admitted,4242,132,2.2,0,559944
2020-2021,2020,CTAS II - Emergent,2,Transferred,Asthma,Not Admitted,108,288,4.8,0,31104
2020-2021,2020,CTAS II - Emergent,2,Transferred,Influenzal Pneumonia,Not Admitted,0,1326,22.1,0,0
2020-2021,2020,CTAS II - Emergent,2,Transferred,Motor Vehicle Collisions,Not Admitted,2305,210,3.5,0,484050
2020-2021,2020,CTAS II - Emergent,2,Transferred,Pneumonia,Not Admitted,796,360,6.0,0,286560
2020-2021,2020,CTAS II - Emergent,2,Transferred,Trauma,Not Admitted,12332,252,4.2,0,3107664
2020-2021,2020,CTAS II - Emergent,2,Transferred,Unintentional Falls,Not Admitted,5889,306,5.1,0,1802034
2020-2021,2020,CTAS II - Emergent,2,Unknown,Acute Myocardial Infarction,Not Admitted,0,0,0.0,0,0
2020-2021,2020,CTAS II - Emergent,2,Unknown,Asthma,Not Admitted,0,0,0.0,0,0
2020-2021,2020,CTAS II - Emergent,2,Unknown,Influenzal Pneumonia,Not Admitted,0,0,0.0,0,0
2020-2021,2020,CTAS II - Emergent,2,Unknown,Motor Vehicle Collisions,Not Admitted,0,0,0.0,0,0
2020-2021,2020,CTAS II - Emergent,2,Unknown,Pneumonia,Not Admitted,0,0,0.0,0,0
2020-2021,2020,CTAS II - Emergent,2,Unknown,Trauma,Not Admitted,0,0,0.0,0,0
2020-2021,2020,CTAS II - Emergent,2,Unknown,Unintentional Falls,Not Admitted,0,0,0.0,0,0
2020-2021,2020,CTAS III - Urgent,3,Admitted,Acute Myocardial Infarction,Admitted,3519,564,9.4,1,1984716
2020-2021,2020,Less urgent,3,Admitted,Acute Myocardial Infarction,Admitted,335,456,7.6,1,152760
2020-2021,2020,Non-urgent,3,Admitted,Acute Myocardial Infarction,Admitted,38,483,8.05,1,18354
2020-2021,2020,Unknown,3,Admitted,Acute Myocardial Infarction,Admitted,44,264,4.4,1,11616
2020-2021,2020,CTAS III - Urgent,3,Admitted,Asthma,Admitted,499,642,10.7,1,320358
2020-2021,2020,Less urgent,3,Admitted,Asthma,Admitted,19,456,7.6,1,8664
2020-2021,2020,Non-urgent,3,Admitted,Asthma,Admitted,0,330,5.5,1,0
2020-2021,2020,Unknown,3,Admitted,Asthma,Admitted,0,162,2.7,1,0
2020-2021,2020,CTAS III - Urgent,3,Admitted,Influenzal Pneumonia,Admitted,12,576,9.6,1,6912
2020-2021,2020,Less urgent,3,Admitted,Influenzal Pneumonia,Admitted,6,486,8.1,1,2916
2020-2021,2020,Non-urgent,3,Admitted,Influenzal Pneumonia,Admitted,0,0,0.0,1,0
2020-2021,2020,Unknown,3,Admitted,Influenzal Pneumonia,Admitted,0,0,0.0,1,0
2020-2021,2020,CTAS III - Urgent,3,Admitted,Motor Vehicle Collisions,Admitted,2488,414,6.9,1,1030032
2020-2021,2020,Less urgent,3,Admitted,Motor Vehicle Collisions,Admitted,339,360,6.0,1,122040
2020-2021,2020,Non-urgent,3,Admitted,Motor Vehicle Collisions,Admitted,65,312,5.2,1,20280
2020-2021,2020,Unknown,3,Admitted,Motor Vehicle Collisions,Admitted,40,237,3.95,1,9480
2020-2021,2020,CTAS III - Urgent,3,Admitted,Pneumonia,Admitted,8327,630,10.5,1,5246010
2020-2021,2020,Less urgent,3,Admitted,Pneumonia,Admitted,587,462,7.7,1,271194
2020-2021,2020,Non-urgent,3,Admitted,Pneumonia,Admitted,33,432,7.2,1,14256
2020-2021,2020,Unknown,3,Admitted,Pneumonia,Admitted,100,210,3.5,1,21000
2020-2021,2020,CTAS III - Urgent,3,Admitted,Trauma,Admitted,43774,510,8.5,1,22324740
2020-2021,2020,Less urgent,3,Admitted,Trauma,Admitted,5721,396,6.6,1,2265516
2020-2021,2020,Non-urgent,3,Admitted,Trauma,Admitted,795,348,5.8,1,276660
2020-2021,2020,Unknown,3,Admitted,Trauma,Admitted,242,210,3.5,1,50820
2020-2021,2020,CTAS III - Urgent,3,Admitted,Unintentional Falls,Admitted,33829,528,8.8,1,17861712
2020-2021,2020,Less urgent,3,Admitted,Unintentional Falls,Admitted,3957,408,6.8,1,1614456
2020-2021,2020,Non-urgent,3,Admitted,Unintentional Falls,Admitted,488,366,6.1,1,178608
2020-2021,2020,Unknown,3,Admitted,Unintentional Falls,Admitted,131,285,4.75,1,37335
2020-2021,2020,CTAS III - Urgent,3,Death,Acute Myocardial Infarction,Not Admitted,15,168,2.8,0,2520
2020-2021,2020,Less urgent,3,Death,Acute Myocardial Infarction,Not Admitted,0,192,3.2,0,0
2020-2021,2020,Non-urgent,3,Death,Acute Myocardial Infarction,Not Admitted,0,0,0.0,0,0
2020-2021,2020,Unknown,3,Death,Acute Myocardial Infarction,Not Admitted,0,27,0.45,0,0
2020-2021,2020,CTAS III - Urgent,3,Death,Asthma,Not Admitted,0,0,0.0,0,0
2020-2021,2020,Less urgent,3,Death,Asthma,Not Admitted,0,0,0.0,0,0
2020-2021,2020,Non-urgent,3,Death,Asthma,Not Admitted,0,0,0.0,0,0
2020-2021,2020,Unknown,3,Death,Asthma,Not Admitted,0,0,0.0,0,0
2020-2021,2020,CTAS III - Urgent,3,Death,Influenzal Pneumonia,Not Admitted,0,0,0.0,0,0
2020-2021,2020,Less urgent,3,Death,Influenzal Pneumonia,Not Admitted,0,0,0.0,0,0
2020-2021,2020,Non-urgent,3,Death,Influenzal Pneumonia,Not Admitted,0,0,0.0,0,0
2020-2021,2020,Unknown,3,Death,Influenzal Pneumonia,Not Admitted,0,0,0.0,0,0
2020-2021,2020,CTAS III - Urgent,3,Death,Motor Vehicle Collisions,Not Admitted,0,72,1.2,0,0
2020-2021,2020,Less urgent,3,Death,Motor Vehicle Collisions,Not Admitted,0,120,2.0,0,0
2020-2021,2020,Non-urgent,3,Death,Motor Vehicle Collisions,Not Admitted,0,0,0.0,0,0
2020-2021,2020,Unknown,3,Death,Motor Vehicle Collisions,Not Admitted,0,249,4.15,0,0
2020-2021,2020,CTAS III - Urgent,3,Death,Pneumonia,Not Admitted,17,318,5.3,0,5406
2020-2021,2020,Less urgent,3,Death,Pneumonia,Not Admitted,0,498,8.3,0,0
2020-2021,2020,Non-urgent,3,Death,Pneumonia,Not Admitted,0,0,0.0,0,0
2020-2021,2020,Unknown,3,Death,Pneumonia,Not Admitted,0,66,1.1,0,0
2020-2021,2020,CTAS III - Urgent,3,Death,Trauma,Not Admitted,34,225,3.75,0,7650
2020-2021,2020,Less urgent,3,Death,Trauma,Not Admitted,7,120,2.0,0,840
2020-2021,2020,Non-urgent,3,Death,Trauma,Not Admitted,7,150,2.5,0,1050
2020-2021,2020,Unknown,3,Death,Trauma,Not Admitted,11,264,4.4,0,2904
2020-2021,2020,CTAS III - Urgent,3,Death,Unintentional Falls,Not Admitted,23,264,4.4,0,6072
2020-2021,2020,Less urgent,3,Death,Unintentional Falls,Not Admitted,0,108,1.8,0,0
2020-2021,2020,Non-urgent,3,Death,Unintentional Falls,Not Admitted,0,258,4.3,0,0
2020-2021,2020,Unknown,3,Death,Unintentional Falls,Not Admitted,0,264,4.4,0,0
2020-2021,2020,CTAS III - Urgent,3,Discharged Home,Acute Myocardial Infarction,Not Admitted,168,432,7.2,0,72576
2020-2021,2020,Less urgent,3,Discharged Home,Acute Myocardial Infarction,Not Admitted,41,282,4.7,0,11562
2020-2021,2020,Non-urgent,3,Discharged Home,Acute Myocardial Infarction,Not Admitted,14,186,3.1,0,2604
2020-2021,2020,Unknown,3,Discharged Home,Acute Myocardial Infarction,Not Admitted,5,1182,19.7,0,5910
2020-2021,2020,CTAS III - Urgent,3,Discharged Home,Asthma,Not Admitted,11841,162,2.7,0,1918242
2020-2021,2020,Less urgent,3,Discharged Home,Asthma,Not Admitted,4452,114,1.9,0,507528
2020-2021,2020,Non-urgent,3,Discharged Home,Asthma,Not Admitted,746,84,1.4,0,62664
2020-2021,2020,Unknown,3,Discharged Home,Asthma,Not Admitted,101,96,1.6,0,9696
2020-2021,2020,CTAS III - Urgent,3,Discharged Home,Influenzal Pneumonia,Not Admitted,34,198,3.3,0,6732
2020-2021,2020,Less urgent,3,Discharged Home,Influenzal Pneumonia,Not Admitted,5,288,4.8,0,1440
2020-2021,2020,Non-urgent,3,Discharged Home,Influenzal Pneumonia,Not Admitted,0,444,7.4,0,0
2020-2021,2020,Unknown,3,Discharged Home,Influenzal Pneumonia,Not Admitted,0,0,0.0,0,0
2020-2021,2020,CTAS III - Urgent,3,Discharged Home,Motor Vehicle Collisions,Not Admitted,59040,144,2.4,0,8501760
2020-2021,2020,Less urgent,3,Discharged Home,Motor Vehicle Collisions,Not Admitted,30221,114,1.9,0,3445194
2020-2021,2020,Non-urgent,3,Discharged Home,Motor Vehicle Collisions,Not Admitted,4165,108,1.8,0,449820
2020-2021,2020,Unknown,3,Discharged Home,Motor Vehicle Collisions,Not Admitted,449,96,1.6,0,43104
2020-2021,2020,CTAS III - Urgent,3,Discharged Home,Pneumonia,Not Admitted,12787,216,3.6,0,2761992
2020-2021,2020,Less urgent,3,Discharged Home,Pneumonia,Not Admitted,3270,162,2.7,0,529740
2020-2021,2020,Non-urgent,3,Discharged Home,Pneumonia,Not Admitted,559,126,2.1,0,70434
2020-2021,2020,Unknown,3,Discharged Home,Pneumonia,Not Admitted,95,114,1.9,0,10830
2020-2021,2020,CTAS III - Urgent,3,Discharged Home,Trauma,Not Admitted,605599,132,2.2,0,79939068
2020-2021,2020,Less urgent,3,Discharged Home,Trauma,Not Admitted,505792,102,1.7,0,51590784
2020-2021,2020,Non-urgent,3,Discharged Home,Trauma,Not Admitted,106573,90,1.5,0,9591570
2020-2021,2020,Unknown,3,Discharged Home,Trauma,Not Admitted,4985,72,1.2,0,358920
2020-2021,2020,CTAS III - Urgent,3,Discharged Home,Unintentional Falls,Not Admitted,232901,150,2.5,0,34935150
2020-2021,2020,Less urgent,3,Discharged Home,Unintentional Falls,Not Admitted,150543,114,1.9,0,17161902
2020-2021,2020,Non-urgent,3,Discharged Home,Unintentional Falls,Not Admitted,21562,102,1.7,0,2199324
2020-2021,2020,Unknown,3,Discharged Home,Unintentional Falls,Not Admitted,1403,84,1.4,0,117852
2020-2021,2020,CTAS III - Urgent,3,Intra-Facility Transfer,Acute Myocardial Infarction,Not Admitted,0,222,3.7,0,0
2020-2021,2020,Less urgent,3,Intra-Facility Transfer,Acute Myocardial Infarction,Not Admitted,0,0,0.0,0,0
2020-2021,2020,Non-urgent,3,Intra-Facility Transfer,Acute Myocardial Infarction,Not Admitted,0,0,0.0,0,0
2020-2021,2020,Unknown,3,Intra-Facility Transfer,Acute Myocardial Infarction,Not Admitted,0,0,0.0,0,0
2020-2021,2020,CTAS III - Urgent,3,Intra-Facility Transfer,Asthma,Not Admitted,6,183,3.05,0,1098
2020-2021,2020,Less urgent,3,Intra-Facility Transfer,Asthma,Not Admitted,0,0,0.0,0,0
2020-2021,2020,Non-urgent,3,Intra-Facility Transfer,Asthma,Not Admitted,0,0,0.0,0,0
2020-2021,2020,Unknown,3,Intra-Facility Transfer,Asthma,Not Admitted,0,0,0.0,0,0
2020-2021,2020,CTAS III - Urgent,3,Intra-Facility Transfer,Influenzal Pneumonia,Not Admitted,0,0,0.0,0,0
2020-2021,2020,Less urgent,3,Intra-Facility Transfer,Influenzal Pneumonia,Not Admitted,0,0,0.0,0,0
2020-2021,2020,Non-urgent,3,Intra-Facility Transfer,Influenzal Pneumonia,Not Admitted,0,0,0.0,0,0
2020-2021,2020,Unknown,3,Intra-Facility Transfer,Influenzal Pneumonia,Not Admitted,0,0,0.0,0,0
2020-2021,2020,CTAS III - Urgent,3,Intra-Facility Transfer,Motor Vehicle Collisions,Not Admitted,116,204,3.4,0,23664
2020-2021,2020,Less urgent,3,Intra-Facility Transfer,Motor Vehicle Collisions,Not Admitted,40,198,3.3,0,7920
2020-2021,2020,Non-urgent,3,Intra-Facility Transfer,Motor Vehicle Collisions,Not Admitted,16,132,2.2,0,2112
2020-2021,2020,Unknown,3,Intra-Facility Transfer,Motor Vehicle Collisions,Not Admitted,0,195,3.25,0,0
2020-2021,2020,CTAS III - Urgent,3,Intra-Facility Transfer,Pneumonia,Not Admitted,12,219,3.65,0,2628
2020-2021,2020,Less urgent,3,Intra-Facility Transfer,Pneumonia,Not Admitted,0,150,2.5,0,0
2020-2021,2020,Non-urgent,3,Intra-Facility Transfer,Pneumonia,Not Admitted,0,0,0.0,0,0
2020-2021,2020,Unknown,3,Intra-Facility Transfer,Pneumonia,Not Admitted,0,0,0.0,0,0
2020-2021,2020,CTAS III - Urgent,3,Intra-Facility Transfer,Trauma,Not Admitted,2248,198,3.3,0,445104
2020-2021,2020,Less urgent,3,Intra-Facility Transfer,Trauma,Not Admitted,800,174,2.9,0,139200
2020-2021,2020,Non-urgent,3,Intra-Facility Transfer,Trauma,Not Admitted,272,120,2.0,0,32640
2020-2021,2020,Unknown,3,Intra-Facility Transfer,Trauma,Not Admitted,30,66,1.1,0,1980
2020-2021,2020,CTAS III - Urgent,3,Intra-Facility Transfer,Unintentional Falls,Not Admitted,570,216,3.6,0,123120
2020-2021,2020,Less urgent,3,Intra-Facility Transfer,Unintentional Falls,Not Admitted,179,168,2.8,0,30072
2020-2021,2020,Non-urgent,3,Intra-Facility Transfer,Unintentional Falls,Not Admitted,61,132,2.2,0,8052
2020-2021,2020,Unknown,3,Intra-Facility Transfer,Unintentional Falls,Not Admitted,12,27,0.45,0,324
2020-2021,2020,CTAS III - Urgent,3,Not Seen Or Left,Acute Myocardial Infarction,Not Admitted,40,270,4.5,0,10800
2020-2021,2020,Less urgent,3,Not Seen Or Left,Acute Myocardial Infarction,Not Admitted,6,174,2.9,0,1044
2020-2021,2020,Non-urgent,3,Not Seen Or Left,Acute Myocardial Infarction,Not Admitted,0,0,0.0,0,0
2020-2021,2020,Unknown,3,Not Seen Or Left,Acute Myocardial Infarction,Not Admitted,0,0,0.0,0,0
2020-2021,2020,CTAS III - Urgent,3,Not Seen Or Left,Asthma,Not Admitted,130,147,2.45,0,19110
2020-2021,2020,Less urgent,3,Not Seen Or Left,Asthma,Not Admitted,41,141,2.35,0,5781
2020-2021,2020,Non-urgent,3,Not Seen Or Left,Asthma,Not Admitted,10,84,1.4,0,840
2020-2021,2020,Unknown,3,Not Seen Or Left,Asthma,Not Admitted,0,12,0.2,0,0
2020-2021,2020,CTAS III - Urgent,3,Not Seen Or Left,Influenzal Pneumonia,Not Admitted,0,0,0.0,0,0
2020-2021,2020,Less urgent,3,Not Seen Or Left,Influenzal Pneumonia,Not Admitted,0,0,0.0,0,0
2020-2021,2020,Non-urgent,3,Not Seen Or Left,Influenzal Pneumonia,Not Admitted,0,0,0.0,0,0
2020-2021,2020,Unknown,3,Not Seen Or Left,Influenzal Pneumonia,Not Admitted,0,0,0.0,0,0
2020-2021,2020,CTAS III - Urgent,3,Not Seen Or Left,Motor Vehicle Collisions,Not Admitted,1543,132,2.2,0,203676
2020-2021,2020,Less urgent,3,Not Seen Or Left,Motor Vehicle Collisions,Not Admitted,765,132,2.2,0,100980
2020-2021,2020,Non-urgent,3,Not Seen Or Left,Motor Vehicle Collisions,Not Admitted,131,84,1.4,0,11004
2020-2021,2020,Unknown,3,Not Seen Or Left,Motor Vehicle Collisions,Not Admitted,29,90,1.5,0,2610
2020-2021,2020,CTAS III - Urgent,3,Not Seen Or Left,Pneumonia,Not Admitted,146,252,4.2,0,36792
2020-2021,2020,Less urgent,3,Not Seen Or Left,Pneumonia,Not Admitted,27,210,3.5,0,5670
2020-2021,2020,Non-urgent,3,Not Seen Or Left,Pneumonia,Not Admitted,7,144,2.4,0,1008
2020-2021,2020,Unknown,3,Not Seen Or Left,Pneumonia,Not Admitted,0,0,0.0,0,0
2020-2021,2020,CTAS III - Urgent,3,Not Seen Or Left,Trauma,Not Admitted,16027,126,2.1,0,2019402
2020-2021,2020,Less urgent,3,Not Seen Or Left,Trauma,Not Admitted,13494,120,2.0,0,1619280
2020-2021,2020,Non-urgent,3,Not Seen Or Left,Trauma,Not Admitted,3815,96,1.6,0,366240
2020-2021,2020,Unknown,3,Not Seen Or Left,Trauma,Not Admitted,866,30,0.5,0,25980
2020-2021,2020,CTAS III - Urgent,3,Not Seen Or Left,Unintentional Falls,Not Admitted,4516,132,2.2,0,596112
2020-2021,2020,Less urgent,3,Not Seen Or Left,Unintentional Falls,Not Admitted,3164,120,2.0,0,379680
2020-2021,2020,Non-urgent,3,Not Seen Or Left,Unintentional Falls,Not Admitted,514,108,1.8,0,55512
2020-2021,2020,Unknown,3,Not Seen Or Left,Unintentional Falls,Not Admitted,107,33,0.55,0,3531
2020-2021,2020,CTAS III - Urgent,3,Transferred,Acute Myocardial Infarction,Not Admitted,957,252,4.2,0,241164
2020-2021,2020,Less urgent,3,Transferred,Acute Myocardial Infarction,Not Admitted,116,273,4.55,0,31668
2020-2021,2020,Non-urgent,3,Transferred,Acute Myocardial Infarction,Not Admitted,16,306,5.1,0,4896
2020-2021,2020,Unknown,3,Transferred,Acute Myocardial Infarction,Not Admitted,25,150,2.5,0,3750
2020-2021,2020,CTAS III - Urgent,3,Transferred,Asthma,Not Admitted,147,252,4.2,0,37044
2020-2021,2020,Less urgent,3,Transferred,Asthma,Not Admitted,22,165,2.75,0,3630
2020-2021,2020,Non-urgent,3,Transferred,Asthma,Not Admitted,5,294,4.9,0,1470
2020-2021,2020,Unknown,3,Transferred,Asthma,Not Admitted,0,75,1.25,0,0
2020-2021,2020,CTAS III - Urgent,3,Transferred,Influenzal Pneumonia,Not Admitted,7,342,5.7,0,2394
2020-2021,2020,Less urgent,3,Transferred,Influenzal Pneumonia,Not Admitted,0,0,0.0,0,0
2020-2021,2020,Non-urgent,3,Transferred,Influenzal Pneumonia,Not Admitted,0,0,0.0,0,0
2020-2021,2020,Unknown,3,Transferred,Influenzal Pneumonia,Not Admitted,0,0,0.0,0,0
2020-2021,2020,CTAS III - Urgent,3,Transferred,Motor Vehicle Collisions,Not Admitted,1388,222,3.7,0,308136
2020-2021,2020,Less urgent,3,Transferred,Motor Vehicle Collisions,Not Admitted,259,186,3.1,0,48174
2020-2021,2020,Non-urgent,3,Transferred,Motor Vehicle Collisions,Not Admitted,38,138,2.3,0,5244
2020-2021,2020,Unknown,3,Transferred,Motor Vehicle Collisions,Not Admitted,85,180,3.0,0,15300
2020-2021,2020,CTAS III - Urgent,3,Transferred,Pneumonia,Not Admitted,1046,366,6.1,0,382836
2020-2021,2020,Less urgent,3,Transferred,Pneumonia,Not Admitted,153,285,4.75,0,43605
2020-2021,2020,Non-urgent,3,Transferred,Pneumonia,Not Admitted,21,180,3.0,0,3780
2020-2021,2020,Unknown,3,Transferred,Pneumonia,Not Admitted,11,291,4.85,0,3201
2020-2021,2020,CTAS III - Urgent,3,Transferred,Trauma,Not Admitted,26791,288,4.8,0,7715808
2020-2021,2020,Less urgent,3,Transferred,Trauma,Not Admitted,6835,192,3.2,0,1312320
2020-2021,2020,Non-urgent,3,Transferred,Trauma,Not Admitted,1125,150,2.5,0,168750
2020-2021,2020,Unknown,3,Transferred,Trauma,Not Admitted,286,150,2.5,0,42900
2020-2021,2020,CTAS III - Urgent,3,Transferred,Unintentional Falls,Not Admitted,18256,324,5.4,0,5914944
2020-2021,2020,Less urgent,3,Transferred,Unintentional Falls,Not Admitted,3750,228,3.8,0,855000
2020-2021,2020,Non-urgent,3,Transferred,Unintentional Falls,Not Admitted,458,192,3.2,0,87936
2020-2021,2020,Unknown,3,Transferred,Unintentional Falls,Not Admitted,110,168,2.8,0,18480
2020-2021,2020,CTAS III - Urgent,3,Unknown,Acute Myocardial Infarction,Not Admitted,0,0,0.0,0,0
2020-2021,2020,Less urgent,3,Unknown,Acute Myocardial Infarction,Not Admitted,0,0,0.0,0,0
2020-2021,2020,Non-urgent,3,Unknown,Acute Myocardial Infarction,Not Admitted,0,0,0.0,0,0
2020-2021,2020,Unknown,3,Unknown,Acute Myocardial Infarction,Not Admitted,0,0,0.0,0,0
2020-2021,2020,CTAS III - Urgent,3,Unknown,Asthma,Not Admitted,0,0,0.0,0,0
2020-2021,2020,Less urgent,3,Unknown,Asthma,Not Admitted,0,0,0.0,0,0
2020-2021,2020,Non-urgent,3,Unknown,Asthma,Not Admitted,0,0,0.0,0,0
2020-2021,2020,Unknown,3,Unknown,Asthma,Not Admitted,0,0,0.0,0,0
2020-2021,2020,CTAS III - Urgent,3,Unknown,Influenzal Pneumonia,Not Admitted,0,0,0.0,0,0
2020-2021,2020,Less urgent,3,Unknown,Influenzal Pneumonia,Not Admitted,0,0,0.0,0,0
2020-2021,2020,Non-urgent,3,Unknown,Influenzal Pneumonia,Not Admitted,0,0,0.0,0,0
2020-2021,2020,Unknown,3,Unknown,Influenzal Pneumonia,Not Admitted,0,0,0.0,0,0
2020-2021,2020,CTAS III - Urgent,3,Unknown,Motor Vehicle Collisions,Not Admitted,0,0,0.0,0,0
2020-2021,2020,Less urgent,3,Unknown,Motor Vehicle Collisions,Not Admitted,0,0,0.0,0,0
2020-2021,2020,Non-urgent,3,Unknown,Motor Vehicle Collisions,Not Admitted,0,0,0.0,0,0
2020-2021,2020,Unknown,3,Unknown,Motor Vehicle Collisions,Not Admitted,0,0,0.0,0,0
2020-2021,2020,CTAS III - Urgent,3,Unknown,Pneumonia,Not Admitted,0,0,0.0,0,0
2020-2021,2020,Less urgent,3,Unknown,Pneumonia,Not Admitted,0,0,0.0,0,0
2020-2021,2020,Non-urgent,3,Unknown,Pneumonia,Not Admitted,0,0,0.0,0,0
2020-2021,2020,Unknown,3,Unknown,Pneumonia,Not Admitted,0,0,0.0,0,0
2020-2021,2020,CTAS III - Urgent,3,Unknown,Trauma,Not Admitted,0,0,0.0,0,0
2020-2021,2020,Less urgent,3,Unknown,Trauma,Not Admitted,0,0,0.0,0,0
2020-2021,2020,Non-urgent,3,Unknown,Trauma,Not Admitted,0,0,0.0,0,0
2020-2021,2020,Unknown,3,Unknown,Trauma,Not Admitted,0,0,0.0,0,0
2020-2021,2020,CTAS III - Urgent,3,Unknown,Unintentional Falls,Not Admitted,0,0,0.0,0,0
2020-2021,2020,Less urgent,3,Unknown,Unintentional Falls,Not Admitted,0,0,0.0,0,0
2020-2021,2020,Non-urgent,3,Unknown,Unintentional Falls,Not Admitted,0,0,0.0,0,0
2020-2021,2020,Unknown,3,Unknown,Unintentional Falls,Not Admitted,0,0,0.0,0,0
2019-2020,2019,CTAS I - Resuscitation,1,Admitted,Acute Myocardial Infarction,Admitted,1499,96,1.6,1,143904
2019-2020,2019,CTAS I - Resuscitation,1,Admitted,Asthma,Admitted,1030,423,7.05,1,435690
2019-2020,2019,CTAS I - Resuscitation,1,Admitted,Influenzal Pneumonia,Admitted,20,657,10.95,1,13140
2019-2020,2019,CTAS I - Resuscitation,1,Admitted,Motor Vehicle Collisions,Admitted,2640,306,5.1,1,807840
2019-2020,2019,CTAS I - Resuscitation,1,Admitted,Pneumonia,Admitted,2615,534,8.9,1,1396410
2019-2020,2019,CTAS I - Resuscitation,1,Admitted,Trauma,Admitted,7545,306,5.1,1,2308770
2019-2020,2019,CTAS I - Resuscitation,1,Admitted,Unintentional Falls,Admitted,2004,378,6.3,1,757512
2019-2020,2019,CTAS I - Resuscitation,1,Death,Acute Myocardial Infarction,Not Admitted,369,36,0.6,0,13284
2019-2020,2019,CTAS I - Resuscitation,1,Death,Asthma,Not Admitted,0,0,0.0,0,0
2019-2020,2019,CTAS I - Resuscitation,1,Death,Influenzal Pneumonia,Not Admitted,0,48,0.8,0,0
2019-2020,2019,CTAS I - Resuscitation,1,Death,Motor Vehicle Collisions,Not Admitted,210,30,0.5,0,6300
2019-2020,2019,CTAS I - Resuscitation,1,Death,Pneumonia,Not Admitted,53,186,3.1,0,9858
2019-2020,2019,CTAS I - Resuscitation,1,Death,Trauma,Not Admitted,652,30,0.5,0,19560
2019-2020,2019,CTAS I - Resuscitation,1,Death,Unintentional Falls,Not Admitted,89,138,2.3,0,12282
2019-2020,2019,CTAS I - Resuscitation,1,Discharged Home,Acute Myocardial Infarction,Not Admitted,25,66,1.1,0,1650
2019-2020,2019,CTAS I - Resuscitation,1,Discharged Home,Asthma,Not Admitted,965,222,3.7,0,214230
2019-2020,2019,CTAS I - Resuscitation,1,Discharged Home,Influenzal Pneumonia,Not Admitted,0,108,1.8,0,0
2019-2020,2019,CTAS I - Resuscitation,1,Discharged Home,Motor Vehicle Collisions,Not Admitted,732,306,5.1,0,223992
2019-2020,2019,CTAS I - Resuscitation,1,Discharged Home,Pneumonia,Not Admitted,800,180,3.0,0,144000
2019-2020,2019,CTAS I - Resuscitation,1,Discharged Home,Trauma,Not Admitted,4129,252,4.2,0,1040508
2019-2020,2019,CTAS I - Resuscitation,1,Discharged Home,Unintentional Falls,Not Admitted,733,264,4.4,0,193512
2019-2020,2019,CTAS I - Resuscitation,1,Intra-Facility Transfer,Acute Myocardial Infarction,Not Admitted,9,66,1.1,0,594
2019-2020,2019,CTAS I - Resuscitation,1,Intra-Facility Transfer,Asthma,Not Admitted,0,258,4.3,0,0
2019-2020,2019,CTAS I - Resuscitation,1,Intra-Facility Transfer,Influenzal Pneumonia,Not Admitted,0,0,0.0,0,0
2019-2020,2019,CTAS I - Resuscitation,1,Intra-Facility Transfer,Motor Vehicle Collisions,Not Admitted,7,192,3.2,0,1344
2019-2020,2019,CTAS I - Resuscitation,1,Intra-Facility Transfer,Pneumonia,Not Admitted,0,291,4.85,0,0
2019-2020,2019,CTAS I - Resuscitation,1,Intra-Facility Transfer,Trauma,Not Admitted,72,171,2.85,0,12312
2019-2020,2019,CTAS I - Resuscitation,1,Intra-Facility Transfer,Unintentional Falls,Not Admitted,8,189,3.15,0,1512
2019-2020,2019,CTAS I - Resuscitation,1,Not Seen Or Left,Acute Myocardial Infarction,Not Admitted,0,348,5.8,0,0
2019-2020,2019,CTAS I - Resuscitation,1,Not Seen Or Left,Asthma,Not Admitted,18,276,4.6,0,4968
2019-2020,2019,CTAS I - Resuscitation,1,Not Seen Or Left,Influenzal Pneumonia,Not Admitted,0,0,0.0,0,0
2019-2020,2019,CTAS I - Resuscitation,1,Not Seen Or Left,Motor Vehicle Collisions,Not Admitted,16,282,4.7,0,4512
2019-2020,2019,CTAS I - Resuscitation,1,Not Seen Or Left,Pneumonia,Not Admitted,7,300,5.0,0,2100
2019-2020,2019,CTAS I - Resuscitation,1,Not Seen Or Left,Trauma,Not Admitted,120,192,3.2,0,23040
2019-2020,2019,CTAS I - Resuscitation,1,Not Seen Or Left,Unintentional Falls,Not Admitted,19,222,3.7,0,4218
2019-2020,2019,CTAS I - Resuscitation,1,Transferred,Acute Myocardial Infarction,Not Admitted,690,72,1.2,0,49680
2019-2020,2019,CTAS I - Resuscitation,1,Transferred,Asthma,Not Admitted,137,276,4.6,0,37812
2019-2020,2019,CTAS I - Resuscitation,1,Transferred,Influenzal Pneumonia,Not Admitted,0,330,5.5,0,0
2019-2020,2019,CTAS I - Resuscitation,1,Transferred,Motor Vehicle Collisions,Not Admitted,566,108,1.8,0,61128
2019-2020,2019,CTAS I - Resuscitation,1,Transferred,Pneumonia,Not Admitted,305,258,4.3,0,78690
2019-2020,2019,CTAS I - Resuscitation,1,Transferred,Trauma,Not Admitted,1739,144,2.4,0,250416
2019-2020,2019,CTAS I - Resuscitation,1,Transferred,Unintentional Falls,Not Admitted,382,186,3.1,0,71052
2019-2020,2019,CTAS I - Resuscitation,1,Unknown,Acute Myocardial Infarction,Not Admitted,0,0,0.0,0,0
2019-2020,2019,CTAS I - Resuscitation,1,Unknown,Asthma,Not Admitted,0,0,0.0,0,0
2019-2020,2019,CTAS I - Resuscitation,1,Unknown,Influenzal Pneumonia,Not Admitted,0,0,0.0,0,0
2019-2020,2019,CTAS I - Resuscitation,1,Unknown,Motor Vehicle Collisions,Not Admitted,0,0,0.0,0,0
2019-2020,2019,CTAS I - Resuscitation,1,Unknown,Pneumonia,Not Admitted,0,0,0.0,0,0
2019-2020,2019,CTAS I - Resuscitation,1,Unknown,Trauma,Not Admitted,0,0,0.0,0,0
2019-2020,2019,CTAS I - Resuscitation,1,Unknown,Unintentional Falls,Not Admitted,0,0,0.0,0,0
2019-2020,2019,CTAS II - Emergent,2,Admitted,Acute Myocardial Infarction,Admitted,14213,528,8.8,1,7504464
2019-2020,2019,CTAS II - Emergent,2,Admitted,Asthma,Admitted,3509,558,9.3,1,1958022
2019-2020,2019,CTAS II - Emergent,2,Admitted,Influenzal Pneumonia,Admitted,177,798,13.3,1,141246
2019-2020,2019,CTAS II - Emergent,2,Admitted,Motor Vehicle Collisions,Admitted,4210,444,7.4,1,1869240
2019-2020,2019,CTAS II - Emergent,2,Admitted,Pneumonia,Admitted,19039,762,12.7,1,14507718
2019-2020,2019,CTAS II - Emergent,2,Admitted,Trauma,Admitted,27635,534,8.9,1,14757090
2019-2020,2019,CTAS II - Emergent,2,Admitted,Unintentional Falls,Admitted,15976,588,9.8,1,9393888
2019-2020,2019,CTAS II - Emergent,2,Death,Acute Myocardial Infarction,Not Admitted,86,210,3.5,0,18060
2019-2020,2019,CTAS II - Emergent,2,Death,Asthma,Not Admitted,0,486,8.1,0,0
2019-2020,2019,CTAS II - Emergent,2,Death,Influenzal Pneumonia,Not Admitted,0,0,0.0,0,0
2019-2020,2019,CTAS II - Emergent,2,Death,Motor Vehicle Collisions,Not Admitted,8,63,1.05,0,504
2019-2020,2019,CTAS II - Emergent,2,Death,Pneumonia,Not Admitted,41,204,3.4,0,8364
2019-2020,2019,CTAS II - Emergent,2,Death,Trauma,Not Admitted,53,222,3.7,0,11766
2019-2020,2019,CTAS II - Emergent,2,Death,Unintentional Falls,Not Admitted,36,330,5.5,0,11880
2019-2020,2019,CTAS II - Emergent,2,Discharged Home,Acute Myocardial Infarction,Not Admitted,512,297,4.95,0,152064
2019-2020,2019,CTAS II - Emergent,2,Discharged Home,Asthma,Not Admitted,13766,216,3.6,0,2973456
2019-2020,2019,CTAS II - Emergent,2,Discharged Home,Influenzal Pneumonia,Not Admitted,139,258,4.3,0,35862
2019-2020,2019,CTAS II - Emergent,2,Discharged Home,Motor Vehicle Collisions,Not Admitted,28076,198,3.3,0,5559048
2019-2020,2019,CTAS II - Emergent,2,Discharged Home,Pneumonia,Not Admitted,20282,222,3.7,0,4502604
2019-2020,2019,CTAS II - Emergent,2,Discharged Home,Trauma,Not Admitted,185414,174,2.9,0,32262036
2019-2020,2019,CTAS II - Emergent,2,Discharged Home,Unintentional Falls,Not Admitted,61410,198,3.3,0,12159180
2019-2020,2019,CTAS II - Emergent,2,Intra-Facility Transfer,Acute Myocardial Infarction,Not Admitted,50,90,1.5,0,4500
2019-2020,2019,CTAS II - Emergent,2,Intra-Facility Transfer,Asthma,Not Admitted,38,177,2.95,0,6726
2019-2020,2019,CTAS II - Emergent,2,Intra-Facility Transfer,Influenzal Pneumonia,Not Admitted,0,0,0.0,0,0
2019-2020,2019,CTAS II - Emergent,2,Intra-Facility Transfer,Motor Vehicle Collisions,Not Admitted,89,228,3.8,0,20292
2019-2020,2019,CTAS II - Emergent,2,Intra-Facility Transfer,Pneumonia,Not Admitted,37,210,3.5,0,7770
2019-2020,2019,CTAS II - Emergent,2,Intra-Facility Transfer,Trauma,Not Admitted,1205,204,3.4,0,245820
2019-2020,2019,CTAS II - Emergent,2,Intra-Facility Transfer,Unintentional Falls,Not Admitted,227,252,4.2,0,57204
2019-2020,2019,CTAS II - Emergent,2,Not Seen Or Left,Acute Myocardial Infarction,Not Admitted,86,300,5.0,0,25800
2019-2020,2019,CTAS II - Emergent,2,Not Seen Or Left,Asthma,Not Admitted,123,210,3.5,0,25830
2019-2020,2019,CTAS II - Emergent,2,Not Seen Or Left,Influenzal Pneumonia,Not Admitted,0,108,1.8,0,0
2019-2020,2019,CTAS II - Emergent,2,Not Seen Or Left,Motor Vehicle Collisions,Not Admitted,678,156,2.6,0,105768
2019-2020,2019,CTAS II - Emergent,2,Not Seen Or Left,Pneumonia,Not Admitted,159,303,5.05,0,48177
2019-2020,2019,CTAS II - Emergent,2,Not Seen Or Left,Trauma,Not Admitted,5167,144,2.4,0,744048
2019-2020,2019,CTAS II - Emergent,2,Not Seen Or Left,Unintentional Falls,Not Admitted,1326,156,2.6,0,206856
2019-2020,2019,CTAS II - Emergent,2,Transferred,Acute Myocardial Infarction,Not Admitted,4628,120,2.0,0,555360
2019-2020,2019,CTAS II - Emergent,2,Transferred,Asthma,Not Admitted,471,360,6.0,0,169560
2019-2020,2019,CTAS II - Emergent,2,Transferred,Influenzal Pneumonia,Not Admitted,14,387,6.45,0,5418
2019-2020,2019,CTAS II - Emergent,2,Transferred,Motor Vehicle Collisions,Not Admitted,2177,204,3.4,0,444108
2019-2020,2019,CTAS II - Emergent,2,Transferred,Pneumonia,Not Admitted,2004,318,5.3,0,637272
2019-2020,2019,CTAS II - Emergent,2,Transferred,Trauma,Not Admitted,13795,252,4.2,0,3476340
2019-2020,2019,CTAS II - Emergent,2,Transferred,Unintentional Falls,Not Admitted,6888,300,5.0,0,2066400
2019-2020,2019,CTAS II - Emergent,2,Unknown,Acute Myocardial Infarction,Not Admitted,0,0,0.0,0,0
2019-2020,2019,CTAS II - Emergent,2,Unknown,Asthma,Not Admitted,0,0,0.0,0,0
2019-2020,2019,CTAS II - Emergent,2,Unknown,Influenzal Pneumonia,Not Admitted,0,0,0.0,0,0
2019-2020,2019,CTAS II - Emergent,2,Unknown,Motor Vehicle Collisions,Not Admitted,0,0,0.0,0,0
2019-2020,2019,CTAS II - Emergent,2,Unknown,Pneumonia,Not Admitted,0,0,0.0,0,0
2019-2020,2019,CTAS II - Emergent,2,Unknown,Trauma,Not Admitted,0,0,0.0,0,0
2019-2020,2019,CTAS II - Emergent,2,Unknown,Unintentional Falls,Not Admitted,0,0,0.0,0,0
2019-2020,2019,CTAS III - Urgent,3,Admitted,Acute Myocardial Infarction,Admitted,3749,624,10.4,1,2339376
2019-2020,2019,Less urgent,3,Admitted,Acute Myocardial Infarction,Admitted,353,582,9.7,1,205446
2019-2020,2019,Non-urgent,3,Admitted,Acute Myocardial Infarction,Admitted,44,408,6.8,1,17952
2019-2020,2019,Unknown,3,Admitted,Acute Myocardial Infarction,Admitted,63,234,3.9,1,14742
2019-2020,2019,CTAS III - Urgent,3,Admitted,Asthma,Admitted,1439,648,10.8,1,932472
2019-2020,2019,Less urgent,3,Admitted,Asthma,Admitted,79,588,9.8,1,46452
2019-2020,2019,Non-urgent,3,Admitted,Asthma,Admitted,7,336,5.6,1,2352
2019-2020,2019,Unknown,3,Admitted,Asthma,Admitted,16,246,4.1,1,3936
2019-2020,2019,CTAS III - Urgent,3,Admitted,Influenzal Pneumonia,Admitted,135,816,13.6,1,110160
2019-2020,2019,Less urgent,3,Admitted,Influenzal Pneumonia,Admitted,12,480,8.0,1,5760
2019-2020,2019,Non-urgent,3,Admitted,Influenzal Pneumonia,Admitted,0,702,11.7,1,0
2019-2020,2019,Unknown,3,Admitted,Influenzal Pneumonia,Admitted,0,1746,29.1,1,0
2019-2020,2019,CTAS III - Urgent,3,Admitted,Motor Vehicle Collisions,Admitted,2326,480,8.0,1,1116480
2019-2020,2019,Less urgent,3,Admitted,Motor Vehicle Collisions,Admitted,395,378,6.3,1,149310
2019-2020,2019,Non-urgent,3,Admitted,Motor Vehicle Collisions,Admitted,67,336,5.6,1,22512
2019-2020,2019,Unknown,3,Admitted,Motor Vehicle Collisions,Admitted,56,120,2.0,1,6720
2019-2020,2019,CTAS III - Urgent,3,Admitted,Pneumonia,Admitted,15262,756,12.6,1,11538072
2019-2020,2019,Less urgent,3,Admitted,Pneumonia,Admitted,1143,480,8.0,1,548640
2019-2020,2019,Non-urgent,3,Admitted,Pneumonia,Admitted,135,456,7.6,1,61560
2019-2020,2019,Unknown,3,Admitted,Pneumonia,Admitted,177,219,3.65,1,38763
2019-2020,2019,CTAS III - Urgent,3,Admitted,Trauma,Admitted,44102,552,9.2,1,24344304
2019-2020,2019,Less urgent,3,Admitted,Trauma,Admitted,6929,456,7.6,1,3159624
2019-2020,2019,Non-urgent,3,Admitted,Trauma,Admitted,1163,372,6.2,1,432636
2019-2020,2019,Unknown,3,Admitted,Trauma,Admitted,344,228,3.8,1,78432
2019-2020,2019,CTAS III - Urgent,3,Admitted,Unintentional Falls,Admitted,33941,564,9.4,1,19142724
2019-2020,2019,Less urgent,3,Admitted,Unintentional Falls,Admitted,4769,492,8.2,1,2346348
2019-2020,2019,Non-urgent,3,Admitted,Unintentional Falls,Admitted,717,402,6.7,1,288234
2019-2020,2019,Unknown,3,Admitted,Unintentional Falls,Admitted,185,270,4.5,1,49950
2019-2020,2019,CTAS III - Urgent,3,Death,Acute Myocardial Infarction,Not Admitted,14,180,3.0,0,2520
2019-2020,2019,Less urgent,3,Death,Acute Myocardial Infarction,Not Admitted,0,54,0.9,0,0
2019-2020,2019,Non-urgent,3,Death,Acute Myocardial Infarction,Not Admitted,0,720,12.0,0,0
2019-2020,2019,Unknown,3,Death,Acute Myocardial Infarction,Not Admitted,10,15,0.25,0,150
2019-2020,2019,CTAS III - Urgent,3,Death,Asthma,Not Admitted,0,0,0.0,0,0
2019-2020,2019,Less urgent,3,Death,Asthma,Not Admitted,0,0,0.0,0,0
2019-2020,2019,Non-urgent,3,Death,Asthma,Not Admitted,0,0,0.0,0,0
2019-2020,2019,Unknown,3,Death,Asthma,Not Admitted,0,0,0.0,0,0
2019-2020,2019,CTAS III - Urgent,3,Death,Influenzal Pneumonia,Not Admitted,0,0,0.0,0,0
2019-2020,2019,Less urgent,3,Death,Influenzal Pneumonia,Not Admitted,0,0,0.0,0,0
2019-2020,2019,Non-urgent,3,Death,Influenzal Pneumonia,Not Admitted,0,0,0.0,0,0
2019-2020,2019,Unknown,3,Death,Influenzal Pneumonia,Not Admitted,0,0,0.0,0,0
2019-2020,2019,CTAS III - Urgent,3,Death,Motor Vehicle Collisions,Not Admitted,0,0,0.0,0,0
2019-2020,2019,Less urgent,3,Death,Motor Vehicle Collisions,Not Admitted,0,0,0.0,0,0
2019-2020,2019,Non-urgent,3,Death,Motor Vehicle Collisions,Not Admitted,0,468,7.8,0,0
2019-2020,2019,Unknown,3,Death,Motor Vehicle Collisions,Not Admitted,0,72,1.2,0,0
2019-2020,2019,CTAS III - Urgent,3,Death,Pneumonia,Not Admitted,15,288,4.8,0,4320
2019-2020,2019,Less urgent,3,Death,Pneumonia,Not Admitted,0,0,0.0,0,0
2019-2020,2019,Non-urgent,3,Death,Pneumonia,Not Admitted,0,0,0.0,0,0
2019-2020,2019,Unknown,3,Death,Pneumonia,Not Admitted,0,0,0.0,0,0
2019-2020,2019,CTAS III - Urgent,3,Death,Trauma,Not Admitted,33,318,5.3,0,10494
2019-2020,2019,Less urgent,3,Death,Trauma,Not Admitted,9,162,2.7,0,1458
2019-2020,2019,Non-urgent,3,Death,Trauma,Not Admitted,0,468,7.8,0,0
2019-2020,2019,Unknown,3,Death,Trauma,Not Admitted,15,42,0.7,0,630
2019-2020,2019,CTAS III - Urgent,3,Death,Unintentional Falls,Not Admitted,23,318,5.3,0,7314
2019-2020,2019,Less urgent,3,Death,Unintentional Falls,Not Admitted,5,432,7.2,0,2160
2019-2020,2019,Non-urgent,3,Death,Unintentional Falls,Not Admitted,0,0,0.0,0,0
2019-2020,2019,Unknown,3,Death,Unintentional Falls,Not Admitted,0,429,7.15,0,0
2019-2020,2019,CTAS III - Urgent,3,Discharged Home,Acute Myocardial Infarction,Not Admitted,196,351,5.85,0,68796
2019-2020,2019,Less urgent,3,Discharged Home,Acute Myocardial Infarction,Not Admitted,36,270,4.5,0,9720
2019-2020,2019,Non-urgent,3,Discharged Home,Acute Myocardial Infarction,Not Admitted,14,195,3.25,0,2730
2019-2020,2019,Unknown,3,Discharged Home,Acute Myocardial Infarction,Not Admitted,5,144,2.4,0,720
2019-2020,2019,CTAS III - Urgent,3,Discharged Home,Asthma,Not Admitted,25868,168,2.8,0,4345824
2019-2020,2019,Less urgent,3,Discharged Home,Asthma,Not Admitted,10081,120,2.0,0,1209720
2019-2020,2019,Non-urgent,3,Discharged Home,Asthma,Not Admitted,2030,108,1.8,0,219240
2019-2020,2019,Unknown,3,Discharged Home,Asthma,Not Admitted,206,72,1.2,0,14832
2019-2020,2019,CTAS III - Urgent,3,Discharged Home,Influenzal Pneumonia,Not Admitted,325,210,3.5,0,68250
2019-2020,2019,Less urgent,3,Discharged Home,Influenzal Pneumonia,Not Admitted,98,168,2.8,0,16464
2019-2020,2019,Non-urgent,3,Discharged Home,Influenzal Pneumonia,Not Admitted,26,129,2.15,0,3354
2019-2020,2019,Unknown,3,Discharged Home,Influenzal Pneumonia,Not Admitted,0,0,0.0,0,0
2019-2020,2019,CTAS III - Urgent,3,Discharged Home,Motor Vehicle Collisions,Not Admitted,70671,162,2.7,0,11448702
2019-2020,2019,Less urgent,3,Discharged Home,Motor Vehicle Collisions,Not Admitted,34927,132,2.2,0,4610364
2019-2020,2019,Non-urgent,3,Discharged Home,Motor Vehicle Collisions,Not Admitted,5250,120,2.0,0,630000
2019-2020,2019,Unknown,3,Discharged Home,Motor Vehicle Collisions,Not Admitted,510,96,1.6,0,48960
2019-2020,2019,CTAS III - Urgent,3,Discharged Home,Pneumonia,Not Admitted,52181,192,3.2,0,10018752
2019-2020,2019,Less urgent,3,Discharged Home,Pneumonia,Not Admitted,17925,144,2.4,0,2581200
2019-2020,2019,Non-urgent,3,Discharged Home,Pneumonia,Not Admitted,3935,132,2.2,0,519420
2019-2020,2019,Unknown,3,Discharged Home,Pneumonia,Not Admitted,308,102,1.7,0,31416
2019-2020,2019,CTAS III - Urgent,3,Discharged Home,Trauma,Not Admitted,750318,144,2.4,0,108045792
2019-2020,2019,Less urgent,3,Discharged Home,Trauma,Not Admitted,656322,120,2.0,0,78758640
2019-2020,2019,Non-urgent,3,Discharged Home,Trauma,Not Admitted,149355,108,1.8,0,16130340
2019-2020,2019,Unknown,3,Discharged Home,Trauma,Not Admitted,6095,72,1.2,0,438840
2019-2020,2019,CTAS III - Urgent,3,Discharged Home,Unintentional Falls,Not Admitted,274045,162,2.7,0,44395290
2019-2020,2019,Less urgent,3,Discharged Home,Unintentional Falls,Not Admitted,190517,132,2.2,0,25148244
2019-2020,2019,Non-urgent,3,Discharged Home,Unintentional Falls,Not Admitted,30297,120,2.0,0,3635640
2019-2020,2019,Unknown,3,Discharged Home,Unintentional Falls,Not Admitted,1580,84,1.4,0,132720
2019-2020,2019,CTAS III - Urgent,3,Intra-Facility Transfer,Acute Myocardial Infarction,Not Admitted,11,186,3.1,0,2046
2019-2020,2019,Less urgent,3,Intra-Facility Transfer,Acute Myocardial Infarction,Not Admitted,0,864,14.4,0,0
2019-2020,2019,Non-urgent,3,Intra-Facility Transfer,Acute Myocardial Infarction,Not Admitted,0,0,0.0,0,0
2019-2020,2019,Unknown,3,Intra-Facility Transfer,Acute Myocardial Infarction,Not Admitted,0,0,0.0,0,0
2019-2020,2019,CTAS III - Urgent,3,Intra-Facility Transfer,Asthma,Not Admitted,12,156,2.6,0,1872
2019-2020,2019,Less urgent,3,Intra-Facility Transfer,Asthma,Not Admitted,0,339,5.65,0,0
2019-2020,2019,Non-urgent,3,Intra-Facility Transfer,Asthma,Not Admitted,0,0,0.0,0,0
2019-2020,2019,Unknown,3,Intra-Facility Transfer,Asthma,Not Admitted,0,0,0.0,0,0
2019-2020,2019,CTAS III - Urgent,3,Intra-Facility Transfer,Influenzal Pneumonia,Not Admitted,0,102,1.7,0,0
2019-2020,2019,Less urgent,3,Intra-Facility Transfer,Influenzal Pneumonia,Not Admitted,0,0,0.0,0,0
2019-2020,2019,Non-urgent,3,Intra-Facility Transfer,Influenzal Pneumonia,Not Admitted,0,0,0.0,0,0
2019-2020,2019,Unknown,3,Intra-Facility Transfer,Influenzal Pneumonia,Not Admitted,0,0,0.0,0,0
2019-2020,2019,CTAS III - Urgent,3,Intra-Facility Transfer,Motor Vehicle Collisions,Not Admitted,116,216,3.6,0,25056
2019-2020,2019,Less urgent,3,Intra-Facility Transfer,Motor Vehicle Collisions,Not Admitted,47,282,4.7,0,13254
2019-2020,2019,Non-urgent,3,Intra-Facility Transfer,Motor Vehicle Collisions,Not Admitted,17,204,3.4,0,3468
2019-2020,2019,Unknown,3,Intra-Facility Transfer,Motor Vehicle Collisions,Not Admitted,0,24,0.4,0,0
2019-2020,2019,CTAS III - Urgent,3,Intra-Facility Transfer,Pneumonia,Not Admitted,42,249,4.15,0,10458
2019-2020,2019,Less urgent,3,Intra-Facility Transfer,Pneumonia,Not Admitted,0,198,3.3,0,0
2019-2020,2019,Non-urgent,3,Intra-Facility Transfer,Pneumonia,Not Admitted,0,0,0.0,0,0
2019-2020,2019,Unknown,3,Intra-Facility Transfer,Pneumonia,Not Admitted,0,0,0.0,0,0
2019-2020,2019,CTAS III - Urgent,3,Intra-Facility Transfer,Trauma,Not Admitted,2342,210,3.5,0,491820
2019-2020,2019,Less urgent,3,Intra-Facility Transfer,Trauma,Not Admitted,925,174,2.9,0,160950
2019-2020,2019,Non-urgent,3,Intra-Facility Transfer,Trauma,Not Admitted,319,150,2.5,0,47850
2019-2020,2019,Unknown,3,Intra-Facility Transfer,Trauma,Not Admitted,20,120,2.0,0,2400
2019-2020,2019,CTAS III - Urgent,3,Intra-Facility Transfer,Unintentional Falls,Not Admitted,558,246,4.1,0,137268
2019-2020,2019,Less urgent,3,Intra-Facility Transfer,Unintentional Falls,Not Admitted,257,168,2.8,0,43176
2019-2020,2019,Non-urgent,3,Intra-Facility Transfer,Unintentional Falls,Not Admitted,61,138,2.3,0,8418
2019-2020,2019,Unknown,3,Intra-Facility Transfer,Unintentional Falls,Not Admitted,5,54,0.9,0,270
2019-2020,2019,CTAS III - Urgent,3,Not Seen Or Left,Acute Myocardial Infarction,Not Admitted,27,378,6.3,0,10206
2019-2020,2019,Less urgent,3,Not Seen Or Left,Acute Myocardial Infarction,Not Admitted,7,246,4.1,0,1722
2019-2020,2019,Non-urgent,3,Not Seen Or Left,Acute Myocardial Infarction,Not Admitted,0,336,5.6,0,0
2019-2020,2019,Unknown,3,Not Seen Or Left,Acute Myocardial Infarction,Not Admitted,0,0,0.0,0,0
2019-2020,2019,CTAS III - Urgent,3,Not Seen Or Left,Asthma,Not Admitted,284,144,2.4,0,40896
2019-2020,2019,Less urgent,3,Not Seen Or Left,Asthma,Not Admitted,100,126,2.1,0,12600
2019-2020,2019,Non-urgent,3,Not Seen Or Left,Asthma,Not Admitted,13,84,1.4,0,1092
2019-2020,2019,Unknown,3,Not Seen Or Left,Asthma,Not Admitted,7,126,2.1,0,882
2019-2020,2019,CTAS III - Urgent,3,Not Seen Or Left,Influenzal Pneumonia,Not Admitted,0,156,2.6,0,0
2019-2020,2019,Less urgent,3,Not Seen Or Left,Influenzal Pneumonia,Not Admitted,0,258,4.3,0,0
2019-2020,2019,Non-urgent,3,Not Seen Or Left,Influenzal Pneumonia,Not Admitted,0,0,0.0,0,0
2019-2020,2019,Unknown,3,Not Seen Or Left,Influenzal Pneumonia,Not Admitted,0,0,0.0,0,0
2019-2020,2019,CTAS III - Urgent,3,Not Seen Or Left,Motor Vehicle Collisions,Not Admitted,2518,150,2.5,0,377700
2019-2020,2019,Less urgent,3,Not Seen Or Left,Motor Vehicle Collisions,Not Admitted,1405,132,2.2,0,185460
2019-2020,2019,Non-urgent,3,Not Seen Or Left,Motor Vehicle Collisions,Not Admitted,231,120,2.0,0,27720
2019-2020,2019,Unknown,3,Not Seen Or Left,Motor Vehicle Collisions,Not Admitted,66,78,1.3,0,5148
2019-2020,2019,CTAS III - Urgent,3,Not Seen Or Left,Pneumonia,Not Admitted,263,231,3.85,0,60753
2019-2020,2019,Less urgent,3,Not Seen Or Left,Pneumonia,Not Admitted,83,210,3.5,0,17430
2019-2020,2019,Non-urgent,3,Not Seen Or Left,Pneumonia,Not Admitted,20,210,3.5,0,4200
2019-2020,2019,Unknown,3,Not Seen Or Left,Pneumonia,Not Admitted,16,207,3.45,0,3312
2019-2020,2019,CTAS III - Urgent,3,Not Seen Or Left,Trauma,Not Admitted,28243,138,2.3,0,3897534
2019-2020,2019,Less urgent,3,Not Seen Or Left,Trauma,Not Admitted,27412,132,2.2,0,3618384
2019-2020,2019,Non-urgent,3,Not Seen Or Left,Trauma,Not Admitted,7639,108,1.8,0,825012
2019-2020,2019,Unknown,3,Not Seen Or Left,Trauma,Not Admitted,2261,36,0.6,0,81396
2019-2020,2019,CTAS III - Urgent,3,Not Seen Or Left,Unintentional Falls,Not Admitted,7766,150,2.5,0,1164900
2019-2020,2019,Less urgent,3,Not Seen Or Left,Unintentional Falls,Not Admitted,6471,138,2.3,0,892998
2019-2020,2019,Non-urgent,3,Not Seen Or Left,Unintentional Falls,Not Admitted,988,114,1.9,0,112632
2019-2020,2019,Unknown,3,Not Seen Or Left,Unintentional Falls,Not Admitted,179,36,0.6,0,6444
2019-2020,2019,CTAS III - Urgent,3,Transferred,Acute Myocardial Infarction,Not Admitted,908,240,4.0,0,217920
2019-2020,2019,Less urgent,3,Transferred,Acute Myocardial Infarction,Not Admitted,128,288,4.8,0,36864
2019-2020,2019,Non-urgent,3,Transferred,Acute Myocardial Infarction,Not Admitted,26,282,4.7,0,7332
2019-2020,2019,Unknown,3,Transferred,Acute Myocardial Infarction,Not Admitted,42,132,2.2,0,5544
2019-2020,2019,CTAS III - Urgent,3,Transferred,Asthma,Not Admitted,253,282,4.7,0,71346
2019-2020,2019,Less urgent,3,Transferred,Asthma,Not Admitted,33,234,3.9,0,7722
2019-2020,2019,Non-urgent,3,Transferred,Asthma,Not Admitted,0,30,0.5,0,0
2019-2020,2019,Unknown,3,Transferred,Asthma,Not Admitted,7,174,2.9,0,1218
2019-2020,2019,CTAS III - Urgent,3,Transferred,Influenzal Pneumonia,Not Admitted,14,321,5.35,0,4494
2019-2020,2019,Less urgent,3,Transferred,Influenzal Pneumonia,Not Admitted,0,612,10.2,0,0
2019-2020,2019,Non-urgent,3,Transferred,Influenzal Pneumonia,Not Admitted,0,420,7.0,0,0
2019-2020,2019,Unknown,3,Transferred,Influenzal Pneumonia,Not Admitted,0,0,0.0,0,0
2019-2020,2019,CTAS III - Urgent,3,Transferred,Motor Vehicle Collisions,Not Admitted,1274,234,3.9,0,298116
2019-2020,2019,Less urgent,3,Transferred,Motor Vehicle Collisions,Not Admitted,239,201,3.35,0,48039
2019-2020,2019,Non-urgent,3,Transferred,Motor Vehicle Collisions,Not Admitted,38,174,2.9,0,6612
2019-2020,2019,Unknown,3,Transferred,Motor Vehicle Collisions,Not Admitted,88,135,2.25,0,11880
2019-2020,2019,CTAS III - Urgent,3,Transferred,Pneumonia,Not Admitted,2544,342,5.7,0,870048
2019-2020,2019,Less urgent,3,Transferred,Pneumonia,Not Admitted,335,276,4.6,0,92460
2019-2020,2019,Non-urgent,3,Transferred,Pneumonia,Not Admitted,63,252,4.2,0,15876
2019-2020,2019,Unknown,3,Transferred,Pneumonia,Not Admitted,22,225,3.75,0,4950
2019-2020,2019,CTAS III - Urgent,3,Transferred,Trauma,Not Admitted,30710,288,4.8,0,8844480
2019-2020,2019,Less urgent,3,Transferred,Trauma,Not Admitted,9280,204,3.4,0,1893120
2019-2020,2019,Non-urgent,3,Transferred,Trauma,Not Admitted,1599,168,2.8,0,268632
2019-2020,2019,Unknown,3,Transferred,Trauma,Not Admitted,329,138,2.3,0,45402
2019-2020,2019,CTAS III - Urgent,3,Transferred,Unintentional Falls,Not Admitted,21204,318,5.3,0,6742872
2019-2020,2019,Less urgent,3,Transferred,Unintentional Falls,Not Admitted,5313,240,4.0,0,1275120
2019-2020,2019,Non-urgent,3,Transferred,Unintentional Falls,Not Admitted,701,213,3.55,0,149313
2019-2020,2019,Unknown,3,Transferred,Unintentional Falls,Not Admitted,121,192,3.2,0,23232
2019-2020,2019,CTAS III - Urgent,3,Unknown,Acute Myocardial Infarction,Not Admitted,0,0,0.0,0,0
2019-2020,2019,Less urgent,3,Unknown,Acute Myocardial Infarction,Not Admitted,0,0,0.0,0,0
2019-2020,2019,Non-urgent,3,Unknown,Acute Myocardial Infarction,Not Admitted,0,0,0.0,0,0
2019-2020,2019,Unknown,3,Unknown,Acute Myocardial Infarction,Not Admitted,0,0,0.0,0,0
2019-2020,2019,CTAS III - Urgent,3,Unknown,Asthma,Not Admitted,0,0,0.0,0,0
2019-2020,2019,Less urgent,3,Unknown,Asthma,Not Admitted,0,0,0.0,0,0
2019-2020,2019,Non-urgent,3,Unknown,Asthma,Not Admitted,0,0,0.0,0,0
2019-2020,2019,Unknown,3,Unknown,Asthma,Not Admitted,0,0,0.0,0,0
2019-2020,2019,CTAS III - Urgent,3,Unknown,Influenzal Pneumonia,Not Admitted,0,0,0.0,0,0
2019-2020,2019,Less urgent,3,Unknown,Influenzal Pneumonia,Not Admitted,0,0,0.0,0,0
2019-2020,2019,Non-urgent,3,Unknown,Influenzal Pneumonia,Not Admitted,0,0,0.0,0,0
2019-2020,2019,Unknown,3,Unknown,Influenzal Pneumonia,Not Admitted,0,0,0.0,0,0
2019-2020,2019,CTAS III - Urgent,3,Unknown,Motor Vehicle Collisions,Not Admitted,0,0,0.0,0,0
2019-2020,2019,Less urgent,3,Unknown,Motor Vehicle Collisions,Not Admitted,0,0,0.0,0,0
2019-2020,2019,Non-urgent,3,Unknown,Motor Vehicle Collisions,Not Admitted,0,0,0.0,0,0
2019-2020,2019,Unknown,3,Unknown,Motor Vehicle Collisions,Not Admitted,0,0,0.0,0,0
2019-2020,2019,CTAS III - Urgent,3,Unknown,Pneumonia,Not Admitted,0,0,0.0,0,0
2019-2020,2019,Less urgent,3,Unknown,Pneumonia,Not Admitted,0,0,0.0,0,0
2019-2020,2019,Non-urgent,3,Unknown,Pneumonia,Not Admitted,0,0,0.0,0,0
2019-2020,2019,Unknown,3,Unknown,Pneumonia,Not Admitted,0,0,0.0,0,0
2019-2020,2019,CTAS III - Urgent,3,Unknown,Trauma,Not Admitted,0,0,0.0,0,0
2019-2020,2019,Less urgent,3,Unknown,Trauma,Not Admitted,0,0,0.0,0,0
2019-2020,2019,Non-urgent,3,Unknown,Trauma,Not Admitted,0,0,0.0,0,0
2019-2020,2019,Unknown,3,Unknown,Trauma,Not Admitted,0,0,0.0,0,0
2019-2020,2019,CTAS III - Urgent,3,Unknown,Unintentional Falls,Not Admitted,0,0,0.0,0,0
2019-2020,2019,Less urgent,3,Unknown,Unintentional Falls,Not Admitted,0,0,0.0,0,0
2019-2020,2019,Non-urgent,3,Unknown,Unintentional Falls,Not Admitted,0,0,0.0,0,0
2019-2020,2019,Unknown,3,Unknown,Unintentional Falls,Not Admitted,0,0,0.0,0,0
2018-2019,2018,CTAS I - Resuscitation,1,Admitted,Acute Myocardial Infarction,Admitted,1377,96,1.6,1,132192
2018-2019,2018,CTAS I - Resuscitation,1,Admitted,Asthma,Admitted,818,435,7.25,1,355830
2018-2019,2018,CTAS I - Resuscitation,1,Admitted,Influenzal Pneumonia,Admitted,22,528,8.8,1,11616
2018-2019,2018,CTAS I - Resuscitation,1,Admitted,Motor Vehicle Collisions,Admitted,2983,300,5.0,1,894900
2018-2019,2018,CTAS I - Resuscitation,1,Admitted,Pneumonia,Admitted,2064,540,9.0,1,1114560
2018-2019,2018,CTAS I - Resuscitation,1,Admitted,Trauma,Admitted,7853,300,5.0,1,2355900
2018-2019,2018,CTAS I - Resuscitation,1,Admitted,Unintentional Falls,Admitted,2123,378,6.3,1,802494
2018-2019,2018,CTAS I - Resuscitation,1,Death,Acute Myocardial Infarction,Not Admitted,363,36,0.6,0,13068
2018-2019,2018,CTAS I - Resuscitation,1,Death,Asthma,Not Admitted,5,66,1.1,0,330
2018-2019,2018,CTAS I - Resuscitation,1,Death,Influenzal Pneumonia,Not Admitted,0,0,0.0,0,0
2018-2019,2018,CTAS I - Resuscitation,1,Death,Motor Vehicle Collisions,Not Admitted,211,30,0.5,0,6330
2018-2019,2018,CTAS I - Resuscitation,1,Death,Pneumonia,Not Admitted,37,156,2.6,0,5772
2018-2019,2018,CTAS I - Resuscitation,1,Death,Trauma,Not Admitted,688,36,0.6,0,24768
2018-2019,2018,CTAS I - Resuscitation,1,Death,Unintentional Falls,Not Admitted,109,120,2.0,0,13080
2018-2019,2018,CTAS I - Resuscitation,1,Discharged Home,Acute Myocardial Infarction,Not Admitted,15,192,3.2,0,2880
2018-2019,2018,CTAS I - Resuscitation,1,Discharged Home,Asthma,Not Admitted,685,210,3.5,0,143850
2018-2019,2018,CTAS I - Resuscitation,1,Discharged Home,Influenzal Pneumonia,Not Admitted,0,93,1.55,0,0
2018-2019,2018,CTAS I - Resuscitation,1,Discharged Home,Motor Vehicle Collisions,Not Admitted,679,291,4.85,0,197589
2018-2019,2018,CTAS I - Resuscitation,1,Discharged Home,Pneumonia,Not Admitted,486,174,2.9,0,84564
2018-2019,2018,CTAS I - Resuscitation,1,Discharged Home,Trauma,Not Admitted,3944,240,4.0,0,946560
2018-2019,2018,CTAS I - Resuscitation,1,Discharged Home,Unintentional Falls,Not Admitted,690,252,4.2,0,173880
2018-2019,2018,CTAS I - Resuscitation,1,Intra-Facility Transfer,Acute Myocardial Infarction,Not Admitted,6,48,0.8,0,288
2018-2019,2018,CTAS I - Resuscitation,1,Intra-Facility Transfer,Asthma,Not Admitted,0,234,3.9,0,0
2018-2019,2018,CTAS I - Resuscitation,1,Intra-Facility Transfer,Influenzal Pneumonia,Not Admitted,0,0,0.0,0,0
2018-2019,2018,CTAS I - Resuscitation,1,Intra-Facility Transfer,Motor Vehicle Collisions,Not Admitted,10,75,1.25,0,750
2018-2019,2018,CTAS I - Resuscitation,1,Intra-Facility Transfer,Pneumonia,Not Admitted,0,204,3.4,0,0
2018-2019,2018,CTAS I - Resuscitation,1,Intra-Facility Transfer,Trauma,Not Admitted,71,126,2.1,0,8946
2018-2019,2018,CTAS I - Resuscitation,1,Intra-Facility Transfer,Unintentional Falls,Not Admitted,7,258,4.3,0,1806
2018-2019,2018,CTAS I - Resuscitation,1,Not Seen Or Left,Acute Myocardial Infarction,Not Admitted,0,96,1.6,0,0
2018-2019,2018,CTAS I - Resuscitation,1,Not Seen Or Left,Asthma,Not Admitted,10,177,2.95,0,1770
2018-2019,2018,CTAS I - Resuscitation,1,Not Seen Or Left,Influenzal Pneumonia,Not Admitted,0,0,0.0,0,0
2018-2019,2018,CTAS I - Resuscitation,1,Not Seen Or Left,Motor Vehicle Collisions,Not Admitted,23,252,4.2,0,5796
2018-2019,2018,CTAS I - Resuscitation,1,Not Seen Or Left,Pneumonia,Not Admitted,7,336,5.6,0,2352
2018-2019,2018,CTAS I - Resuscitation,1,Not Seen Or Left,Trauma,Not Admitted,119,186,3.1,0,22134
2018-2019,2018,CTAS I - Resuscitation,1,Not Seen Or Left,Unintentional Falls,Not Admitted,16,228,3.8,0,3648
2018-2019,2018,CTAS I - Resuscitation,1,Transferred,Acute Myocardial Infarction,Not Admitted,720,72,1.2,0,51840
2018-2019,2018,CTAS I - Resuscitation,1,Transferred,Asthma,Not Admitted,127,240,4.0,0,30480
2018-2019,2018,CTAS I - Resuscitation,1,Transferred,Influenzal Pneumonia,Not Admitted,0,384,6.4,0,0
2018-2019,2018,CTAS I - Resuscitation,1,Transferred,Motor Vehicle Collisions,Not Admitted,622,120,2.0,0,74640
2018-2019,2018,CTAS I - Resuscitation,1,Transferred,Pneumonia,Not Admitted,237,252,4.2,0,59724
2018-2019,2018,CTAS I - Resuscitation,1,Transferred,Trauma,Not Admitted,1750,144,2.4,0,252000
2018-2019,2018,CTAS I - Resuscitation,1,Transferred,Unintentional Falls,Not Admitted,396,186,3.1,0,73656
2018-2019,2018,CTAS I - Resuscitation,1,Unknown,Acute Myocardial Infarction,Not Admitted,0,0,0.0,0,0
2018-2019,2018,CTAS I - Resuscitation,1,Unknown,Asthma,Not Admitted,0,0,0.0,0,0
2018-2019,2018,CTAS I - Resuscitation,1,Unknown,Influenzal Pneumonia,Not Admitted,0,0,0.0,0,0
2018-2019,2018,CTAS I - Resuscitation,1,Unknown,Motor Vehicle Collisions,Not Admitted,0,0,0.0,0,0
2018-2019,2018,CTAS I - Resuscitation,1,Unknown,Pneumonia,Not Admitted,0,0,0.0,0,0
2018-2019,2018,CTAS I - Resuscitation,1,Unknown,Trauma,Not Admitted,0,0,0.0,0,0
2018-2019,2018,CTAS I - Resuscitation,1,Unknown,Unintentional Falls,Not Admitted,0,0,0.0,0,0
2018-2019,2018,CTAS II - Emergent,2,Admitted,Acute Myocardial Infarction,Admitted,13117,528,8.8,1,6925776
2018-2019,2018,CTAS II - Emergent,2,Admitted,Asthma,Admitted,3688,546,9.1,1,2013648
2018-2019,2018,CTAS II - Emergent,2,Admitted,Influenzal Pneumonia,Admitted,136,681,11.35,1,92616
2018-2019,2018,CTAS II - Emergent,2,Admitted,Motor Vehicle Collisions,Admitted,4288,426,7.1,1,1826688
2018-2019,2018,CTAS II - Emergent,2,Admitted,Pneumonia,Admitted,18741,762,12.7,1,14280642
2018-2019,2018,CTAS II - Emergent,2,Admitted,Trauma,Admitted,27690,516,8.6,1,14288040
2018-2019,2018,CTAS II - Emergent,2,Admitted,Unintentional Falls,Admitted,15789,576,9.6,1,9094464
2018-2019,2018,CTAS II - Emergent,2,Death,Acute Myocardial Infarction,Not Admitted,83,132,2.2,0,10956
2018-2019,2018,CTAS II - Emergent,2,Death,Asthma,Not Admitted,0,0,0.0,0,0
2018-2019,2018,CTAS II - Emergent,2,Death,Influenzal Pneumonia,Not Admitted,0,0,0.0,0,0
2018-2019,2018,CTAS II - Emergent,2,Death,Motor Vehicle Collisions,Not Admitted,5,210,3.5,0,1050
2018-2019,2018,CTAS II - Emergent,2,Death,Pneumonia,Not Admitted,34,351,5.85,0,11934
2018-2019,2018,CTAS II - Emergent,2,Death,Trauma,Not Admitted,41,294,4.9,0,12054
2018-2019,2018,CTAS II - Emergent,2,Death,Unintentional Falls,Not Admitted,24,306,5.1,0,7344
2018-2019,2018,CTAS II - Emergent,2,Discharged Home,Acute Myocardial Infarction,Not Admitted,455,294,4.9,0,133770
2018-2019,2018,CTAS II - Emergent,2,Discharged Home,Asthma,Not Admitted,13875,210,3.5,0,2913750
2018-2019,2018,CTAS II - Emergent,2,Discharged Home,Influenzal Pneumonia,Not Admitted,102,246,4.1,0,25092
2018-2019,2018,CTAS II - Emergent,2,Discharged Home,Motor Vehicle Collisions,Not Admitted,26219,198,3.3,0,5191362
2018-2019,2018,CTAS II - Emergent,2,Discharged Home,Pneumonia,Not Admitted,18267,222,3.7,0,4055274
2018-2019,2018,CTAS II - Emergent,2,Discharged Home,Trauma,Not Admitted,173476,174,2.9,0,30184824
2018-2019,2018,CTAS II - Emergent,2,Discharged Home,Unintentional Falls,Not Admitted,57031,192,3.2,0,10949952
2018-2019,2018,CTAS II - Emergent,2,Intra-Facility Transfer,Acute Myocardial Infarction,Not Admitted,57,84,1.4,0,4788
2018-2019,2018,CTAS II - Emergent,2,Intra-Facility Transfer,Asthma,Not Admitted,42,189,3.15,0,7938
2018-2019,2018,CTAS II - Emergent,2,Intra-Facility Transfer,Influenzal Pneumonia,Not Admitted,0,0,0.0,0,0
2018-2019,2018,CTAS II - Emergent,2,Intra-Facility Transfer,Motor Vehicle Collisions,Not Admitted,73,204,3.4,0,14892
2018-2019,2018,CTAS II - Emergent,2,Intra-Facility Transfer,Pneumonia,Not Admitted,35,216,3.6,0,7560
2018-2019,2018,CTAS II - Emergent,2,Intra-Facility Transfer,Trauma,Not Admitted,1255,210,3.5,0,263550
2018-2019,2018,CTAS II - Emergent,2,Intra-Facility Transfer,Unintentional Falls,Not Admitted,262,234,3.9,0,61308
2018-2019,2018,CTAS II - Emergent,2,Not Seen Or Left,Acute Myocardial Infarction,Not Admitted,94,294,4.9,0,27636
2018-2019,2018,CTAS II - Emergent,2,Not Seen Or Left,Asthma,Not Admitted,142,192,3.2,0,27264
2018-2019,2018,CTAS II - Emergent,2,Not Seen Or Left,Influenzal Pneumonia,Not Admitted,0,0,0.0,0,0
2018-2019,2018,CTAS II - Emergent,2,Not Seen Or Left,Motor Vehicle Collisions,Not Admitted,550,168,2.8,0,92400
2018-2019,2018,CTAS II - Emergent,2,Not Seen Or Left,Pneumonia,Not Admitted,127,297,4.95,0,37719
2018-2019,2018,CTAS II - Emergent,2,Not Seen Or Left,Trauma,Not Admitted,4415,144,2.4,0,635760
2018-2019,2018,CTAS II - Emergent,2,Not Seen Or Left,Unintentional Falls,Not Admitted,1148,156,2.6,0,179088
2018-2019,2018,CTAS II - Emergent,2,Transferred,Acute Myocardial Infarction,Not Admitted,4631,132,2.2,0,611292
2018-2019,2018,CTAS II - Emergent,2,Transferred,Asthma,Not Admitted,456,327,5.45,0,149112
2018-2019,2018,CTAS II - Emergent,2,Transferred,Influenzal Pneumonia,Not Admitted,13,330,5.5,0,4290
2018-2019,2018,CTAS II - Emergent,2,Transferred,Motor Vehicle Collisions,Not Admitted,2093,204,3.4,0,426972
2018-2019,2018,CTAS II - Emergent,2,Transferred,Pneumonia,Not Admitted,1944,306,5.1,0,594864
2018-2019,2018,CTAS II - Emergent,2,Transferred,Trauma,Not Admitted,13300,246,4.1,0,3271800
2018-2019,2018,CTAS II - Emergent,2,Transferred,Unintentional Falls,Not Admitted,6640,294,4.9,0,1952160
2018-2019,2018,CTAS II - Emergent,2,Unknown,Acute Myocardial Infarction,Not Admitted,0,0,0.0,0,0
2018-2019,2018,CTAS II - Emergent,2,Unknown,Asthma,Not Admitted,0,0,0.0,0,0
2018-2019,2018,CTAS II - Emergent,2,Unknown,Influenzal Pneumonia,Not Admitted,0,0,0.0,0,0
2018-2019,2018,CTAS II - Emergent,2,Unknown,Motor Vehicle Collisions,Not Admitted,0,0,0.0,0,0
2018-2019,2018,CTAS II - Emergent,2,Unknown,Pneumonia,Not Admitted,0,0,0.0,0,0
2018-2019,2018,CTAS II - Emergent,2,Unknown,Trauma,Not Admitted,0,0,0.0,0,0
2018-2019,2018,CTAS II - Emergent,2,Unknown,Unintentional Falls,Not Admitted,0,0,0.0,0,0
2018-2019,2018,CTAS III - Urgent,3,Admitted,Acute Myocardial Infarction,Admitted,4010,630,10.5,1,2526300
2018-2019,2018,Less urgent,3,Admitted,Acute Myocardial Infarction,Admitted,382,549,9.15,1,209718
2018-2019,2018,Non-urgent,3,Admitted,Acute Myocardial Infarction,Admitted,54,537,8.95,1,28998
2018-2019,2018,Unknown,3,Admitted,Acute Myocardial Infarction,Admitted,56,189,3.15,1,10584
2018-2019,2018,CTAS III - Urgent,3,Admitted,Asthma,Admitted,1428,618,10.3,1,882504
2018-2019,2018,Less urgent,3,Admitted,Asthma,Admitted,81,618,10.3,1,50058
2018-2019,2018,Non-urgent,3,Admitted,Asthma,Admitted,12,507,8.45,1,6084
2018-2019,2018,Unknown,3,Admitted,Asthma,Admitted,14,270,4.5,1,3780
2018-2019,2018,CTAS III - Urgent,3,Admitted,Influenzal Pneumonia,Admitted,103,858,14.3,1,88374
2018-2019,2018,Less urgent,3,Admitted,Influenzal Pneumonia,Admitted,9,558,9.3,1,5022
2018-2019,2018,Non-urgent,3,Admitted,Influenzal Pneumonia,Admitted,0,789,13.15,1,0
2018-2019,2018,Unknown,3,Admitted,Influenzal Pneumonia,Admitted,0,0,0.0,1,0
2018-2019,2018,CTAS III - Urgent,3,Admitted,Motor Vehicle Collisions,Admitted,2415,468,7.8,1,1130220
2018-2019,2018,Less urgent,3,Admitted,Motor Vehicle Collisions,Admitted,461,390,6.5,1,179790
2018-2019,2018,Non-urgent,3,Admitted,Motor Vehicle Collisions,Admitted,60,330,5.5,1,19800
2018-2019,2018,Unknown,3,Admitted,Motor Vehicle Collisions,Admitted,53,258,4.3,1,13674
2018-2019,2018,CTAS III - Urgent,3,Admitted,Pneumonia,Admitted,14555,744,12.4,1,10828920
2018-2019,2018,Less urgent,3,Admitted,Pneumonia,Admitted,1287,486,8.1,1,625482
2018-2019,2018,Non-urgent,3,Admitted,Pneumonia,Admitted,117,474,7.9,1,55458
2018-2019,2018,Unknown,3,Admitted,Pneumonia,Admitted,170,204,3.4,1,34680
2018-2019,2018,CTAS III - Urgent,3,Admitted,Trauma,Admitted,43752,540,9.0,1,23626080
2018-2019,2018,Less urgent,3,Admitted,Trauma,Admitted,7932,456,7.6,1,3616992
2018-2019,2018,Non-urgent,3,Admitted,Trauma,Admitted,1134,372,6.2,1,421848
2018-2019,2018,Unknown,3,Admitted,Trauma,Admitted,332,228,3.8,1,75696
2018-2019,2018,CTAS III - Urgent,3,Admitted,Unintentional Falls,Admitted,33292,552,9.2,1,18377184
2018-2019,2018,Less urgent,3,Admitted,Unintentional Falls,Admitted,5456,486,8.1,1,2651616
2018-2019,2018,Non-urgent,3,Admitted,Unintentional Falls,Admitted,728,414,6.9,1,301392
2018-2019,2018,Unknown,3,Admitted,Unintentional Falls,Admitted,186,228,3.8,1,42408
2018-2019,2018,CTAS III - Urgent,3,Death,Acute Myocardial Infarction,Not Admitted,22,162,2.7,0,3564
2018-2019,2018,Less urgent,3,Death,Acute Myocardial Infarction,Not Admitted,0,417,6.95,0,0
2018-2019,2018,Non-urgent,3,Death,Acute Myocardial Infarction,Not Admitted,0,0,0.0,0,0
2018-2019,2018,Unknown,3,Death,Acute Myocardial Infarction,Not Admitted,7,36,0.6,0,252
2018-2019,2018,CTAS III - Urgent,3,Death,Asthma,Not Admitted,0,222,3.7,0,0
2018-2019,2018,Less urgent,3,Death,Asthma,Not Admitted,0,0,0.0,0,0
2018-2019,2018,Non-urgent,3,Death,Asthma,Not Admitted,0,0,0.0,0,0
2018-2019,2018,Unknown,3,Death,Asthma,Not Admitted,0,0,0.0,0,0
2018-2019,2018,CTAS III - Urgent,3,Death,Influenzal Pneumonia,Not Admitted,0,0,0.0,0,0
2018-2019,2018,Less urgent,3,Death,Influenzal Pneumonia,Not Admitted,0,0,0.0,0,0
2018-2019,2018,Non-urgent,3,Death,Influenzal Pneumonia,Not Admitted,0,0,0.0,0,0
2018-2019,2018,Unknown,3,Death,Influenzal Pneumonia,Not Admitted,0,0,0.0,0,0
2018-2019,2018,CTAS III - Urgent,3,Death,Motor Vehicle Collisions,Not Admitted,0,141,2.35,0,0
2018-2019,2018,Less urgent,3,Death,Motor Vehicle Collisions,Not Admitted,0,36,0.6,0,0
2018-2019,2018,Non-urgent,3,Death,Motor Vehicle Collisions,Not Admitted,0,0,0.0,0,0
2018-2019,2018,Unknown,3,Death,Motor Vehicle Collisions,Not Admitted,0,66,1.1,0,0
2018-2019,2018,CTAS III - Urgent,3,Death,Pneumonia,Not Admitted,15,318,5.3,0,4770
2018-2019,2018,Less urgent,3,Death,Pneumonia,Not Admitted,0,198,3.3,0,0
2018-2019,2018,Non-urgent,3,Death,Pneumonia,Not Admitted,0,18,0.3,0,0
2018-2019,2018,Unknown,3,Death,Pneumonia,Not Admitted,0,144,2.4,0,0
2018-2019,2018,CTAS III - Urgent,3,Death,Trauma,Not Admitted,21,342,5.7,0,7182
2018-2019,2018,Less urgent,3,Death,Trauma,Not Admitted,7,108,1.8,0,756
2018-2019,2018,Non-urgent,3,Death,Trauma,Not Admitted,6,90,1.5,0,540
2018-2019,2018,Unknown,3,Death,Trauma,Not Admitted,11,36,0.6,0,396
2018-2019,2018,CTAS III - Urgent,3,Death,Unintentional Falls,Not Admitted,13,348,5.8,0,4524
2018-2019,2018,Less urgent,3,Death,Unintentional Falls,Not Admitted,0,138,2.3,0,0
2018-2019,2018,Non-urgent,3,Death,Unintentional Falls,Not Admitted,0,294,4.9,0,0
2018-2019,2018,Unknown,3,Death,Unintentional Falls,Not Admitted,0,174,2.9,0,0
2018-2019,2018,CTAS III - Urgent,3,Discharged Home,Acute Myocardial Infarction,Not Admitted,174,414,6.9,0,72036
2018-2019,2018,Less urgent,3,Discharged Home,Acute Myocardial Infarction,Not Admitted,46,306,5.1,0,14076
2018-2019,2018,Non-urgent,3,Discharged Home,Acute Myocardial Infarction,Not Admitted,13,228,3.8,0,2964
2018-2019,2018,Unknown,3,Discharged Home,Acute Myocardial Infarction,Not Admitted,0,78,1.3,0,0
2018-2019,2018,CTAS III - Urgent,3,Discharged Home,Asthma,Not Admitted,25648,168,2.8,0,4308864
2018-2019,2018,Less urgent,3,Discharged Home,Asthma,Not Admitted,10501,120,2.0,0,1260120
2018-2019,2018,Non-urgent,3,Discharged Home,Asthma,Not Admitted,1744,96,1.6,0,167424
2018-2019,2018,Unknown,3,Discharged Home,Asthma,Not Admitted,204,96,1.6,0,19584
2018-2019,2018,CTAS III - Urgent,3,Discharged Home,Influenzal Pneumonia,Not Admitted,264,201,3.35,0,53064
2018-2019,2018,Less urgent,3,Discharged Home,Influenzal Pneumonia,Not Admitted,88,126,2.1,0,11088
2018-2019,2018,Non-urgent,3,Discharged Home,Influenzal Pneumonia,Not Admitted,8,162,2.7,0,1296
2018-2019,2018,Unknown,3,Discharged Home,Influenzal Pneumonia,Not Admitted,0,66,1.1,0,0
2018-2019,2018,CTAS III - Urgent,3,Discharged Home,Motor Vehicle Collisions,Not Admitted,70299,156,2.6,0,10966644
2018-2019,2018,Less urgent,3,Discharged Home,Motor Vehicle Collisions,Not Admitted,39583,126,2.1,0,4987458
2018-2019,2018,Non-urgent,3,Discharged Home,Motor Vehicle Collisions,Not Admitted,4907,114,1.9,0,559398
2018-2019,2018,Unknown,3,Discharged Home,Motor Vehicle Collisions,Not Admitted,536,90,1.5,0,48240
2018-2019,2018,CTAS III - Urgent,3,Discharged Home,Pneumonia,Not Admitted,45517,186,3.1,0,8466162
2018-2019,2018,Less urgent,3,Discharged Home,Pneumonia,Not Admitted,18385,138,2.3,0,2537130
2018-2019,2018,Non-urgent,3,Discharged Home,Pneumonia,Not Admitted,2926,126,2.1,0,368676
2018-2019,2018,Unknown,3,Discharged Home,Pneumonia,Not Admitted,248,111,1.85,0,27528
2018-2019,2018,CTAS III - Urgent,3,Discharged Home,Trauma,Not Admitted,713368,144,2.4,0,102724992
2018-2019,2018,Less urgent,3,Discharged Home,Trauma,Not Admitted,758810,114,1.9,0,86504340
2018-2019,2018,Non-urgent,3,Discharged Home,Trauma,Not Admitted,136102,102,1.7,0,13882404
2018-2019,2018,Unknown,3,Discharged Home,Trauma,Not Admitted,7053,72,1.2,0,507816
2018-2019,2018,CTAS III - Urgent,3,Discharged Home,Unintentional Falls,Not Admitted,265849,162,2.7,0,43067538
2018-2019,2018,Less urgent,3,Discharged Home,Unintentional Falls,Not Admitted,224479,126,2.1,0,28284354
2018-2019,2018,Non-urgent,3,Discharged Home,Unintentional Falls,Not Admitted,29214,114,1.9,0,3330396
2018-2019,2018,Unknown,3,Discharged Home,Unintentional Falls,Not Admitted,1816,84,1.4,0,152544
2018-2019,2018,CTAS III - Urgent,3,Intra-Facility Transfer,Acute Myocardial Infarction,Not Admitted,5,282,4.7,0,1410
2018-2019,2018,Less urgent,3,Intra-Facility Transfer,Acute Myocardial Infarction,Not Admitted,0,0,0.0,0,0
2018-2019,2018,Non-urgent,3,Intra-Facility Transfer,Acute Myocardial Infarction,Not Admitted,0,0,0.0,0,0
2018-2019,2018,Unknown,3,Intra-Facility Transfer,Acute Myocardial Infarction,Not Admitted,0,6,0.1,0,0
2018-2019,2018,CTAS III - Urgent,3,Intra-Facility Transfer,Asthma,Not Admitted,16,171,2.85,0,2736
2018-2019,2018,Less urgent,3,Intra-Facility Transfer,Asthma,Not Admitted,0,60,1.0,0,0
2018-2019,2018,Non-urgent,3,Intra-Facility Transfer,Asthma,Not Admitted,0,0,0.0,0,0
2018-2019,2018,Unknown,3,Intra-Facility Transfer,Asthma,Not Admitted,0,0,0.0,0,0
2018-2019,2018,CTAS III - Urgent,3,Intra-Facility Transfer,Influenzal Pneumonia,Not Admitted,0,0,0.0,0,0
2018-2019,2018,Less urgent,3,Intra-Facility Transfer,Influenzal Pneumonia,Not Admitted,0,0,0.0,0,0
2018-2019,2018,Non-urgent,3,Intra-Facility Transfer,Influenzal Pneumonia,Not Admitted,0,0,0.0,0,0
2018-2019,2018,Unknown,3,Intra-Facility Transfer,Influenzal Pneumonia,Not Admitted,0,0,0.0,0,0
2018-2019,2018,CTAS III - Urgent,3,Intra-Facility Transfer,Motor Vehicle Collisions,Not Admitted,142,222,3.7,0,31524
2018-2019,2018,Less urgent,3,Intra-Facility Transfer,Motor Vehicle Collisions,Not Admitted,51,228,3.8,0,11628
2018-2019,2018,Non-urgent,3,Intra-Facility Transfer,Motor Vehicle Collisions,Not Admitted,22,213,3.55,0,4686
2018-2019,2018,Unknown,3,Intra-Facility Transfer,Motor Vehicle Collisions,Not Admitted,0,12,0.2,0,0
2018-2019,2018,CTAS III - Urgent,3,Intra-Facility Transfer,Pneumonia,Not Admitted,34,216,3.6,0,7344
2018-2019,2018,Less urgent,3,Intra-Facility Transfer,Pneumonia,Not Admitted,6,159,2.65,0,954
2018-2019,2018,Non-urgent,3,Intra-Facility Transfer,Pneumonia,Not Admitted,0,264,4.4,0,0
2018-2019,2018,Unknown,3,Intra-Facility Transfer,Pneumonia,Not Admitted,0,0,0.0,0,0
2018-2019,2018,CTAS III - Urgent,3,Intra-Facility Transfer,Trauma,Not Admitted,2533,204,3.4,0,516732
2018-2019,2018,Less urgent,3,Intra-Facility Transfer,Trauma,Not Admitted,1134,162,2.7,0,183708
2018-2019,2018,Non-urgent,3,Intra-Facility Transfer,Trauma,Not Admitted,292,150,2.5,0,43800
2018-2019,2018,Unknown,3,Intra-Facility Transfer,Trauma,Not Admitted,19,60,1.0,0,1140
2018-2019,2018,CTAS III - Urgent,3,Intra-Facility Transfer,Unintentional Falls,Not Admitted,738,234,3.9,0,172692
2018-2019,2018,Less urgent,3,Intra-Facility Transfer,Unintentional Falls,Not Admitted,319,150,2.5,0,47850
2018-2019,2018,Non-urgent,3,Intra-Facility Transfer,Unintentional Falls,Not Admitted,79,168,2.8,0,13272
2018-2019,2018,Unknown,3,Intra-Facility Transfer,Unintentional Falls,Not Admitted,6,27,0.45,0,162
2018-2019,2018,CTAS III - Urgent,3,Not Seen Or Left,Acute Myocardial Infarction,Not Admitted,38,354,5.9,0,13452
2018-2019,2018,Less urgent,3,Not Seen Or Left,Acute Myocardial Infarction,Not Admitted,6,237,3.95,0,1422
2018-2019,2018,Non-urgent,3,Not Seen Or Left,Acute Myocardial Infarction,Not Admitted,0,0,0.0,0,0
2018-2019,2018,Unknown,3,Not Seen Or Left,Acute Myocardial Infarction,Not Admitted,0,150,2.5,0,0
2018-2019,2018,CTAS III - Urgent,3,Not Seen Or Left,Asthma,Not Admitted,301,144,2.4,0,43344
2018-2019,2018,Less urgent,3,Not Seen Or Left,Asthma,Not Admitted,85,126,2.1,0,10710
2018-2019,2018,Non-urgent,3,Not Seen Or Left,Asthma,Not Admitted,19,132,2.2,0,2508
2018-2019,2018,Unknown,3,Not Seen Or Left,Asthma,Not Admitted,12,120,2.0,0,1440
2018-2019,2018,CTAS III - Urgent,3,Not Seen Or Left,Influenzal Pneumonia,Not Admitted,0,0,0.0,0,0
2018-2019,2018,Less urgent,3,Not Seen Or Left,Influenzal Pneumonia,Not Admitted,0,0,0.0,0,0
2018-2019,2018,Non-urgent,3,Not Seen Or Left,Influenzal Pneumonia,Not Admitted,0,0,0.0,0,0
2018-2019,2018,Unknown,3,Not Seen Or Left,Influenzal Pneumonia,Not Admitted,0,0,0.0,0,0
2018-2019,2018,CTAS III - Urgent,3,Not Seen Or Left,Motor Vehicle Collisions,Not Admitted,2084,150,2.5,0,312600
2018-2019,2018,Less urgent,3,Not Seen Or Left,Motor Vehicle Collisions,Not Admitted,1352,132,2.2,0,178464
2018-2019,2018,Non-urgent,3,Not Seen Or Left,Motor Vehicle Collisions,Not Admitted,173,126,2.1,0,21798
2018-2019,2018,Unknown,3,Not Seen Or Left,Motor Vehicle Collisions,Not Admitted,61,66,1.1,0,4026
2018-2019,2018,CTAS III - Urgent,3,Not Seen Or Left,Pneumonia,Not Admitted,250,252,4.2,0,63000
2018-2019,2018,Less urgent,3,Not Seen Or Left,Pneumonia,Not Admitted,77,156,2.6,0,12012
2018-2019,2018,Non-urgent,3,Not Seen Or Left,Pneumonia,Not Admitted,24,180,3.0,0,4320
2018-2019,2018,Unknown,3,Not Seen Or Left,Pneumonia,Not Admitted,16,120,2.0,0,1920
2018-2019,2018,CTAS III - Urgent,3,Not Seen Or Left,Trauma,Not Admitted,24241,138,2.3,0,3345258
2018-2019,2018,Less urgent,3,Not Seen Or Left,Trauma,Not Admitted,27380,126,2.1,0,3449880
2018-2019,2018,Non-urgent,3,Not Seen Or Left,Trauma,Not Admitted,6293,108,1.8,0,679644
2018-2019,2018,Unknown,3,Not Seen Or Left,Trauma,Not Admitted,2026,42,0.7,0,85092
2018-2019,2018,CTAS III - Urgent,3,Not Seen Or Left,Unintentional Falls,Not Admitted,7081,144,2.4,0,1019664
2018-2019,2018,Less urgent,3,Not Seen Or Left,Unintentional Falls,Not Admitted,6522,126,2.1,0,821772
2018-2019,2018,Non-urgent,3,Not Seen Or Left,Unintentional Falls,Not Admitted,861,120,2.0,0,103320
2018-2019,2018,Unknown,3,Not Seen Or Left,Unintentional Falls,Not Admitted,272,60,1.0,0,16320
2018-2019,2018,CTAS III - Urgent,3,Transferred,Acute Myocardial Infarction,Not Admitted,1035,240,4.0,0,248400
2018-2019,2018,Less urgent,3,Transferred,Acute Myocardial Infarction,Not Admitted,130,282,4.7,0,36660
2018-2019,2018,Non-urgent,3,Transferred,Acute Myocardial Infarction,Not Admitted,18,258,4.3,0,4644
2018-2019,2018,Unknown,3,Transferred,Acute Myocardial Infarction,Not Admitted,36,168,2.8,0,6048
2018-2019,2018,CTAS III - Urgent,3,Transferred,Asthma,Not Admitted,258,306,5.1,0,78948
2018-2019,2018,Less urgent,3,Transferred,Asthma,Not Admitted,47,204,3.4,0,9588
2018-2019,2018,Non-urgent,3,Transferred,Asthma,Not Admitted,5,90,1.5,0,450
2018-2019,2018,Unknown,3,Transferred,Asthma,Not Admitted,5,108,1.8,0,540
2018-2019,2018,CTAS III - Urgent,3,Transferred,Influenzal Pneumonia,Not Admitted,8,369,6.15,0,2952
2018-2019,2018,Less urgent,3,Transferred,Influenzal Pneumonia,Not Admitted,0,0,0.0,0,0
2018-2019,2018,Non-urgent,3,Transferred,Influenzal Pneumonia,Not Admitted,0,0,0.0,0,0
2018-2019,2018,Unknown,3,Transferred,Influenzal Pneumonia,Not Admitted,0,0,0.0,0,0
2018-2019,2018,CTAS III - Urgent,3,Transferred,Motor Vehicle Collisions,Not Admitted,1370,234,3.9,0,320580
2018-2019,2018,Less urgent,3,Transferred,Motor Vehicle Collisions,Not Admitted,285,192,3.2,0,54720
2018-2019,2018,Non-urgent,3,Transferred,Motor Vehicle Collisions,Not Admitted,42,207,3.45,0,8694
2018-2019,2018,Unknown,3,Transferred,Motor Vehicle Collisions,Not Admitted,87,144,2.4,0,12528
2018-2019,2018,CTAS III - Urgent,3,Transferred,Pneumonia,Not Admitted,2263,336,5.6,0,760368
2018-2019,2018,Less urgent,3,Transferred,Pneumonia,Not Admitted,367,252,4.2,0,92484
2018-2019,2018,Non-urgent,3,Transferred,Pneumonia,Not Admitted,40,258,4.3,0,10320
2018-2019,2018,Unknown,3,Transferred,Pneumonia,Not Admitted,21,264,4.4,0,5544
2018-2019,2018,CTAS III - Urgent,3,Transferred,Trauma,Not Admitted,29468,282,4.7,0,8309976
2018-2019,2018,Less urgent,3,Transferred,Trauma,Not Admitted,10213,204,3.4,0,2083452
2018-2019,2018,Non-urgent,3,Transferred,Trauma,Not Admitted,1437,180,3.0,0,258660
2018-2019,2018,Unknown,3,Transferred,Trauma,Not Admitted,391,138,2.3,0,53958
2018-2019,2018,CTAS III - Urgent,3,Transferred,Unintentional Falls,Not Admitted,20351,318,5.3,0,6471618
2018-2019,2018,Less urgent,3,Transferred,Unintentional Falls,Not Admitted,5900,240,4.0,0,1416000
2018-2019,2018,Non-urgent,3,Transferred,Unintentional Falls,Not Admitted,649,216,3.6,0,140184
2018-2019,2018,Unknown,3,Transferred,Unintentional Falls,Not Admitted,149,168,2.8,0,25032
2018-2019,2018,CTAS III - Urgent,3,Unknown,Acute Myocardial Infarction,Not Admitted,0,0,0.0,0,0
2018-2019,2018,Less urgent,3,Unknown,Acute Myocardial Infarction,Not Admitted,0,0,0.0,0,0
2018-2019,2018,Non-urgent,3,Unknown,Acute Myocardial Infarction,Not Admitted,0,0,0.0,0,0
2018-2019,2018,Unknown,3,Unknown,Acute Myocardial Infarction,Not Admitted,0,0,0.0,0,0
2018-2019,2018,CTAS III - Urgent,3,Unknown,Asthma,Not Admitted,0,0,0.0,0,0
2018-2019,2018,Less urgent,3,Unknown,Asthma,Not Admitted,0,0,0.0,0,0
2018-2019,2018,Non-urgent,3,Unknown,Asthma,Not Admitted,0,0,0.0,0,0
2018-2019,2018,Unknown,3,Unknown,Asthma,Not Admitted,0,0,0.0,0,0
2018-2019,2018,CTAS III - Urgent,3,Unknown,Influenzal Pneumonia,Not Admitted,0,0,0.0,0,0
2018-2019,2018,Less urgent,3,Unknown,Influenzal Pneumonia,Not Admitted,0,0,0.0,0,0
2018-2019,2018,Non-urgent,3,Unknown,Influenzal Pneumonia,Not Admitted,0,0,0.0,0,0
2018-2019,2018,Unknown,3,Unknown,Influenzal Pneumonia,Not Admitted,0,0,0.0,0,0
2018-2019,2018,CTAS III - Urgent,3,Unknown,Motor Vehicle Collisions,Not Admitted,0,0,0.0,0,0
2018-2019,2018,Less urgent,3,Unknown,Motor Vehicle Collisions,Not Admitted,0,0,0.0,0,0
2018-2019,2018,Non-urgent,3,Unknown,Motor Vehicle Collisions,Not Admitted,0,0,0.0,0,0
2018-2019,2018,Unknown,3,Unknown,Motor Vehicle Collisions,Not Admitted,0,0,0.0,0,0
2018-2019,2018,CTAS III - Urgent,3,Unknown,Pneumonia,Not Admitted,0,0,0.0,0,0
2018-2019,2018,Less urgent,3,Unknown,Pneumonia,Not Admitted,0,0,0.0,0,0
2018-2019,2018,Non-urgent,3,Unknown,Pneumonia,Not Admitted,0,0,0.0,0,0
2018-2019,2018,Unknown,3,Unknown,Pneumonia,Not Admitted,0,0,0.0,0,0
2018-2019,2018,CTAS III - Urgent,3,Unknown,Trauma,Not Admitted,0,0,0.0,0,0
2018-2019,2018,Less urgent,3,Unknown,Trauma,Not Admitted,0,0,0.0,0,0
2018-2019,2018,Non-urgent,3,Unknown,Trauma,Not Admitted,0,0,0.0,0,0
2018-2019,2018,Unknown,3,Unknown,Trauma,Not Admitted,0,0,0.0,0,0
2018-2019,2018,CTAS III - Urgent,3,Unknown,Unintentional Falls,Not Admitted,0,0,0.0,0,0
2018-2019,2018,Less urgent,3,Unknown,Unintentional Falls,Not Admitted,0,0,0.0,0,0
2018-2019,2018,Non-urgent,3,Unknown,Unintentional Falls,Not Admitted,0,0,0.0,0,0
2018-2019,2018,Unknown,3,Unknown,Unintentional Falls,Not Admitted,0,0,0.0,0,0
2017-2018,2017,CTAS I - Resuscitation,1,Admitted,Acute Myocardial Infarction,Admitted,1346,96,1.6,1,129216
2017-2018,2017,CTAS I - Resuscitation,1,Admitted,Asthma,Admitted,616,414,6.9,1,255024
2017-2018,2017,CTAS I - Resuscitation,1,Admitted,Influenzal Pneumonia,Admitted,15,660,11.0,1,9900
2017-2018,2017,CTAS I - Resuscitation,1,Admitted,Motor Vehicle Collisions,Admitted,2967,288,4.8,1,854496
2017-2018,2017,CTAS I - Resuscitation,1,Admitted,Pneumonia,Admitted,1751,534,8.9,1,935034
2017-2018,2017,CTAS I - Resuscitation,1,Admitted,Trauma,Admitted,7641,288,4.8,1,2200608
2017-2018,2017,CTAS I - Resuscitation,1,Admitted,Unintentional Falls,Admitted,1936,330,5.5,1,638880
2017-2018,2017,CTAS I - Resuscitation,1,Death,Acute Myocardial Infarction,Not Admitted,373,30,0.5,0,11190
2017-2018,2017,CTAS I - Resuscitation,1,Death,Asthma,Not Admitted,0,102,1.7,0,0
2017-2018,2017,CTAS I - Resuscitation,1,Death,Influenzal Pneumonia,Not Admitted,0,0,0.0,0,0
2017-2018,2017,CTAS I - Resuscitation,1,Death,Motor Vehicle Collisions,Not Admitted,238,30,0.5,0,7140
2017-2018,2017,CTAS I - Resuscitation,1,Death,Pneumonia,Not Admitted,38,153,2.55,0,5814
2017-2018,2017,CTAS I - Resuscitation,1,Death,Trauma,Not Admitted,661,30,0.5,0,19830
2017-2018,2017,CTAS I - Resuscitation,1,Death,Unintentional Falls,Not Admitted,76,138,2.3,0,10488
2017-2018,2017,CTAS I - Resuscitation,1,Discharged Home,Acute Myocardial Infarction,Not Admitted,31,162,2.7,0,5022
2017-2018,2017,CTAS I - Resuscitation,1,Discharged Home,Asthma,Not Admitted,473,222,3.7,0,105006
2017-2018,2017,CTAS I - Resuscitation,1,Discharged Home,Influenzal Pneumonia,Not Admitted,0,0,0.0,0,0
2017-2018,2017,CTAS I - Resuscitation,1,Discharged Home,Motor Vehicle Collisions,Not Admitted,711,276,4.6,0,196236
2017-2018,2017,CTAS I - Resuscitation,1,Discharged Home,Pneumonia,Not Admitted,253,204,3.4,0,51612
2017-2018,2017,CTAS I - Resuscitation,1,Discharged Home,Trauma,Not Admitted,3838,246,4.1,0,944148
2017-2018,2017,CTAS I - Resuscitation,1,Discharged Home,Unintentional Falls,Not Admitted,636,267,4.45,0,169812
2017-2018,2017,CTAS I - Resuscitation,1,Intra-Facility Transfer,Acute Myocardial Infarction,Not Admitted,8,51,0.85,0,408
2017-2018,2017,CTAS I - Resuscitation,1,Intra-Facility Transfer,Asthma,Not Admitted,0,165,2.75,0,0
2017-2018,2017,CTAS I - Resuscitation,1,Intra-Facility Transfer,Influenzal Pneumonia,Not Admitted,0,0,0.0,0,0
2017-2018,2017,CTAS I - Resuscitation,1,Intra-Facility Transfer,Motor Vehicle Collisions,Not Admitted,0,201,3.35,0,0
2017-2018,2017,CTAS I - Resuscitation,1,Intra-Facility Transfer,Pneumonia,Not Admitted,0,186,3.1,0,0
2017-2018,2017,CTAS I - Resuscitation,1,Intra-Facility Transfer,Trauma,Not Admitted,62,177,2.95,0,10974
2017-2018,2017,CTAS I - Resuscitation,1,Intra-Facility Transfer,Unintentional Falls,Not Admitted,8,183,3.05,0,1464
2017-2018,2017,CTAS I - Resuscitation,1,Not Seen Or Left,Acute Myocardial Infarction,Not Admitted,0,288,4.8,0,0
2017-2018,2017,CTAS I - Resuscitation,1,Not Seen Or Left,Asthma,Not Admitted,13,198,3.3,0,2574
2017-2018,2017,CTAS I - Resuscitation,1,Not Seen Or Left,Influenzal Pneumonia,Not Admitted,0,0,0.0,0,0
2017-2018,2017,CTAS I - Resuscitation,1,Not Seen Or Left,Motor Vehicle Collisions,Not Admitted,17,264,4.4,0,4488
2017-2018,2017,CTAS I - Resuscitation,1,Not Seen Or Left,Pneumonia,Not Admitted,5,306,5.1,0,1530
2017-2018,2017,CTAS I - Resuscitation,1,Not Seen Or Left,Trauma,Not Admitted,88,210,3.5,0,18480
2017-2018,2017,CTAS I - Resuscitation,1,Not Seen Or Left,Unintentional Falls,Not Admitted,11,330,5.5,0,3630
2017-2018,2017,CTAS I - Resuscitation,1,Transferred,Acute Myocardial Infarction,Not Admitted,738,66,1.1,0,48708
2017-2018,2017,CTAS I - Resuscitation,1,Transferred,Asthma,Not Admitted,80,222,3.7,0,17760
2017-2018,2017,CTAS I - Resuscitation,1,Transferred,Influenzal Pneumonia,Not Admitted,0,138,2.3,0,0
2017-2018,2017,CTAS I - Resuscitation,1,Transferred,Motor Vehicle Collisions,Not Admitted,601,108,1.8,0,64908
2017-2018,2017,CTAS I - Resuscitation,1,Transferred,Pneumonia,Not Admitted,150,222,3.7,0,33300
2017-2018,2017,CTAS I - Resuscitation,1,Transferred,Trauma,Not Admitted,1569,126,2.1,0,197694
2017-2018,2017,CTAS I - Resuscitation,1,Transferred,Unintentional Falls,Not Admitted,309,156,2.6,0,48204
2017-2018,2017,CTAS I - Resuscitation,1,Unknown,Acute Myocardial Infarction,Not Admitted,0,0,0.0,0,0
2017-2018,2017,CTAS I - Resuscitation,1,Unknown,Asthma,Not Admitted,0,0,0.0,0,0
2017-2018,2017,CTAS I - Resuscitation,1,Unknown,Influenzal Pneumonia,Not Admitted,0,0,0.0,0,0
2017-2018,2017,CTAS I - Resuscitation,1,Unknown,Motor Vehicle Collisions,Not Admitted,0,0,0.0,0,0
2017-2018,2017,CTAS I - Resuscitation,1,Unknown,Pneumonia,Not Admitted,0,0,0.0,0,0
2017-2018,2017,CTAS I - Resuscitation,1,Unknown,Trauma,Not Admitted,0,0,0.0,0,0
2017-2018,2017,CTAS I - Resuscitation,1,Unknown,Unintentional Falls,Not Admitted,0,0,0.0,0,0
2017-2018,2017,CTAS II - Emergent,2,Admitted,Acute Myocardial Infarction,Admitted,12596,522,8.7,1,6575112
2017-2018,2017,CTAS II - Emergent,2,Admitted,Asthma,Admitted,3882,528,8.8,1,2049696
2017-2018,2017,CTAS II - Emergent,2,Admitted,Influenzal Pneumonia,Admitted,186,1518,25.3,1,282348
2017-2018,2017,CTAS II - Emergent,2,Admitted,Motor Vehicle Collisions,Admitted,4305,432,7.2,1,1859760
2017-2018,2017,CTAS II - Emergent,2,Admitted,Pneumonia,Admitted,19430,786,13.1,1,15271980
2017-2018,2017,CTAS II - Emergent,2,Admitted,Trauma,Admitted,27364,510,8.5,1,13955640
2017-2018,2017,CTAS II - Emergent,2,Admitted,Unintentional Falls,Admitted,15590,570,9.5,1,8886300
2017-2018,2017,CTAS II - Emergent,2,Death,Acute Myocardial Infarction,Not Admitted,94,156,2.6,0,14664
2017-2018,2017,CTAS II - Emergent,2,Death,Asthma,Not Admitted,0,210,3.5,0,0
2017-2018,2017,CTAS II - Emergent,2,Death,Influenzal Pneumonia,Not Admitted,0,153,2.55,0,0
2017-2018,2017,CTAS II - Emergent,2,Death,Motor Vehicle Collisions,Not Admitted,6,108,1.8,0,648
2017-2018,2017,CTAS II - Emergent,2,Death,Pneumonia,Not Admitted,44,303,5.05,0,13332
2017-2018,2017,CTAS II - Emergent,2,Death,Trauma,Not Admitted,50,267,4.45,0,13350
2017-2018,2017,CTAS II - Emergent,2,Death,Unintentional Falls,Not Admitted,37,288,4.8,0,10656
2017-2018,2017,CTAS II - Emergent,2,Discharged Home,Acute Myocardial Infarction,Not Admitted,532,336,5.6,0,178752
2017-2018,2017,CTAS II - Emergent,2,Discharged Home,Asthma,Not Admitted,14989,210,3.5,0,3147690
2017-2018,2017,CTAS II - Emergent,2,Discharged Home,Influenzal Pneumonia,Not Admitted,91,252,4.2,0,22932
2017-2018,2017,CTAS II - Emergent,2,Discharged Home,Motor Vehicle Collisions,Not Admitted,26031,198,3.3,0,5154138
2017-2018,2017,CTAS II - Emergent,2,Discharged Home,Pneumonia,Not Admitted,18973,228,3.8,0,4325844
2017-2018,2017,CTAS II - Emergent,2,Discharged Home,Trauma,Not Admitted,168682,180,3.0,0,30362760
2017-2018,2017,CTAS II - Emergent,2,Discharged Home,Unintentional Falls,Not Admitted,54199,204,3.4,0,11056596
2017-2018,2017,CTAS II - Emergent,2,Intra-Facility Transfer,Acute Myocardial Infarction,Not Admitted,53,72,1.2,0,3816
2017-2018,2017,CTAS II - Emergent,2,Intra-Facility Transfer,Asthma,Not Admitted,68,198,3.3,0,13464
2017-2018,2017,CTAS II - Emergent,2,Intra-Facility Transfer,Influenzal Pneumonia,Not Admitted,0,0,0.0,0,0
2017-2018,2017,CTAS II - Emergent,2,Intra-Facility Transfer,Motor Vehicle Collisions,Not Admitted,79,210,3.5,0,16590
2017-2018,2017,CTAS II - Emergent,2,Intra-Facility Transfer,Pneumonia,Not Admitted,60,225,3.75,0,13500
2017-2018,2017,CTAS II - Emergent,2,Intra-Facility Transfer,Trauma,Not Admitted,1271,204,3.4,0,259284
2017-2018,2017,CTAS II - Emergent,2,Intra-Facility Transfer,Unintentional Falls,Not Admitted,241,222,3.7,0,53502
2017-2018,2017,CTAS II - Emergent,2,Not Seen Or Left,Acute Myocardial Infarction,Not Admitted,68,333,5.55,0,22644
2017-2018,2017,CTAS II - Emergent,2,Not Seen Or Left,Asthma,Not Admitted,147,174,2.9,0,25578
2017-2018,2017,CTAS II - Emergent,2,Not Seen Or Left,Influenzal Pneumonia,Not Admitted,0,0,0.0,0,0
2017-2018,2017,CTAS II - Emergent,2,Not Seen Or Left,Motor Vehicle Collisions,Not Admitted,571,162,2.7,0,92502
2017-2018,2017,CTAS II - Emergent,2,Not Seen Or Left,Pneumonia,Not Admitted,115,288,4.8,0,33120
2017-2018,2017,CTAS II - Emergent,2,Not Seen Or Left,Trauma,Not Admitted,4290,138,2.3,0,592020
2017-2018,2017,CTAS II - Emergent,2,Not Seen Or Left,Unintentional Falls,Not Admitted,1030,162,2.7,0,166860
2017-2018,2017,CTAS II - Emergent,2,Transferred,Acute Myocardial Infarction,Not Admitted,4440,126,2.1,0,559440
2017-2018,2017,CTAS II - Emergent,2,Transferred,Asthma,Not Admitted,438,300,5.0,0,131400
2017-2018,2017,CTAS II - Emergent,2,Transferred,Influenzal Pneumonia,Not Admitted,11,564,9.4,0,6204
2017-2018,2017,CTAS II - Emergent,2,Transferred,Motor Vehicle Collisions,Not Admitted,2116,204,3.4,0,431664
2017-2018,2017,CTAS II - Emergent,2,Transferred,Pneumonia,Not Admitted,1366,270,4.5,0,368820
2017-2018,2017,CTAS II - Emergent,2,Transferred,Trauma,Not Admitted,8476,204,3.4,0,1729104
2017-2018,2017,CTAS II - Emergent,2,Transferred,Unintentional Falls,Not Admitted,3187,228,3.8,0,726636
2017-2018,2017,CTAS II - Emergent,2,Unknown,Acute Myocardial Infarction,Not Admitted,0,0,0.0,0,0
2017-2018,2017,CTAS II - Emergent,2,Unknown,Asthma,Not Admitted,0,0,0.0,0,0
2017-2018,2017,CTAS II - Emergent,2,Unknown,Influenzal Pneumonia,Not Admitted,0,0,0.0,0,0
2017-2018,2017,CTAS II - Emergent,2,Unknown,Motor Vehicle Collisions,Not Admitted,0,0,0.0,0,0
2017-2018,2017,CTAS II - Emergent,2,Unknown,Pneumonia,Not Admitted,0,0,0.0,0,0
2017-2018,2017,CTAS II - Emergent,2,Unknown,Trauma,Not Admitted,0,0,0.0,0,0
2017-2018,2017,CTAS II - Emergent,2,Unknown,Unintentional Falls,Not Admitted,0,0,0.0,0,0
2017-2018,2017,CTAS III - Urgent,3,Admitted,Acute Myocardial Infarction,Admitted,4115,624,10.4,1,2567760
2017-2018,2017,Less urgent,3,Admitted,Acute Myocardial Infarction,Admitted,377,498,8.3,1,187746
2017-2018,2017,Non-urgent,3,Admitted,Acute Myocardial Infarction,Admitted,34,465,7.75,1,15810
2017-2018,2017,Unknown,3,Admitted,Acute Myocardial Infarction,Admitted,64,291,4.85,1,18624
2017-2018,2017,CTAS III - Urgent,3,Admitted,Asthma,Admitted,1421,618,10.3,1,878178
2017-2018,2017,Less urgent,3,Admitted,Asthma,Admitted,83,354,5.9,1,29382
2017-2018,2017,Non-urgent,3,Admitted,Asthma,Admitted,9,780,13.0,1,7020
2017-2018,2017,Unknown,3,Admitted,Asthma,Admitted,17,294,4.9,1,4998
2017-2018,2017,CTAS III - Urgent,3,Admitted,Influenzal Pneumonia,Admitted,138,1182,19.7,1,163116
2017-2018,2017,Less urgent,3,Admitted,Influenzal Pneumonia,Admitted,23,648,10.8,1,14904
2017-2018,2017,Non-urgent,3,Admitted,Influenzal Pneumonia,Admitted,0,1164,19.4,1,0
2017-2018,2017,Unknown,3,Admitted,Influenzal Pneumonia,Admitted,0,696,11.6,1,0
2017-2018,2017,CTAS III - Urgent,3,Admitted,Motor Vehicle Collisions,Admitted,2544,444,7.4,1,1129536
2017-2018,2017,Less urgent,3,Admitted,Motor Vehicle Collisions,Admitted,453,372,6.2,1,168516
2017-2018,2017,Non-urgent,3,Admitted,Motor Vehicle Collisions,Admitted,49,264,4.4,1,12936
2017-2018,2017,Unknown,3,Admitted,Motor Vehicle Collisions,Admitted,46,156,2.6,1,7176
2017-2018,2017,CTAS III - Urgent,3,Admitted,Pneumonia,Admitted,15905,768,12.8,1,12215040
2017-2018,2017,Less urgent,3,Admitted,Pneumonia,Admitted,1511,462,7.7,1,698082
2017-2018,2017,Non-urgent,3,Admitted,Pneumonia,Admitted,122,372,6.2,1,45384
2017-2018,2017,Unknown,3,Admitted,Pneumonia,Admitted,269,207,3.45,1,55683
2017-2018,2017,CTAS III - Urgent,3,Admitted,Trauma,Admitted,42260,534,8.9,1,22566840
2017-2018,2017,Less urgent,3,Admitted,Trauma,Admitted,7799,444,7.4,1,3462756
2017-2018,2017,Non-urgent,3,Admitted,Trauma,Admitted,841,336,5.6,1,282576
2017-2018,2017,Unknown,3,Admitted,Trauma,Admitted,356,234,3.9,1,83304
2017-2018,2017,CTAS III - Urgent,3,Admitted,Unintentional Falls,Admitted,31798,558,9.3,1,17743284
2017-2018,2017,Less urgent,3,Admitted,Unintentional Falls,Admitted,5272,474,7.9,1,2498928
2017-2018,2017,Non-urgent,3,Admitted,Unintentional Falls,Admitted,500,372,6.2,1,186000
2017-2018,2017,Unknown,3,Admitted,Unintentional Falls,Admitted,222,252,4.2,1,55944
2017-2018,2017,CTAS III - Urgent,3,Death,Acute Myocardial Infarction,Not Admitted,18,198,3.3,0,3564
2017-2018,2017,Less urgent,3,Death,Acute Myocardial Infarction,Not Admitted,0,243,4.05,0,0
2017-2018,2017,Non-urgent,3,Death,Acute Myocardial Infarction,Not Admitted,0,132,2.2,0,0
2017-2018,2017,Unknown,3,Death,Acute Myocardial Infarction,Not Admitted,5,54,0.9,0,270
2017-2018,2017,CTAS III - Urgent,3,Death,Asthma,Not Admitted,0,78,1.3,0,0
2017-2018,2017,Less urgent,3,Death,Asthma,Not Admitted,0,0,0.0,0,0
2017-2018,2017,Non-urgent,3,Death,Asthma,Not Admitted,0,0,0.0,0,0
2017-2018,2017,Unknown,3,Death,Asthma,Not Admitted,0,0,0.0,0,0
2017-2018,2017,CTAS III - Urgent,3,Death,Influenzal Pneumonia,Not Admitted,0,120,2.0,0,0
2017-2018,2017,Less urgent,3,Death,Influenzal Pneumonia,Not Admitted,0,0,0.0,0,0
2017-2018,2017,Non-urgent,3,Death,Influenzal Pneumonia,Not Admitted,0,0,0.0,0,0
2017-2018,2017,Unknown,3,Death,Influenzal Pneumonia,Not Admitted,0,0,0.0,0,0
2017-2018,2017,CTAS III - Urgent,3,Death,Motor Vehicle Collisions,Not Admitted,0,762,12.7,0,0
2017-2018,2017,Less urgent,3,Death,Motor Vehicle Collisions,Not Admitted,0,123,2.05,0,0
2017-2018,2017,Non-urgent,3,Death,Motor Vehicle Collisions,Not Admitted,0,0,0.0,0,0
2017-2018,2017,Unknown,3,Death,Motor Vehicle Collisions,Not Admitted,9,90,1.5,0,810
2017-2018,2017,CTAS III - Urgent,3,Death,Pneumonia,Not Admitted,12,384,6.4,0,4608
2017-2018,2017,Less urgent,3,Death,Pneumonia,Not Admitted,0,144,2.4,0,0
2017-2018,2017,Non-urgent,3,Death,Pneumonia,Not Admitted,0,6,0.1,0,0
2017-2018,2017,Unknown,3,Death,Pneumonia,Not Admitted,0,762,12.7,0,0
2017-2018,2017,CTAS III - Urgent,3,Death,Trauma,Not Admitted,22,363,6.05,0,7986
2017-2018,2017,Less urgent,3,Death,Trauma,Not Admitted,10,108,1.8,0,1080
2017-2018,2017,Non-urgent,3,Death,Trauma,Not Admitted,7,18,0.3,0,126
2017-2018,2017,Unknown,3,Death,Trauma,Not Admitted,12,90,1.5,0,1080
2017-2018,2017,CTAS III - Urgent,3,Death,Unintentional Falls,Not Admitted,13,378,6.3,0,4914
2017-2018,2017,Less urgent,3,Death,Unintentional Falls,Not Admitted,0,825,13.75,0,0
2017-2018,2017,Non-urgent,3,Death,Unintentional Falls,Not Admitted,0,522,8.7,0,0
2017-2018,2017,Unknown,3,Death,Unintentional Falls,Not Admitted,0,0,0.0,0,0
2017-2018,2017,CTAS III - Urgent,3,Discharged Home,Acute Myocardial Infarction,Not Admitted,259,390,6.5,0,101010
2017-2018,2017,Less urgent,3,Discharged Home,Acute Myocardial Infarction,Not Admitted,48,306,5.1,0,14688
2017-2018,2017,Non-urgent,3,Discharged Home,Acute Myocardial Infarction,Not Admitted,15,84,1.4,0,1260
2017-2018,2017,Unknown,3,Discharged Home,Acute Myocardial Infarction,Not Admitted,7,252,4.2,0,1764
2017-2018,2017,CTAS III - Urgent,3,Discharged Home,Asthma,Not Admitted,27843,168,2.8,0,4677624
2017-2018,2017,Less urgent,3,Discharged Home,Asthma,Not Admitted,12132,114,1.9,0,1383048
2017-2018,2017,Non-urgent,3,Discharged Home,Asthma,Not Admitted,1534,96,1.6,0,147264
2017-2018,2017,Unknown,3,Discharged Home,Asthma,Not Admitted,306,90,1.5,0,27540
2017-2018,2017,CTAS III - Urgent,3,Discharged Home,Influenzal Pneumonia,Not Admitted,260,216,3.6,0,56160
2017-2018,2017,Less urgent,3,Discharged Home,Influenzal Pneumonia,Not Admitted,115,144,2.4,0,16560
2017-2018,2017,Non-urgent,3,Discharged Home,Influenzal Pneumonia,Not Admitted,6,54,0.9,0,324
2017-2018,2017,Unknown,3,Discharged Home,Influenzal Pneumonia,Not Admitted,0,366,6.1,0,0
2017-2018,2017,CTAS III - Urgent,3,Discharged Home,Motor Vehicle Collisions,Not Admitted,71943,150,2.5,0,10791450
2017-2018,2017,Less urgent,3,Discharged Home,Motor Vehicle Collisions,Not Admitted,45471,120,2.0,0,5456520
2017-2018,2017,Non-urgent,3,Discharged Home,Motor Vehicle Collisions,Not Admitted,3670,108,1.8,0,396360
2017-2018,2017,Unknown,3,Discharged Home,Motor Vehicle Collisions,Not Admitted,822,96,1.6,0,78912
2017-2018,2017,CTAS III - Urgent,3,Discharged Home,Pneumonia,Not Admitted,50878,186,3.1,0,9463308
2017-2018,2017,Less urgent,3,Discharged Home,Pneumonia,Not Admitted,23463,132,2.2,0,3097116
2017-2018,2017,Non-urgent,3,Discharged Home,Pneumonia,Not Admitted,2286,126,2.1,0,288036
2017-2018,2017,Unknown,3,Discharged Home,Pneumonia,Not Admitted,346,96,1.6,0,33216
2017-2018,2017,CTAS III - Urgent,3,Discharged Home,Trauma,Not Admitted,703302,144,2.4,0,101275488
2017-2018,2017,Less urgent,3,Discharged Home,Trauma,Not Admitted,859985,114,1.9,0,98038290
2017-2018,2017,Non-urgent,3,Discharged Home,Trauma,Not Admitted,97710,96,1.6,0,9380160
2017-2018,2017,Unknown,3,Discharged Home,Trauma,Not Admitted,9484,72,1.2,0,682848
2017-2018,2017,CTAS III - Urgent,3,Discharged Home,Unintentional Falls,Not Admitted,260034,162,2.7,0,42125508
2017-2018,2017,Less urgent,3,Discharged Home,Unintentional Falls,Not Admitted,245814,126,2.1,0,30972564
2017-2018,2017,Non-urgent,3,Discharged Home,Unintentional Falls,Not Admitted,19126,114,1.9,0,2180364
2017-2018,2017,Unknown,3,Discharged Home,Unintentional Falls,Not Admitted,2458,84,1.4,0,206472
2017-2018,2017,CTAS III - Urgent,3,Intra-Facility Transfer,Acute Myocardial Infarction,Not Admitted,9,138,2.3,0,1242
2017-2018,2017,Less urgent,3,Intra-Facility Transfer,Acute Myocardial Infarction,Not Admitted,0,0,0.0,0,0
2017-2018,2017,Non-urgent,3,Intra-Facility Transfer,Acute Myocardial Infarction,Not Admitted,0,0,0.0,0,0
2017-2018,2017,Unknown,3,Intra-Facility Transfer,Acute Myocardial Infarction,Not Admitted,0,0,0.0,0,0
2017-2018,2017,CTAS III - Urgent,3,Intra-Facility Transfer,Asthma,Not Admitted,20,177,2.95,0,3540
2017-2018,2017,Less urgent,3,Intra-Facility Transfer,Asthma,Not Admitted,0,0,0.0,0,0
2017-2018,2017,Non-urgent,3,Intra-Facility Transfer,Asthma,Not Admitted,0,0,0.0,0,0
2017-2018,2017,Unknown,3,Intra-Facility Transfer,Asthma,Not Admitted,0,0,0.0,0,0
2017-2018,2017,CTAS III - Urgent,3,Intra-Facility Transfer,Influenzal Pneumonia,Not Admitted,0,0,0.0,0,0
2017-2018,2017,Less urgent,3,Intra-Facility Transfer,Influenzal Pneumonia,Not Admitted,0,0,0.0,0,0
2017-2018,2017,Non-urgent,3,Intra-Facility Transfer,Influenzal Pneumonia,Not Admitted,0,0,0.0,0,0
2017-2018,2017,Unknown,3,Intra-Facility Transfer,Influenzal Pneumonia,Not Admitted,0,0,0.0,0,0
2017-2018,2017,CTAS III - Urgent,3,Intra-Facility Transfer,Motor Vehicle Collisions,Not Admitted,137,204,3.4,0,27948
2017-2018,2017,Less urgent,3,Intra-Facility Transfer,Motor Vehicle Collisions,Not Admitted,63,222,3.7,0,13986
2017-2018,2017,Non-urgent,3,Intra-Facility Transfer,Motor Vehicle Collisions,Not Admitted,13,96,1.6,0,1248
2017-2018,2017,Unknown,3,Intra-Facility Transfer,Motor Vehicle Collisions,Not Admitted,0,276,4.6,0,0
2017-2018,2017,CTAS III - Urgent,3,Intra-Facility Transfer,Pneumonia,Not Admitted,52,204,3.4,0,10608
2017-2018,2017,Less urgent,3,Intra-Facility Transfer,Pneumonia,Not Admitted,7,114,1.9,0,798
2017-2018,2017,Non-urgent,3,Intra-Facility Transfer,Pneumonia,Not Admitted,0,0,0.0,0,0
2017-2018,2017,Unknown,3,Intra-Facility Transfer,Pneumonia,Not Admitted,0,0,0.0,0,0
2017-2018,2017,CTAS III - Urgent,3,Intra-Facility Transfer,Trauma,Not Admitted,2272,204,3.4,0,463488
2017-2018,2017,Less urgent,3,Intra-Facility Transfer,Trauma,Not Admitted,1073,168,2.8,0,180264
2017-2018,2017,Non-urgent,3,Intra-Facility Transfer,Trauma,Not Admitted,235,138,2.3,0,32430
2017-2018,2017,Unknown,3,Intra-Facility Transfer,Trauma,Not Admitted,22,90,1.5,0,1980
2017-2018,2017,CTAS III - Urgent,3,Intra-Facility Transfer,Unintentional Falls,Not Admitted,605,216,3.6,0,130680
2017-2018,2017,Less urgent,3,Intra-Facility Transfer,Unintentional Falls,Not Admitted,332,156,2.6,0,51792
2017-2018,2017,Non-urgent,3,Intra-Facility Transfer,Unintentional Falls,Not Admitted,50,111,1.85,0,5550
2017-2018,2017,Unknown,3,Intra-Facility Transfer,Unintentional Falls,Not Admitted,9,78,1.3,0,702
2017-2018,2017,CTAS III - Urgent,3,Not Seen Or Left,Acute Myocardial Infarction,Not Admitted,38,315,5.25,0,11970
2017-2018,2017,Less urgent,3,Not Seen Or Left,Acute Myocardial Infarction,Not Admitted,8,285,4.75,0,2280
2017-2018,2017,Non-urgent,3,Not Seen Or Left,Acute Myocardial Infarction,Not Admitted,0,96,1.6,0,0
2017-2018,2017,Unknown,3,Not Seen Or Left,Acute Myocardial Infarction,Not Admitted,0,507,8.45,0,0
2017-2018,2017,CTAS III - Urgent,3,Not Seen Or Left,Asthma,Not Admitted,304,144,2.4,0,43776
2017-2018,2017,Less urgent,3,Not Seen Or Left,Asthma,Not Admitted,128,126,2.1,0,16128
2017-2018,2017,Non-urgent,3,Not Seen Or Left,Asthma,Not Admitted,18,177,2.95,0,3186
2017-2018,2017,Unknown,3,Not Seen Or Left,Asthma,Not Admitted,7,63,1.05,0,441
2017-2018,2017,CTAS III - Urgent,3,Not Seen Or Left,Influenzal Pneumonia,Not Admitted,0,0,0.0,0,0
2017-2018,2017,Less urgent,3,Not Seen Or Left,Influenzal Pneumonia,Not Admitted,0,0,0.0,0,0
2017-2018,2017,Non-urgent,3,Not Seen Or Left,Influenzal Pneumonia,Not Admitted,0,258,4.3,0,0
2017-2018,2017,Unknown,3,Not Seen Or Left,Influenzal Pneumonia,Not Admitted,0,0,0.0,0,0
2017-2018,2017,CTAS III - Urgent,3,Not Seen Or Left,Motor Vehicle Collisions,Not Admitted,2126,144,2.4,0,306144
2017-2018,2017,Less urgent,3,Not Seen Or Left,Motor Vehicle Collisions,Not Admitted,1428,126,2.1,0,179928
2017-2018,2017,Non-urgent,3,Not Seen Or Left,Motor Vehicle Collisions,Not Admitted,110,120,2.0,0,13200
2017-2018,2017,Unknown,3,Not Seen Or Left,Motor Vehicle Collisions,Not Admitted,59,66,1.1,0,3894
2017-2018,2017,CTAS III - Urgent,3,Not Seen Or Left,Pneumonia,Not Admitted,238,216,3.6,0,51408
2017-2018,2017,Less urgent,3,Not Seen Or Left,Pneumonia,Not Admitted,78,180,3.0,0,14040
2017-2018,2017,Non-urgent,3,Not Seen Or Left,Pneumonia,Not Admitted,19,147,2.45,0,2793
2017-2018,2017,Unknown,3,Not Seen Or Left,Pneumonia,Not Admitted,12,153,2.55,0,1836
2017-2018,2017,CTAS III - Urgent,3,Not Seen Or Left,Trauma,Not Admitted,23142,132,2.2,0,3054744
2017-2018,2017,Less urgent,3,Not Seen Or Left,Trauma,Not Admitted,29631,120,2.0,0,3555720
2017-2018,2017,Non-urgent,3,Not Seen Or Left,Trauma,Not Admitted,4838,102,1.7,0,493476
2017-2018,2017,Unknown,3,Not Seen Or Left,Trauma,Not Admitted,1497,48,0.8,0,71856
2017-2018,2017,CTAS III - Urgent,3,Not Seen Or Left,Unintentional Falls,Not Admitted,6569,144,2.4,0,945936
2017-2018,2017,Less urgent,3,Not Seen Or Left,Unintentional Falls,Not Admitted,6845,126,2.1,0,862470
2017-2018,2017,Non-urgent,3,Not Seen Or Left,Unintentional Falls,Not Admitted,675,114,1.9,0,76950
2017-2018,2017,Unknown,3,Not Seen Or Left,Unintentional Falls,Not Admitted,171,36,0.6,0,6156
2017-2018,2017,CTAS III - Urgent,3,Transferred,Acute Myocardial Infarction,Not Admitted,1060,240,4.0,0,254400
2017-2018,2017,Less urgent,3,Transferred,Acute Myocardial Infarction,Not Admitted,98,249,4.15,0,24402
2017-2018,2017,Non-urgent,3,Transferred,Acute Myocardial Infarction,Not Admitted,8,261,4.35,0,2088
2017-2018,2017,Unknown,3,Transferred,Acute Myocardial Infarction,Not Admitted,45,126,2.1,0,5670
2017-2018,2017,CTAS III - Urgent,3,Transferred,Asthma,Not Admitted,140,351,5.85,0,49140
2017-2018,2017,Less urgent,3,Transferred,Asthma,Not Admitted,15,252,4.2,0,3780
2017-2018,2017,Non-urgent,3,Transferred,Asthma,Not Admitted,0,258,4.3,0,0
2017-2018,2017,Unknown,3,Transferred,Asthma,Not Admitted,0,90,1.5,0,0
2017-2018,2017,CTAS III - Urgent,3,Transferred,Influenzal Pneumonia,Not Admitted,12,462,7.7,0,5544
2017-2018,2017,Less urgent,3,Transferred,Influenzal Pneumonia,Not Admitted,0,462,7.7,0,0
2017-2018,2017,Non-urgent,3,Transferred,Influenzal Pneumonia,Not Admitted,0,0,0.0,0,0
2017-2018,2017,Unknown,3,Transferred,Influenzal Pneumonia,Not Admitted,0,0,0.0,0,0
2017-2018,2017,CTAS III - Urgent,3,Transferred,Motor Vehicle Collisions,Not Admitted,1223,222,3.7,0,271506
2017-2018,2017,Less urgent,3,Transferred,Motor Vehicle Collisions,Not Admitted,213,237,3.95,0,50481
2017-2018,2017,Non-urgent,3,Transferred,Motor Vehicle Collisions,Not Admitted,25,180,3.0,0,4500
2017-2018,2017,Unknown,3,Transferred,Motor Vehicle Collisions,Not Admitted,106,156,2.6,0,16536
2017-2018,2017,CTAS III - Urgent,3,Transferred,Pneumonia,Not Admitted,945,324,5.4,0,306180
2017-2018,2017,Less urgent,3,Transferred,Pneumonia,Not Admitted,126,288,4.8,0,36288
2017-2018,2017,Non-urgent,3,Transferred,Pneumonia,Not Admitted,16,312,5.2,0,4992
2017-2018,2017,Unknown,3,Transferred,Pneumonia,Not Admitted,15,282,4.7,0,4230
2017-2018,2017,CTAS III - Urgent,3,Transferred,Trauma,Not Admitted,10484,246,4.1,0,2579064
2017-2018,2017,Less urgent,3,Transferred,Trauma,Not Admitted,2874,216,3.6,0,620784
2017-2018,2017,Non-urgent,3,Transferred,Trauma,Not Admitted,279,198,3.3,0,55242
2017-2018,2017,Unknown,3,Transferred,Trauma,Not Admitted,327,162,2.7,0,52974
2017-2018,2017,CTAS III - Urgent,3,Transferred,Unintentional Falls,Not Admitted,6068,282,4.7,0,1711176
2017-2018,2017,Less urgent,3,Transferred,Unintentional Falls,Not Admitted,1478,258,4.3,0,381324
2017-2018,2017,Non-urgent,3,Transferred,Unintentional Falls,Not Admitted,110,228,3.8,0,25080
2017-2018,2017,Unknown,3,Transferred,Unintentional Falls,Not Admitted,112,201,3.35,0,22512
2017-2018,2017,CTAS III - Urgent,3,Unknown,Acute Myocardial Infarction,Not Admitted,0,0,0.0,0,0
2017-2018,2017,Less urgent,3,Unknown,Acute Myocardial Infarction,Not Admitted,0,0,0.0,0,0
2017-2018,2017,Non-urgent,3,Unknown,Acute Myocardial Infarction,Not Admitted,0,0,0.0,0,0
2017-2018,2017,Unknown,3,Unknown,Acute Myocardial Infarction,Not Admitted,0,0,0.0,0,0
2017-2018,2017,CTAS III - Urgent,3,Unknown,Asthma,Not Admitted,0,0,0.0,0,0
2017-2018,2017,Less urgent,3,Unknown,Asthma,Not Admitted,0,0,0.0,0,0
2017-2018,2017,Non-urgent,3,Unknown,Asthma,Not Admitted,0,0,0.0,0,0
2017-2018,2017,Unknown,3,Unknown,Asthma,Not Admitted,0,0,0.0,0,0
2017-2018,2017,CTAS III - Urgent,3,Unknown,Influenzal Pneumonia,Not Admitted,0,0,0.0,0,0
2017-2018,2017,Less urgent,3,Unknown,Influenzal Pneumonia,Not Admitted,0,0,0.0,0,0
2017-2018,2017,Non-urgent,3,Unknown,Influenzal Pneumonia,Not Admitted,0,0,0.0,0,0
2017-2018,2017,Unknown,3,Unknown,Influenzal Pneumonia,Not Admitted,0,0,0.0,0,0
2017-2018,2017,CTAS III - Urgent,3,Unknown,Motor Vehicle Collisions,Not Admitted,0,0,0.0,0,0
2017-2018,2017,Less urgent,3,Unknown,Motor Vehicle Collisions,Not Admitted,0,0,0.0,0,0
2017-2018,2017,Non-urgent,3,Unknown,Motor Vehicle Collisions,Not Admitted,0,0,0.0,0,0
2017-2018,2017,Unknown,3,Unknown,Motor Vehicle Collisions,Not Admitted,0,0,0.0,0,0
2017-2018,2017,CTAS III - Urgent,3,Unknown,Pneumonia,Not Admitted,0,0,0.0,0,0
2017-2018,2017,Less urgent,3,Unknown,Pneumonia,Not Admitted,0,0,0.0,0,0
2017-2018,2017,Non-urgent,3,Unknown,Pneumonia,Not Admitted,0,0,0.0,0,0
2017-2018,2017,Unknown,3,Unknown,Pneumonia,Not Admitted,0,0,0.0,0,0
2017-2018,2017,CTAS III - Urgent,3,Unknown,Trauma,Not Admitted,0,0,0.0,0,0
2017-2018,2017,Less urgent,3,Unknown,Trauma,Not Admitted,0,0,0.0,0,0
2017-2018,2017,Non-urgent,3,Unknown,Trauma,Not Admitted,0,0,0.0,0,0
2017-2018,2017,Unknown,3,Unknown,Trauma,Not Admitted,0,0,0.0,0,0
2017-2018,2017,CTAS III - Urgent,3,Unknown,Unintentional Falls,Not Admitted,0,0,0.0,0,0
2017-2018,2017,Less urgent,3,Unknown,Unintentional Falls,Not Admitted,0,0,0.0,0,0
2017-2018,2017,Non-urgent,3,Unknown,Unintentional Falls,Not Admitted,0,0,0.0,0,0
2017-2018,2017,Unknown,3,Unknown,Unintentional Falls,Not Admitted,0,0,0.0,0,0
2016-2017,2016,CTAS I - Resuscitation,1,Admitted,Acute Myocardial Infarction,Admitted,1295,84,1.4,1,108780
2016-2017,2016,CTAS I - Resuscitation,1,Admitted,Asthma,Admitted,602,408,6.8,1,245616
2016-2017,2016,CTAS I - Resuscitation,1,Admitted,Influenzal Pneumonia,Admitted,9,624,10.4,1,5616
2016-2017,2016,CTAS I - Resuscitation,1,Admitted,Motor Vehicle Collisions,Admitted,2690,270,4.5,1,726300
2016-2017,2016,CTAS I - Resuscitation,1,Admitted,Pneumonia,Admitted,1552,534,8.9,1,828768
2016-2017,2016,CTAS I - Resuscitation,1,Admitted,Trauma,Admitted,6747,270,4.5,1,1821690
2016-2017,2016,CTAS I - Resuscitation,1,Admitted,Unintentional Falls,Admitted,1694,330,5.5,1,559020
2016-2017,2016,CTAS I - Resuscitation,1,Death,Acute Myocardial Infarction,Not Admitted,406,30,0.5,0,12180
2016-2017,2016,CTAS I - Resuscitation,1,Death,Asthma,Not Admitted,0,12,0.2,0,0
2016-2017,2016,CTAS I - Resuscitation,1,Death,Influenzal Pneumonia,Not Admitted,0,0,0.0,0,0
2016-2017,2016,CTAS I - Resuscitation,1,Death,Motor Vehicle Collisions,Not Admitted,206,42,0.7,0,8652
2016-2017,2016,CTAS I - Resuscitation,1,Death,Pneumonia,Not Admitted,41,156,2.6,0,6396
2016-2017,2016,CTAS I - Resuscitation,1,Death,Trauma,Not Admitted,617,48,0.8,0,29616
2016-2017,2016,CTAS I - Resuscitation,1,Death,Unintentional Falls,Not Admitted,97,168,2.8,0,16296
2016-2017,2016,CTAS I - Resuscitation,1,Discharged Home,Acute Myocardial Infarction,Not Admitted,18,102,1.7,0,1836
2016-2017,2016,CTAS I - Resuscitation,1,Discharged Home,Asthma,Not Admitted,409,228,3.8,0,93252
2016-2017,2016,CTAS I - Resuscitation,1,Discharged Home,Influenzal Pneumonia,Not Admitted,0,189,3.15,0,0
2016-2017,2016,CTAS I - Resuscitation,1,Discharged Home,Motor Vehicle Collisions,Not Admitted,691,288,4.8,0,199008
2016-2017,2016,CTAS I - Resuscitation,1,Discharged Home,Pneumonia,Not Admitted,211,222,3.7,0,46842
2016-2017,2016,CTAS I - Resuscitation,1,Discharged Home,Trauma,Not Admitted,3692,246,4.1,0,908232
2016-2017,2016,CTAS I - Resuscitation,1,Discharged Home,Unintentional Falls,Not Admitted,611,270,4.5,0,164970
2016-2017,2016,CTAS I - Resuscitation,1,Intra-Facility Transfer,Acute Myocardial Infarction,Not Admitted,22,42,0.7,0,924
2016-2017,2016,CTAS I - Resuscitation,1,Intra-Facility Transfer,Asthma,Not Admitted,0,135,2.25,0,0
2016-2017,2016,CTAS I - Resuscitation,1,Intra-Facility Transfer,Influenzal Pneumonia,Not Admitted,0,0,0.0,0,0
2016-2017,2016,CTAS I - Resuscitation,1,Intra-Facility Transfer,Motor Vehicle Collisions,Not Admitted,10,132,2.2,0,1320
2016-2017,2016,CTAS I - Resuscitation,1,Intra-Facility Transfer,Pneumonia,Not Admitted,0,0,0.0,0,0
2016-2017,2016,CTAS I - Resuscitation,1,Intra-Facility Transfer,Trauma,Not Admitted,81,174,2.9,0,14094
2016-2017,2016,CTAS I - Resuscitation,1,Intra-Facility Transfer,Unintentional Falls,Not Admitted,13,138,2.3,0,1794
2016-2017,2016,CTAS I - Resuscitation,1,Not Seen Or Left,Acute Myocardial Infarction,Not Admitted,0,195,3.25,0,0
2016-2017,2016,CTAS I - Resuscitation,1,Not Seen Or Left,Asthma,Not Admitted,7,252,4.2,0,1764
2016-2017,2016,CTAS I - Resuscitation,1,Not Seen Or Left,Influenzal Pneumonia,Not Admitted,0,0,0.0,0,0
2016-2017,2016,CTAS I - Resuscitation,1,Not Seen Or Left,Motor Vehicle Collisions,Not Admitted,10,243,4.05,0,2430
2016-2017,2016,CTAS I - Resuscitation,1,Not Seen Or Left,Pneumonia,Not Admitted,0,222,3.7,0,0
2016-2017,2016,CTAS I - Resuscitation,1,Not Seen Or Left,Trauma,Not Admitted,90,192,3.2,0,17280
2016-2017,2016,CTAS I - Resuscitation,1,Not Seen Or Left,Unintentional Falls,Not Admitted,15,210,3.5,0,3150
2016-2017,2016,CTAS I - Resuscitation,1,Transferred,Acute Myocardial Infarction,Not Admitted,802,60,1.0,0,48120
2016-2017,2016,CTAS I - Resuscitation,1,Transferred,Asthma,Not Admitted,48,225,3.75,0,10800
2016-2017,2016,CTAS I - Resuscitation,1,Transferred,Influenzal Pneumonia,Not Admitted,0,0,0.0,0,0
2016-2017,2016,CTAS I - Resuscitation,1,Transferred,Motor Vehicle Collisions,Not Admitted,600,120,2.0,0,72000
2016-2017,2016,CTAS I - Resuscitation,1,Transferred,Pneumonia,Not Admitted,100,234,3.9,0,23400
2016-2017,2016,CTAS I - Resuscitation,1,Transferred,Trauma,Not Admitted,1535,135,2.25,0,207225
2016-2017,2016,CTAS I - Resuscitation,1,Transferred,Unintentional Falls,Not Admitted,330,168,2.8,0,55440
2016-2017,2016,CTAS I - Resuscitation,1,Unknown,Acute Myocardial Infarction,Not Admitted,0,0,0.0,0,0
2016-2017,2016,CTAS I - Resuscitation,1,Unknown,Asthma,Not Admitted,0,0,0.0,0,0
2016-2017,2016,CTAS I - Resuscitation,1,Unknown,Influenzal Pneumonia,Not Admitted,0,0,0.0,0,0
2016-2017,2016,CTAS I - Resuscitation,1,Unknown,Motor Vehicle Collisions,Not Admitted,0,0,0.0,0,0
2016-2017,2016,CTAS I - Resuscitation,1,Unknown,Pneumonia,Not Admitted,0,0,0.0,0,0
2016-2017,2016,CTAS I - Resuscitation,1,Unknown,Trauma,Not Admitted,0,0,0.0,0,0
2016-2017,2016,CTAS I - Resuscitation,1,Unknown,Unintentional Falls,Not Admitted,0,0,0.0,0,0
2016-2017,2016,CTAS II - Emergent,2,Admitted,Acute Myocardial Infarction,Admitted,12583,510,8.5,1,6417330
2016-2017,2016,CTAS II - Emergent,2,Admitted,Asthma,Admitted,3674,510,8.5,1,1873740
2016-2017,2016,CTAS II - Emergent,2,Admitted,Influenzal Pneumonia,Admitted,83,1116,18.6,1,92628
2016-2017,2016,CTAS II - Emergent,2,Admitted,Motor Vehicle Collisions,Admitted,4485,426,7.1,1,1910610
2016-2017,2016,CTAS II - Emergent,2,Admitted,Pneumonia,Admitted,17961,732,12.2,1,13147452
2016-2017,2016,CTAS II - Emergent,2,Admitted,Trauma,Admitted,26800,492,8.2,1,13185600
2016-2017,2016,CTAS II - Emergent,2,Admitted,Unintentional Falls,Admitted,15270,546,9.1,1,8337420
2016-2017,2016,CTAS II - Emergent,2,Death,Acute Myocardial Infarction,Not Admitted,76,150,2.5,0,11400
2016-2017,2016,CTAS II - Emergent,2,Death,Asthma,Not Admitted,0,0,0.0,0,0
2016-2017,2016,CTAS II - Emergent,2,Death,Influenzal Pneumonia,Not Admitted,0,0,0.0,0,0
2016-2017,2016,CTAS II - Emergent,2,Death,Motor Vehicle Collisions,Not Admitted,9,90,1.5,0,810
2016-2017,2016,CTAS II - Emergent,2,Death,Pneumonia,Not Admitted,38,294,4.9,0,11172
2016-2017,2016,CTAS II - Emergent,2,Death,Trauma,Not Admitted,42,282,4.7,0,11844
2016-2017,2016,CTAS II - Emergent,2,Death,Unintentional Falls,Not Admitted,22,315,5.25,0,6930
2016-2017,2016,CTAS II - Emergent,2,Discharged Home,Acute Myocardial Infarction,Not Admitted,460,306,5.1,0,140760
2016-2017,2016,CTAS II - Emergent,2,Discharged Home,Asthma,Not Admitted,13833,204,3.4,0,2821932
2016-2017,2016,CTAS II - Emergent,2,Discharged Home,Influenzal Pneumonia,Not Admitted,45,282,4.7,0,12690
2016-2017,2016,CTAS II - Emergent,2,Discharged Home,Motor Vehicle Collisions,Not Admitted,26219,192,3.2,0,5034048
2016-2017,2016,CTAS II - Emergent,2,Discharged Home,Pneumonia,Not Admitted,16131,222,3.7,0,3581082
2016-2017,2016,CTAS II - Emergent,2,Discharged Home,Trauma,Not Admitted,163083,174,2.9,0,28376442
2016-2017,2016,CTAS II - Emergent,2,Discharged Home,Unintentional Falls,Not Admitted,52271,204,3.4,0,10663284
2016-2017,2016,CTAS II - Emergent,2,Intra-Facility Transfer,Acute Myocardial Infarction,Not Admitted,74,87,1.45,0,6438
2016-2017,2016,CTAS II - Emergent,2,Intra-Facility Transfer,Asthma,Not Admitted,58,210,3.5,0,12180
2016-2017,2016,CTAS II - Emergent,2,Intra-Facility Transfer,Influenzal Pneumonia,Not Admitted,0,0,0.0,0,0
2016-2017,2016,CTAS II - Emergent,2,Intra-Facility Transfer,Motor Vehicle Collisions,Not Admitted,68,198,3.3,0,13464
2016-2017,2016,CTAS II - Emergent,2,Intra-Facility Transfer,Pneumonia,Not Admitted,72,282,4.7,0,20304
2016-2017,2016,CTAS II - Emergent,2,Intra-Facility Transfer,Trauma,Not Admitted,1207,204,3.4,0,246228
2016-2017,2016,CTAS II - Emergent,2,Intra-Facility Transfer,Unintentional Falls,Not Admitted,235,264,4.4,0,62040
2016-2017,2016,CTAS II - Emergent,2,Not Seen Or Left,Acute Myocardial Infarction,Not Admitted,70,330,5.5,0,23100
2016-2017,2016,CTAS II - Emergent,2,Not Seen Or Left,Asthma,Not Admitted,149,159,2.65,0,23691
2016-2017,2016,CTAS II - Emergent,2,Not Seen Or Left,Influenzal Pneumonia,Not Admitted,0,522,8.7,0,0
2016-2017,2016,CTAS II - Emergent,2,Not Seen Or Left,Motor Vehicle Collisions,Not Admitted,500,168,2.8,0,84000
2016-2017,2016,CTAS II - Emergent,2,Not Seen Or Left,Pneumonia,Not Admitted,102,288,4.8,0,29376
2016-2017,2016,CTAS II - Emergent,2,Not Seen Or Left,Trauma,Not Admitted,3848,144,2.4,0,554112
2016-2017,2016,CTAS II - Emergent,2,Not Seen Or Left,Unintentional Falls,Not Admitted,952,162,2.7,0,154224
2016-2017,2016,CTAS II - Emergent,2,Transferred,Acute Myocardial Infarction,Not Admitted,4241,120,2.0,0,508920
2016-2017,2016,CTAS II - Emergent,2,Transferred,Asthma,Not Admitted,384,288,4.8,0,110592
2016-2017,2016,CTAS II - Emergent,2,Transferred,Influenzal Pneumonia,Not Admitted,0,270,4.5,0,0
2016-2017,2016,CTAS II - Emergent,2,Transferred,Motor Vehicle Collisions,Not Admitted,1998,204,3.4,0,407592
2016-2017,2016,CTAS II - Emergent,2,Transferred,Pneumonia,Not Admitted,1207,258,4.3,0,311406
2016-2017,2016,CTAS II - Emergent,2,Transferred,Trauma,Not Admitted,8050,198,3.3,0,1593900
2016-2017,2016,CTAS II - Emergent,2,Transferred,Unintentional Falls,Not Admitted,3166,222,3.7,0,702852
2016-2017,2016,CTAS II - Emergent,2,Unknown,Acute Myocardial Infarction,Not Admitted,0,0,0.0,0,0
2016-2017,2016,CTAS II - Emergent,2,Unknown,Asthma,Not Admitted,0,0,0.0,0,0
2016-2017,2016,CTAS II - Emergent,2,Unknown,Influenzal Pneumonia,Not Admitted,0,0,0.0,0,0
2016-2017,2016,CTAS II - Emergent,2,Unknown,Motor Vehicle Collisions,Not Admitted,0,0,0.0,0,0
2016-2017,2016,CTAS II - Emergent,2,Unknown,Pneumonia,Not Admitted,0,0,0.0,0,0
2016-2017,2016,CTAS II - Emergent,2,Unknown,Trauma,Not Admitted,0,0,0.0,0,0
2016-2017,2016,CTAS II - Emergent,2,Unknown,Unintentional Falls,Not Admitted,0,0,0.0,0,0
2016-2017,2016,CTAS III - Urgent,3,Admitted,Acute Myocardial Infarction,Admitted,4221,570,9.5,1,2405970
2016-2017,2016,Less urgent,3,Admitted,Acute Myocardial Infarction,Admitted,331,480,8.0,1,158880
2016-2017,2016,Non-urgent,3,Admitted,Acute Myocardial Infarction,Admitted,32,387,6.45,1,12384
2016-2017,2016,Unknown,3,Admitted,Acute Myocardial Infarction,Admitted,90,192,3.2,1,17280
2016-2017,2016,CTAS III - Urgent,3,Admitted,Asthma,Admitted,1441,564,9.4,1,812724
2016-2017,2016,Less urgent,3,Admitted,Asthma,Admitted,94,459,7.65,1,43146
2016-2017,2016,Non-urgent,3,Admitted,Asthma,Admitted,7,384,6.4,1,2688
2016-2017,2016,Unknown,3,Admitted,Asthma,Admitted,20,234,3.9,1,4680
2016-2017,2016,CTAS III - Urgent,3,Admitted,Influenzal Pneumonia,Admitted,81,1188,19.8,1,96228
2016-2017,2016,Less urgent,3,Admitted,Influenzal Pneumonia,Admitted,14,822,13.7,1,11508
2016-2017,2016,Non-urgent,3,Admitted,Influenzal Pneumonia,Admitted,0,0,0.0,1,0
2016-2017,2016,Unknown,3,Admitted,Influenzal Pneumonia,Admitted,0,120,2.0,1,0
2016-2017,2016,CTAS III - Urgent,3,Admitted,Motor Vehicle Collisions,Admitted,2556,426,7.1,1,1088856
2016-2017,2016,Less urgent,3,Admitted,Motor Vehicle Collisions,Admitted,447,348,5.8,1,155556
2016-2017,2016,Non-urgent,3,Admitted,Motor Vehicle Collisions,Admitted,52,252,4.2,1,13104
2016-2017,2016,Unknown,3,Admitted,Motor Vehicle Collisions,Admitted,45,276,4.6,1,12420
2016-2017,2016,CTAS III - Urgent,3,Admitted,Pneumonia,Admitted,14529,702,11.7,1,10199358
2016-2017,2016,Less urgent,3,Admitted,Pneumonia,Admitted,1379,432,7.2,1,595728
2016-2017,2016,Non-urgent,3,Admitted,Pneumonia,Admitted,101,402,6.7,1,40602
2016-2017,2016,Unknown,3,Admitted,Pneumonia,Admitted,219,207,3.45,1,45333
2016-2017,2016,CTAS III - Urgent,3,Admitted,Trauma,Admitted,41190,504,8.4,1,20759760
2016-2017,2016,Less urgent,3,Admitted,Trauma,Admitted,7253,426,7.1,1,3089778
2016-2017,2016,Non-urgent,3,Admitted,Trauma,Admitted,586,300,5.0,1,175800
2016-2017,2016,Unknown,3,Admitted,Trauma,Admitted,326,219,3.65,1,71394
2016-2017,2016,CTAS III - Urgent,3,Admitted,Unintentional Falls,Admitted,31036,522,8.7,1,16200792
2016-2017,2016,Less urgent,3,Admitted,Unintentional Falls,Admitted,4851,456,7.6,1,2212056
2016-2017,2016,Non-urgent,3,Admitted,Unintentional Falls,Admitted,324,324,5.4,1,104976
2016-2017,2016,Unknown,3,Admitted,Unintentional Falls,Admitted,192,219,3.65,1,42048
2016-2017,2016,CTAS III - Urgent,3,Death,Acute Myocardial Infarction,Not Admitted,24,357,5.95,0,8568
2016-2017,2016,Less urgent,3,Death,Acute Myocardial Infarction,Not Admitted,0,0,0.0,0,0
2016-2017,2016,Non-urgent,3,Death,Acute Myocardial Infarction,Not Admitted,7,102,1.7,0,714
2016-2017,2016,Unknown,3,Death,Acute Myocardial Infarction,Not Admitted,7,42,0.7,0,294
2016-2017,2016,CTAS III - Urgent,3,Death,Asthma,Not Admitted,0,0,0.0,0,0
2016-2017,2016,Less urgent,3,Death,Asthma,Not Admitted,0,0,0.0,0,0
2016-2017,2016,Non-urgent,3,Death,Asthma,Not Admitted,0,0,0.0,0,0
2016-2017,2016,Unknown,3,Death,Asthma,Not Admitted,0,0,0.0,0,0
2016-2017,2016,CTAS III - Urgent,3,Death,Influenzal Pneumonia,Not Admitted,0,0,0.0,0,0
2016-2017,2016,Less urgent,3,Death,Influenzal Pneumonia,Not Admitted,0,0,0.0,0,0
2016-2017,2016,Non-urgent,3,Death,Influenzal Pneumonia,Not Admitted,0,0,0.0,0,0
2016-2017,2016,Unknown,3,Death,Influenzal Pneumonia,Not Admitted,0,0,0.0,0,0
2016-2017,2016,CTAS III - Urgent,3,Death,Motor Vehicle Collisions,Not Admitted,0,138,2.3,0,0
2016-2017,2016,Less urgent,3,Death,Motor Vehicle Collisions,Not Admitted,0,291,4.85,0,0
2016-2017,2016,Non-urgent,3,Death,Motor Vehicle Collisions,Not Admitted,0,0,0.0,0,0
2016-2017,2016,Unknown,3,Death,Motor Vehicle Collisions,Not Admitted,0,54,0.9,0,0
2016-2017,2016,CTAS III - Urgent,3,Death,Pneumonia,Not Admitted,12,339,5.65,0,4068
2016-2017,2016,Less urgent,3,Death,Pneumonia,Not Admitted,0,252,4.2,0,0
2016-2017,2016,Non-urgent,3,Death,Pneumonia,Not Admitted,0,69,1.15,0,0
2016-2017,2016,Unknown,3,Death,Pneumonia,Not Admitted,0,6,0.1,0,0
2016-2017,2016,CTAS III - Urgent,3,Death,Trauma,Not Admitted,21,360,6.0,0,7560
2016-2017,2016,Less urgent,3,Death,Trauma,Not Admitted,12,147,2.45,0,1764
2016-2017,2016,Non-urgent,3,Death,Trauma,Not Admitted,0,105,1.75,0,0
2016-2017,2016,Unknown,3,Death,Trauma,Not Admitted,6,42,0.7,0,252
2016-2017,2016,CTAS III - Urgent,3,Death,Unintentional Falls,Not Admitted,17,396,6.6,0,6732
2016-2017,2016,Less urgent,3,Death,Unintentional Falls,Not Admitted,0,150,2.5,0,0
2016-2017,2016,Non-urgent,3,Death,Unintentional Falls,Not Admitted,0,0,0.0,0,0
2016-2017,2016,Unknown,3,Death,Unintentional Falls,Not Admitted,0,264,4.4,0,0
2016-2017,2016,CTAS III - Urgent,3,Discharged Home,Acute Myocardial Infarction,Not Admitted,245,420,7.0,0,102900
2016-2017,2016,Less urgent,3,Discharged Home,Acute Myocardial Infarction,Not Admitted,50,264,4.4,0,13200
2016-2017,2016,Non-urgent,3,Discharged Home,Acute Myocardial Infarction,Not Admitted,11,156,2.6,0,1716
2016-2017,2016,Unknown,3,Discharged Home,Acute Myocardial Infarction,Not Admitted,6,444,7.4,0,2664
2016-2017,2016,CTAS III - Urgent,3,Discharged Home,Asthma,Not Admitted,27263,162,2.7,0,4416606
2016-2017,2016,Less urgent,3,Discharged Home,Asthma,Not Admitted,11937,114,1.9,0,1360818
2016-2017,2016,Non-urgent,3,Discharged Home,Asthma,Not Admitted,1348,84,1.4,0,113232
2016-2017,2016,Unknown,3,Discharged Home,Asthma,Not Admitted,312,78,1.3,0,24336
2016-2017,2016,CTAS III - Urgent,3,Discharged Home,Influenzal Pneumonia,Not Admitted,166,192,3.2,0,31872
2016-2017,2016,Less urgent,3,Discharged Home,Influenzal Pneumonia,Not Admitted,81,111,1.85,0,8991
2016-2017,2016,Non-urgent,3,Discharged Home,Influenzal Pneumonia,Not Admitted,9,90,1.5,0,810
2016-2017,2016,Unknown,3,Discharged Home,Influenzal Pneumonia,Not Admitted,0,270,4.5,0,0
2016-2017,2016,CTAS III - Urgent,3,Discharged Home,Motor Vehicle Collisions,Not Admitted,70656,150,2.5,0,10598400
2016-2017,2016,Less urgent,3,Discharged Home,Motor Vehicle Collisions,Not Admitted,45924,114,1.9,0,5235336
2016-2017,2016,Non-urgent,3,Discharged Home,Motor Vehicle Collisions,Not Admitted,2914,102,1.7,0,297228
2016-2017,2016,Unknown,3,Discharged Home,Motor Vehicle Collisions,Not Admitted,821,90,1.5,0,73890
2016-2017,2016,CTAS III - Urgent,3,Discharged Home,Pneumonia,Not Admitted,43849,180,3.0,0,7892820
2016-2017,2016,Less urgent,3,Discharged Home,Pneumonia,Not Admitted,21198,126,2.1,0,2670948
2016-2017,2016,Non-urgent,3,Discharged Home,Pneumonia,Not Admitted,1695,114,1.9,0,193230
2016-2017,2016,Unknown,3,Discharged Home,Pneumonia,Not Admitted,392,108,1.8,0,42336
2016-2017,2016,CTAS III - Urgent,3,Discharged Home,Trauma,Not Admitted,687984,138,2.3,0,94941792
2016-2017,2016,Less urgent,3,Discharged Home,Trauma,Not Admitted,880842,108,1.8,0,95130936
2016-2017,2016,Non-urgent,3,Discharged Home,Trauma,Not Admitted,77172,90,1.5,0,6945480
2016-2017,2016,Unknown,3,Discharged Home,Trauma,Not Admitted,10337,72,1.2,0,744264
2016-2017,2016,CTAS III - Urgent,3,Discharged Home,Unintentional Falls,Not Admitted,256035,156,2.6,0,39941460
2016-2017,2016,Less urgent,3,Discharged Home,Unintentional Falls,Not Admitted,250805,120,2.0,0,30096600
2016-2017,2016,Non-urgent,3,Discharged Home,Unintentional Falls,Not Admitted,14537,108,1.8,0,1569996
2016-2017,2016,Unknown,3,Discharged Home,Unintentional Falls,Not Admitted,2572,78,1.3,0,200616
2016-2017,2016,CTAS III - Urgent,3,Intra-Facility Transfer,Acute Myocardial Infarction,Not Admitted,0,138,2.3,0,0
2016-2017,2016,Less urgent,3,Intra-Facility Transfer,Acute Myocardial Infarction,Not Admitted,0,0,0.0,0,0
2016-2017,2016,Non-urgent,3,Intra-Facility Transfer,Acute Myocardial Infarction,Not Admitted,0,0,0.0,0,0
2016-2017,2016,Unknown,3,Intra-Facility Transfer,Acute Myocardial Infarction,Not Admitted,0,0,0.0,0,0
2016-2017,2016,CTAS III - Urgent,3,Intra-Facility Transfer,Asthma,Not Admitted,29,204,3.4,0,5916
2016-2017,2016,Less urgent,3,Intra-Facility Transfer,Asthma,Not Admitted,0,18,0.3,0,0
2016-2017,2016,Non-urgent,3,Intra-Facility Transfer,Asthma,Not Admitted,0,0,0.0,0,0
2016-2017,2016,Unknown,3,Intra-Facility Transfer,Asthma,Not Admitted,0,0,0.0,0,0
2016-2017,2016,CTAS III - Urgent,3,Intra-Facility Transfer,Influenzal Pneumonia,Not Admitted,0,0,0.0,0,0
2016-2017,2016,Less urgent,3,Intra-Facility Transfer,Influenzal Pneumonia,Not Admitted,0,0,0.0,0,0
2016-2017,2016,Non-urgent,3,Intra-Facility Transfer,Influenzal Pneumonia,Not Admitted,0,0,0.0,0,0
2016-2017,2016,Unknown,3,Intra-Facility Transfer,Influenzal Pneumonia,Not Admitted,0,0,0.0,0,0
2016-2017,2016,CTAS III - Urgent,3,Intra-Facility Transfer,Motor Vehicle Collisions,Not Admitted,119,201,3.35,0,23919
2016-2017,2016,Less urgent,3,Intra-Facility Transfer,Motor Vehicle Collisions,Not Admitted,62,210,3.5,0,13020
2016-2017,2016,Non-urgent,3,Intra-Facility Transfer,Motor Vehicle Collisions,Not Admitted,6,81,1.35,0,486
2016-2017,2016,Unknown,3,Intra-Facility Transfer,Motor Vehicle Collisions,Not Admitted,0,252,4.2,0,0
2016-2017,2016,CTAS III - Urgent,3,Intra-Facility Transfer,Pneumonia,Not Admitted,63,240,4.0,0,15120
2016-2017,2016,Less urgent,3,Intra-Facility Transfer,Pneumonia,Not Admitted,5,252,4.2,0,1260
2016-2017,2016,Non-urgent,3,Intra-Facility Transfer,Pneumonia,Not Admitted,0,0,0.0,0,0
2016-2017,2016,Unknown,3,Intra-Facility Transfer,Pneumonia,Not Admitted,0,0,0.0,0,0
2016-2017,2016,CTAS III - Urgent,3,Intra-Facility Transfer,Trauma,Not Admitted,2388,198,3.3,0,472824
2016-2017,2016,Less urgent,3,Intra-Facility Transfer,Trauma,Not Admitted,1027,156,2.6,0,160212
2016-2017,2016,Non-urgent,3,Intra-Facility Transfer,Trauma,Not Admitted,178,120,2.0,0,21360
2016-2017,2016,Unknown,3,Intra-Facility Transfer,Trauma,Not Admitted,16,90,1.5,0,1440
2016-2017,2016,CTAS III - Urgent,3,Intra-Facility Transfer,Unintentional Falls,Not Admitted,652,210,3.5,0,136920
2016-2017,2016,Less urgent,3,Intra-Facility Transfer,Unintentional Falls,Not Admitted,316,168,2.8,0,53088
2016-2017,2016,Non-urgent,3,Intra-Facility Transfer,Unintentional Falls,Not Admitted,43,120,2.0,0,5160
2016-2017,2016,Unknown,3,Intra-Facility Transfer,Unintentional Falls,Not Admitted,8,120,2.0,0,960
2016-2017,2016,CTAS III - Urgent,3,Not Seen Or Left,Acute Myocardial Infarction,Not Admitted,41,288,4.8,0,11808
2016-2017,2016,Less urgent,3,Not Seen Or Left,Acute Myocardial Infarction,Not Admitted,0,126,2.1,0,0
2016-2017,2016,Non-urgent,3,Not Seen Or Left,Acute Myocardial Infarction,Not Admitted,0,378,6.3,0,0
2016-2017,2016,Unknown,3,Not Seen Or Left,Acute Myocardial Infarction,Not Admitted,0,252,4.2,0,0
2016-2017,2016,CTAS III - Urgent,3,Not Seen Or Left,Asthma,Not Admitted,275,141,2.35,0,38775
2016-2017,2016,Less urgent,3,Not Seen Or Left,Asthma,Not Admitted,97,123,2.05,0,11931
2016-2017,2016,Non-urgent,3,Not Seen Or Left,Asthma,Not Admitted,19,120,2.0,0,2280
2016-2017,2016,Unknown,3,Not Seen Or Left,Asthma,Not Admitted,7,84,1.4,0,588
2016-2017,2016,CTAS III - Urgent,3,Not Seen Or Left,Influenzal Pneumonia,Not Admitted,0,0,0.0,0,0
2016-2017,2016,Less urgent,3,Not Seen Or Left,Influenzal Pneumonia,Not Admitted,0,90,1.5,0,0
2016-2017,2016,Non-urgent,3,Not Seen Or Left,Influenzal Pneumonia,Not Admitted,0,0,0.0,0,0
2016-2017,2016,Unknown,3,Not Seen Or Left,Influenzal Pneumonia,Not Admitted,0,0,0.0,0,0
2016-2017,2016,CTAS III - Urgent,3,Not Seen Or Left,Motor Vehicle Collisions,Not Admitted,1887,138,2.3,0,260406
2016-2017,2016,Less urgent,3,Not Seen Or Left,Motor Vehicle Collisions,Not Admitted,1282,120,2.0,0,153840
2016-2017,2016,Non-urgent,3,Not Seen Or Left,Motor Vehicle Collisions,Not Admitted,110,96,1.6,0,10560
2016-2017,2016,Unknown,3,Not Seen Or Left,Motor Vehicle Collisions,Not Admitted,37,75,1.25,0,2775
2016-2017,2016,CTAS III - Urgent,3,Not Seen Or Left,Pneumonia,Not Admitted,186,240,4.0,0,44640
2016-2017,2016,Less urgent,3,Not Seen Or Left,Pneumonia,Not Admitted,64,144,2.4,0,9216
2016-2017,2016,Non-urgent,3,Not Seen Or Left,Pneumonia,Not Admitted,18,150,2.5,0,2700
2016-2017,2016,Unknown,3,Not Seen Or Left,Pneumonia,Not Admitted,10,30,0.5,0,300
2016-2017,2016,CTAS III - Urgent,3,Not Seen Or Left,Trauma,Not Admitted,20318,132,2.2,0,2681976
2016-2017,2016,Less urgent,3,Not Seen Or Left,Trauma,Not Admitted,26582,114,1.9,0,3030348
2016-2017,2016,Non-urgent,3,Not Seen Or Left,Trauma,Not Admitted,3557,96,1.6,0,341472
2016-2017,2016,Unknown,3,Not Seen Or Left,Trauma,Not Admitted,1080,42,0.7,0,45360
2016-2017,2016,CTAS III - Urgent,3,Not Seen Or Left,Unintentional Falls,Not Admitted,5729,138,2.3,0,790602
2016-2017,2016,Less urgent,3,Not Seen Or Left,Unintentional Falls,Not Admitted,5913,120,2.0,0,709560
2016-2017,2016,Non-urgent,3,Not Seen Or Left,Unintentional Falls,Not Admitted,486,108,1.8,0,52488
2016-2017,2016,Unknown,3,Not Seen Or Left,Unintentional Falls,Not Admitted,121,48,0.8,0,5808
2016-2017,2016,CTAS III - Urgent,3,Transferred,Acute Myocardial Infarction,Not Admitted,1006,216,3.6,0,217296
2016-2017,2016,Less urgent,3,Transferred,Acute Myocardial Infarction,Not Admitted,115,312,5.2,0,35880
2016-2017,2016,Non-urgent,3,Transferred,Acute Myocardial Infarction,Not Admitted,17,246,4.1,0,4182
2016-2017,2016,Unknown,3,Transferred,Acute Myocardial Infarction,Not Admitted,62,150,2.5,0,9300
2016-2017,2016,CTAS III - Urgent,3,Transferred,Asthma,Not Admitted,150,318,5.3,0,47700
2016-2017,2016,Less urgent,3,Transferred,Asthma,Not Admitted,17,282,4.7,0,4794
2016-2017,2016,Non-urgent,3,Transferred,Asthma,Not Admitted,0,183,3.05,0,0
2016-2017,2016,Unknown,3,Transferred,Asthma,Not Admitted,0,363,6.05,0,0
2016-2017,2016,CTAS III - Urgent,3,Transferred,Influenzal Pneumonia,Not Admitted,6,363,6.05,0,2178
2016-2017,2016,Less urgent,3,Transferred,Influenzal Pneumonia,Not Admitted,0,0,0.0,0,0
2016-2017,2016,Non-urgent,3,Transferred,Influenzal Pneumonia,Not Admitted,0,0,0.0,0,0
2016-2017,2016,Unknown,3,Transferred,Influenzal Pneumonia,Not Admitted,0,0,0.0,0,0
2016-2017,2016,CTAS III - Urgent,3,Transferred,Motor Vehicle Collisions,Not Admitted,1144,222,3.7,0,253968
2016-2017,2016,Less urgent,3,Transferred,Motor Vehicle Collisions,Not Admitted,229,204,3.4,0,46716
2016-2017,2016,Non-urgent,3,Transferred,Motor Vehicle Collisions,Not Admitted,15,156,2.6,0,2340
2016-2017,2016,Unknown,3,Transferred,Motor Vehicle Collisions,Not Admitted,95,156,2.6,0,14820
2016-2017,2016,CTAS III - Urgent,3,Transferred,Pneumonia,Not Admitted,856,318,5.3,0,272208
2016-2017,2016,Less urgent,3,Transferred,Pneumonia,Not Admitted,120,306,5.1,0,36720
2016-2017,2016,Non-urgent,3,Transferred,Pneumonia,Not Admitted,9,372,6.2,0,3348
2016-2017,2016,Unknown,3,Transferred,Pneumonia,Not Admitted,12,207,3.45,0,2484
2016-2017,2016,CTAS III - Urgent,3,Transferred,Trauma,Not Admitted,10321,234,3.9,0,2415114
2016-2017,2016,Less urgent,3,Transferred,Trauma,Not Admitted,2840,210,3.5,0,596400
2016-2017,2016,Non-urgent,3,Transferred,Trauma,Not Admitted,239,174,2.9,0,41586
2016-2017,2016,Unknown,3,Transferred,Trauma,Not Admitted,284,162,2.7,0,46008
2016-2017,2016,CTAS III - Urgent,3,Transferred,Unintentional Falls,Not Admitted,6088,264,4.4,0,1607232
2016-2017,2016,Less urgent,3,Transferred,Unintentional Falls,Not Admitted,1440,240,4.0,0,345600
2016-2017,2016,Non-urgent,3,Transferred,Unintentional Falls,Not Admitted,88,267,4.45,0,23496
2016-2017,2016,Unknown,3,Transferred,Unintentional Falls,Not Admitted,83,195,3.25,0,16185
2016-2017,2016,CTAS III - Urgent,3,Unknown,Acute Myocardial Infarction,Not Admitted,0,0,0.0,0,0
2016-2017,2016,Less urgent,3,Unknown,Acute Myocardial Infarction,Not Admitted,0,0,0.0,0,0
2016-2017,2016,Non-urgent,3,Unknown,Acute Myocardial Infarction,Not Admitted,0,0,0.0,0,0
2016-2017,2016,Unknown,3,Unknown,Acute Myocardial Infarction,Not Admitted,0,0,0.0,0,0
2016-2017,2016,CTAS III - Urgent,3,Unknown,Asthma,Not Admitted,0,0,0.0,0,0
2016-2017,2016,Less urgent,3,Unknown,Asthma,Not Admitted,0,0,0.0,0,0
2016-2017,2016,Non-urgent,3,Unknown,Asthma,Not Admitted,0,0,0.0,0,0
2016-2017,2016,Unknown,3,Unknown,Asthma,Not Admitted,0,0,0.0,0,0
2016-2017,2016,CTAS III - Urgent,3,Unknown,Influenzal Pneumonia,Not Admitted,0,0,0.0,0,0
2016-2017,2016,Less urgent,3,Unknown,Influenzal Pneumonia,Not Admitted,0,0,0.0,0,0
2016-2017,2016,Non-urgent,3,Unknown,Influenzal Pneumonia,Not Admitted,0,0,0.0,0,0
2016-2017,2016,Unknown,3,Unknown,Influenzal Pneumonia,Not Admitted,0,0,0.0,0,0
2016-2017,2016,CTAS III - Urgent,3,Unknown,Motor Vehicle Collisions,Not Admitted,0,0,0.0,0,0
2016-2017,2016,Less urgent,3,Unknown,Motor Vehicle Collisions,Not Admitted,0,0,0.0,0,0
2016-2017,2016,Non-urgent,3,Unknown,Motor Vehicle Collisions,Not Admitted,0,0,0.0,0,0
2016-2017,2016,Unknown,3,Unknown,Motor Vehicle Collisions,Not Admitted,0,0,0.0,0,0
2016-2017,2016,CTAS III - Urgent,3,Unknown,Pneumonia,Not Admitted,0,0,0.0,0,0
2016-2017,2016,Less urgent,3,Unknown,Pneumonia,Not Admitted,0,0,0.0,0,0
2016-2017,2016,Non-urgent,3,Unknown,Pneumonia,Not Admitted,0,0,0.0,0,0
2016-2017,2016,Unknown,3,Unknown,Pneumonia,Not Admitted,0,0,0.0,0,0
2016-2017,2016,CTAS III - Urgent,3,Unknown,Trauma,Not Admitted,0,0,0.0,0,0
2016-2017,2016,Less urgent,3,Unknown,Trauma,Not Admitted,0,0,0.0,0,0
2016-2017,2016,Non-urgent,3,Unknown,Trauma,Not Admitted,0,0,0.0,0,0
2016-2017,2016,Unknown,3,Unknown,Trauma,Not Admitted,0,0,0.0,0,0
2016-2017,2016,CTAS III - Urgent,3,Unknown,Unintentional Falls,Not Admitted,0,0,0.0,0,0
2016-2017,2016,Less urgent,3,Unknown,Unintentional Falls,Not Admitted,0,0,0.0,0,0
2016-2017,2016,Non-urgent,3,Unknown,Unintentional Falls,Not Admitted,0,0,0.0,0,0
2016-2017,2016,Unknown,3,Unknown,Unintentional Falls,Not Admitted,0,0,0.0,0,0
2015-2016,2015,CTAS I - Resuscitation,1,Admitted,Acute Myocardial Infarction,Admitted,1256,84,1.4,1,105504
2015-2016,2015,CTAS I - Resuscitation,1,Admitted,Asthma,Admitted,539,408,6.8,1,219912
2015-2016,2015,CTAS I - Resuscitation,1,Admitted,Influenzal Pneumonia,Admitted,5,330,5.5,1,1650
2015-2016,2015,CTAS I - Resuscitation,1,Admitted,Motor Vehicle Collisions,Admitted,2630,276,4.6,1,725880
2015-2016,2015,CTAS I - Resuscitation,1,Admitted,Pneumonia,Admitted,1522,516,8.6,1,785352
2015-2016,2015,CTAS I - Resuscitation,1,Admitted,Trauma,Admitted,6542,270,4.5,1,1766340
2015-2016,2015,CTAS I - Resuscitation,1,Admitted,Unintentional Falls,Admitted,1681,324,5.4,1,544644
2015-2016,2015,CTAS I - Resuscitation,1,Death,Acute Myocardial Infarction,Not Admitted,367,36,0.6,0,13212
2015-2016,2015,CTAS I - Resuscitation,1,Death,Asthma,Not Admitted,0,90,1.5,0,0
2015-2016,2015,CTAS I - Resuscitation,1,Death,Influenzal Pneumonia,Not Admitted,0,0,0.0,0,0
2015-2016,2015,CTAS I - Resuscitation,1,Death,Motor Vehicle Collisions,Not Admitted,190,36,0.6,0,6840
2015-2016,2015,CTAS I - Resuscitation,1,Death,Pneumonia,Not Admitted,38,183,3.05,0,6954
2015-2016,2015,CTAS I - Resuscitation,1,Death,Trauma,Not Admitted,561,42,0.7,0,23562
2015-2016,2015,CTAS I - Resuscitation,1,Death,Unintentional Falls,Not Admitted,91,132,2.2,0,12012
2015-2016,2015,CTAS I - Resuscitation,1,Discharged Home,Acute Myocardial Infarction,Not Admitted,27,78,1.3,0,2106
2015-2016,2015,CTAS I - Resuscitation,1,Discharged Home,Asthma,Not Admitted,383,228,3.8,0,87324
2015-2016,2015,CTAS I - Resuscitation,1,Discharged Home,Influenzal Pneumonia,Not Admitted,0,0,0.0,0,0
2015-2016,2015,CTAS I - Resuscitation,1,Discharged Home,Motor Vehicle Collisions,Not Admitted,713,276,4.6,0,196788
2015-2016,2015,CTAS I - Resuscitation,1,Discharged Home,Pneumonia,Not Admitted,213,225,3.75,0,47925
2015-2016,2015,CTAS I - Resuscitation,1,Discharged Home,Trauma,Not Admitted,3677,252,4.2,0,926604
2015-2016,2015,CTAS I - Resuscitation,1,Discharged Home,Unintentional Falls,Not Admitted,596,270,4.5,0,160920
2015-2016,2015,CTAS I - Resuscitation,1,Intra-Facility Transfer,Acute Myocardial Infarction,Not Admitted,14,48,0.8,0,672
2015-2016,2015,CTAS I - Resuscitation,1,Intra-Facility Transfer,Asthma,Not Admitted,0,207,3.45,0,0
2015-2016,2015,CTAS I - Resuscitation,1,Intra-Facility Transfer,Influenzal Pneumonia,Not Admitted,0,0,0.0,0,0
2015-2016,2015,CTAS I - Resuscitation,1,Intra-Facility Transfer,Motor Vehicle Collisions,Not Admitted,10,309,5.15,0,3090
2015-2016,2015,CTAS I - Resuscitation,1,Intra-Facility Transfer,Pneumonia,Not Admitted,0,228,3.8,0,0
2015-2016,2015,CTAS I - Resuscitation,1,Intra-Facility Transfer,Trauma,Not Admitted,65,210,3.5,0,13650
2015-2016,2015,CTAS I - Resuscitation,1,Intra-Facility Transfer,Unintentional Falls,Not Admitted,7,384,6.4,0,2688
2015-2016,2015,CTAS I - Resuscitation,1,Not Seen Or Left,Acute Myocardial Infarction,Not Admitted,0,132,2.2,0,0
2015-2016,2015,CTAS I - Resuscitation,1,Not Seen Or Left,Asthma,Not Admitted,10,168,2.8,0,1680
2015-2016,2015,CTAS I - Resuscitation,1,Not Seen Or Left,Influenzal Pneumonia,Not Admitted,0,0,0.0,0,0
2015-2016,2015,CTAS I - Resuscitation,1,Not Seen Or Left,Motor Vehicle Collisions,Not Admitted,11,234,3.9,0,2574
2015-2016,2015,CTAS I - Resuscitation,1,Not Seen Or Left,Pneumonia,Not Admitted,0,174,2.9,0,0
2015-2016,2015,CTAS I - Resuscitation,1,Not Seen Or Left,Trauma,Not Admitted,84,192,3.2,0,16128
2015-2016,2015,CTAS I - Resuscitation,1,Not Seen Or Left,Unintentional Falls,Not Admitted,10,270,4.5,0,2700
2015-2016,2015,CTAS I - Resuscitation,1,Transferred,Acute Myocardial Infarction,Not Admitted,711,66,1.1,0,46926
2015-2016,2015,CTAS I - Resuscitation,1,Transferred,Asthma,Not Admitted,65,186,3.1,0,12090
2015-2016,2015,CTAS I - Resuscitation,1,Transferred,Influenzal Pneumonia,Not Admitted,0,666,11.1,0,0
2015-2016,2015,CTAS I - Resuscitation,1,Transferred,Motor Vehicle Collisions,Not Admitted,583,114,1.9,0,66462
2015-2016,2015,CTAS I - Resuscitation,1,Transferred,Pneumonia,Not Admitted,96,237,3.95,0,22752
2015-2016,2015,CTAS I - Resuscitation,1,Transferred,Trauma,Not Admitted,1513,138,2.3,0,208794
2015-2016,2015,CTAS I - Resuscitation,1,Transferred,Unintentional Falls,Not Admitted,299,180,3.0,0,53820
2015-2016,2015,CTAS I - Resuscitation,1,Unknown,Acute Myocardial Infarction,Not Admitted,0,0,0.0,0,0
2015-2016,2015,CTAS I - Resuscitation,1,Unknown,Asthma,Not Admitted,0,0,0.0,0,0
2015-2016,2015,CTAS I - Resuscitation,1,Unknown,Influenzal Pneumonia,Not Admitted,0,0,0.0,0,0
2015-2016,2015,CTAS I - Resuscitation,1,Unknown,Motor Vehicle Collisions,Not Admitted,0,0,0.0,0,0
2015-2016,2015,CTAS I - Resuscitation,1,Unknown,Pneumonia,Not Admitted,0,0,0.0,0,0
2015-2016,2015,CTAS I - Resuscitation,1,Unknown,Trauma,Not Admitted,0,0,0.0,0,0
2015-2016,2015,CTAS I - Resuscitation,1,Unknown,Unintentional Falls,Not Admitted,0,0,0.0,0,0
2015-2016,2015,CTAS II - Emergent,2,Admitted,Acute Myocardial Infarction,Admitted,11965,486,8.1,1,5814990
2015-2016,2015,CTAS II - Emergent,2,Admitted,Asthma,Admitted,3553,528,8.8,1,1875984
2015-2016,2015,CTAS II - Emergent,2,Admitted,Influenzal Pneumonia,Admitted,121,564,9.4,1,68244
2015-2016,2015,CTAS II - Emergent,2,Admitted,Motor Vehicle Collisions,Admitted,4411,420,7.0,1,1852620
2015-2016,2015,CTAS II - Emergent,2,Admitted,Pneumonia,Admitted,17560,678,11.3,1,11905680
2015-2016,2015,CTAS II - Emergent,2,Admitted,Trauma,Admitted,25788,480,8.0,1,12378240
2015-2016,2015,CTAS II - Emergent,2,Admitted,Unintentional Falls,Admitted,14532,528,8.8,1,7672896
2015-2016,2015,CTAS II - Emergent,2,Death,Acute Myocardial Infarction,Not Admitted,87,162,2.7,0,14094
2015-2016,2015,CTAS II - Emergent,2,Death,Asthma,Not Admitted,0,618,10.3,0,0
2015-2016,2015,CTAS II - Emergent,2,Death,Influenzal Pneumonia,Not Admitted,0,0,0.0,0,0
2015-2016,2015,CTAS II - Emergent,2,Death,Motor Vehicle Collisions,Not Admitted,0,0,0.0,0,0
2015-2016,2015,CTAS II - Emergent,2,Death,Pneumonia,Not Admitted,43,270,4.5,0,11610
2015-2016,2015,CTAS II - Emergent,2,Death,Trauma,Not Admitted,40,252,4.2,0,10080
2015-2016,2015,CTAS II - Emergent,2,Death,Unintentional Falls,Not Admitted,29,264,4.4,0,7656
2015-2016,2015,CTAS II - Emergent,2,Discharged Home,Acute Myocardial Infarction,Not Admitted,466,306,5.1,0,142596
2015-2016,2015,CTAS II - Emergent,2,Discharged Home,Asthma,Not Admitted,13829,198,3.3,0,2738142
2015-2016,2015,CTAS II - Emergent,2,Discharged Home,Influenzal Pneumonia,Not Admitted,139,240,4.0,0,33360
2015-2016,2015,CTAS II - Emergent,2,Discharged Home,Motor Vehicle Collisions,Not Admitted,25635,192,3.2,0,4921920
2015-2016,2015,CTAS II - Emergent,2,Discharged Home,Pneumonia,Not Admitted,15858,222,3.7,0,3520476
2015-2016,2015,CTAS II - Emergent,2,Discharged Home,Trauma,Not Admitted,154665,174,2.9,0,26911710
2015-2016,2015,CTAS II - Emergent,2,Discharged Home,Unintentional Falls,Not Admitted,48166,204,3.4,0,9825864
2015-2016,2015,CTAS II - Emergent,2,Intra-Facility Transfer,Acute Myocardial Infarction,Not Admitted,85,72,1.2,0,6120
2015-2016,2015,CTAS II - Emergent,2,Intra-Facility Transfer,Asthma,Not Admitted,90,201,3.35,0,18090
2015-2016,2015,CTAS II - Emergent,2,Intra-Facility Transfer,Influenzal Pneumonia,Not Admitted,0,0,0.0,0,0
2015-2016,2015,CTAS II - Emergent,2,Intra-Facility Transfer,Motor Vehicle Collisions,Not Admitted,103,216,3.6,0,22248
2015-2016,2015,CTAS II - Emergent,2,Intra-Facility Transfer,Pneumonia,Not Admitted,90,249,4.15,0,22410
2015-2016,2015,CTAS II - Emergent,2,Intra-Facility Transfer,Trauma,Not Admitted,1165,204,3.4,0,237660
2015-2016,2015,CTAS II - Emergent,2,Intra-Facility Transfer,Unintentional Falls,Not Admitted,244,228,3.8,0,55632
2015-2016,2015,CTAS II - Emergent,2,Not Seen Or Left,Acute Myocardial Infarction,Not Admitted,87,330,5.5,0,28710
2015-2016,2015,CTAS II - Emergent,2,Not Seen Or Left,Asthma,Not Admitted,145,189,3.15,0,27405
2015-2016,2015,CTAS II - Emergent,2,Not Seen Or Left,Influenzal Pneumonia,Not Admitted,0,372,6.2,0,0
2015-2016,2015,CTAS II - Emergent,2,Not Seen Or Left,Motor Vehicle Collisions,Not Admitted,440,156,2.6,0,68640
2015-2016,2015,CTAS II - Emergent,2,Not Seen Or Left,Pneumonia,Not Admitted,125,270,4.5,0,33750
2015-2016,2015,CTAS II - Emergent,2,Not Seen Or Left,Trauma,Not Admitted,3379,138,2.3,0,466302
2015-2016,2015,CTAS II - Emergent,2,Not Seen Or Left,Unintentional Falls,Not Admitted,809,156,2.6,0,126204
2015-2016,2015,CTAS II - Emergent,2,Transferred,Acute Myocardial Infarction,Not Admitted,4120,114,1.9,0,469680
2015-2016,2015,CTAS II - Emergent,2,Transferred,Asthma,Not Admitted,392,291,4.85,0,114072
2015-2016,2015,CTAS II - Emergent,2,Transferred,Influenzal Pneumonia,Not Admitted,9,330,5.5,0,2970
2015-2016,2015,CTAS II - Emergent,2,Transferred,Motor Vehicle Collisions,Not Admitted,1982,204,3.4,0,404328
2015-2016,2015,CTAS II - Emergent,2,Transferred,Pneumonia,Not Admitted,1144,258,4.3,0,295152
2015-2016,2015,CTAS II - Emergent,2,Transferred,Trauma,Not Admitted,7939,198,3.3,0,1571922
2015-2016,2015,CTAS II - Emergent,2,Transferred,Unintentional Falls,Not Admitted,3059,228,3.8,0,697452
2015-2016,2015,CTAS II - Emergent,2,Unknown,Acute Myocardial Infarction,Not Admitted,0,0,0.0,0,0
2015-2016,2015,CTAS II - Emergent,2,Unknown,Asthma,Not Admitted,0,0,0.0,0,0
2015-2016,2015,CTAS II - Emergent,2,Unknown,Influenzal Pneumonia,Not Admitted,0,0,0.0,0,0
2015-2016,2015,CTAS II - Emergent,2,Unknown,Motor Vehicle Collisions,Not Admitted,0,0,0.0,0,0
2015-2016,2015,CTAS II - Emergent,2,Unknown,Pneumonia,Not Admitted,0,0,0.0,0,0
2015-2016,2015,CTAS II - Emergent,2,Unknown,Trauma,Not Admitted,0,0,0.0,0,0
2015-2016,2015,CTAS II - Emergent,2,Unknown,Unintentional Falls,Not Admitted,0,0,0.0,0,0
2015-2016,2015,CTAS III - Urgent,3,Admitted,Acute Myocardial Infarction,Admitted,4124,540,9.0,1,2226960
2015-2016,2015,Less urgent,3,Admitted,Acute Myocardial Infarction,Admitted,327,474,7.9,1,154998
2015-2016,2015,Non-urgent,3,Admitted,Acute Myocardial Infarction,Admitted,33,330,5.5,1,10890
2015-2016,2015,Unknown,3,Admitted,Acute Myocardial Infarction,Admitted,82,147,2.45,1,12054
2015-2016,2015,CTAS III - Urgent,3,Admitted,Asthma,Admitted,1522,534,8.9,1,812748
2015-2016,2015,Less urgent,3,Admitted,Asthma,Admitted,97,396,6.6,1,38412
2015-2016,2015,Non-urgent,3,Admitted,Asthma,Admitted,11,420,7.0,1,4620
2015-2016,2015,Unknown,3,Admitted,Asthma,Admitted,17,252,4.2,1,4284
2015-2016,2015,CTAS III - Urgent,3,Admitted,Influenzal Pneumonia,Admitted,89,822,13.7,1,73158
2015-2016,2015,Less urgent,3,Admitted,Influenzal Pneumonia,Admitted,10,849,14.15,1,8490
2015-2016,2015,Non-urgent,3,Admitted,Influenzal Pneumonia,Admitted,0,0,0.0,1,0
2015-2016,2015,Unknown,3,Admitted,Influenzal Pneumonia,Admitted,0,225,3.75,1,0
2015-2016,2015,CTAS III - Urgent,3,Admitted,Motor Vehicle Collisions,Admitted,2496,408,6.8,1,1018368
2015-2016,2015,Less urgent,3,Admitted,Motor Vehicle Collisions,Admitted,459,366,6.1,1,167994
2015-2016,2015,Non-urgent,3,Admitted,Motor Vehicle Collisions,Admitted,36,297,4.95,1,10692
2015-2016,2015,Unknown,3,Admitted,Motor Vehicle Collisions,Admitted,50,204,3.4,1,10200
2015-2016,2015,CTAS III - Urgent,3,Admitted,Pneumonia,Admitted,14294,624,10.4,1,8919456
2015-2016,2015,Less urgent,3,Admitted,Pneumonia,Admitted,1434,396,6.6,1,567864
2015-2016,2015,Non-urgent,3,Admitted,Pneumonia,Admitted,98,471,7.85,1,46158
2015-2016,2015,Unknown,3,Admitted,Pneumonia,Admitted,210,192,3.2,1,40320
2015-2016,2015,CTAS III - Urgent,3,Admitted,Trauma,Admitted,38778,486,8.1,1,18846108
2015-2016,2015,Less urgent,3,Admitted,Trauma,Admitted,6641,405,6.75,1,2689605
2015-2016,2015,Non-urgent,3,Admitted,Trauma,Admitted,453,312,5.2,1,141336
2015-2016,2015,Unknown,3,Admitted,Trauma,Admitted,332,198,3.3,1,65736
2015-2016,2015,CTAS III - Urgent,3,Admitted,Unintentional Falls,Admitted,28732,510,8.5,1,14653320
2015-2016,2015,Less urgent,3,Admitted,Unintentional Falls,Admitted,4223,438,7.3,1,1849674
2015-2016,2015,Non-urgent,3,Admitted,Unintentional Falls,Admitted,223,351,5.85,1,78273
2015-2016,2015,Unknown,3,Admitted,Unintentional Falls,Admitted,201,222,3.7,1,44622
2015-2016,2015,CTAS III - Urgent,3,Death,Acute Myocardial Infarction,Not Admitted,26,174,2.9,0,4524
2015-2016,2015,Less urgent,3,Death,Acute Myocardial Infarction,Not Admitted,0,165,2.75,0,0
2015-2016,2015,Non-urgent,3,Death,Acute Myocardial Infarction,Not Admitted,0,0,0.0,0,0
2015-2016,2015,Unknown,3,Death,Acute Myocardial Infarction,Not Admitted,10,51,0.85,0,510
2015-2016,2015,CTAS III - Urgent,3,Death,Asthma,Not Admitted,0,0,0.0,0,0
2015-2016,2015,Less urgent,3,Death,Asthma,Not Admitted,0,0,0.0,0,0
2015-2016,2015,Non-urgent,3,Death,Asthma,Not Admitted,0,102,1.7,0,0
2015-2016,2015,Unknown,3,Death,Asthma,Not Admitted,0,0,0.0,0,0
2015-2016,2015,CTAS III - Urgent,3,Death,Influenzal Pneumonia,Not Admitted,0,0,0.0,0,0
2015-2016,2015,Less urgent,3,Death,Influenzal Pneumonia,Not Admitted,0,0,0.0,0,0
2015-2016,2015,Non-urgent,3,Death,Influenzal Pneumonia,Not Admitted,0,0,0.0,0,0
2015-2016,2015,Unknown,3,Death,Influenzal Pneumonia,Not Admitted,0,0,0.0,0,0
2015-2016,2015,CTAS III - Urgent,3,Death,Motor Vehicle Collisions,Not Admitted,0,48,0.8,0,0
2015-2016,2015,Less urgent,3,Death,Motor Vehicle Collisions,Not Admitted,0,99,1.65,0,0
2015-2016,2015,Non-urgent,3,Death,Motor Vehicle Collisions,Not Admitted,0,0,0.0,0,0
2015-2016,2015,Unknown,3,Death,Motor Vehicle Collisions,Not Admitted,6,12,0.2,0,72
2015-2016,2015,CTAS III - Urgent,3,Death,Pneumonia,Not Admitted,8,630,10.5,0,5040
2015-2016,2015,Less urgent,3,Death,Pneumonia,Not Admitted,0,588,9.8,0,0
2015-2016,2015,Non-urgent,3,Death,Pneumonia,Not Admitted,0,0,0.0,0,0
2015-2016,2015,Unknown,3,Death,Pneumonia,Not Admitted,0,84,1.4,0,0
2015-2016,2015,CTAS III - Urgent,3,Death,Trauma,Not Admitted,28,324,5.4,0,9072
2015-2016,2015,Less urgent,3,Death,Trauma,Not Admitted,17,66,1.1,0,1122
2015-2016,2015,Non-urgent,3,Death,Trauma,Not Admitted,0,120,2.0,0,0
2015-2016,2015,Unknown,3,Death,Trauma,Not Admitted,9,12,0.2,0,108
2015-2016,2015,CTAS III - Urgent,3,Death,Unintentional Falls,Not Admitted,20,360,6.0,0,7200
2015-2016,2015,Less urgent,3,Death,Unintentional Falls,Not Admitted,7,84,1.4,0,588
2015-2016,2015,Non-urgent,3,Death,Unintentional Falls,Not Admitted,0,0,0.0,0,0
2015-2016,2015,Unknown,3,Death,Unintentional Falls,Not Admitted,0,0,0.0,0,0
2015-2016,2015,CTAS III - Urgent,3,Discharged Home,Acute Myocardial Infarction,Not Admitted,228,348,5.8,0,79344
2015-2016,2015,Less urgent,3,Discharged Home,Acute Myocardial Infarction,Not Admitted,37,264,4.4,0,9768
2015-2016,2015,Non-urgent,3,Discharged Home,Acute Myocardial Infarction,Not Admitted,8,90,1.5,0,720
2015-2016,2015,Unknown,3,Discharged Home,Acute Myocardial Infarction,Not Admitted,0,474,7.9,0,0
2015-2016,2015,CTAS III - Urgent,3,Discharged Home,Asthma,Not Admitted,28641,156,2.6,0,4467996
2015-2016,2015,Less urgent,3,Discharged Home,Asthma,Not Admitted,13189,108,1.8,0,1424412
2015-2016,2015,Non-urgent,3,Discharged Home,Asthma,Not Admitted,1522,78,1.3,0,118716
2015-2016,2015,Unknown,3,Discharged Home,Asthma,Not Admitted,386,72,1.2,0,27792
2015-2016,2015,CTAS III - Urgent,3,Discharged Home,Influenzal Pneumonia,Not Admitted,433,192,3.2,0,83136
2015-2016,2015,Less urgent,3,Discharged Home,Influenzal Pneumonia,Not Admitted,242,138,2.3,0,33396
2015-2016,2015,Non-urgent,3,Discharged Home,Influenzal Pneumonia,Not Admitted,21,156,2.6,0,3276
2015-2016,2015,Unknown,3,Discharged Home,Influenzal Pneumonia,Not Admitted,5,72,1.2,0,360
2015-2016,2015,CTAS III - Urgent,3,Discharged Home,Motor Vehicle Collisions,Not Admitted,68163,144,2.4,0,9815472
2015-2016,2015,Less urgent,3,Discharged Home,Motor Vehicle Collisions,Not Admitted,46958,114,1.9,0,5353212
2015-2016,2015,Non-urgent,3,Discharged Home,Motor Vehicle Collisions,Not Admitted,3012,96,1.6,0,289152
2015-2016,2015,Unknown,3,Discharged Home,Motor Vehicle Collisions,Not Admitted,901,84,1.4,0,75684
2015-2016,2015,CTAS III - Urgent,3,Discharged Home,Pneumonia,Not Admitted,46391,180,3.0,0,8350380
2015-2016,2015,Less urgent,3,Discharged Home,Pneumonia,Not Admitted,23843,126,2.1,0,3004218
2015-2016,2015,Non-urgent,3,Discharged Home,Pneumonia,Not Admitted,1899,114,1.9,0,216486
2015-2016,2015,Unknown,3,Discharged Home,Pneumonia,Not Admitted,476,102,1.7,0,48552
2015-2016,2015,CTAS III - Urgent,3,Discharged Home,Trauma,Not Admitted,648107,138,2.3,0,89438766
2015-2016,2015,Less urgent,3,Discharged Home,Trauma,Not Admitted,871123,108,1.8,0,94081284
2015-2016,2015,Non-urgent,3,Discharged Home,Trauma,Not Admitted,76457,90,1.5,0,6881130
2015-2016,2015,Unknown,3,Discharged Home,Trauma,Not Admitted,11178,72,1.2,0,804816
2015-2016,2015,CTAS III - Urgent,3,Discharged Home,Unintentional Falls,Not Admitted,231291,156,2.6,0,36081396
2015-2016,2015,Less urgent,3,Discharged Home,Unintentional Falls,Not Admitted,237011,114,1.9,0,27019254
2015-2016,2015,Non-urgent,3,Discharged Home,Unintentional Falls,Not Admitted,14247,102,1.7,0,1453194
2015-2016,2015,Unknown,3,Discharged Home,Unintentional Falls,Not Admitted,2800,84,1.4,0,235200
2015-2016,2015,CTAS III - Urgent,3,Intra-Facility Transfer,Acute Myocardial Infarction,Not Admitted,14,165,2.75,0,2310
2015-2016,2015,Less urgent,3,Intra-Facility Transfer,Acute Myocardial Infarction,Not Admitted,0,24,0.4,0,0
2015-2016,2015,Non-urgent,3,Intra-Facility Transfer,Acute Myocardial Infarction,Not Admitted,0,0,0.0,0,0
2015-2016,2015,Unknown,3,Intra-Facility Transfer,Acute Myocardial Infarction,Not Admitted,0,6,0.1,0,0
2015-2016,2015,CTAS III - Urgent,3,Intra-Facility Transfer,Asthma,Not Admitted,31,210,3.5,0,6510
2015-2016,2015,Less urgent,3,Intra-Facility Transfer,Asthma,Not Admitted,0,159,2.65,0,0
2015-2016,2015,Non-urgent,3,Intra-Facility Transfer,Asthma,Not Admitted,0,0,0.0,0,0
2015-2016,2015,Unknown,3,Intra-Facility Transfer,Asthma,Not Admitted,0,0,0.0,0,0
2015-2016,2015,CTAS III - Urgent,3,Intra-Facility Transfer,Influenzal Pneumonia,Not Admitted,0,0,0.0,0,0
2015-2016,2015,Less urgent,3,Intra-Facility Transfer,Influenzal Pneumonia,Not Admitted,0,0,0.0,0,0
2015-2016,2015,Non-urgent,3,Intra-Facility Transfer,Influenzal Pneumonia,Not Admitted,0,0,0.0,0,0
2015-2016,2015,Unknown,3,Intra-Facility Transfer,Influenzal Pneumonia,Not Admitted,0,0,0.0,0,0
2015-2016,2015,CTAS III - Urgent,3,Intra-Facility Transfer,Motor Vehicle Collisions,Not Admitted,118,189,3.15,0,22302
2015-2016,2015,Less urgent,3,Intra-Facility Transfer,Motor Vehicle Collisions,Not Admitted,52,225,3.75,0,11700
2015-2016,2015,Non-urgent,3,Intra-Facility Transfer,Motor Vehicle Collisions,Not Admitted,5,78,1.3,0,390
2015-2016,2015,Unknown,3,Intra-Facility Transfer,Motor Vehicle Collisions,Not Admitted,0,228,3.8,0,0
2015-2016,2015,CTAS III - Urgent,3,Intra-Facility Transfer,Pneumonia,Not Admitted,70,216,3.6,0,15120
2015-2016,2015,Less urgent,3,Intra-Facility Transfer,Pneumonia,Not Admitted,7,306,5.1,0,2142
2015-2016,2015,Non-urgent,3,Intra-Facility Transfer,Pneumonia,Not Admitted,0,0,0.0,0,0
2015-2016,2015,Unknown,3,Intra-Facility Transfer,Pneumonia,Not Admitted,0,0,0.0,0,0
2015-2016,2015,CTAS III - Urgent,3,Intra-Facility Transfer,Trauma,Not Admitted,2083,204,3.4,0,424932
2015-2016,2015,Less urgent,3,Intra-Facility Transfer,Trauma,Not Admitted,1026,159,2.65,0,163134
2015-2016,2015,Non-urgent,3,Intra-Facility Transfer,Trauma,Not Admitted,119,96,1.6,0,11424
2015-2016,2015,Unknown,3,Intra-Facility Transfer,Trauma,Not Admitted,24,180,3.0,0,4320
2015-2016,2015,CTAS III - Urgent,3,Intra-Facility Transfer,Unintentional Falls,Not Admitted,566,192,3.2,0,108672
2015-2016,2015,Less urgent,3,Intra-Facility Transfer,Unintentional Falls,Not Admitted,312,162,2.7,0,50544
2015-2016,2015,Non-urgent,3,Intra-Facility Transfer,Unintentional Falls,Not Admitted,24,114,1.9,0,2736
2015-2016,2015,Unknown,3,Intra-Facility Transfer,Unintentional Falls,Not Admitted,7,216,3.6,0,1512
2015-2016,2015,CTAS III - Urgent,3,Not Seen Or Left,Acute Myocardial Infarction,Not Admitted,30,291,4.85,0,8730
2015-2016,2015,Less urgent,3,Not Seen Or Left,Acute Myocardial Infarction,Not Admitted,0,180,3.0,0,0
2015-2016,2015,Non-urgent,3,Not Seen Or Left,Acute Myocardial Infarction,Not Admitted,0,156,2.6,0,0
2015-2016,2015,Unknown,3,Not Seen Or Left,Acute Myocardial Infarction,Not Admitted,0,0,0.0,0,0
2015-2016,2015,CTAS III - Urgent,3,Not Seen Or Left,Asthma,Not Admitted,330,138,2.3,0,45540
2015-2016,2015,Less urgent,3,Not Seen Or Left,Asthma,Not Admitted,97,126,2.1,0,12222
2015-2016,2015,Non-urgent,3,Not Seen Or Left,Asthma,Not Admitted,13,69,1.15,0,897
2015-2016,2015,Unknown,3,Not Seen Or Left,Asthma,Not Admitted,10,165,2.75,0,1650
2015-2016,2015,CTAS III - Urgent,3,Not Seen Or Left,Influenzal Pneumonia,Not Admitted,0,222,3.7,0,0
2015-2016,2015,Less urgent,3,Not Seen Or Left,Influenzal Pneumonia,Not Admitted,0,48,0.8,0,0
2015-2016,2015,Non-urgent,3,Not Seen Or Left,Influenzal Pneumonia,Not Admitted,0,0,0.0,0,0
2015-2016,2015,Unknown,3,Not Seen Or Left,Influenzal Pneumonia,Not Admitted,0,0,0.0,0,0
2015-2016,2015,CTAS III - Urgent,3,Not Seen Or Left,Motor Vehicle Collisions,Not Admitted,1699,132,2.2,0,224268
2015-2016,2015,Less urgent,3,Not Seen Or Left,Motor Vehicle Collisions,Not Admitted,1302,120,2.0,0,156240
2015-2016,2015,Non-urgent,3,Not Seen Or Left,Motor Vehicle Collisions,Not Admitted,89,120,2.0,0,10680
2015-2016,2015,Unknown,3,Not Seen Or Left,Motor Vehicle Collisions,Not Admitted,33,120,2.0,0,3960
2015-2016,2015,CTAS III - Urgent,3,Not Seen Or Left,Pneumonia,Not Admitted,175,210,3.5,0,36750
2015-2016,2015,Less urgent,3,Not Seen Or Left,Pneumonia,Not Admitted,70,192,3.2,0,13440
2015-2016,2015,Non-urgent,3,Not Seen Or Left,Pneumonia,Not Admitted,9,84,1.4,0,756
2015-2016,2015,Unknown,3,Not Seen Or Left,Pneumonia,Not Admitted,5,36,0.6,0,180
2015-2016,2015,CTAS III - Urgent,3,Not Seen Or Left,Trauma,Not Admitted,18689,126,2.1,0,2354814
2015-2016,2015,Less urgent,3,Not Seen Or Left,Trauma,Not Admitted,26281,114,1.9,0,2996034
2015-2016,2015,Non-urgent,3,Not Seen Or Left,Trauma,Not Admitted,3065,90,1.5,0,275850
2015-2016,2015,Unknown,3,Not Seen Or Left,Trauma,Not Admitted,1172,42,0.7,0,49224
2015-2016,2015,CTAS III - Urgent,3,Not Seen Or Left,Unintentional Falls,Not Admitted,5004,132,2.2,0,660528
2015-2016,2015,Less urgent,3,Not Seen Or Left,Unintentional Falls,Not Admitted,5597,114,1.9,0,638058
2015-2016,2015,Non-urgent,3,Not Seen Or Left,Unintentional Falls,Not Admitted,361,102,1.7,0,36822
2015-2016,2015,Unknown,3,Not Seen Or Left,Unintentional Falls,Not Admitted,140,45,0.75,0,6300
2015-2016,2015,CTAS III - Urgent,3,Transferred,Acute Myocardial Infarction,Not Admitted,1037,234,3.9,0,242658
2015-2016,2015,Less urgent,3,Transferred,Acute Myocardial Infarction,Not Admitted,106,261,4.35,0,27666
2015-2016,2015,Non-urgent,3,Transferred,Acute Myocardial Infarction,Not Admitted,12,279,4.65,0,3348
2015-2016,2015,Unknown,3,Transferred,Acute Myocardial Infarction,Not Admitted,69,141,2.35,0,9729
2015-2016,2015,CTAS III - Urgent,3,Transferred,Asthma,Not Admitted,161,336,5.6,0,54096
2015-2016,2015,Less urgent,3,Transferred,Asthma,Not Admitted,13,240,4.0,0,3120
2015-2016,2015,Non-urgent,3,Transferred,Asthma,Not Admitted,0,36,0.6,0,0
2015-2016,2015,Unknown,3,Transferred,Asthma,Not Admitted,0,732,12.2,0,0
2015-2016,2015,CTAS III - Urgent,3,Transferred,Influenzal Pneumonia,Not Admitted,0,462,7.7,0,0
2015-2016,2015,Less urgent,3,Transferred,Influenzal Pneumonia,Not Admitted,0,432,7.2,0,0
2015-2016,2015,Non-urgent,3,Transferred,Influenzal Pneumonia,Not Admitted,0,0,0.0,0,0
2015-2016,2015,Unknown,3,Transferred,Influenzal Pneumonia,Not Admitted,0,0,0.0,0,0
2015-2016,2015,CTAS III - Urgent,3,Transferred,Motor Vehicle Collisions,Not Admitted,1236,216,3.6,0,266976
2015-2016,2015,Less urgent,3,Transferred,Motor Vehicle Collisions,Not Admitted,220,192,3.2,0,42240
2015-2016,2015,Non-urgent,3,Transferred,Motor Vehicle Collisions,Not Admitted,11,123,2.05,0,1353
2015-2016,2015,Unknown,3,Transferred,Motor Vehicle Collisions,Not Admitted,89,126,2.1,0,11214
2015-2016,2015,CTAS III - Urgent,3,Transferred,Pneumonia,Not Admitted,930,288,4.8,0,267840
2015-2016,2015,Less urgent,3,Transferred,Pneumonia,Not Admitted,145,264,4.4,0,38280
2015-2016,2015,Non-urgent,3,Transferred,Pneumonia,Not Admitted,10,321,5.35,0,3210
2015-2016,2015,Unknown,3,Transferred,Pneumonia,Not Admitted,20,195,3.25,0,3900
2015-2016,2015,CTAS III - Urgent,3,Transferred,Trauma,Not Admitted,9827,234,3.9,0,2299518
2015-2016,2015,Less urgent,3,Transferred,Trauma,Not Admitted,2626,198,3.3,0,519948
2015-2016,2015,Non-urgent,3,Transferred,Trauma,Not Admitted,205,174,2.9,0,35670
2015-2016,2015,Unknown,3,Transferred,Trauma,Not Admitted,316,150,2.5,0,47400
2015-2016,2015,CTAS III - Urgent,3,Transferred,Unintentional Falls,Not Admitted,5564,270,4.5,0,1502280
2015-2016,2015,Less urgent,3,Transferred,Unintentional Falls,Not Admitted,1283,234,3.9,0,300222
2015-2016,2015,Non-urgent,3,Transferred,Unintentional Falls,Not Admitted,77,252,4.2,0,19404
2015-2016,2015,Unknown,3,Transferred,Unintentional Falls,Not Admitted,119,174,2.9,0,20706
2015-2016,2015,CTAS III - Urgent,3,Unknown,Acute Myocardial Infarction,Not Admitted,0,0,0.0,0,0
2015-2016,2015,Less urgent,3,Unknown,Acute Myocardial Infarction,Not Admitted,0,0,0.0,0,0
2015-2016,2015,Non-urgent,3,Unknown,Acute Myocardial Infarction,Not Admitted,0,0,0.0,0,0
2015-2016,2015,Unknown,3,Unknown,Acute Myocardial Infarction,Not Admitted,0,0,0.0,0,0
2015-2016,2015,CTAS III - Urgent,3,Unknown,Asthma,Not Admitted,0,0,0.0,0,0
2015-2016,2015,Less urgent,3,Unknown,Asthma,Not Admitted,0,0,0.0,0,0
2015-2016,2015,Non-urgent,3,Unknown,Asthma,Not Admitted,0,0,0.0,0,0
2015-2016,2015,Unknown,3,Unknown,Asthma,Not Admitted,0,0,0.0,0,0
2015-2016,2015,CTAS III - Urgent,3,Unknown,Influenzal Pneumonia,Not Admitted,0,0,0.0,0,0
2015-2016,2015,Less urgent,3,Unknown,Influenzal Pneumonia,Not Admitted,0,0,0.0,0,0
2015-2016,2015,Non-urgent,3,Unknown,Influenzal Pneumonia,Not Admitted,0,0,0.0,0,0
2015-2016,2015,Unknown,3,Unknown,Influenzal Pneumonia,Not Admitted,0,0,0.0,0,0
2015-2016,2015,CTAS III - Urgent,3,Unknown,Motor Vehicle Collisions,Not Admitted,0,0,0.0,0,0
2015-2016,2015,Less urgent,3,Unknown,Motor Vehicle Collisions,Not Admitted,0,0,0.0,0,0
2015-2016,2015,Non-urgent,3,Unknown,Motor Vehicle Collisions,Not Admitted,0,0,0.0,0,0
2015-2016,2015,Unknown,3,Unknown,Motor Vehicle Collisions,Not Admitted,0,0,0.0,0,0
2015-2016,2015,CTAS III - Urgent,3,Unknown,Pneumonia,Not Admitted,0,0,0.0,0,0
2015-2016,2015,Less urgent,3,Unknown,Pneumonia,Not Admitted,0,0,0.0,0,0
2015-2016,2015,Non-urgent,3,Unknown,Pneumonia,Not Admitted,0,0,0.0,0,0
2015-2016,2015,Unknown,3,Unknown,Pneumonia,Not Admitted,0,0,0.0,0,0
2015-2016,2015,CTAS III - Urgent,3,Unknown,Trauma,Not Admitted,0,0,0.0,0,0
2015-2016,2015,Less urgent,3,Unknown,Trauma,Not Admitted,0,0,0.0,0,0
2015-2016,2015,Non-urgent,3,Unknown,Trauma,Not Admitted,0,0,0.0,0,0
2015-2016,2015,Unknown,3,Unknown,Trauma,Not Admitted,0,0,0.0,0,0
2015-2016,2015,CTAS III - Urgent,3,Unknown,Unintentional Falls,Not Admitted,0,0,0.0,0,0
2015-2016,2015,Less urgent,3,Unknown,Unintentional Falls,Not Admitted,0,0,0.0,0,0
2015-2016,2015,Non-urgent,3,Unknown,Unintentional Falls,Not Admitted,0,0,0.0,0,0
2015-2016,2015,Unknown,3,Unknown,Unintentional Falls,Not Admitted,0,0,0.0,0,0
2014-2015,2014,CTAS I - Resuscitation,1,Admitted,Acute Myocardial Infarction,Admitted,1196,90,1.5,1,107640
2014-2015,2014,CTAS I - Resuscitation,1,Admitted,Asthma,Admitted,616,429,7.15,1,264264
2014-2015,2014,CTAS I - Resuscitation,1,Admitted,Influenzal Pneumonia,Admitted,13,546,9.1,1,7098
2014-2015,2014,CTAS I - Resuscitation,1,Admitted,Motor Vehicle Collisions,Admitted,2318,258,4.3,1,598044
2014-2015,2014,CTAS I - Resuscitation,1,Admitted,Pneumonia,Admitted,1430,534,8.9,1,763620
2014-2015,2014,CTAS I - Resuscitation,1,Admitted,Trauma,Admitted,5927,264,4.4,1,1564728
2014-2015,2014,CTAS I - Resuscitation,1,Admitted,Unintentional Falls,Admitted,1619,318,5.3,1,514842
2014-2015,2014,CTAS I - Resuscitation,1,Death,Acute Myocardial Infarction,Not Admitted,370,24,0.4,0,8880
2014-2015,2014,CTAS I - Resuscitation,1,Death,Asthma,Not Admitted,0,54,0.9,0,0
2014-2015,2014,CTAS I - Resuscitation,1,Death,Influenzal Pneumonia,Not Admitted,0,0,0.0,0,0
2014-2015,2014,CTAS I - Resuscitation,1,Death,Motor Vehicle Collisions,Not Admitted,170,30,0.5,0,5100
2014-2015,2014,CTAS I - Resuscitation,1,Death,Pneumonia,Not Admitted,41,156,2.6,0,6396
2014-2015,2014,CTAS I - Resuscitation,1,Death,Trauma,Not Admitted,535,36,0.6,0,19260
2014-2015,2014,CTAS I - Resuscitation,1,Death,Unintentional Falls,Not Admitted,85,144,2.4,0,12240
2014-2015,2014,CTAS I - Resuscitation,1,Discharged Home,Acute Myocardial Infarction,Not Admitted,19,168,2.8,0,3192
2014-2015,2014,CTAS I - Resuscitation,1,Discharged Home,Asthma,Not Admitted,392,222,3.7,0,87024
2014-2015,2014,CTAS I - Resuscitation,1,Discharged Home,Influenzal Pneumonia,Not Admitted,0,297,4.95,0,0
2014-2015,2014,CTAS I - Resuscitation,1,Discharged Home,Motor Vehicle Collisions,Not Admitted,525,270,4.5,0,141750
2014-2015,2014,CTAS I - Resuscitation,1,Discharged Home,Pneumonia,Not Admitted,158,210,3.5,0,33180
2014-2015,2014,CTAS I - Resuscitation,1,Discharged Home,Trauma,Not Admitted,3325,246,4.1,0,817950
2014-2015,2014,CTAS I - Resuscitation,1,Discharged Home,Unintentional Falls,Not Admitted,608,264,4.4,0,160512
2014-2015,2014,CTAS I - Resuscitation,1,Intra-Facility Transfer,Acute Myocardial Infarction,Not Admitted,65,30,0.5,0,1950
2014-2015,2014,CTAS I - Resuscitation,1,Intra-Facility Transfer,Asthma,Not Admitted,0,375,6.25,0,0
2014-2015,2014,CTAS I - Resuscitation,1,Intra-Facility Transfer,Influenzal Pneumonia,Not Admitted,0,0,0.0,0,0
2014-2015,2014,CTAS I - Resuscitation,1,Intra-Facility Transfer,Motor Vehicle Collisions,Not Admitted,8,258,4.3,0,2064
2014-2015,2014,CTAS I - Resuscitation,1,Intra-Facility Transfer,Pneumonia,Not Admitted,0,0,0.0,0,0
2014-2015,2014,CTAS I - Resuscitation,1,Intra-Facility Transfer,Trauma,Not Admitted,59,234,3.9,0,13806
2014-2015,2014,CTAS I - Resuscitation,1,Intra-Facility Transfer,Unintentional Falls,Not Admitted,11,234,3.9,0,2574
2014-2015,2014,CTAS I - Resuscitation,1,Not Seen Or Left,Acute Myocardial Infarction,Not Admitted,0,540,9.0,0,0
2014-2015,2014,CTAS I - Resuscitation,1,Not Seen Or Left,Asthma,Not Admitted,10,198,3.3,0,1980
2014-2015,2014,CTAS I - Resuscitation,1,Not Seen Or Left,Influenzal Pneumonia,Not Admitted,0,0,0.0,0,0
2014-2015,2014,CTAS I - Resuscitation,1,Not Seen Or Left,Motor Vehicle Collisions,Not Admitted,8,222,3.7,0,1776
2014-2015,2014,CTAS I - Resuscitation,1,Not Seen Or Left,Pneumonia,Not Admitted,0,369,6.15,0,0
2014-2015,2014,CTAS I - Resuscitation,1,Not Seen Or Left,Trauma,Not Admitted,66,198,3.3,0,13068
2014-2015,2014,CTAS I - Resuscitation,1,Not Seen Or Left,Unintentional Falls,Not Admitted,12,276,4.6,0,3312
2014-2015,2014,CTAS I - Resuscitation,1,Transferred,Acute Myocardial Infarction,Not Admitted,697,60,1.0,0,41820
2014-2015,2014,CTAS I - Resuscitation,1,Transferred,Asthma,Not Admitted,59,216,3.6,0,12744
2014-2015,2014,CTAS I - Resuscitation,1,Transferred,Influenzal Pneumonia,Not Admitted,0,0,0.0,0,0
2014-2015,2014,CTAS I - Resuscitation,1,Transferred,Motor Vehicle Collisions,Not Admitted,577,120,2.0,0,69240
2014-2015,2014,CTAS I - Resuscitation,1,Transferred,Pneumonia,Not Admitted,83,246,4.1,0,20418
2014-2015,2014,CTAS I - Resuscitation,1,Transferred,Trauma,Not Admitted,1440,132,2.2,0,190080
2014-2015,2014,CTAS I - Resuscitation,1,Transferred,Unintentional Falls,Not Admitted,306,156,2.6,0,47736
2014-2015,2014,CTAS I - Resuscitation,1,Unknown,Acute Myocardial Infarction,Not Admitted,0,0,0.0,0,0
2014-2015,2014,CTAS I - Resuscitation,1,Unknown,Asthma,Not Admitted,0,0,0.0,0,0
2014-2015,2014,CTAS I - Resuscitation,1,Unknown,Influenzal Pneumonia,Not Admitted,0,0,0.0,0,0
2014-2015,2014,CTAS I - Resuscitation,1,Unknown,Motor Vehicle Collisions,Not Admitted,0,0,0.0,0,0
2014-2015,2014,CTAS I - Resuscitation,1,Unknown,Pneumonia,Not Admitted,0,0,0.0,0,0
2014-2015,2014,CTAS I - Resuscitation,1,Unknown,Trauma,Not Admitted,0,0,0.0,0,0
2014-2015,2014,CTAS I - Resuscitation,1,Unknown,Unintentional Falls,Not Admitted,0,0,0.0,0,0
2014-2015,2014,CTAS II - Emergent,2,Admitted,Acute Myocardial Infarction,Admitted,11274,510,8.5,1,5749740
2014-2015,2014,CTAS II - Emergent,2,Admitted,Asthma,Admitted,3829,510,8.5,1,1952790
2014-2015,2014,CTAS II - Emergent,2,Admitted,Influenzal Pneumonia,Admitted,149,1110,18.5,1,165390
2014-2015,2014,CTAS II - Emergent,2,Admitted,Motor Vehicle Collisions,Admitted,4386,432,7.2,1,1894752
2014-2015,2014,CTAS II - Emergent,2,Admitted,Pneumonia,Admitted,17702,744,12.4,1,13170288
2014-2015,2014,CTAS II - Emergent,2,Admitted,Trauma,Admitted,24963,486,8.1,1,12132018
2014-2015,2014,CTAS II - Emergent,2,Admitted,Unintentional Falls,Admitted,14035,540,9.0,1,7578900
2014-2015,2014,CTAS II - Emergent,2,Death,Acute Myocardial Infarction,Not Admitted,102,144,2.4,0,14688
2014-2015,2014,CTAS II - Emergent,2,Death,Asthma,Not Admitted,0,0,0.0,0,0
2014-2015,2014,CTAS II - Emergent,2,Death,Influenzal Pneumonia,Not Admitted,0,504,8.4,0,0
2014-2015,2014,CTAS II - Emergent,2,Death,Motor Vehicle Collisions,Not Admitted,7,120,2.0,0,840
2014-2015,2014,CTAS II - Emergent,2,Death,Pneumonia,Not Admitted,35,252,4.2,0,8820
2014-2015,2014,CTAS II - Emergent,2,Death,Trauma,Not Admitted,41,288,4.8,0,11808
2014-2015,2014,CTAS II - Emergent,2,Death,Unintentional Falls,Not Admitted,21,372,6.2,0,7812
2014-2015,2014,CTAS II - Emergent,2,Discharged Home,Acute Myocardial Infarction,Not Admitted,440,342,5.7,0,150480
2014-2015,2014,CTAS II - Emergent,2,Discharged Home,Asthma,Not Admitted,14807,204,3.4,0,3020628
2014-2015,2014,CTAS II - Emergent,2,Discharged Home,Influenzal Pneumonia,Not Admitted,105,222,3.7,0,23310
2014-2015,2014,CTAS II - Emergent,2,Discharged Home,Motor Vehicle Collisions,Not Admitted,25389,186,3.1,0,4722354
2014-2015,2014,CTAS II - Emergent,2,Discharged Home,Pneumonia,Not Admitted,15153,222,3.7,0,3363966
2014-2015,2014,CTAS II - Emergent,2,Discharged Home,Trauma,Not Admitted,148437,174,2.9,0,25828038
2014-2015,2014,CTAS II - Emergent,2,Discharged Home,Unintentional Falls,Not Admitted,46445,198,3.3,0,9196110
2014-2015,2014,CTAS II - Emergent,2,Intra-Facility Transfer,Acute Myocardial Infarction,Not Admitted,131,78,1.3,0,10218
2014-2015,2014,CTAS II - Emergent,2,Intra-Facility Transfer,Asthma,Not Admitted,119,198,3.3,0,23562
2014-2015,2014,CTAS II - Emergent,2,Intra-Facility Transfer,Influenzal Pneumonia,Not Admitted,0,0,0.0,0,0
2014-2015,2014,CTAS II - Emergent,2,Intra-Facility Transfer,Motor Vehicle Collisions,Not Admitted,52,174,2.9,0,9048
2014-2015,2014,CTAS II - Emergent,2,Intra-Facility Transfer,Pneumonia,Not Admitted,89,288,4.8,0,25632
2014-2015,2014,CTAS II - Emergent,2,Intra-Facility Transfer,Trauma,Not Admitted,1046,222,3.7,0,232212
2014-2015,2014,CTAS II - Emergent,2,Intra-Facility Transfer,Unintentional Falls,Not Admitted,212,249,4.15,0,52788
2014-2015,2014,CTAS II - Emergent,2,Not Seen Or Left,Acute Myocardial Infarction,Not Admitted,65,312,5.2,0,20280
2014-2015,2014,CTAS II - Emergent,2,Not Seen Or Left,Asthma,Not Admitted,151,180,3.0,0,27180
2014-2015,2014,CTAS II - Emergent,2,Not Seen Or Left,Influenzal Pneumonia,Not Admitted,0,0,0.0,0,0
2014-2015,2014,CTAS II - Emergent,2,Not Seen Or Left,Motor Vehicle Collisions,Not Admitted,413,150,2.5,0,61950
2014-2015,2014,CTAS II - Emergent,2,Not Seen Or Left,Pneumonia,Not Admitted,86,285,4.75,0,24510
2014-2015,2014,CTAS II - Emergent,2,Not Seen Or Left,Trauma,Not Admitted,3125,132,2.2,0,412500
2014-2015,2014,CTAS II - Emergent,2,Not Seen Or Left,Unintentional Falls,Not Admitted,698,144,2.4,0,100512
2014-2015,2014,CTAS II - Emergent,2,Transferred,Acute Myocardial Infarction,Not Admitted,3852,114,1.9,0,439128
2014-2015,2014,CTAS II - Emergent,2,Transferred,Asthma,Not Admitted,432,288,4.8,0,124416
2014-2015,2014,CTAS II - Emergent,2,Transferred,Influenzal Pneumonia,Not Admitted,0,270,4.5,0,0
2014-2015,2014,CTAS II - Emergent,2,Transferred,Motor Vehicle Collisions,Not Admitted,1864,204,3.4,0,380256
2014-2015,2014,CTAS II - Emergent,2,Transferred,Pneumonia,Not Admitted,1107,258,4.3,0,285606
2014-2015,2014,CTAS II - Emergent,2,Transferred,Trauma,Not Admitted,7516,198,3.3,0,1488168
2014-2015,2014,CTAS II - Emergent,2,Transferred,Unintentional Falls,Not Admitted,2883,222,3.7,0,640026
2014-2015,2014,CTAS II - Emergent,2,Unknown,Acute Myocardial Infarction,Not Admitted,0,0,0.0,0,0
2014-2015,2014,CTAS II - Emergent,2,Unknown,Asthma,Not Admitted,0,0,0.0,0,0
2014-2015,2014,CTAS II - Emergent,2,Unknown,Influenzal Pneumonia,Not Admitted,0,0,0.0,0,0
2014-2015,2014,CTAS II - Emergent,2,Unknown,Motor Vehicle Collisions,Not Admitted,0,0,0.0,0,0
2014-2015,2014,CTAS II - Emergent,2,Unknown,Pneumonia,Not Admitted,0,0,0.0,0,0
2014-2015,2014,CTAS II - Emergent,2,Unknown,Trauma,Not Admitted,0,0,0.0,0,0
2014-2015,2014,CTAS II - Emergent,2,Unknown,Unintentional Falls,Not Admitted,0,0,0.0,0,0
2014-2015,2014,CTAS III - Urgent,3,Admitted,Acute Myocardial Infarction,Admitted,4339,558,9.3,1,2421162
2014-2015,2014,Less urgent,3,Admitted,Acute Myocardial Infarction,Admitted,361,459,7.65,1,165699
2014-2015,2014,Non-urgent,3,Admitted,Acute Myocardial Infarction,Admitted,51,438,7.3,1,22338
2014-2015,2014,Unknown,3,Admitted,Acute Myocardial Infarction,Admitted,118,252,4.2,1,29736
2014-2015,2014,CTAS III - Urgent,3,Admitted,Asthma,Admitted,1632,570,9.5,1,930240
2014-2015,2014,Less urgent,3,Admitted,Asthma,Admitted,141,384,6.4,1,54144
2014-2015,2014,Non-urgent,3,Admitted,Asthma,Admitted,10,399,6.65,1,3990
2014-2015,2014,Unknown,3,Admitted,Asthma,Admitted,22,234,3.9,1,5148
2014-2015,2014,CTAS III - Urgent,3,Admitted,Influenzal Pneumonia,Admitted,137,876,14.6,1,120012
2014-2015,2014,Less urgent,3,Admitted,Influenzal Pneumonia,Admitted,12,381,6.35,1,4572
2014-2015,2014,Non-urgent,3,Admitted,Influenzal Pneumonia,Admitted,0,0,0.0,1,0
2014-2015,2014,Unknown,3,Admitted,Influenzal Pneumonia,Admitted,0,1410,23.5,1,0
2014-2015,2014,CTAS III - Urgent,3,Admitted,Motor Vehicle Collisions,Admitted,2472,411,6.85,1,1015992
2014-2015,2014,Less urgent,3,Admitted,Motor Vehicle Collisions,Admitted,409,366,6.1,1,149694
2014-2015,2014,Non-urgent,3,Admitted,Motor Vehicle Collisions,Admitted,42,243,4.05,1,10206
2014-2015,2014,Unknown,3,Admitted,Motor Vehicle Collisions,Admitted,65,156,2.6,1,10140
2014-2015,2014,CTAS III - Urgent,3,Admitted,Pneumonia,Admitted,15131,684,11.4,1,10349604
2014-2015,2014,Less urgent,3,Admitted,Pneumonia,Admitted,1683,366,6.1,1,615978
2014-2015,2014,Non-urgent,3,Admitted,Pneumonia,Admitted,128,312,5.2,1,39936
2014-2015,2014,Unknown,3,Admitted,Pneumonia,Admitted,252,192,3.2,1,48384
2014-2015,2014,CTAS III - Urgent,3,Admitted,Trauma,Admitted,38106,492,8.2,1,18748152
2014-2015,2014,Less urgent,3,Admitted,Trauma,Admitted,6909,396,6.6,1,2735964
2014-2015,2014,Non-urgent,3,Admitted,Trauma,Admitted,528,294,4.9,1,155232
2014-2015,2014,Unknown,3,Admitted,Trauma,Admitted,427,180,3.0,1,76860
2014-2015,2014,CTAS III - Urgent,3,Admitted,Unintentional Falls,Admitted,28052,516,8.6,1,14474832
2014-2015,2014,Less urgent,3,Admitted,Unintentional Falls,Admitted,4483,414,6.9,1,1855962
2014-2015,2014,Non-urgent,3,Admitted,Unintentional Falls,Admitted,257,300,5.0,1,77100
2014-2015,2014,Unknown,3,Admitted,Unintentional Falls,Admitted,232,186,3.1,1,43152
2014-2015,2014,CTAS III - Urgent,3,Death,Acute Myocardial Infarction,Not Admitted,26,186,3.1,0,4836
2014-2015,2014,Less urgent,3,Death,Acute Myocardial Infarction,Not Admitted,0,312,5.2,0,0
2014-2015,2014,Non-urgent,3,Death,Acute Myocardial Infarction,Not Admitted,0,150,2.5,0,0
2014-2015,2014,Unknown,3,Death,Acute Myocardial Infarction,Not Admitted,0,18,0.3,0,0
2014-2015,2014,CTAS III - Urgent,3,Death,Asthma,Not Admitted,0,0,0.0,0,0
2014-2015,2014,Less urgent,3,Death,Asthma,Not Admitted,0,90,1.5,0,0
2014-2015,2014,Non-urgent,3,Death,Asthma,Not Admitted,0,0,0.0,0,0
2014-2015,2014,Unknown,3,Death,Asthma,Not Admitted,0,30,0.5,0,0
2014-2015,2014,CTAS III - Urgent,3,Death,Influenzal Pneumonia,Not Admitted,0,240,4.0,0,0
2014-2015,2014,Less urgent,3,Death,Influenzal Pneumonia,Not Admitted,0,0,0.0,0,0
2014-2015,2014,Non-urgent,3,Death,Influenzal Pneumonia,Not Admitted,0,0,0.0,0,0
2014-2015,2014,Unknown,3,Death,Influenzal Pneumonia,Not Admitted,0,0,0.0,0,0
2014-2015,2014,CTAS III - Urgent,3,Death,Motor Vehicle Collisions,Not Admitted,0,0,0.0,0,0
2014-2015,2014,Less urgent,3,Death,Motor Vehicle Collisions,Not Admitted,0,0,0.0,0,0
2014-2015,2014,Non-urgent,3,Death,Motor Vehicle Collisions,Not Admitted,0,18,0.3,0,0
2014-2015,2014,Unknown,3,Death,Motor Vehicle Collisions,Not Admitted,0,0,0.0,0,0
2014-2015,2014,CTAS III - Urgent,3,Death,Pneumonia,Not Admitted,15,276,4.6,0,4140
2014-2015,2014,Less urgent,3,Death,Pneumonia,Not Admitted,0,270,4.5,0,0
2014-2015,2014,Non-urgent,3,Death,Pneumonia,Not Admitted,0,0,0.0,0,0
2014-2015,2014,Unknown,3,Death,Pneumonia,Not Admitted,0,0,0.0,0,0
2014-2015,2014,CTAS III - Urgent,3,Death,Trauma,Not Admitted,21,372,6.2,0,7812
2014-2015,2014,Less urgent,3,Death,Trauma,Not Admitted,7,84,1.4,0,588
2014-2015,2014,Non-urgent,3,Death,Trauma,Not Admitted,5,36,0.6,0,180
2014-2015,2014,Unknown,3,Death,Trauma,Not Admitted,10,6,0.1,0,60
2014-2015,2014,CTAS III - Urgent,3,Death,Unintentional Falls,Not Admitted,16,351,5.85,0,5616
2014-2015,2014,Less urgent,3,Death,Unintentional Falls,Not Admitted,0,84,1.4,0,0
2014-2015,2014,Non-urgent,3,Death,Unintentional Falls,Not Admitted,0,174,2.9,0,0
2014-2015,2014,Unknown,3,Death,Unintentional Falls,Not Admitted,0,0,0.0,0,0
2014-2015,2014,CTAS III - Urgent,3,Discharged Home,Acute Myocardial Infarction,Not Admitted,241,366,6.1,0,88206
2014-2015,2014,Less urgent,3,Discharged Home,Acute Myocardial Infarction,Not Admitted,47,135,2.25,0,6345
2014-2015,2014,Non-urgent,3,Discharged Home,Acute Myocardial Infarction,Not Admitted,12,174,2.9,0,2088
2014-2015,2014,Unknown,3,Discharged Home,Acute Myocardial Infarction,Not Admitted,8,228,3.8,0,1824
2014-2015,2014,CTAS III - Urgent,3,Discharged Home,Asthma,Not Admitted,30536,156,2.6,0,4763616
2014-2015,2014,Less urgent,3,Discharged Home,Asthma,Not Admitted,14651,108,1.8,0,1582308
2014-2015,2014,Non-urgent,3,Discharged Home,Asthma,Not Admitted,1757,78,1.3,0,137046
2014-2015,2014,Unknown,3,Discharged Home,Asthma,Not Admitted,515,84,1.4,0,43260
2014-2015,2014,CTAS III - Urgent,3,Discharged Home,Influenzal Pneumonia,Not Admitted,332,180,3.0,0,59760
2014-2015,2014,Less urgent,3,Discharged Home,Influenzal Pneumonia,Not Admitted,190,126,2.1,0,23940
2014-2015,2014,Non-urgent,3,Discharged Home,Influenzal Pneumonia,Not Admitted,23,81,1.35,0,1863
2014-2015,2014,Unknown,3,Discharged Home,Influenzal Pneumonia,Not Admitted,8,66,1.1,0,528
2014-2015,2014,CTAS III - Urgent,3,Discharged Home,Motor Vehicle Collisions,Not Admitted,64579,144,2.4,0,9299376
2014-2015,2014,Less urgent,3,Discharged Home,Motor Vehicle Collisions,Not Admitted,46621,114,1.9,0,5314794
2014-2015,2014,Non-urgent,3,Discharged Home,Motor Vehicle Collisions,Not Admitted,3349,96,1.6,0,321504
2014-2015,2014,Unknown,3,Discharged Home,Motor Vehicle Collisions,Not Admitted,1034,84,1.4,0,86856
2014-2015,2014,CTAS III - Urgent,3,Discharged Home,Pneumonia,Not Admitted,45149,180,3.0,0,8126820
2014-2015,2014,Less urgent,3,Discharged Home,Pneumonia,Not Admitted,22965,126,2.1,0,2893590
2014-2015,2014,Non-urgent,3,Discharged Home,Pneumonia,Not Admitted,1972,102,1.7,0,201144
2014-2015,2014,Unknown,3,Discharged Home,Pneumonia,Not Admitted,592,96,1.6,0,56832
2014-2015,2014,CTAS III - Urgent,3,Discharged Home,Trauma,Not Admitted,622674,138,2.3,0,85929012
2014-2015,2014,Less urgent,3,Discharged Home,Trauma,Not Admitted,859371,108,1.8,0,92812068
2014-2015,2014,Non-urgent,3,Discharged Home,Trauma,Not Admitted,79348,90,1.5,0,7141320
2014-2015,2014,Unknown,3,Discharged Home,Trauma,Not Admitted,12462,72,1.2,0,897264
2014-2015,2014,CTAS III - Urgent,3,Discharged Home,Unintentional Falls,Not Admitted,222969,156,2.6,0,34783164
2014-2015,2014,Less urgent,3,Discharged Home,Unintentional Falls,Not Admitted,235364,120,2.0,0,28243680
2014-2015,2014,Non-urgent,3,Discharged Home,Unintentional Falls,Not Admitted,14919,102,1.7,0,1521738
2014-2015,2014,Unknown,3,Discharged Home,Unintentional Falls,Not Admitted,3070,84,1.4,0,257880
2014-2015,2014,CTAS III - Urgent,3,Intra-Facility Transfer,Acute Myocardial Infarction,Not Admitted,17,123,2.05,0,2091
2014-2015,2014,Less urgent,3,Intra-Facility Transfer,Acute Myocardial Infarction,Not Admitted,0,933,15.55,0,0
2014-2015,2014,Non-urgent,3,Intra-Facility Transfer,Acute Myocardial Infarction,Not Admitted,0,0,0.0,0,0
2014-2015,2014,Unknown,3,Intra-Facility Transfer,Acute Myocardial Infarction,Not Admitted,5,18,0.3,0,90
2014-2015,2014,CTAS III - Urgent,3,Intra-Facility Transfer,Asthma,Not Admitted,36,189,3.15,0,6804
2014-2015,2014,Less urgent,3,Intra-Facility Transfer,Asthma,Not Admitted,0,138,2.3,0,0
2014-2015,2014,Non-urgent,3,Intra-Facility Transfer,Asthma,Not Admitted,0,0,0.0,0,0
2014-2015,2014,Unknown,3,Intra-Facility Transfer,Asthma,Not Admitted,0,0,0.0,0,0
2014-2015,2014,CTAS III - Urgent,3,Intra-Facility Transfer,Influenzal Pneumonia,Not Admitted,0,0,0.0,0,0
2014-2015,2014,Less urgent,3,Intra-Facility Transfer,Influenzal Pneumonia,Not Admitted,0,0,0.0,0,0
2014-2015,2014,Non-urgent,3,Intra-Facility Transfer,Influenzal Pneumonia,Not Admitted,0,0,0.0,0,0
2014-2015,2014,Unknown,3,Intra-Facility Transfer,Influenzal Pneumonia,Not Admitted,0,0,0.0,0,0
2014-2015,2014,CTAS III - Urgent,3,Intra-Facility Transfer,Motor Vehicle Collisions,Not Admitted,112,207,3.45,0,23184
2014-2015,2014,Less urgent,3,Intra-Facility Transfer,Motor Vehicle Collisions,Not Admitted,53,174,2.9,0,9222
2014-2015,2014,Non-urgent,3,Intra-Facility Transfer,Motor Vehicle Collisions,Not Admitted,10,171,2.85,0,1710
2014-2015,2014,Unknown,3,Intra-Facility Transfer,Motor Vehicle Collisions,Not Admitted,0,66,1.1,0,0
2014-2015,2014,CTAS III - Urgent,3,Intra-Facility Transfer,Pneumonia,Not Admitted,63,264,4.4,0,16632
2014-2015,2014,Less urgent,3,Intra-Facility Transfer,Pneumonia,Not Admitted,0,228,3.8,0,0
2014-2015,2014,Non-urgent,3,Intra-Facility Transfer,Pneumonia,Not Admitted,0,0,0.0,0,0
2014-2015,2014,Unknown,3,Intra-Facility Transfer,Pneumonia,Not Admitted,0,0,0.0,0,0
2014-2015,2014,CTAS III - Urgent,3,Intra-Facility Transfer,Trauma,Not Admitted,1903,204,3.4,0,388212
2014-2015,2014,Less urgent,3,Intra-Facility Transfer,Trauma,Not Admitted,988,162,2.7,0,160056
2014-2015,2014,Non-urgent,3,Intra-Facility Transfer,Trauma,Not Admitted,163,108,1.8,0,17604
2014-2015,2014,Unknown,3,Intra-Facility Transfer,Trauma,Not Admitted,32,102,1.7,0,3264
2014-2015,2014,CTAS III - Urgent,3,Intra-Facility Transfer,Unintentional Falls,Not Admitted,509,222,3.7,0,112998
2014-2015,2014,Less urgent,3,Intra-Facility Transfer,Unintentional Falls,Not Admitted,298,156,2.6,0,46488
2014-2015,2014,Non-urgent,3,Intra-Facility Transfer,Unintentional Falls,Not Admitted,50,102,1.7,0,5100
2014-2015,2014,Unknown,3,Intra-Facility Transfer,Unintentional Falls,Not Admitted,13,84,1.4,0,1092
2014-2015,2014,CTAS III - Urgent,3,Not Seen Or Left,Acute Myocardial Infarction,Not Admitted,38,243,4.05,0,9234
2014-2015,2014,Less urgent,3,Not Seen Or Left,Acute Myocardial Infarction,Not Admitted,7,288,4.8,0,2016
2014-2015,2014,Non-urgent,3,Not Seen Or Left,Acute Myocardial Infarction,Not Admitted,0,252,4.2,0,0
2014-2015,2014,Unknown,3,Not Seen Or Left,Acute Myocardial Infarction,Not Admitted,0,0,0.0,0,0
2014-2015,2014,CTAS III - Urgent,3,Not Seen Or Left,Asthma,Not Admitted,380,138,2.3,0,52440
2014-2015,2014,Less urgent,3,Not Seen Or Left,Asthma,Not Admitted,131,120,2.0,0,15720
2014-2015,2014,Non-urgent,3,Not Seen Or Left,Asthma,Not Admitted,14,51,0.85,0,714
2014-2015,2014,Unknown,3,Not Seen Or Left,Asthma,Not Admitted,5,30,0.5,0,150
2014-2015,2014,CTAS III - Urgent,3,Not Seen Or Left,Influenzal Pneumonia,Not Admitted,0,78,1.3,0,0
2014-2015,2014,Less urgent,3,Not Seen Or Left,Influenzal Pneumonia,Not Admitted,0,0,0.0,0,0
2014-2015,2014,Non-urgent,3,Not Seen Or Left,Influenzal Pneumonia,Not Admitted,0,24,0.4,0,0
2014-2015,2014,Unknown,3,Not Seen Or Left,Influenzal Pneumonia,Not Admitted,0,0,0.0,0,0
2014-2015,2014,CTAS III - Urgent,3,Not Seen Or Left,Motor Vehicle Collisions,Not Admitted,1660,132,2.2,0,219120
2014-2015,2014,Less urgent,3,Not Seen Or Left,Motor Vehicle Collisions,Not Admitted,1434,120,2.0,0,172080
2014-2015,2014,Non-urgent,3,Not Seen Or Left,Motor Vehicle Collisions,Not Admitted,108,108,1.8,0,11664
2014-2015,2014,Unknown,3,Not Seen Or Left,Motor Vehicle Collisions,Not Admitted,35,84,1.4,0,2940
2014-2015,2014,CTAS III - Urgent,3,Not Seen Or Left,Pneumonia,Not Admitted,158,234,3.9,0,36972
2014-2015,2014,Less urgent,3,Not Seen Or Left,Pneumonia,Not Admitted,67,168,2.8,0,11256
2014-2015,2014,Non-urgent,3,Not Seen Or Left,Pneumonia,Not Admitted,8,180,3.0,0,1440
2014-2015,2014,Unknown,3,Not Seen Or Left,Pneumonia,Not Admitted,6,33,0.55,0,198
2014-2015,2014,CTAS III - Urgent,3,Not Seen Or Left,Trauma,Not Admitted,17600,126,2.1,0,2217600
2014-2015,2014,Less urgent,3,Not Seen Or Left,Trauma,Not Admitted,27065,114,1.9,0,3085410
2014-2015,2014,Non-urgent,3,Not Seen Or Left,Trauma,Not Admitted,3304,90,1.5,0,297360
2014-2015,2014,Unknown,3,Not Seen Or Left,Trauma,Not Admitted,1028,48,0.8,0,49344
2014-2015,2014,CTAS III - Urgent,3,Not Seen Or Left,Unintentional Falls,Not Admitted,4728,138,2.3,0,652464
2014-2015,2014,Less urgent,3,Not Seen Or Left,Unintentional Falls,Not Admitted,5901,120,2.0,0,708120
2014-2015,2014,Non-urgent,3,Not Seen Or Left,Unintentional Falls,Not Admitted,435,90,1.5,0,39150
2014-2015,2014,Unknown,3,Not Seen Or Left,Unintentional Falls,Not Admitted,128,69,1.15,0,8832
2014-2015,2014,CTAS III - Urgent,3,Transferred,Acute Myocardial Infarction,Not Admitted,989,222,3.7,0,219558
2014-2015,2014,Less urgent,3,Transferred,Acute Myocardial Infarction,Not Admitted,118,276,4.6,0,32568
2014-2015,2014,Non-urgent,3,Transferred,Acute Myocardial Infarction,Not Admitted,18,309,5.15,0,5562
2014-2015,2014,Unknown,3,Transferred,Acute Myocardial Infarction,Not Admitted,68,108,1.8,0,7344
2014-2015,2014,CTAS III - Urgent,3,Transferred,Asthma,Not Admitted,192,330,5.5,0,63360
2014-2015,2014,Less urgent,3,Transferred,Asthma,Not Admitted,17,288,4.8,0,4896
2014-2015,2014,Non-urgent,3,Transferred,Asthma,Not Admitted,0,426,7.1,0,0
2014-2015,2014,Unknown,3,Transferred,Asthma,Not Admitted,0,222,3.7,0,0
2014-2015,2014,CTAS III - Urgent,3,Transferred,Influenzal Pneumonia,Not Admitted,0,450,7.5,0,0
2014-2015,2014,Less urgent,3,Transferred,Influenzal Pneumonia,Not Admitted,0,0,0.0,0,0
2014-2015,2014,Non-urgent,3,Transferred,Influenzal Pneumonia,Not Admitted,0,0,0.0,0,0
2014-2015,2014,Unknown,3,Transferred,Influenzal Pneumonia,Not Admitted,0,0,0.0,0,0
2014-2015,2014,CTAS III - Urgent,3,Transferred,Motor Vehicle Collisions,Not Admitted,1275,204,3.4,0,260100
2014-2015,2014,Less urgent,3,Transferred,Motor Vehicle Collisions,Not Admitted,242,216,3.6,0,52272
2014-2015,2014,Non-urgent,3,Transferred,Motor Vehicle Collisions,Not Admitted,24,210,3.5,0,5040
2014-2015,2014,Unknown,3,Transferred,Motor Vehicle Collisions,Not Admitted,115,168,2.8,0,19320
2014-2015,2014,CTAS III - Urgent,3,Transferred,Pneumonia,Not Admitted,910,306,5.1,0,278460
2014-2015,2014,Less urgent,3,Transferred,Pneumonia,Not Admitted,125,336,5.6,0,42000
2014-2015,2014,Non-urgent,3,Transferred,Pneumonia,Not Admitted,17,312,5.2,0,5304
2014-2015,2014,Unknown,3,Transferred,Pneumonia,Not Admitted,15,234,3.9,0,3510
2014-2015,2014,CTAS III - Urgent,3,Transferred,Trauma,Not Admitted,9497,234,3.9,0,2222298
2014-2015,2014,Less urgent,3,Transferred,Trauma,Not Admitted,2595,210,3.5,0,544950
2014-2015,2014,Non-urgent,3,Transferred,Trauma,Not Admitted,216,153,2.55,0,33048
2014-2015,2014,Unknown,3,Transferred,Trauma,Not Admitted,336,159,2.65,0,53424
2014-2015,2014,CTAS III - Urgent,3,Transferred,Unintentional Falls,Not Admitted,5342,270,4.5,0,1442340
2014-2015,2014,Less urgent,3,Transferred,Unintentional Falls,Not Admitted,1274,240,4.0,0,305760
2014-2015,2014,Non-urgent,3,Transferred,Unintentional Falls,Not Admitted,74,186,3.1,0,13764
2014-2015,2014,Unknown,3,Transferred,Unintentional Falls,Not Admitted,114,168,2.8,0,19152
2014-2015,2014,CTAS III - Urgent,3,Unknown,Acute Myocardial Infarction,Not Admitted,0,0,0.0,0,0
2014-2015,2014,Less urgent,3,Unknown,Acute Myocardial Infarction,Not Admitted,0,0,0.0,0,0
2014-2015,2014,Non-urgent,3,Unknown,Acute Myocardial Infarction,Not Admitted,0,0,0.0,0,0
2014-2015,2014,Unknown,3,Unknown,Acute Myocardial Infarction,Not Admitted,0,0,0.0,0,0
2014-2015,2014,CTAS III - Urgent,3,Unknown,Asthma,Not Admitted,0,0,0.0,0,0
2014-2015,2014,Less urgent,3,Unknown,Asthma,Not Admitted,0,0,0.0,0,0
2014-2015,2014,Non-urgent,3,Unknown,Asthma,Not Admitted,0,0,0.0,0,0
2014-2015,2014,Unknown,3,Unknown,Asthma,Not Admitted,0,0,0.0,0,0
2014-2015,2014,CTAS III - Urgent,3,Unknown,Influenzal Pneumonia,Not Admitted,0,0,0.0,0,0
2014-2015,2014,Less urgent,3,Unknown,Influenzal Pneumonia,Not Admitted,0,0,0.0,0,0
2014-2015,2014,Non-urgent,3,Unknown,Influenzal Pneumonia,Not Admitted,0,0,0.0,0,0
2014-2015,2014,Unknown,3,Unknown,Influenzal Pneumonia,Not Admitted,0,0,0.0,0,0
2014-2015,2014,CTAS III - Urgent,3,Unknown,Motor Vehicle Collisions,Not Admitted,0,0,0.0,0,0
2014-2015,2014,Less urgent,3,Unknown,Motor Vehicle Collisions,Not Admitted,0,0,0.0,0,0
2014-2015,2014,Non-urgent,3,Unknown,Motor Vehicle Collisions,Not Admitted,0,0,0.0,0,0
2014-2015,2014,Unknown,3,Unknown,Motor Vehicle Collisions,Not Admitted,0,0,0.0,0,0
2014-2015,2014,CTAS III - Urgent,3,Unknown,Pneumonia,Not Admitted,0,0,0.0,0,0
2014-2015,2014,Less urgent,3,Unknown,Pneumonia,Not Admitted,0,0,0.0,0,0
2014-2015,2014,Non-urgent,3,Unknown,Pneumonia,Not Admitted,0,0,0.0,0,0
2014-2015,2014,Unknown,3,Unknown,Pneumonia,Not Admitted,0,0,0.0,0,0
2014-2015,2014,CTAS III - Urgent,3,Unknown,Trauma,Not Admitted,0,0,0.0,0,0
2014-2015,2014,Less urgent,3,Unknown,Trauma,Not Admitted,0,0,0.0,0,0
2014-2015,2014,Non-urgent,3,Unknown,Trauma,Not Admitted,0,0,0.0,0,0
2014-2015,2014,Unknown,3,Unknown,Trauma,Not Admitted,0,0,0.0,0,0
2014-2015,2014,CTAS III - Urgent,3,Unknown,Unintentional Falls,Not Admitted,0,0,0.0,0,0
2014-2015,2014,Less urgent,3,Unknown,Unintentional Falls,Not Admitted,0,0,0.0,0,0
2014-2015,2014,Non-urgent,3,Unknown,Unintentional Falls,Not Admitted,0,0,0.0,0,0
2014-2015,2014,Unknown,3,Unknown,Unintentional Falls,Not Admitted,0,0,0.0,0,0
2013-2014,2013,CTAS I - Resuscitation,1,Admitted,Acute Myocardial Infarction,Admitted,1148,96,1.6,1,110208
2013-2014,2013,CTAS I - Resuscitation,1,Admitted,Asthma,Admitted,459,408,6.8,1,187272
2013-2014,2013,CTAS I - Resuscitation,1,Admitted,Influenzal Pneumonia,Admitted,11,210,3.5,1,2310
2013-2014,2013,CTAS I - Resuscitation,1,Admitted,Motor Vehicle Collisions,Admitted,2238,258,4.3,1,577404
2013-2014,2013,CTAS I - Resuscitation,1,Admitted,Pneumonia,Admitted,1243,516,8.6,1,641388
2013-2014,2013,CTAS I - Resuscitation,1,Admitted,Trauma,Admitted,5594,258,4.3,1,1443252
2013-2014,2013,CTAS I - Resuscitation,1,Admitted,Unintentional Falls,Admitted,1443,306,5.1,1,441558
2013-2014,2013,CTAS I - Resuscitation,1,Death,Acute Myocardial Infarction,Not Admitted,407,30,0.5,0,12210
2013-2014,2013,CTAS I - Resuscitation,1,Death,Asthma,Not Admitted,0,36,0.6,0,0
2013-2014,2013,CTAS I - Resuscitation,1,Death,Influenzal Pneumonia,Not Admitted,0,0,0.0,0,0
2013-2014,2013,CTAS I - Resuscitation,1,Death,Motor Vehicle Collisions,Not Admitted,202,30,0.5,0,6060
2013-2014,2013,CTAS I - Resuscitation,1,Death,Pneumonia,Not Admitted,32,192,3.2,0,6144
2013-2014,2013,CTAS I - Resuscitation,1,Death,Trauma,Not Admitted,559,42,0.7,0,23478
2013-2014,2013,CTAS I - Resuscitation,1,Death,Unintentional Falls,Not Admitted,95,168,2.8,0,15960
2013-2014,2013,CTAS I - Resuscitation,1,Discharged Home,Acute Myocardial Infarction,Not Admitted,25,54,0.9,0,1350
2013-2014,2013,CTAS I - Resuscitation,1,Discharged Home,Asthma,Not Admitted,362,216,3.6,0,78192
2013-2014,2013,CTAS I - Resuscitation,1,Discharged Home,Influenzal Pneumonia,Not Admitted,0,0,0.0,0,0
2013-2014,2013,CTAS I - Resuscitation,1,Discharged Home,Motor Vehicle Collisions,Not Admitted,559,270,4.5,0,150930
2013-2014,2013,CTAS I - Resuscitation,1,Discharged Home,Pneumonia,Not Admitted,134,222,3.7,0,29748
2013-2014,2013,CTAS I - Resuscitation,1,Discharged Home,Trauma,Not Admitted,3178,246,4.1,0,781788
2013-2014,2013,CTAS I - Resuscitation,1,Discharged Home,Unintentional Falls,Not Admitted,549,258,4.3,0,141642
2013-2014,2013,CTAS I - Resuscitation,1,Intra-Facility Transfer,Acute Myocardial Infarction,Not Admitted,76,30,0.5,0,2280
2013-2014,2013,CTAS I - Resuscitation,1,Intra-Facility Transfer,Asthma,Not Admitted,0,156,2.6,0,0
2013-2014,2013,CTAS I - Resuscitation,1,Intra-Facility Transfer,Influenzal Pneumonia,Not Admitted,0,0,0.0,0,0
2013-2014,2013,CTAS I - Resuscitation,1,Intra-Facility Transfer,Motor Vehicle Collisions,Not Admitted,0,162,2.7,0,0
2013-2014,2013,CTAS I - Resuscitation,1,Intra-Facility Transfer,Pneumonia,Not Admitted,0,258,4.3,0,0
2013-2014,2013,CTAS I - Resuscitation,1,Intra-Facility Transfer,Trauma,Not Admitted,55,180,3.0,0,9900
2013-2014,2013,CTAS I - Resuscitation,1,Intra-Facility Transfer,Unintentional Falls,Not Admitted,10,201,3.35,0,2010
2013-2014,2013,CTAS I - Resuscitation,1,Not Seen Or Left,Acute Myocardial Infarction,Not Admitted,0,330,5.5,0,0
2013-2014,2013,CTAS I - Resuscitation,1,Not Seen Or Left,Asthma,Not Admitted,11,342,5.7,0,3762
2013-2014,2013,CTAS I - Resuscitation,1,Not Seen Or Left,Influenzal Pneumonia,Not Admitted,0,0,0.0,0,0
2013-2014,2013,CTAS I - Resuscitation,1,Not Seen Or Left,Motor Vehicle Collisions,Not Admitted,12,213,3.55,0,2556
2013-2014,2013,CTAS I - Resuscitation,1,Not Seen Or Left,Pneumonia,Not Admitted,0,219,3.65,0,0
2013-2014,2013,CTAS I - Resuscitation,1,Not Seen Or Left,Trauma,Not Admitted,57,186,3.1,0,10602
2013-2014,2013,CTAS I - Resuscitation,1,Not Seen Or Left,Unintentional Falls,Not Admitted,5,354,5.9,0,1770
2013-2014,2013,CTAS I - Resuscitation,1,Transferred,Acute Myocardial Infarction,Not Admitted,692,54,0.9,0,37368
2013-2014,2013,CTAS I - Resuscitation,1,Transferred,Asthma,Not Admitted,40,192,3.2,0,7680
2013-2014,2013,CTAS I - Resuscitation,1,Transferred,Influenzal Pneumonia,Not Admitted,0,0,0.0,0,0
2013-2014,2013,CTAS I - Resuscitation,1,Transferred,Motor Vehicle Collisions,Not Admitted,533,114,1.9,0,60762
2013-2014,2013,CTAS I - Resuscitation,1,Transferred,Pneumonia,Not Admitted,74,222,3.7,0,16428
2013-2014,2013,CTAS I - Resuscitation,1,Transferred,Trauma,Not Admitted,1343,132,2.2,0,177276
2013-2014,2013,CTAS I - Resuscitation,1,Transferred,Unintentional Falls,Not Admitted,293,156,2.6,0,45708
2013-2014,2013,CTAS I - Resuscitation,1,Unknown,Acute Myocardial Infarction,Not Admitted,0,0,0.0,0,0
2013-2014,2013,CTAS I - Resuscitation,1,Unknown,Asthma,Not Admitted,0,0,0.0,0,0
2013-2014,2013,CTAS I - Resuscitation,1,Unknown,Influenzal Pneumonia,Not Admitted,0,0,0.0,0,0
2013-2014,2013,CTAS I - Resuscitation,1,Unknown,Motor Vehicle Collisions,Not Admitted,0,0,0.0,0,0
2013-2014,2013,CTAS I - Resuscitation,1,Unknown,Pneumonia,Not Admitted,0,0,0.0,0,0
2013-2014,2013,CTAS I - Resuscitation,1,Unknown,Trauma,Not Admitted,0,0,0.0,0,0
2013-2014,2013,CTAS I - Resuscitation,1,Unknown,Unintentional Falls,Not Admitted,0,0,0.0,0,0
2013-2014,2013,CTAS II - Emergent,2,Admitted,Acute Myocardial Infarction,Admitted,10831,486,8.1,1,5263866
2013-2014,2013,CTAS II - Emergent,2,Admitted,Asthma,Admitted,3281,498,8.3,1,1633938
2013-2014,2013,CTAS II - Emergent,2,Admitted,Influenzal Pneumonia,Admitted,84,873,14.55,1,73332
2013-2014,2013,CTAS II - Emergent,2,Admitted,Motor Vehicle Collisions,Admitted,4379,408,6.8,1,1786632
2013-2014,2013,CTAS II - Emergent,2,Admitted,Pneumonia,Admitted,15700,666,11.1,1,10456200
2013-2014,2013,CTAS II - Emergent,2,Admitted,Trauma,Admitted,24256,456,7.6,1,11060736
2013-2014,2013,CTAS II - Emergent,2,Admitted,Unintentional Falls,Admitted,13554,504,8.4,1,6831216
2013-2014,2013,CTAS II - Emergent,2,Death,Acute Myocardial Infarction,Not Admitted,87,162,2.7,0,14094
2013-2014,2013,CTAS II - Emergent,2,Death,Asthma,Not Admitted,0,0,0.0,0,0
2013-2014,2013,CTAS II - Emergent,2,Death,Influenzal Pneumonia,Not Admitted,0,0,0.0,0,0
2013-2014,2013,CTAS II - Emergent,2,Death,Motor Vehicle Collisions,Not Admitted,9,114,1.9,0,1026
2013-2014,2013,CTAS II - Emergent,2,Death,Pneumonia,Not Admitted,45,270,4.5,0,12150
2013-2014,2013,CTAS II - Emergent,2,Death,Trauma,Not Admitted,43,210,3.5,0,9030
2013-2014,2013,CTAS II - Emergent,2,Death,Unintentional Falls,Not Admitted,22,291,4.85,0,6402
2013-2014,2013,CTAS II - Emergent,2,Discharged Home,Acute Myocardial Infarction,Not Admitted,420,342,5.7,0,143640
2013-2014,2013,CTAS II - Emergent,2,Discharged Home,Asthma,Not Admitted,12951,198,3.3,0,2564298
2013-2014,2013,CTAS II - Emergent,2,Discharged Home,Influenzal Pneumonia,Not Admitted,111,240,4.0,0,26640
2013-2014,2013,CTAS II - Emergent,2,Discharged Home,Motor Vehicle Collisions,Not Admitted,24685,180,3.0,0,4443300
2013-2014,2013,CTAS II - Emergent,2,Discharged Home,Pneumonia,Not Admitted,12412,228,3.8,0,2829936
2013-2014,2013,CTAS II - Emergent,2,Discharged Home,Trauma,Not Admitted,140961,168,2.8,0,23681448
2013-2014,2013,CTAS II - Emergent,2,Discharged Home,Unintentional Falls,Not Admitted,44495,198,3.3,0,8810010
2013-2014,2013,CTAS II - Emergent,2,Intra-Facility Transfer,Acute Myocardial Infarction,Not Admitted,161,66,1.1,0,10626
2013-2014,2013,CTAS II - Emergent,2,Intra-Facility Transfer,Asthma,Not Admitted,103,198,3.3,0,20394
2013-2014,2013,CTAS II - Emergent,2,Intra-Facility Transfer,Influenzal Pneumonia,Not Admitted,0,0,0.0,0,0
2013-2014,2013,CTAS II - Emergent,2,Intra-Facility Transfer,Motor Vehicle Collisions,Not Admitted,82,216,3.6,0,17712
2013-2014,2013,CTAS II - Emergent,2,Intra-Facility Transfer,Pneumonia,Not Admitted,68,282,4.7,0,19176
2013-2014,2013,CTAS II - Emergent,2,Intra-Facility Transfer,Trauma,Not Admitted,1041,216,3.6,0,224856
2013-2014,2013,CTAS II - Emergent,2,Intra-Facility Transfer,Unintentional Falls,Not Admitted,231,249,4.15,0,57519
2013-2014,2013,CTAS II - Emergent,2,Not Seen Or Left,Acute Myocardial Infarction,Not Admitted,53,354,5.9,0,18762
2013-2014,2013,CTAS II - Emergent,2,Not Seen Or Left,Asthma,Not Admitted,184,162,2.7,0,29808
2013-2014,2013,CTAS II - Emergent,2,Not Seen Or Left,Influenzal Pneumonia,Not Admitted,0,0,0.0,0,0
2013-2014,2013,CTAS II - Emergent,2,Not Seen Or Left,Motor Vehicle Collisions,Not Admitted,358,144,2.4,0,51552
2013-2014,2013,CTAS II - Emergent,2,Not Seen Or Left,Pneumonia,Not Admitted,83,264,4.4,0,21912
2013-2014,2013,CTAS II - Emergent,2,Not Seen Or Left,Trauma,Not Admitted,2835,138,2.3,0,391230
2013-2014,2013,CTAS II - Emergent,2,Not Seen Or Left,Unintentional Falls,Not Admitted,704,165,2.75,0,116160
2013-2014,2013,CTAS II - Emergent,2,Transferred,Acute Myocardial Infarction,Not Admitted,3678,114,1.9,0,419292
2013-2014,2013,CTAS II - Emergent,2,Transferred,Asthma,Not Admitted,333,258,4.3,0,85914
2013-2014,2013,CTAS II - Emergent,2,Transferred,Influenzal Pneumonia,Not Admitted,11,222,3.7,0,2442
2013-2014,2013,CTAS II - Emergent,2,Transferred,Motor Vehicle Collisions,Not Admitted,1841,198,3.3,0,364518
2013-2014,2013,CTAS II - Emergent,2,Transferred,Pneumonia,Not Admitted,930,252,4.2,0,234360
2013-2014,2013,CTAS II - Emergent,2,Transferred,Trauma,Not Admitted,7126,192,3.2,0,1368192
2013-2014,2013,CTAS II - Emergent,2,Transferred,Unintentional Falls,Not Admitted,2698,222,3.7,0,598956
2013-2014,2013,CTAS II - Emergent,2,Unknown,Acute Myocardial Infarction,Not Admitted,0,0,0.0,0,0
2013-2014,2013,CTAS II - Emergent,2,Unknown,Asthma,Not Admitted,0,0,0.0,0,0
2013-2014,2013,CTAS II - Emergent,2,Unknown,Influenzal Pneumonia,Not Admitted,0,0,0.0,0,0
2013-2014,2013,CTAS II - Emergent,2,Unknown,Motor Vehicle Collisions,Not Admitted,0,0,0.0,0,0
2013-2014,2013,CTAS II - Emergent,2,Unknown,Pneumonia,Not Admitted,0,0,0.0,0,0
2013-2014,2013,CTAS II - Emergent,2,Unknown,Trauma,Not Admitted,0,0,0.0,0,0
2013-2014,2013,CTAS II - Emergent,2,Unknown,Unintentional Falls,Not Admitted,0,0,0.0,0,0
2013-2014,2013,CTAS III - Urgent,3,Admitted,Acute Myocardial Infarction,Admitted,4190,558,9.3,1,2338020
2013-2014,2013,Less urgent,3,Admitted,Acute Myocardial Infarction,Admitted,393,453,7.55,1,178029
2013-2014,2013,Non-urgent,3,Admitted,Acute Myocardial Infarction,Admitted,97,354,5.9,1,34338
2013-2014,2013,Unknown,3,Admitted,Acute Myocardial Infarction,Admitted,115,162,2.7,1,18630
2013-2014,2013,CTAS III - Urgent,3,Admitted,Asthma,Admitted,1505,522,8.7,1,785610
2013-2014,2013,Less urgent,3,Admitted,Asthma,Admitted,123,348,5.8,1,42804
2013-2014,2013,Non-urgent,3,Admitted,Asthma,Admitted,12,792,13.2,1,9504
2013-2014,2013,Unknown,3,Admitted,Asthma,Admitted,26,177,2.95,1,4602
2013-2014,2013,CTAS III - Urgent,3,Admitted,Influenzal Pneumonia,Admitted,92,624,10.4,1,57408
2013-2014,2013,Less urgent,3,Admitted,Influenzal Pneumonia,Admitted,11,552,9.2,1,6072
2013-2014,2013,Non-urgent,3,Admitted,Influenzal Pneumonia,Admitted,0,378,6.3,1,0
2013-2014,2013,Unknown,3,Admitted,Influenzal Pneumonia,Admitted,0,0,0.0,1,0
2013-2014,2013,CTAS III - Urgent,3,Admitted,Motor Vehicle Collisions,Admitted,2438,384,6.4,1,936192
2013-2014,2013,Less urgent,3,Admitted,Motor Vehicle Collisions,Admitted,489,348,5.8,1,170172
2013-2014,2013,Non-urgent,3,Admitted,Motor Vehicle Collisions,Admitted,53,330,5.5,1,17490
2013-2014,2013,Unknown,3,Admitted,Motor Vehicle Collisions,Admitted,74,168,2.8,1,12432
2013-2014,2013,CTAS III - Urgent,3,Admitted,Pneumonia,Admitted,13906,600,10.0,1,8343600
2013-2014,2013,Less urgent,3,Admitted,Pneumonia,Admitted,1596,360,6.0,1,574560
2013-2014,2013,Non-urgent,3,Admitted,Pneumonia,Admitted,168,354,5.9,1,59472
2013-2014,2013,Unknown,3,Admitted,Pneumonia,Admitted,217,174,2.9,1,37758
2013-2014,2013,CTAS III - Urgent,3,Admitted,Trauma,Admitted,38587,462,7.7,1,17827194
2013-2014,2013,Less urgent,3,Admitted,Trauma,Admitted,7482,378,6.3,1,2828196
2013-2014,2013,Non-urgent,3,Admitted,Trauma,Admitted,755,306,5.1,1,231030
2013-2014,2013,Unknown,3,Admitted,Trauma,Admitted,424,162,2.7,1,68688
2013-2014,2013,CTAS III - Urgent,3,Admitted,Unintentional Falls,Admitted,28556,486,8.1,1,13878216
2013-2014,2013,Less urgent,3,Admitted,Unintentional Falls,Admitted,4742,402,6.7,1,1906284
2013-2014,2013,Non-urgent,3,Admitted,Unintentional Falls,Admitted,405,330,5.5,1,133650
2013-2014,2013,Unknown,3,Admitted,Unintentional Falls,Admitted,215,162,2.7,1,34830
2013-2014,2013,CTAS III - Urgent,3,Death,Acute Myocardial Infarction,Not Admitted,22,309,5.15,0,6798
2013-2014,2013,Less urgent,3,Death,Acute Myocardial Infarction,Not Admitted,7,204,3.4,0,1428
2013-2014,2013,Non-urgent,3,Death,Acute Myocardial Infarction,Not Admitted,0,54,0.9,0,0
2013-2014,2013,Unknown,3,Death,Acute Myocardial Infarction,Not Admitted,5,24,0.4,0,120
2013-2014,2013,CTAS III - Urgent,3,Death,Asthma,Not Admitted,0,204,3.4,0,0
2013-2014,2013,Less urgent,3,Death,Asthma,Not Admitted,0,114,1.9,0,0
2013-2014,2013,Non-urgent,3,Death,Asthma,Not Admitted,0,0,0.0,0,0
2013-2014,2013,Unknown,3,Death,Asthma,Not Admitted,0,0,0.0,0,0
2013-2014,2013,CTAS III - Urgent,3,Death,Influenzal Pneumonia,Not Admitted,0,0,0.0,0,0
2013-2014,2013,Less urgent,3,Death,Influenzal Pneumonia,Not Admitted,0,0,0.0,0,0
2013-2014,2013,Non-urgent,3,Death,Influenzal Pneumonia,Not Admitted,0,0,0.0,0,0
2013-2014,2013,Unknown,3,Death,Influenzal Pneumonia,Not Admitted,0,0,0.0,0,0
2013-2014,2013,CTAS III - Urgent,3,Death,Motor Vehicle Collisions,Not Admitted,0,72,1.2,0,0
2013-2014,2013,Less urgent,3,Death,Motor Vehicle Collisions,Not Admitted,0,33,0.55,0,0
2013-2014,2013,Non-urgent,3,Death,Motor Vehicle Collisions,Not Admitted,0,0,0.0,0,0
2013-2014,2013,Unknown,3,Death,Motor Vehicle Collisions,Not Admitted,0,6,0.1,0,0
2013-2014,2013,CTAS III - Urgent,3,Death,Pneumonia,Not Admitted,10,378,6.3,0,3780
2013-2014,2013,Less urgent,3,Death,Pneumonia,Not Admitted,0,240,4.0,0,0
2013-2014,2013,Non-urgent,3,Death,Pneumonia,Not Admitted,0,0,0.0,0,0
2013-2014,2013,Unknown,3,Death,Pneumonia,Not Admitted,0,0,0.0,0,0
2013-2014,2013,CTAS III - Urgent,3,Death,Trauma,Not Admitted,21,360,6.0,0,7560
2013-2014,2013,Less urgent,3,Death,Trauma,Not Admitted,9,66,1.1,0,594
2013-2014,2013,Non-urgent,3,Death,Trauma,Not Admitted,0,33,0.55,0,0
2013-2014,2013,Unknown,3,Death,Trauma,Not Admitted,12,27,0.45,0,324
2013-2014,2013,CTAS III - Urgent,3,Death,Unintentional Falls,Not Admitted,13,402,6.7,0,5226
2013-2014,2013,Less urgent,3,Death,Unintentional Falls,Not Admitted,0,63,1.05,0,0
2013-2014,2013,Non-urgent,3,Death,Unintentional Falls,Not Admitted,0,12,0.2,0,0
2013-2014,2013,Unknown,3,Death,Unintentional Falls,Not Admitted,0,0,0.0,0,0
2013-2014,2013,CTAS III - Urgent,3,Discharged Home,Acute Myocardial Infarction,Not Admitted,230,390,6.5,0,89700
2013-2014,2013,Less urgent,3,Discharged Home,Acute Myocardial Infarction,Not Admitted,47,207,3.45,0,9729
2013-2014,2013,Non-urgent,3,Discharged Home,Acute Myocardial Infarction,Not Admitted,12,102,1.7,0,1224
2013-2014,2013,Unknown,3,Discharged Home,Acute Myocardial Infarction,Not Admitted,12,279,4.65,0,3348
2013-2014,2013,CTAS III - Urgent,3,Discharged Home,Asthma,Not Admitted,28764,156,2.6,0,4487184
2013-2014,2013,Less urgent,3,Discharged Home,Asthma,Not Admitted,14475,102,1.7,0,1476450
2013-2014,2013,Non-urgent,3,Discharged Home,Asthma,Not Admitted,2170,78,1.3,0,169260
2013-2014,2013,Unknown,3,Discharged Home,Asthma,Not Admitted,519,78,1.3,0,40482
2013-2014,2013,CTAS III - Urgent,3,Discharged Home,Influenzal Pneumonia,Not Admitted,411,192,3.2,0,78912
2013-2014,2013,Less urgent,3,Discharged Home,Influenzal Pneumonia,Not Admitted,336,132,2.2,0,44352
2013-2014,2013,Non-urgent,3,Discharged Home,Influenzal Pneumonia,Not Admitted,48,87,1.45,0,4176
2013-2014,2013,Unknown,3,Discharged Home,Influenzal Pneumonia,Not Admitted,23,66,1.1,0,1518
2013-2014,2013,CTAS III - Urgent,3,Discharged Home,Motor Vehicle Collisions,Not Admitted,64041,144,2.4,0,9221904
2013-2014,2013,Less urgent,3,Discharged Home,Motor Vehicle Collisions,Not Admitted,49149,114,1.9,0,5602986
2013-2014,2013,Non-urgent,3,Discharged Home,Motor Vehicle Collisions,Not Admitted,4086,96,1.6,0,392256
2013-2014,2013,Unknown,3,Discharged Home,Motor Vehicle Collisions,Not Admitted,1217,84,1.4,0,102228
2013-2014,2013,CTAS III - Urgent,3,Discharged Home,Pneumonia,Not Admitted,39037,180,3.0,0,7026660
2013-2014,2013,Less urgent,3,Discharged Home,Pneumonia,Not Admitted,20761,120,2.0,0,2491320
2013-2014,2013,Non-urgent,3,Discharged Home,Pneumonia,Not Admitted,2114,114,1.9,0,240996
2013-2014,2013,Unknown,3,Discharged Home,Pneumonia,Not Admitted,540,96,1.6,0,51840
2013-2014,2013,CTAS III - Urgent,3,Discharged Home,Trauma,Not Admitted,600510,132,2.2,0,79267320
2013-2014,2013,Less urgent,3,Discharged Home,Trauma,Not Admitted,881094,108,1.8,0,95158152
2013-2014,2013,Non-urgent,3,Discharged Home,Trauma,Not Admitted,91815,90,1.5,0,8263350
2013-2014,2013,Unknown,3,Discharged Home,Trauma,Not Admitted,12865,66,1.1,0,849090
2013-2014,2013,CTAS III - Urgent,3,Discharged Home,Unintentional Falls,Not Admitted,217669,150,2.5,0,32650350
2013-2014,2013,Less urgent,3,Discharged Home,Unintentional Falls,Not Admitted,247135,114,1.9,0,28173390
2013-2014,2013,Non-urgent,3,Discharged Home,Unintentional Falls,Not Admitted,18176,102,1.7,0,1853952
2013-2014,2013,Unknown,3,Discharged Home,Unintentional Falls,Not Admitted,3203,78,1.3,0,249834
2013-2014,2013,CTAS III - Urgent,3,Intra-Facility Transfer,Acute Myocardial Infarction,Not Admitted,15,246,4.1,0,3690
2013-2014,2013,Less urgent,3,Intra-Facility Transfer,Acute Myocardial Infarction,Not Admitted,0,891,14.85,0,0
2013-2014,2013,Non-urgent,3,Intra-Facility Transfer,Acute Myocardial Infarction,Not Admitted,0,246,4.1,0,0
2013-2014,2013,Unknown,3,Intra-Facility Transfer,Acute Myocardial Infarction,Not Admitted,0,0,0.0,0,0
2013-2014,2013,CTAS III - Urgent,3,Intra-Facility Transfer,Asthma,Not Admitted,30,207,3.45,0,6210
2013-2014,2013,Less urgent,3,Intra-Facility Transfer,Asthma,Not Admitted,0,0,0.0,0,0
2013-2014,2013,Non-urgent,3,Intra-Facility Transfer,Asthma,Not Admitted,0,75,1.25,0,0
2013-2014,2013,Unknown,3,Intra-Facility Transfer,Asthma,Not Admitted,0,0,0.0,0,0
2013-2014,2013,CTAS III - Urgent,3,Intra-Facility Transfer,Influenzal Pneumonia,Not Admitted,0,0,0.0,0,0
2013-2014,2013,Less urgent,3,Intra-Facility Transfer,Influenzal Pneumonia,Not Admitted,0,0,0.0,0,0
2013-2014,2013,Non-urgent,3,Intra-Facility Transfer,Influenzal Pneumonia,Not Admitted,0,0,0.0,0,0
2013-2014,2013,Unknown,3,Intra-Facility Transfer,Influenzal Pneumonia,Not Admitted,0,0,0.0,0,0
2013-2014,2013,CTAS III - Urgent,3,Intra-Facility Transfer,Motor Vehicle Collisions,Not Admitted,134,180,3.0,0,24120
2013-2014,2013,Less urgent,3,Intra-Facility Transfer,Motor Vehicle Collisions,Not Admitted,63,174,2.9,0,10962
2013-2014,2013,Non-urgent,3,Intra-Facility Transfer,Motor Vehicle Collisions,Not Admitted,14,183,3.05,0,2562
2013-2014,2013,Unknown,3,Intra-Facility Transfer,Motor Vehicle Collisions,Not Admitted,0,51,0.85,0,0
2013-2014,2013,CTAS III - Urgent,3,Intra-Facility Transfer,Pneumonia,Not Admitted,55,264,4.4,0,14520
2013-2014,2013,Less urgent,3,Intra-Facility Transfer,Pneumonia,Not Admitted,0,102,1.7,0,0
2013-2014,2013,Non-urgent,3,Intra-Facility Transfer,Pneumonia,Not Admitted,0,0,0.0,0,0
2013-2014,2013,Unknown,3,Intra-Facility Transfer,Pneumonia,Not Admitted,0,0,0.0,0,0
2013-2014,2013,CTAS III - Urgent,3,Intra-Facility Transfer,Trauma,Not Admitted,2059,204,3.4,0,420036
2013-2014,2013,Less urgent,3,Intra-Facility Transfer,Trauma,Not Admitted,1071,168,2.8,0,179928
2013-2014,2013,Non-urgent,3,Intra-Facility Transfer,Trauma,Not Admitted,167,126,2.1,0,21042
2013-2014,2013,Unknown,3,Intra-Facility Transfer,Trauma,Not Admitted,28,108,1.8,0,3024
2013-2014,2013,CTAS III - Urgent,3,Intra-Facility Transfer,Unintentional Falls,Not Admitted,596,222,3.7,0,132312
2013-2014,2013,Less urgent,3,Intra-Facility Transfer,Unintentional Falls,Not Admitted,321,174,2.9,0,55854
2013-2014,2013,Non-urgent,3,Intra-Facility Transfer,Unintentional Falls,Not Admitted,46,150,2.5,0,6900
2013-2014,2013,Unknown,3,Intra-Facility Transfer,Unintentional Falls,Not Admitted,12,198,3.3,0,2376
2013-2014,2013,CTAS III - Urgent,3,Not Seen Or Left,Acute Myocardial Infarction,Not Admitted,34,354,5.9,0,12036
2013-2014,2013,Less urgent,3,Not Seen Or Left,Acute Myocardial Infarction,Not Admitted,6,177,2.95,0,1062
2013-2014,2013,Non-urgent,3,Not Seen Or Left,Acute Myocardial Infarction,Not Admitted,0,0,0.0,0,0
2013-2014,2013,Unknown,3,Not Seen Or Left,Acute Myocardial Infarction,Not Admitted,0,0,0.0,0,0
2013-2014,2013,CTAS III - Urgent,3,Not Seen Or Left,Asthma,Not Admitted,396,126,2.1,0,49896
2013-2014,2013,Less urgent,3,Not Seen Or Left,Asthma,Not Admitted,154,108,1.8,0,16632
2013-2014,2013,Non-urgent,3,Not Seen Or Left,Asthma,Not Admitted,13,42,0.7,0,546
2013-2014,2013,Unknown,3,Not Seen Or Left,Asthma,Not Admitted,7,72,1.2,0,504
2013-2014,2013,CTAS III - Urgent,3,Not Seen Or Left,Influenzal Pneumonia,Not Admitted,7,222,3.7,0,1554
2013-2014,2013,Less urgent,3,Not Seen Or Left,Influenzal Pneumonia,Not Admitted,0,156,2.6,0,0
2013-2014,2013,Non-urgent,3,Not Seen Or Left,Influenzal Pneumonia,Not Admitted,0,45,0.75,0,0
2013-2014,2013,Unknown,3,Not Seen Or Left,Influenzal Pneumonia,Not Admitted,0,0,0.0,0,0
2013-2014,2013,CTAS III - Urgent,3,Not Seen Or Left,Motor Vehicle Collisions,Not Admitted,1467,138,2.3,0,202446
2013-2014,2013,Less urgent,3,Not Seen Or Left,Motor Vehicle Collisions,Not Admitted,1328,120,2.0,0,159360
2013-2014,2013,Non-urgent,3,Not Seen Or Left,Motor Vehicle Collisions,Not Admitted,126,90,1.5,0,11340
2013-2014,2013,Unknown,3,Not Seen Or Left,Motor Vehicle Collisions,Not Admitted,22,30,0.5,0,660
2013-2014,2013,CTAS III - Urgent,3,Not Seen Or Left,Pneumonia,Not Admitted,153,222,3.7,0,33966
2013-2014,2013,Less urgent,3,Not Seen Or Left,Pneumonia,Not Admitted,81,132,2.2,0,10692
2013-2014,2013,Non-urgent,3,Not Seen Or Left,Pneumonia,Not Admitted,9,69,1.15,0,621
2013-2014,2013,Unknown,3,Not Seen Or Left,Pneumonia,Not Admitted,9,54,0.9,0,486
2013-2014,2013,CTAS III - Urgent,3,Not Seen Or Left,Trauma,Not Admitted,16186,126,2.1,0,2039436
2013-2014,2013,Less urgent,3,Not Seen Or Left,Trauma,Not Admitted,25469,114,1.9,0,2903466
2013-2014,2013,Non-urgent,3,Not Seen Or Left,Trauma,Not Admitted,3506,90,1.5,0,315540
2013-2014,2013,Unknown,3,Not Seen Or Left,Trauma,Not Admitted,924,42,0.7,0,38808
2013-2014,2013,CTAS III - Urgent,3,Not Seen Or Left,Unintentional Falls,Not Admitted,4516,132,2.2,0,596112
2013-2014,2013,Less urgent,3,Not Seen Or Left,Unintentional Falls,Not Admitted,5802,114,1.9,0,661428
2013-2014,2013,Non-urgent,3,Not Seen Or Left,Unintentional Falls,Not Admitted,528,102,1.7,0,53856
2013-2014,2013,Unknown,3,Not Seen Or Left,Unintentional Falls,Not Admitted,115,36,0.6,0,4140
2013-2014,2013,CTAS III - Urgent,3,Transferred,Acute Myocardial Infarction,Not Admitted,958,204,3.4,0,195432
2013-2014,2013,Less urgent,3,Transferred,Acute Myocardial Infarction,Not Admitted,130,264,4.4,0,34320
2013-2014,2013,Non-urgent,3,Transferred,Acute Myocardial Infarction,Not Admitted,10,168,2.8,0,1680
2013-2014,2013,Unknown,3,Transferred,Acute Myocardial Infarction,Not Admitted,85,162,2.7,0,13770
2013-2014,2013,CTAS III - Urgent,3,Transferred,Asthma,Not Admitted,122,300,5.0,0,36600
2013-2014,2013,Less urgent,3,Transferred,Asthma,Not Admitted,17,318,5.3,0,5406
2013-2014,2013,Non-urgent,3,Transferred,Asthma,Not Admitted,0,474,7.9,0,0
2013-2014,2013,Unknown,3,Transferred,Asthma,Not Admitted,5,180,3.0,0,900
2013-2014,2013,CTAS III - Urgent,3,Transferred,Influenzal Pneumonia,Not Admitted,13,420,7.0,0,5460
2013-2014,2013,Less urgent,3,Transferred,Influenzal Pneumonia,Not Admitted,0,720,12.0,0,0
2013-2014,2013,Non-urgent,3,Transferred,Influenzal Pneumonia,Not Admitted,0,0,0.0,0,0
2013-2014,2013,Unknown,3,Transferred,Influenzal Pneumonia,Not Admitted,0,0,0.0,0,0
2013-2014,2013,CTAS III - Urgent,3,Transferred,Motor Vehicle Collisions,Not Admitted,1208,210,3.5,0,253680
2013-2014,2013,Less urgent,3,Transferred,Motor Vehicle Collisions,Not Admitted,220,198,3.3,0,43560
2013-2014,2013,Non-urgent,3,Transferred,Motor Vehicle Collisions,Not Admitted,20,282,4.7,0,5640
2013-2014,2013,Unknown,3,Transferred,Motor Vehicle Collisions,Not Admitted,112,126,2.1,0,14112
2013-2014,2013,CTAS III - Urgent,3,Transferred,Pneumonia,Not Admitted,808,288,4.8,0,232704
2013-2014,2013,Less urgent,3,Transferred,Pneumonia,Not Admitted,153,276,4.6,0,42228
2013-2014,2013,Non-urgent,3,Transferred,Pneumonia,Not Admitted,13,198,3.3,0,2574
2013-2014,2013,Unknown,3,Transferred,Pneumonia,Not Admitted,21,219,3.65,0,4599
2013-2014,2013,CTAS III - Urgent,3,Transferred,Trauma,Not Admitted,9208,222,3.7,0,2044176
2013-2014,2013,Less urgent,3,Transferred,Trauma,Not Admitted,2788,198,3.3,0,552024
2013-2014,2013,Non-urgent,3,Transferred,Trauma,Not Admitted,224,192,3.2,0,43008
2013-2014,2013,Unknown,3,Transferred,Trauma,Not Admitted,401,138,2.3,0,55338
2013-2014,2013,CTAS III - Urgent,3,Transferred,Unintentional Falls,Not Admitted,5133,252,4.2,0,1293516
2013-2014,2013,Less urgent,3,Transferred,Unintentional Falls,Not Admitted,1376,234,3.9,0,321984
2013-2014,2013,Non-urgent,3,Transferred,Unintentional Falls,Not Admitted,90,249,4.15,0,22410
2013-2014,2013,Unknown,3,Transferred,Unintentional Falls,Not Admitted,168,159,2.65,0,26712
2013-2014,2013,CTAS III - Urgent,3,Unknown,Acute Myocardial Infarction,Not Admitted,0,0,0.0,0,0
2013-2014,2013,Less urgent,3,Unknown,Acute Myocardial Infarction,Not Admitted,0,0,0.0,0,0
2013-2014,2013,Non-urgent,3,Unknown,Acute Myocardial Infarction,Not Admitted,0,0,0.0,0,0
2013-2014,2013,Unknown,3,Unknown,Acute Myocardial Infarction,Not Admitted,0,0,0.0,0,0
2013-2014,2013,CTAS III - Urgent,3,Unknown,Asthma,Not Admitted,0,0,0.0,0,0
2013-2014,2013,Less urgent,3,Unknown,Asthma,Not Admitted,0,0,0.0,0,0
2013-2014,2013,Non-urgent,3,Unknown,Asthma,Not Admitted,0,0,0.0,0,0
2013-2014,2013,Unknown,3,Unknown,Asthma,Not Admitted,0,0,0.0,0,0
2013-2014,2013,CTAS III - Urgent,3,Unknown,Influenzal Pneumonia,Not Admitted,0,0,0.0,0,0
2013-2014,2013,Less urgent,3,Unknown,Influenzal Pneumonia,Not Admitted,0,0,0.0,0,0
2013-2014,2013,Non-urgent,3,Unknown,Influenzal Pneumonia,Not Admitted,0,0,0.0,0,0
2013-2014,2013,Unknown,3,Unknown,Influenzal Pneumonia,Not Admitted,0,0,0.0,0,0
2013-2014,2013,CTAS III - Urgent,3,Unknown,Motor Vehicle Collisions,Not Admitted,0,0,0.0,0,0
2013-2014,2013,Less urgent,3,Unknown,Motor Vehicle Collisions,Not Admitted,0,0,0.0,0,0
2013-2014,2013,Non-urgent,3,Unknown,Motor Vehicle Collisions,Not Admitted,0,0,0.0,0,0
2013-2014,2013,Unknown,3,Unknown,Motor Vehicle Collisions,Not Admitted,0,0,0.0,0,0
2013-2014,2013,CTAS III - Urgent,3,Unknown,Pneumonia,Not Admitted,0,0,0.0,0,0
2013-2014,2013,Less urgent,3,Unknown,Pneumonia,Not Admitted,0,0,0.0,0,0
2013-2014,2013,Non-urgent,3,Unknown,Pneumonia,Not Admitted,0,0,0.0,0,0
2013-2014,2013,Unknown,3,Unknown,Pneumonia,Not Admitted,0,0,0.0,0,0
2013-2014,2013,CTAS III - Urgent,3,Unknown,Trauma,Not Admitted,0,0,0.0,0,0
2013-2014,2013,Less urgent,3,Unknown,Trauma,Not Admitted,0,0,0.0,0,0
2013-2014,2013,Non-urgent,3,Unknown,Trauma,Not Admitted,0,0,0.0,0,0
2013-2014,2013,Unknown,3,Unknown,Trauma,Not Admitted,0,0,0.0,0,0
2013-2014,2013,CTAS III - Urgent,3,Unknown,Unintentional Falls,Not Admitted,0,0,0.0,0,0
2013-2014,2013,Less urgent,3,Unknown,Unintentional Falls,Not Admitted,0,0,0.0,0,0
2013-2014,2013,Non-urgent,3,Unknown,Unintentional Falls,Not Admitted,0,0,0.0,0,0
2013-2014,2013,Unknown,3,Unknown,Unintentional Falls,Not Admitted,0,0,0.0,0,0
2012-2013,2012,CTAS I - Resuscitation,1,Admitted,Acute Myocardial Infarction,Admitted,1062,72,1.2,1,76464
2012-2013,2012,CTAS I - Resuscitation,1,Admitted,Asthma,Admitted,462,400,6.67,1,184800
2012-2013,2012,CTAS I - Resuscitation,1,Admitted,Influenzal Pneumonia,Admitted,0,338,5.63,1,0
2012-2013,2012,CTAS I - Resuscitation,1,Admitted,Motor Vehicle Collisions,Admitted,2057,256,4.27,1,526592
2012-2013,2012,CTAS I - Resuscitation,1,Admitted,Pneumonia,Admitted,1192,502,8.37,1,598384
2012-2013,2012,CTAS I - Resuscitation,1,Admitted,Trauma,Admitted,5122,253,4.22,1,1295866
2012-2013,2012,CTAS I - Resuscitation,1,Admitted,Unintentional Falls,Admitted,1252,300,5.0,1,375600
2012-2013,2012,CTAS I - Resuscitation,1,Death,Acute Myocardial Infarction,Not Admitted,460,27,0.45,0,12420
2012-2013,2012,CTAS I - Resuscitation,1,Death,Asthma,Not Admitted,0,34,0.57,0,0
2012-2013,2012,CTAS I - Resuscitation,1,Death,Influenzal Pneumonia,Not Admitted,0,0,0.0,0,0
2012-2013,2012,CTAS I - Resuscitation,1,Death,Motor Vehicle Collisions,Not Admitted,217,40,0.67,0,8680
2012-2013,2012,CTAS I - Resuscitation,1,Death,Pneumonia,Not Admitted,37,172,2.87,0,6364
2012-2013,2012,CTAS I - Resuscitation,1,Death,Trauma,Not Admitted,559,39,0.65,0,21801
2012-2013,2012,CTAS I - Resuscitation,1,Death,Unintentional Falls,Not Admitted,82,152,2.53,0,12464
2012-2013,2012,CTAS I - Resuscitation,1,Discharged Home,Acute Myocardial Infarction,Not Admitted,16,57,0.95,0,912
2012-2013,2012,CTAS I - Resuscitation,1,Discharged Home,Asthma,Not Admitted,359,222,3.7,0,79698
2012-2013,2012,CTAS I - Resuscitation,1,Discharged Home,Influenzal Pneumonia,Not Admitted,0,228,3.8,0,0
2012-2013,2012,CTAS I - Resuscitation,1,Discharged Home,Motor Vehicle Collisions,Not Admitted,481,260,4.33,0,125060
2012-2013,2012,CTAS I - Resuscitation,1,Discharged Home,Pneumonia,Not Admitted,146,236,3.93,0,34456
2012-2013,2012,CTAS I - Resuscitation,1,Discharged Home,Trauma,Not Admitted,2692,242,4.03,0,651464
2012-2013,2012,CTAS I - Resuscitation,1,Discharged Home,Unintentional Falls,Not Admitted,483,250,4.17,0,120750
2012-2013,2012,CTAS I - Resuscitation,1,Intra-Facility Transfer,Acute Myocardial Infarction,Not Admitted,43,24,0.4,0,1032
2012-2013,2012,CTAS I - Resuscitation,1,Intra-Facility Transfer,Asthma,Not Admitted,5,122,2.03,0,610
2012-2013,2012,CTAS I - Resuscitation,1,Intra-Facility Transfer,Influenzal Pneumonia,Not Admitted,0,0,0.0,0,0
2012-2013,2012,CTAS I - Resuscitation,1,Intra-Facility Transfer,Motor Vehicle Collisions,Not Admitted,10,221,3.68,0,2210
2012-2013,2012,CTAS I - Resuscitation,1,Intra-Facility Transfer,Pneumonia,Not Admitted,0,243,4.05,0,0
2012-2013,2012,CTAS I - Resuscitation,1,Intra-Facility Transfer,Trauma,Not Admitted,52,214,3.57,0,11128
2012-2013,2012,CTAS I - Resuscitation,1,Intra-Facility Transfer,Unintentional Falls,Not Admitted,6,858,14.3,0,5148
2012-2013,2012,CTAS I - Resuscitation,1,Not Seen Or Left,Acute Myocardial Infarction,Not Admitted,0,330,5.5,0,0
2012-2013,2012,CTAS I - Resuscitation,1,Not Seen Or Left,Asthma,Not Admitted,7,236,3.93,0,1652
2012-2013,2012,CTAS I - Resuscitation,1,Not Seen Or Left,Influenzal Pneumonia,Not Admitted,0,0,0.0,0,0
2012-2013,2012,CTAS I - Resuscitation,1,Not Seen Or Left,Motor Vehicle Collisions,Not Admitted,6,214,3.57,0,1284
2012-2013,2012,CTAS I - Resuscitation,1,Not Seen Or Left,Pneumonia,Not Admitted,0,141,2.35,0,0
2012-2013,2012,CTAS I - Resuscitation,1,Not Seen Or Left,Trauma,Not Admitted,53,211,3.52,0,11183
2012-2013,2012,CTAS I - Resuscitation,1,Not Seen Or Left,Unintentional Falls,Not Admitted,10,256,4.27,0,2560
2012-2013,2012,CTAS I - Resuscitation,1,Transferred,Acute Myocardial Infarction,Not Admitted,661,58,0.97,0,38338
2012-2013,2012,CTAS I - Resuscitation,1,Transferred,Asthma,Not Admitted,41,215,3.58,0,8815
2012-2013,2012,CTAS I - Resuscitation,1,Transferred,Influenzal Pneumonia,Not Admitted,0,2583,43.05,0,0
2012-2013,2012,CTAS I - Resuscitation,1,Transferred,Motor Vehicle Collisions,Not Admitted,529,125,2.08,0,66125
2012-2013,2012,CTAS I - Resuscitation,1,Transferred,Pneumonia,Not Admitted,68,224,3.73,0,15232
2012-2013,2012,CTAS I - Resuscitation,1,Transferred,Trauma,Not Admitted,1302,130,2.17,0,169260
2012-2013,2012,CTAS I - Resuscitation,1,Transferred,Unintentional Falls,Not Admitted,274,152,2.53,0,41648
2012-2013,2012,CTAS I - Resuscitation,1,Unknown,Acute Myocardial Infarction,Not Admitted,0,0,0.0,0,0
2012-2013,2012,CTAS I - Resuscitation,1,Unknown,Asthma,Not Admitted,0,0,0.0,0,0
2012-2013,2012,CTAS I - Resuscitation,1,Unknown,Influenzal Pneumonia,Not Admitted,0,0,0.0,0,0
2012-2013,2012,CTAS I - Resuscitation,1,Unknown,Motor Vehicle Collisions,Not Admitted,0,0,0.0,0,0
2012-2013,2012,CTAS I - Resuscitation,1,Unknown,Pneumonia,Not Admitted,0,0,0.0,0,0
2012-2013,2012,CTAS I - Resuscitation,1,Unknown,Trauma,Not Admitted,0,0,0.0,0,0
2012-2013,2012,CTAS I - Resuscitation,1,Unknown,Unintentional Falls,Not Admitted,0,0,0.0,0,0
2012-2013,2012,CTAS II - Emergent,2,Admitted,Acute Myocardial Infarction,Admitted,10352,493,8.22,1,5103536
2012-2013,2012,CTAS II - Emergent,2,Admitted,Asthma,Admitted,3461,480,8.0,1,1661280
2012-2013,2012,CTAS II - Emergent,2,Admitted,Influenzal Pneumonia,Admitted,77,724,12.07,1,55748
2012-2013,2012,CTAS II - Emergent,2,Admitted,Motor Vehicle Collisions,Admitted,4392,409,6.82,1,1796328
2012-2013,2012,CTAS II - Emergent,2,Admitted,Pneumonia,Admitted,15789,687,11.45,1,10847043
2012-2013,2012,CTAS II - Emergent,2,Admitted,Trauma,Admitted,22797,454,7.57,1,10349838
2012-2013,2012,CTAS II - Emergent,2,Admitted,Unintentional Falls,Admitted,12320,498,8.3,1,6135360
2012-2013,2012,CTAS II - Emergent,2,Death,Acute Myocardial Infarction,Not Admitted,103,142,2.37,0,14626
2012-2013,2012,CTAS II - Emergent,2,Death,Asthma,Not Admitted,0,0,0.0,0,0
2012-2013,2012,CTAS II - Emergent,2,Death,Influenzal Pneumonia,Not Admitted,0,794,13.23,0,0
2012-2013,2012,CTAS II - Emergent,2,Death,Motor Vehicle Collisions,Not Admitted,10,117,1.95,0,1170
2012-2013,2012,CTAS II - Emergent,2,Death,Pneumonia,Not Admitted,51,291,4.85,0,14841
2012-2013,2012,CTAS II - Emergent,2,Death,Trauma,Not Admitted,43,206,3.43,0,8858
2012-2013,2012,CTAS II - Emergent,2,Death,Unintentional Falls,Not Admitted,23,350,5.83,0,8050
2012-2013,2012,CTAS II - Emergent,2,Discharged Home,Acute Myocardial Infarction,Not Admitted,375,326,5.43,0,122250
2012-2013,2012,CTAS II - Emergent,2,Discharged Home,Asthma,Not Admitted,13645,195,3.25,0,2660775
2012-2013,2012,CTAS II - Emergent,2,Discharged Home,Influenzal Pneumonia,Not Admitted,73,218,3.63,0,15914
2012-2013,2012,CTAS II - Emergent,2,Discharged Home,Motor Vehicle Collisions,Not Admitted,22152,183,3.05,0,4053816
2012-2013,2012,CTAS II - Emergent,2,Discharged Home,Pneumonia,Not Admitted,12137,226,3.77,0,2742962
2012-2013,2012,CTAS II - Emergent,2,Discharged Home,Trauma,Not Admitted,124236,171,2.85,0,21244356
2012-2013,2012,CTAS II - Emergent,2,Discharged Home,Unintentional Falls,Not Admitted,37221,197,3.28,0,7332537
2012-2013,2012,CTAS II - Emergent,2,Intra-Facility Transfer,Acute Myocardial Infarction,Not Admitted,92,89,1.48,0,8188
2012-2013,2012,CTAS II - Emergent,2,Intra-Facility Transfer,Asthma,Not Admitted,83,166,2.77,0,13778
2012-2013,2012,CTAS II - Emergent,2,Intra-Facility Transfer,Influenzal Pneumonia,Not Admitted,0,0,0.0,0,0
2012-2013,2012,CTAS II - Emergent,2,Intra-Facility Transfer,Motor Vehicle Collisions,Not Admitted,63,186,3.1,0,11718
2012-2013,2012,CTAS II - Emergent,2,Intra-Facility Transfer,Pneumonia,Not Admitted,55,223,3.72,0,12265
2012-2013,2012,CTAS II - Emergent,2,Intra-Facility Transfer,Trauma,Not Admitted,838,220,3.67,0,184360
2012-2013,2012,CTAS II - Emergent,2,Intra-Facility Transfer,Unintentional Falls,Not Admitted,166,242,4.03,0,40172
2012-2013,2012,CTAS II - Emergent,2,Not Seen Or Left,Acute Myocardial Infarction,Not Admitted,56,330,5.5,0,18480
2012-2013,2012,CTAS II - Emergent,2,Not Seen Or Left,Asthma,Not Admitted,151,188,3.13,0,28388
2012-2013,2012,CTAS II - Emergent,2,Not Seen Or Left,Influenzal Pneumonia,Not Admitted,0,0,0.0,0,0
2012-2013,2012,CTAS II - Emergent,2,Not Seen Or Left,Motor Vehicle Collisions,Not Admitted,300,158,2.63,0,47400
2012-2013,2012,CTAS II - Emergent,2,Not Seen Or Left,Pneumonia,Not Admitted,72,296,4.93,0,21312
2012-2013,2012,CTAS II - Emergent,2,Not Seen Or Left,Trauma,Not Admitted,2473,135,2.25,0,333855
2012-2013,2012,CTAS II - Emergent,2,Not Seen Or Left,Unintentional Falls,Not Admitted,627,156,2.6,0,97812
2012-2013,2012,CTAS II - Emergent,2,Transferred,Acute Myocardial Infarction,Not Admitted,3513,114,1.9,0,400482
2012-2013,2012,CTAS II - Emergent,2,Transferred,Asthma,Not Admitted,347,277,4.62,0,96119
2012-2013,2012,CTAS II - Emergent,2,Transferred,Influenzal Pneumonia,Not Admitted,5,173,2.88,0,865
2012-2013,2012,CTAS II - Emergent,2,Transferred,Motor Vehicle Collisions,Not Admitted,1812,199,3.32,0,360588
2012-2013,2012,CTAS II - Emergent,2,Transferred,Pneumonia,Not Admitted,978,247,4.12,0,241566
2012-2013,2012,CTAS II - Emergent,2,Transferred,Trauma,Not Admitted,6660,191,3.18,0,1272060
2012-2013,2012,CTAS II - Emergent,2,Transferred,Unintentional Falls,Not Admitted,2428,224,3.73,0,543872
2012-2013,2012,CTAS II - Emergent,2,Unknown,Acute Myocardial Infarction,Not Admitted,0,0,0.0,0,0
2012-2013,2012,CTAS II - Emergent,2,Unknown,Asthma,Not Admitted,0,0,0.0,0,0
2012-2013,2012,CTAS II - Emergent,2,Unknown,Influenzal Pneumonia,Not Admitted,0,0,0.0,0,0
2012-2013,2012,CTAS II - Emergent,2,Unknown,Motor Vehicle Collisions,Not Admitted,0,0,0.0,0,0
2012-2013,2012,CTAS II - Emergent,2,Unknown,Pneumonia,Not Admitted,0,0,0.0,0,0
2012-2013,2012,CTAS II - Emergent,2,Unknown,Trauma,Not Admitted,0,0,0.0,0,0
2012-2013,2012,CTAS II - Emergent,2,Unknown,Unintentional Falls,Not Admitted,0,0,0.0,0,0
2012-2013,2012,CTAS III - Urgent,3,Admitted,Acute Myocardial Infarction,Admitted,4368,567,9.45,1,2476656
2012-2013,2012,Less urgent,3,Admitted,Acute Myocardial Infarction,Admitted,385,418,6.97,1,160930
2012-2013,2012,Non-urgent,3,Admitted,Acute Myocardial Infarction,Admitted,90,356,5.93,1,32040
2012-2013,2012,Unknown,3,Admitted,Acute Myocardial Infarction,Admitted,95,204,3.4,1,19380
2012-2013,2012,CTAS III - Urgent,3,Admitted,Asthma,Admitted,1778,523,8.72,1,929894
2012-2013,2012,Less urgent,3,Admitted,Asthma,Admitted,153,312,5.2,1,47736
2012-2013,2012,Non-urgent,3,Admitted,Asthma,Admitted,12,292,4.87,1,3504
2012-2013,2012,Unknown,3,Admitted,Asthma,Admitted,36,164,2.73,1,5904
2012-2013,2012,CTAS III - Urgent,3,Admitted,Influenzal Pneumonia,Admitted,80,912,15.2,1,72960
2012-2013,2012,Less urgent,3,Admitted,Influenzal Pneumonia,Admitted,11,395,6.58,1,4345
2012-2013,2012,Non-urgent,3,Admitted,Influenzal Pneumonia,Admitted,0,379,6.32,1,0
2012-2013,2012,Unknown,3,Admitted,Influenzal Pneumonia,Admitted,0,0,0.0,1,0
2012-2013,2012,CTAS III - Urgent,3,Admitted,Motor Vehicle Collisions,Admitted,2854,372,6.2,1,1061688
2012-2013,2012,Less urgent,3,Admitted,Motor Vehicle Collisions,Admitted,467,336,5.6,1,156912
2012-2013,2012,Non-urgent,3,Admitted,Motor Vehicle Collisions,Admitted,38,246,4.1,1,9348
2012-2013,2012,Unknown,3,Admitted,Motor Vehicle Collisions,Admitted,68,192,3.2,1,13056
2012-2013,2012,CTAS III - Urgent,3,Admitted,Pneumonia,Admitted,15514,634,10.57,1,9835876
2012-2013,2012,Less urgent,3,Admitted,Pneumonia,Admitted,1889,353,5.88,1,666817
2012-2013,2012,Non-urgent,3,Admitted,Pneumonia,Admitted,175,238,3.97,1,41650
2012-2013,2012,Unknown,3,Admitted,Pneumonia,Admitted,262,178,2.97,1,46636
2012-2013,2012,CTAS III - Urgent,3,Admitted,Trauma,Admitted,38076,458,7.63,1,17438808
2012-2013,2012,Less urgent,3,Admitted,Trauma,Admitted,7428,368,6.13,1,2733504
2012-2013,2012,Non-urgent,3,Admitted,Trauma,Admitted,513,260,4.33,1,133380
2012-2013,2012,Unknown,3,Admitted,Trauma,Admitted,461,180,3.0,1,82980
2012-2013,2012,CTAS III - Urgent,3,Admitted,Unintentional Falls,Admitted,27291,481,8.02,1,13126971
2012-2013,2012,Less urgent,3,Admitted,Unintentional Falls,Admitted,4762,391,6.52,1,1861942
2012-2013,2012,Non-urgent,3,Admitted,Unintentional Falls,Admitted,242,289,4.82,1,69938
2012-2013,2012,Unknown,3,Admitted,Unintentional Falls,Admitted,267,181,3.02,1,48327
2012-2013,2012,CTAS III - Urgent,3,Death,Acute Myocardial Infarction,Not Admitted,26,336,5.6,0,8736
2012-2013,2012,Less urgent,3,Death,Acute Myocardial Infarction,Not Admitted,0,574,9.57,0,0
2012-2013,2012,Non-urgent,3,Death,Acute Myocardial Infarction,Not Admitted,0,246,4.1,0,0
2012-2013,2012,Unknown,3,Death,Acute Myocardial Infarction,Not Admitted,9,10,0.17,0,90
2012-2013,2012,CTAS III - Urgent,3,Death,Asthma,Not Admitted,0,0,0.0,0,0
2012-2013,2012,Less urgent,3,Death,Asthma,Not Admitted,0,0,0.0,0,0
2012-2013,2012,Non-urgent,3,Death,Asthma,Not Admitted,0,0,0.0,0,0
2012-2013,2012,Unknown,3,Death,Asthma,Not Admitted,0,0,0.0,0,0
2012-2013,2012,CTAS III - Urgent,3,Death,Influenzal Pneumonia,Not Admitted,0,0,0.0,0,0
2012-2013,2012,Less urgent,3,Death,Influenzal Pneumonia,Not Admitted,0,0,0.0,0,0
2012-2013,2012,Non-urgent,3,Death,Influenzal Pneumonia,Not Admitted,0,0,0.0,0,0
2012-2013,2012,Unknown,3,Death,Influenzal Pneumonia,Not Admitted,0,0,0.0,0,0
2012-2013,2012,CTAS III - Urgent,3,Death,Motor Vehicle Collisions,Not Admitted,0,15,0.25,0,0
2012-2013,2012,Less urgent,3,Death,Motor Vehicle Collisions,Not Admitted,0,0,0.0,0,0
2012-2013,2012,Non-urgent,3,Death,Motor Vehicle Collisions,Not Admitted,0,75,1.25,0,0
2012-2013,2012,Unknown,3,Death,Motor Vehicle Collisions,Not Admitted,5,18,0.3,0,90
2012-2013,2012,CTAS III - Urgent,3,Death,Pneumonia,Not Admitted,17,368,6.13,0,6256
2012-2013,2012,Less urgent,3,Death,Pneumonia,Not Admitted,0,91,1.52,0,0
2012-2013,2012,Non-urgent,3,Death,Pneumonia,Not Admitted,0,0,0.0,0,0
2012-2013,2012,Unknown,3,Death,Pneumonia,Not Admitted,0,0,0.0,0,0
2012-2013,2012,CTAS III - Urgent,3,Death,Trauma,Not Admitted,26,236,3.93,0,6136
2012-2013,2012,Less urgent,3,Death,Trauma,Not Admitted,11,162,2.7,0,1782
2012-2013,2012,Non-urgent,3,Death,Trauma,Not Admitted,8,56,0.93,0,448
2012-2013,2012,Unknown,3,Death,Trauma,Not Admitted,9,23,0.38,0,207
2012-2013,2012,CTAS III - Urgent,3,Death,Unintentional Falls,Not Admitted,18,344,5.73,0,6192
2012-2013,2012,Less urgent,3,Death,Unintentional Falls,Not Admitted,0,162,2.7,0,0
2012-2013,2012,Non-urgent,3,Death,Unintentional Falls,Not Admitted,0,14,0.23,0,0
2012-2013,2012,Unknown,3,Death,Unintentional Falls,Not Admitted,0,0,0.0,0,0
2012-2013,2012,CTAS III - Urgent,3,Discharged Home,Acute Myocardial Infarction,Not Admitted,271,340,5.67,0,92140
2012-2013,2012,Less urgent,3,Discharged Home,Acute Myocardial Infarction,Not Admitted,43,245,4.08,0,10535
2012-2013,2012,Non-urgent,3,Discharged Home,Acute Myocardial Infarction,Not Admitted,10,109,1.82,0,1090
2012-2013,2012,Unknown,3,Discharged Home,Acute Myocardial Infarction,Not Admitted,9,112,1.87,0,1008
2012-2013,2012,CTAS III - Urgent,3,Discharged Home,Asthma,Not Admitted,31184,154,2.57,0,4802336
2012-2013,2012,Less urgent,3,Discharged Home,Asthma,Not Admitted,16001,103,1.72,0,1648103
2012-2013,2012,Non-urgent,3,Discharged Home,Asthma,Not Admitted,2363,76,1.27,0,179588
2012-2013,2012,Unknown,3,Discharged Home,Asthma,Not Admitted,621,75,1.25,0,46575
2012-2013,2012,CTAS III - Urgent,3,Discharged Home,Influenzal Pneumonia,Not Admitted,299,189,3.15,0,56511
2012-2013,2012,Less urgent,3,Discharged Home,Influenzal Pneumonia,Not Admitted,221,108,1.8,0,23868
2012-2013,2012,Non-urgent,3,Discharged Home,Influenzal Pneumonia,Not Admitted,26,61,1.02,0,1586
2012-2013,2012,Unknown,3,Discharged Home,Influenzal Pneumonia,Not Admitted,14,70,1.17,0,980
2012-2013,2012,CTAS III - Urgent,3,Discharged Home,Motor Vehicle Collisions,Not Admitted,62130,144,2.4,0,8946720
2012-2013,2012,Less urgent,3,Discharged Home,Motor Vehicle Collisions,Not Admitted,51671,114,1.9,0,5890494
2012-2013,2012,Non-urgent,3,Discharged Home,Motor Vehicle Collisions,Not Admitted,4031,91,1.52,0,366821
2012-2013,2012,Unknown,3,Discharged Home,Motor Vehicle Collisions,Not Admitted,1323,81,1.35,0,107163
2012-2013,2012,CTAS III - Urgent,3,Discharged Home,Pneumonia,Not Admitted,41032,181,3.02,0,7426792
2012-2013,2012,Less urgent,3,Discharged Home,Pneumonia,Not Admitted,23513,121,2.02,0,2845073
2012-2013,2012,Non-urgent,3,Discharged Home,Pneumonia,Not Admitted,2423,100,1.67,0,242300
2012-2013,2012,Unknown,3,Discharged Home,Pneumonia,Not Admitted,610,95,1.58,0,57950
2012-2013,2012,CTAS III - Urgent,3,Discharged Home,Trauma,Not Admitted,564474,135,2.25,0,76203990
2012-2013,2012,Less urgent,3,Discharged Home,Trauma,Not Admitted,886056,106,1.77,0,93921936
2012-2013,2012,Non-urgent,3,Discharged Home,Trauma,Not Admitted,92348,84,1.4,0,7757232
2012-2013,2012,Unknown,3,Discharged Home,Trauma,Not Admitted,16996,70,1.17,0,1189720
2012-2013,2012,CTAS III - Urgent,3,Discharged Home,Unintentional Falls,Not Admitted,196724,154,2.57,0,30295496
2012-2013,2012,Less urgent,3,Discharged Home,Unintentional Falls,Not Admitted,243220,115,1.92,0,27970300
2012-2013,2012,Non-urgent,3,Discharged Home,Unintentional Falls,Not Admitted,18448,93,1.55,0,1715664
2012-2013,2012,Unknown,3,Discharged Home,Unintentional Falls,Not Admitted,3594,76,1.27,0,273144
2012-2013,2012,CTAS III - Urgent,3,Intra-Facility Transfer,Acute Myocardial Infarction,Not Admitted,14,159,2.65,0,2226
2012-2013,2012,Less urgent,3,Intra-Facility Transfer,Acute Myocardial Infarction,Not Admitted,0,454,7.57,0,0
2012-2013,2012,Non-urgent,3,Intra-Facility Transfer,Acute Myocardial Infarction,Not Admitted,0,0,0.0,0,0
2012-2013,2012,Unknown,3,Intra-Facility Transfer,Acute Myocardial Infarction,Not Admitted,0,786,13.1,0,0
2012-2013,2012,CTAS III - Urgent,3,Intra-Facility Transfer,Asthma,Not Admitted,48,176,2.93,0,8448
2012-2013,2012,Less urgent,3,Intra-Facility Transfer,Asthma,Not Admitted,0,280,4.67,0,0
2012-2013,2012,Non-urgent,3,Intra-Facility Transfer,Asthma,Not Admitted,0,178,2.97,0,0
2012-2013,2012,Unknown,3,Intra-Facility Transfer,Asthma,Not Admitted,0,0,0.0,0,0
2012-2013,2012,CTAS III - Urgent,3,Intra-Facility Transfer,Influenzal Pneumonia,Not Admitted,0,585,9.75,0,0
2012-2013,2012,Less urgent,3,Intra-Facility Transfer,Influenzal Pneumonia,Not Admitted,0,0,0.0,0,0
2012-2013,2012,Non-urgent,3,Intra-Facility Transfer,Influenzal Pneumonia,Not Admitted,0,0,0.0,0,0
2012-2013,2012,Unknown,3,Intra-Facility Transfer,Influenzal Pneumonia,Not Admitted,0,0,0.0,0,0
2012-2013,2012,CTAS III - Urgent,3,Intra-Facility Transfer,Motor Vehicle Collisions,Not Admitted,103,198,3.3,0,20394
2012-2013,2012,Less urgent,3,Intra-Facility Transfer,Motor Vehicle Collisions,Not Admitted,59,134,2.23,0,7906
2012-2013,2012,Non-urgent,3,Intra-Facility Transfer,Motor Vehicle Collisions,Not Admitted,12,98,1.63,0,1176
2012-2013,2012,Unknown,3,Intra-Facility Transfer,Motor Vehicle Collisions,Not Admitted,0,134,2.23,0,0
2012-2013,2012,CTAS III - Urgent,3,Intra-Facility Transfer,Pneumonia,Not Admitted,42,200,3.33,0,8400
2012-2013,2012,Less urgent,3,Intra-Facility Transfer,Pneumonia,Not Admitted,8,166,2.77,0,1328
2012-2013,2012,Non-urgent,3,Intra-Facility Transfer,Pneumonia,Not Admitted,0,14,0.23,0,0
2012-2013,2012,Unknown,3,Intra-Facility Transfer,Pneumonia,Not Admitted,0,0,0.0,0,0
2012-2013,2012,CTAS III - Urgent,3,Intra-Facility Transfer,Trauma,Not Admitted,1862,198,3.3,0,368676
2012-2013,2012,Less urgent,3,Intra-Facility Transfer,Trauma,Not Admitted,1042,152,2.53,0,158384
2012-2013,2012,Non-urgent,3,Intra-Facility Transfer,Trauma,Not Admitted,184,92,1.53,0,16928
2012-2013,2012,Unknown,3,Intra-Facility Transfer,Trauma,Not Admitted,40,84,1.4,0,3360
2012-2013,2012,CTAS III - Urgent,3,Intra-Facility Transfer,Unintentional Falls,Not Admitted,522,210,3.5,0,109620
2012-2013,2012,Less urgent,3,Intra-Facility Transfer,Unintentional Falls,Not Admitted,325,143,2.38,0,46475
2012-2013,2012,Non-urgent,3,Intra-Facility Transfer,Unintentional Falls,Not Admitted,51,93,1.55,0,4743
2012-2013,2012,Unknown,3,Intra-Facility Transfer,Unintentional Falls,Not Admitted,16,88,1.47,0,1408
2012-2013,2012,CTAS III - Urgent,3,Not Seen Or Left,Acute Myocardial Infarction,Not Admitted,24,263,4.38,0,6312
2012-2013,2012,Less urgent,3,Not Seen Or Left,Acute Myocardial Infarction,Not Admitted,0,315,5.25,0,0
2012-2013,2012,Non-urgent,3,Not Seen Or Left,Acute Myocardial Infarction,Not Admitted,0,460,7.67,0,0
2012-2013,2012,Unknown,3,Not Seen Or Left,Acute Myocardial Infarction,Not Admitted,0,0,0.0,0,0
2012-2013,2012,CTAS III - Urgent,3,Not Seen Or Left,Asthma,Not Admitted,387,128,2.13,0,49536
2012-2013,2012,Less urgent,3,Not Seen Or Left,Asthma,Not Admitted,145,99,1.65,0,14355
2012-2013,2012,Non-urgent,3,Not Seen Or Left,Asthma,Not Admitted,25,115,1.92,0,2875
2012-2013,2012,Unknown,3,Not Seen Or Left,Asthma,Not Admitted,14,38,0.63,0,532
2012-2013,2012,CTAS III - Urgent,3,Not Seen Or Left,Influenzal Pneumonia,Not Admitted,0,126,2.1,0,0
2012-2013,2012,Less urgent,3,Not Seen Or Left,Influenzal Pneumonia,Not Admitted,0,194,3.23,0,0
2012-2013,2012,Non-urgent,3,Not Seen Or Left,Influenzal Pneumonia,Not Admitted,0,0,0.0,0,0
2012-2013,2012,Unknown,3,Not Seen Or Left,Influenzal Pneumonia,Not Admitted,0,0,0.0,0,0
2012-2013,2012,CTAS III - Urgent,3,Not Seen Or Left,Motor Vehicle Collisions,Not Admitted,1657,132,2.2,0,218724
2012-2013,2012,Less urgent,3,Not Seen Or Left,Motor Vehicle Collisions,Not Admitted,1507,121,2.02,0,182347
2012-2013,2012,Non-urgent,3,Not Seen Or Left,Motor Vehicle Collisions,Not Admitted,148,96,1.6,0,14208
2012-2013,2012,Unknown,3,Not Seen Or Left,Motor Vehicle Collisions,Not Admitted,24,46,0.77,0,1104
2012-2013,2012,CTAS III - Urgent,3,Not Seen Or Left,Pneumonia,Not Admitted,165,230,3.83,0,37950
2012-2013,2012,Less urgent,3,Not Seen Or Left,Pneumonia,Not Admitted,97,184,3.07,0,17848
2012-2013,2012,Non-urgent,3,Not Seen Or Left,Pneumonia,Not Admitted,7,85,1.42,0,595
2012-2013,2012,Unknown,3,Not Seen Or Left,Pneumonia,Not Admitted,7,37,0.62,0,259
2012-2013,2012,CTAS III - Urgent,3,Not Seen Or Left,Trauma,Not Admitted,16786,125,2.08,0,2098250
2012-2013,2012,Less urgent,3,Not Seen Or Left,Trauma,Not Admitted,27397,112,1.87,0,3068464
2012-2013,2012,Non-urgent,3,Not Seen Or Left,Trauma,Not Admitted,3452,89,1.48,0,307228
2012-2013,2012,Unknown,3,Not Seen Or Left,Trauma,Not Admitted,804,24,0.4,0,19296
2012-2013,2012,CTAS III - Urgent,3,Not Seen Or Left,Unintentional Falls,Not Admitted,4493,135,2.25,0,606555
2012-2013,2012,Less urgent,3,Not Seen Or Left,Unintentional Falls,Not Admitted,5940,113,1.88,0,671220
2012-2013,2012,Non-urgent,3,Not Seen Or Left,Unintentional Falls,Not Admitted,524,90,1.5,0,47160
2012-2013,2012,Unknown,3,Not Seen Or Left,Unintentional Falls,Not Admitted,87,40,0.67,0,3480
2012-2013,2012,CTAS III - Urgent,3,Transferred,Acute Myocardial Infarction,Not Admitted,1014,201,3.35,0,203814
2012-2013,2012,Less urgent,3,Transferred,Acute Myocardial Infarction,Not Admitted,112,255,4.25,0,28560
2012-2013,2012,Non-urgent,3,Transferred,Acute Myocardial Infarction,Not Admitted,9,172,2.87,0,1548
2012-2013,2012,Unknown,3,Transferred,Acute Myocardial Infarction,Not Admitted,74,136,2.27,0,10064
2012-2013,2012,CTAS III - Urgent,3,Transferred,Asthma,Not Admitted,198,296,4.93,0,58608
2012-2013,2012,Less urgent,3,Transferred,Asthma,Not Admitted,18,248,4.13,0,4464
2012-2013,2012,Non-urgent,3,Transferred,Asthma,Not Admitted,0,153,2.55,0,0
2012-2013,2012,Unknown,3,Transferred,Asthma,Not Admitted,0,102,1.7,0,0
2012-2013,2012,CTAS III - Urgent,3,Transferred,Influenzal Pneumonia,Not Admitted,6,202,3.37,0,1212
2012-2013,2012,Less urgent,3,Transferred,Influenzal Pneumonia,Not Admitted,0,274,4.57,0,0
2012-2013,2012,Non-urgent,3,Transferred,Influenzal Pneumonia,Not Admitted,0,0,0.0,0,0
2012-2013,2012,Unknown,3,Transferred,Influenzal Pneumonia,Not Admitted,0,0,0.0,0,0
2012-2013,2012,CTAS III - Urgent,3,Transferred,Motor Vehicle Collisions,Not Admitted,1384,205,3.42,0,283720
2012-2013,2012,Less urgent,3,Transferred,Motor Vehicle Collisions,Not Admitted,318,186,3.1,0,59148
2012-2013,2012,Non-urgent,3,Transferred,Motor Vehicle Collisions,Not Admitted,22,128,2.13,0,2816
2012-2013,2012,Unknown,3,Transferred,Motor Vehicle Collisions,Not Admitted,134,137,2.28,0,18358
2012-2013,2012,CTAS III - Urgent,3,Transferred,Pneumonia,Not Admitted,941,296,4.93,0,278536
2012-2013,2012,Less urgent,3,Transferred,Pneumonia,Not Admitted,196,305,5.08,0,59780
2012-2013,2012,Non-urgent,3,Transferred,Pneumonia,Not Admitted,17,168,2.8,0,2856
2012-2013,2012,Unknown,3,Transferred,Pneumonia,Not Admitted,11,189,3.15,0,2079
2012-2013,2012,CTAS III - Urgent,3,Transferred,Trauma,Not Admitted,9445,215,3.58,0,2030675
2012-2013,2012,Less urgent,3,Transferred,Trauma,Not Admitted,3068,191,3.18,0,585988
2012-2013,2012,Non-urgent,3,Transferred,Trauma,Not Admitted,211,159,2.65,0,33549
2012-2013,2012,Unknown,3,Transferred,Trauma,Not Admitted,404,132,2.2,0,53328
2012-2013,2012,CTAS III - Urgent,3,Transferred,Unintentional Falls,Not Admitted,5046,242,4.03,0,1221132
2012-2013,2012,Less urgent,3,Transferred,Unintentional Falls,Not Admitted,1503,225,3.75,0,338175
2012-2013,2012,Non-urgent,3,Transferred,Unintentional Falls,Not Admitted,85,160,2.67,0,13600
2012-2013,2012,Unknown,3,Transferred,Unintentional Falls,Not Admitted,143,161,2.68,0,23023
2012-2013,2012,CTAS III - Urgent,3,Unknown,Acute Myocardial Infarction,Not Admitted,0,0,0.0,0,0
2012-2013,2012,Less urgent,3,Unknown,Acute Myocardial Infarction,Not Admitted,0,0,0.0,0,0
2012-2013,2012,Non-urgent,3,Unknown,Acute Myocardial Infarction,Not Admitted,0,0,0.0,0,0
2012-2013,2012,Unknown,3,Unknown,Acute Myocardial Infarction,Not Admitted,0,0,0.0,0,0
2012-2013,2012,CTAS III - Urgent,3,Unknown,Asthma,Not Admitted,0,0,0.0,0,0
2012-2013,2012,Less urgent,3,Unknown,Asthma,Not Admitted,0,0,0.0,0,0
2012-2013,2012,Non-urgent,3,Unknown,Asthma,Not Admitted,0,0,0.0,0,0
2012-2013,2012,Unknown,3,Unknown,Asthma,Not Admitted,0,0,0.0,0,0
2012-2013,2012,CTAS III - Urgent,3,Unknown,Influenzal Pneumonia,Not Admitted,0,0,0.0,0,0
2012-2013,2012,Less urgent,3,Unknown,Influenzal Pneumonia,Not Admitted,0,0,0.0,0,0
2012-2013,2012,Non-urgent,3,Unknown,Influenzal Pneumonia,Not Admitted,0,0,0.0,0,0
2012-2013,2012,Unknown,3,Unknown,Influenzal Pneumonia,Not Admitted,0,0,0.0,0,0
2012-2013,2012,CTAS III - Urgent,3,Unknown,Motor Vehicle Collisions,Not Admitted,0,0,0.0,0,0
2012-2013,2012,Less urgent,3,Unknown,Motor Vehicle Collisions,Not Admitted,0,0,0.0,0,0
2012-2013,2012,Non-urgent,3,Unknown,Motor Vehicle Collisions,Not Admitted,0,0,0.0,0,0
2012-2013,2012,Unknown,3,Unknown,Motor Vehicle Collisions,Not Admitted,0,0,0.0,0,0
2012-2013,2012,CTAS III - Urgent,3,Unknown,Pneumonia,Not Admitted,0,0,0.0,0,0
2012-2013,2012,Less urgent,3,Unknown,Pneumonia,Not Admitted,0,0,0.0,0,0
2012-2013,2012,Non-urgent,3,Unknown,Pneumonia,Not Admitted,0,0,0.0,0,0
2012-2013,2012,Unknown,3,Unknown,Pneumonia,Not Admitted,0,0,0.0,0,0
2012-2013,2012,CTAS III - Urgent,3,Unknown,Trauma,Not Admitted,0,0,0.0,0,0
2012-2013,2012,Less urgent,3,Unknown,Trauma,Not Admitted,0,0,0.0,0,0
2012-2013,2012,Non-urgent,3,Unknown,Trauma,Not Admitted,0,0,0.0,0,0
2012-2013,2012,Unknown,3,Unknown,Trauma,Not Admitted,0,0,0.0,0,0
2012-2013,2012,CTAS III - Urgent,3,Unknown,Unintentional Falls,Not Admitted,0,0,0.0,0,0
2012-2013,2012,Less urgent,3,Unknown,Unintentional Falls,Not Admitted,0,0,0.0,0,0
2012-2013,2012,Non-urgent,3,Unknown,Unintentional Falls,Not Admitted,0,0,0.0,0,0
2012-2013,2012,Unknown,3,Unknown,Unintentional Falls,Not Admitted,0,0,0.0,0,0
2011-2012,2011,CTAS I - Resuscitation,1,Admitted,Acute Myocardial Infarction,Admitted,896,103,1.72,1,92288
2011-2012,2011,CTAS I - Resuscitation,1,Admitted,Asthma,Admitted,430,436,7.27,1,187480
2011-2012,2011,CTAS I - Resuscitation,1,Admitted,Influenzal Pneumonia,Admitted,0,563,9.38,1,0
2011-2012,2011,CTAS I - Resuscitation,1,Admitted,Motor Vehicle Collisions,Admitted,1970,253,4.22,1,498410
2011-2012,2011,CTAS I - Resuscitation,1,Admitted,Pneumonia,Admitted,1062,488,8.13,1,518256
2011-2012,2011,CTAS I - Resuscitation,1,Admitted,Trauma,Admitted,4882,253,4.22,1,1235146
2011-2012,2011,CTAS I - Resuscitation,1,Admitted,Unintentional Falls,Admitted,1209,306,5.1,1,369954
2011-2012,2011,CTAS I - Resuscitation,1,Death,Acute Myocardial Infarction,Not Admitted,519,29,0.48,0,15051
2011-2012,2011,CTAS I - Resuscitation,1,Death,Asthma,Not Admitted,0,23,0.38,0,0
2011-2012,2011,CTAS I - Resuscitation,1,Death,Influenzal Pneumonia,Not Admitted,0,0,0.0,0,0
2011-2012,2011,CTAS I - Resuscitation,1,Death,Motor Vehicle Collisions,Not Admitted,228,46,0.77,0,10488
2011-2012,2011,CTAS I - Resuscitation,1,Death,Pneumonia,Not Admitted,38,169,2.82,0,6422
2011-2012,2011,CTAS I - Resuscitation,1,Death,Trauma,Not Admitted,586,40,0.67,0,23440
2011-2012,2011,CTAS I - Resuscitation,1,Death,Unintentional Falls,Not Admitted,79,230,3.83,0,18170
2011-2012,2011,CTAS I - Resuscitation,1,Discharged Home,Acute Myocardial Infarction,Not Admitted,21,173,2.88,0,3633
2011-2012,2011,CTAS I - Resuscitation,1,Discharged Home,Asthma,Not Admitted,334,224,3.73,0,74816
2011-2012,2011,CTAS I - Resuscitation,1,Discharged Home,Influenzal Pneumonia,Not Admitted,0,0,0.0,0,0
2011-2012,2011,CTAS I - Resuscitation,1,Discharged Home,Motor Vehicle Collisions,Not Admitted,421,263,4.38,0,110723
2011-2012,2011,CTAS I - Resuscitation,1,Discharged Home,Pneumonia,Not Admitted,109,239,3.98,0,26051
2011-2012,2011,CTAS I - Resuscitation,1,Discharged Home,Trauma,Not Admitted,2418,243,4.05,0,587574
2011-2012,2011,CTAS I - Resuscitation,1,Discharged Home,Unintentional Falls,Not Admitted,404,261,4.35,0,105444
2011-2012,2011,CTAS I - Resuscitation,1,Intra-Facility Transfer,Acute Myocardial Infarction,Not Admitted,25,13,0.22,0,325
2011-2012,2011,CTAS I - Resuscitation,1,Intra-Facility Transfer,Asthma,Not Admitted,0,147,2.45,0,0
2011-2012,2011,CTAS I - Resuscitation,1,Intra-Facility Transfer,Influenzal Pneumonia,Not Admitted,0,0,0.0,0,0
2011-2012,2011,CTAS I - Resuscitation,1,Intra-Facility Transfer,Motor Vehicle Collisions,Not Admitted,8,272,4.53,0,2176
2011-2012,2011,CTAS I - Resuscitation,1,Intra-Facility Transfer,Pneumonia,Not Admitted,0,180,3.0,0,0
2011-2012,2011,CTAS I - Resuscitation,1,Intra-Facility Transfer,Trauma,Not Admitted,46,208,3.47,0,9568
2011-2012,2011,CTAS I - Resuscitation,1,Intra-Facility Transfer,Unintentional Falls,Not Admitted,0,154,2.57,0,0
2011-2012,2011,CTAS I - Resuscitation,1,Not Seen Or Left,Acute Myocardial Infarction,Not Admitted,0,404,6.73,0,0
2011-2012,2011,CTAS I - Resuscitation,1,Not Seen Or Left,Asthma,Not Admitted,6,170,2.83,0,1020
2011-2012,2011,CTAS I - Resuscitation,1,Not Seen Or Left,Influenzal Pneumonia,Not Admitted,0,0,0.0,0,0
2011-2012,2011,CTAS I - Resuscitation,1,Not Seen Or Left,Motor Vehicle Collisions,Not Admitted,5,320,5.33,0,1600
2011-2012,2011,CTAS I - Resuscitation,1,Not Seen Or Left,Pneumonia,Not Admitted,0,0,0.0,0,0
2011-2012,2011,CTAS I - Resuscitation,1,Not Seen Or Left,Trauma,Not Admitted,43,274,4.57,0,11782
2011-2012,2011,CTAS I - Resuscitation,1,Not Seen Or Left,Unintentional Falls,Not Admitted,0,301,5.02,0,0
2011-2012,2011,CTAS I - Resuscitation,1,Transferred,Acute Myocardial Infarction,Not Admitted,612,74,1.23,0,45288
2011-2012,2011,CTAS I - Resuscitation,1,Transferred,Asthma,Not Admitted,48,198,3.3,0,9504
2011-2012,2011,CTAS I - Resuscitation,1,Transferred,Influenzal Pneumonia,Not Admitted,0,0,0.0,0,0
2011-2012,2011,CTAS I - Resuscitation,1,Transferred,Motor Vehicle Collisions,Not Admitted,498,126,2.1,0,62748
2011-2012,2011,CTAS I - Resuscitation,1,Transferred,Pneumonia,Not Admitted,62,241,4.02,0,14942
2011-2012,2011,CTAS I - Resuscitation,1,Transferred,Trauma,Not Admitted,1219,136,2.27,0,165784
2011-2012,2011,CTAS I - Resuscitation,1,Transferred,Unintentional Falls,Not Admitted,255,177,2.95,0,45135
2011-2012,2011,CTAS I - Resuscitation,1,Unknown,Acute Myocardial Infarction,Not Admitted,0,0,0.0,0,0
2011-2012,2011,CTAS I - Resuscitation,1,Unknown,Asthma,Not Admitted,0,0,0.0,0,0
2011-2012,2011,CTAS I - Resuscitation,1,Unknown,Influenzal Pneumonia,Not Admitted,0,0,0.0,0,0
2011-2012,2011,CTAS I - Resuscitation,1,Unknown,Motor Vehicle Collisions,Not Admitted,0,0,0.0,0,0
2011-2012,2011,CTAS I - Resuscitation,1,Unknown,Pneumonia,Not Admitted,0,0,0.0,0,0
2011-2012,2011,CTAS I - Resuscitation,1,Unknown,Trauma,Not Admitted,0,0,0.0,0,0
2011-2012,2011,CTAS I - Resuscitation,1,Unknown,Unintentional Falls,Not Admitted,0,0,0.0,0,0
2011-2012,2011,CTAS II - Emergent,2,Admitted,Acute Myocardial Infarction,Admitted,9805,482,8.03,1,4726010
2011-2012,2011,CTAS II - Emergent,2,Admitted,Asthma,Admitted,3176,498,8.3,1,1581648
2011-2012,2011,CTAS II - Emergent,2,Admitted,Influenzal Pneumonia,Admitted,12,544,9.07,1,6528
2011-2012,2011,CTAS II - Emergent,2,Admitted,Motor Vehicle Collisions,Admitted,4471,408,6.8,1,1824168
2011-2012,2011,CTAS II - Emergent,2,Admitted,Pneumonia,Admitted,14562,676,11.27,1,9843912
2011-2012,2011,CTAS II - Emergent,2,Admitted,Trauma,Admitted,21553,456,7.6,1,9828168
2011-2012,2011,CTAS II - Emergent,2,Admitted,Unintentional Falls,Admitted,11145,509,8.48,1,5672805
2011-2012,2011,CTAS II - Emergent,2,Death,Acute Myocardial Infarction,Not Admitted,107,150,2.5,0,16050
2011-2012,2011,CTAS II - Emergent,2,Death,Asthma,Not Admitted,0,0,0.0,0,0
2011-2012,2011,CTAS II - Emergent,2,Death,Influenzal Pneumonia,Not Admitted,0,117,1.95,0,0
2011-2012,2011,CTAS II - Emergent,2,Death,Motor Vehicle Collisions,Not Admitted,8,187,3.12,0,1496
2011-2012,2011,CTAS II - Emergent,2,Death,Pneumonia,Not Admitted,45,274,4.57,0,12330
2011-2012,2011,CTAS II - Emergent,2,Death,Trauma,Not Admitted,45,262,4.37,0,11790
2011-2012,2011,CTAS II - Emergent,2,Death,Unintentional Falls,Not Admitted,25,319,5.32,0,7975
2011-2012,2011,CTAS II - Emergent,2,Discharged Home,Acute Myocardial Infarction,Not Admitted,375,342,5.7,0,128250
2011-2012,2011,CTAS II - Emergent,2,Discharged Home,Asthma,Not Admitted,12985,192,3.2,0,2493120
2011-2012,2011,CTAS II - Emergent,2,Discharged Home,Influenzal Pneumonia,Not Admitted,31,243,4.05,0,7533
2011-2012,2011,CTAS II - Emergent,2,Discharged Home,Motor Vehicle Collisions,Not Admitted,21188,184,3.07,0,3898592
2011-2012,2011,CTAS II - Emergent,2,Discharged Home,Pneumonia,Not Admitted,11866,225,3.75,0,2669850
2011-2012,2011,CTAS II - Emergent,2,Discharged Home,Trauma,Not Admitted,116786,170,2.83,0,19853620
2011-2012,2011,CTAS II - Emergent,2,Discharged Home,Unintentional Falls,Not Admitted,33973,198,3.3,0,6726654
2011-2012,2011,CTAS II - Emergent,2,Intra-Facility Transfer,Acute Myocardial Infarction,Not Admitted,97,59,0.98,0,5723
2011-2012,2011,CTAS II - Emergent,2,Intra-Facility Transfer,Asthma,Not Admitted,66,179,2.98,0,11814
2011-2012,2011,CTAS II - Emergent,2,Intra-Facility Transfer,Influenzal Pneumonia,Not Admitted,0,0,0.0,0,0
2011-2012,2011,CTAS II - Emergent,2,Intra-Facility Transfer,Motor Vehicle Collisions,Not Admitted,50,206,3.43,0,10300
2011-2012,2011,CTAS II - Emergent,2,Intra-Facility Transfer,Pneumonia,Not Admitted,53,220,3.67,0,11660
2011-2012,2011,CTAS II - Emergent,2,Intra-Facility Transfer,Trauma,Not Admitted,759,206,3.43,0,156354
2011-2012,2011,CTAS II - Emergent,2,Intra-Facility Transfer,Unintentional Falls,Not Admitted,135,244,4.07,0,32940
2011-2012,2011,CTAS II - Emergent,2,Not Seen Or Left,Acute Myocardial Infarction,Not Admitted,51,345,5.75,0,17595
2011-2012,2011,CTAS II - Emergent,2,Not Seen Or Left,Asthma,Not Admitted,144,160,2.67,0,23040
2011-2012,2011,CTAS II - Emergent,2,Not Seen Or Left,Influenzal Pneumonia,Not Admitted,0,0,0.0,0,0
2011-2012,2011,CTAS II - Emergent,2,Not Seen Or Left,Motor Vehicle Collisions,Not Admitted,316,152,2.53,0,48032
2011-2012,2011,CTAS II - Emergent,2,Not Seen Or Left,Pneumonia,Not Admitted,80,289,4.82,0,23120
2011-2012,2011,CTAS II - Emergent,2,Not Seen Or Left,Trauma,Not Admitted,2389,136,2.27,0,324904
2011-2012,2011,CTAS II - Emergent,2,Not Seen Or Left,Unintentional Falls,Not Admitted,587,160,2.67,0,93920
2011-2012,2011,CTAS II - Emergent,2,Transferred,Acute Myocardial Infarction,Not Admitted,3336,116,1.93,0,386976
2011-2012,2011,CTAS II - Emergent,2,Transferred,Asthma,Not Admitted,318,256,4.27,0,81408
2011-2012,2011,CTAS II - Emergent,2,Transferred,Influenzal Pneumonia,Not Admitted,0,227,3.78,0,0
2011-2012,2011,CTAS II - Emergent,2,Transferred,Motor Vehicle Collisions,Not Admitted,1777,200,3.33,0,355400
2011-2012,2011,CTAS II - Emergent,2,Transferred,Pneumonia,Not Admitted,949,244,4.07,0,231556
2011-2012,2011,CTAS II - Emergent,2,Transferred,Trauma,Not Admitted,6325,194,3.23,0,1227050
2011-2012,2011,CTAS II - Emergent,2,Transferred,Unintentional Falls,Not Admitted,2239,223,3.72,0,499297
2011-2012,2011,CTAS II - Emergent,2,Unknown,Acute Myocardial Infarction,Not Admitted,0,0,0.0,0,0
2011-2012,2011,CTAS II - Emergent,2,Unknown,Asthma,Not Admitted,0,0,0.0,0,0
2011-2012,2011,CTAS II - Emergent,2,Unknown,Influenzal Pneumonia,Not Admitted,0,0,0.0,0,0
2011-2012,2011,CTAS II - Emergent,2,Unknown,Motor Vehicle Collisions,Not Admitted,0,0,0.0,0,0
2011-2012,2011,CTAS II - Emergent,2,Unknown,Pneumonia,Not Admitted,0,0,0.0,0,0
2011-2012,2011,CTAS II - Emergent,2,Unknown,Trauma,Not Admitted,0,0,0.0,0,0
2011-2012,2011,CTAS II - Emergent,2,Unknown,Unintentional Falls,Not Admitted,0,0,0.0,0,0
2011-2012,2011,CTAS III - Urgent,3,Admitted,Acute Myocardial Infarction,Admitted,3980,534,8.9,1,2125320
2011-2012,2011,Less urgent,3,Admitted,Acute Myocardial Infarction,Admitted,399,420,7.0,1,167580
2011-2012,2011,Non-urgent,3,Admitted,Acute Myocardial Infarction,Admitted,48,297,4.95,1,14256
2011-2012,2011,Unknown,3,Admitted,Acute Myocardial Infarction,Admitted,76,192,3.2,1,14592
2011-2012,2011,CTAS III - Urgent,3,Admitted,Asthma,Admitted,1692,511,8.52,1,864612
2011-2012,2011,Less urgent,3,Admitted,Asthma,Admitted,161,305,5.08,1,49105
2011-2012,2011,Non-urgent,3,Admitted,Asthma,Admitted,20,202,3.37,1,4040
2011-2012,2011,Unknown,3,Admitted,Asthma,Admitted,24,110,1.83,1,2640
2011-2012,2011,CTAS III - Urgent,3,Admitted,Influenzal Pneumonia,Admitted,11,523,8.72,1,5753
2011-2012,2011,Less urgent,3,Admitted,Influenzal Pneumonia,Admitted,0,1182,19.7,1,0
2011-2012,2011,Non-urgent,3,Admitted,Influenzal Pneumonia,Admitted,0,0,0.0,1,0
2011-2012,2011,Unknown,3,Admitted,Influenzal Pneumonia,Admitted,0,0,0.0,1,0
2011-2012,2011,CTAS III - Urgent,3,Admitted,Motor Vehicle Collisions,Admitted,2776,384,6.4,1,1065984
2011-2012,2011,Less urgent,3,Admitted,Motor Vehicle Collisions,Admitted,524,312,5.2,1,163488
2011-2012,2011,Non-urgent,3,Admitted,Motor Vehicle Collisions,Admitted,41,183,3.05,1,7503
2011-2012,2011,Unknown,3,Admitted,Motor Vehicle Collisions,Admitted,76,178,2.97,1,13528
2011-2012,2011,CTAS III - Urgent,3,Admitted,Pneumonia,Admitted,14664,601,10.02,1,8813064
2011-2012,2011,Less urgent,3,Admitted,Pneumonia,Admitted,1832,313,5.22,1,573416
2011-2012,2011,Non-urgent,3,Admitted,Pneumonia,Admitted,176,238,3.97,1,41888
2011-2012,2011,Unknown,3,Admitted,Pneumonia,Admitted,254,160,2.67,1,40640
2011-2012,2011,CTAS III - Urgent,3,Admitted,Trauma,Admitted,35873,457,7.62,1,16393961
2011-2012,2011,Less urgent,3,Admitted,Trauma,Admitted,7513,370,6.17,1,2779810
2011-2012,2011,Non-urgent,3,Admitted,Trauma,Admitted,579,246,4.1,1,142434
2011-2012,2011,Unknown,3,Admitted,Trauma,Admitted,465,163,2.72,1,75795
2011-2012,2011,CTAS III - Urgent,3,Admitted,Unintentional Falls,Admitted,25348,484,8.07,1,12268432
2011-2012,2011,Less urgent,3,Admitted,Unintentional Falls,Admitted,4759,396,6.6,1,1884564
2011-2012,2011,Non-urgent,3,Admitted,Unintentional Falls,Admitted,261,263,4.38,1,68643
2011-2012,2011,Unknown,3,Admitted,Unintentional Falls,Admitted,269,163,2.72,1,43847
2011-2012,2011,CTAS III - Urgent,3,Death,Acute Myocardial Infarction,Not Admitted,34,214,3.57,0,7276
2011-2012,2011,Less urgent,3,Death,Acute Myocardial Infarction,Not Admitted,0,1173,19.55,0,0
2011-2012,2011,Non-urgent,3,Death,Acute Myocardial Infarction,Not Admitted,0,54,0.9,0,0
2011-2012,2011,Unknown,3,Death,Acute Myocardial Infarction,Not Admitted,11,14,0.23,0,154
2011-2012,2011,CTAS III - Urgent,3,Death,Asthma,Not Admitted,0,0,0.0,0,0
2011-2012,2011,Less urgent,3,Death,Asthma,Not Admitted,0,0,0.0,0,0
2011-2012,2011,Non-urgent,3,Death,Asthma,Not Admitted,0,0,0.0,0,0
2011-2012,2011,Unknown,3,Death,Asthma,Not Admitted,0,0,0.0,0,0
2011-2012,2011,CTAS III - Urgent,3,Death,Influenzal Pneumonia,Not Admitted,0,0,0.0,0,0
2011-2012,2011,Less urgent,3,Death,Influenzal Pneumonia,Not Admitted,0,0,0.0,0,0
2011-2012,2011,Non-urgent,3,Death,Influenzal Pneumonia,Not Admitted,0,0,0.0,0,0
2011-2012,2011,Unknown,3,Death,Influenzal Pneumonia,Not Admitted,0,0,0.0,0,0
2011-2012,2011,CTAS III - Urgent,3,Death,Motor Vehicle Collisions,Not Admitted,0,0,0.0,0,0
2011-2012,2011,Less urgent,3,Death,Motor Vehicle Collisions,Not Admitted,0,0,0.0,0,0
2011-2012,2011,Non-urgent,3,Death,Motor Vehicle Collisions,Not Admitted,0,232,3.87,0,0
2011-2012,2011,Unknown,3,Death,Motor Vehicle Collisions,Not Admitted,0,38,0.63,0,0
2011-2012,2011,CTAS III - Urgent,3,Death,Pneumonia,Not Admitted,16,385,6.42,0,6160
2011-2012,2011,Less urgent,3,Death,Pneumonia,Not Admitted,0,125,2.08,0,0
2011-2012,2011,Non-urgent,3,Death,Pneumonia,Not Admitted,0,39,0.65,0,0
2011-2012,2011,Unknown,3,Death,Pneumonia,Not Admitted,0,0,0.0,0,0
2011-2012,2011,CTAS III - Urgent,3,Death,Trauma,Not Admitted,12,254,4.23,0,3048
2011-2012,2011,Less urgent,3,Death,Trauma,Not Admitted,7,45,0.75,0,315
2011-2012,2011,Non-urgent,3,Death,Trauma,Not Admitted,9,71,1.18,0,639
2011-2012,2011,Unknown,3,Death,Trauma,Not Admitted,11,34,0.57,0,374
2011-2012,2011,CTAS III - Urgent,3,Death,Unintentional Falls,Not Admitted,8,246,4.1,0,1968
2011-2012,2011,Less urgent,3,Death,Unintentional Falls,Not Admitted,0,223,3.72,0,0
2011-2012,2011,Non-urgent,3,Death,Unintentional Falls,Not Admitted,0,0,0.0,0,0
2011-2012,2011,Unknown,3,Death,Unintentional Falls,Not Admitted,0,102,1.7,0,0
2011-2012,2011,CTAS III - Urgent,3,Discharged Home,Acute Myocardial Infarction,Not Admitted,212,394,6.57,0,83528
2011-2012,2011,Less urgent,3,Discharged Home,Acute Myocardial Infarction,Not Admitted,32,286,4.77,0,9152
2011-2012,2011,Non-urgent,3,Discharged Home,Acute Myocardial Infarction,Not Admitted,8,158,2.63,0,1264
2011-2012,2011,Unknown,3,Discharged Home,Acute Myocardial Infarction,Not Admitted,21,77,1.28,0,1617
2011-2012,2011,CTAS III - Urgent,3,Discharged Home,Asthma,Not Admitted,30619,153,2.55,0,4684707
2011-2012,2011,Less urgent,3,Discharged Home,Asthma,Not Admitted,16287,103,1.72,0,1677561
2011-2012,2011,Non-urgent,3,Discharged Home,Asthma,Not Admitted,2450,73,1.22,0,178850
2011-2012,2011,Unknown,3,Discharged Home,Asthma,Not Admitted,780,69,1.15,0,53820
2011-2012,2011,CTAS III - Urgent,3,Discharged Home,Influenzal Pneumonia,Not Admitted,126,164,2.73,0,20664
2011-2012,2011,Less urgent,3,Discharged Home,Influenzal Pneumonia,Not Admitted,62,124,2.07,0,7688
2011-2012,2011,Non-urgent,3,Discharged Home,Influenzal Pneumonia,Not Admitted,9,66,1.1,0,594
2011-2012,2011,Unknown,3,Discharged Home,Influenzal Pneumonia,Not Admitted,0,50,0.83,0,0
2011-2012,2011,CTAS III - Urgent,3,Discharged Home,Motor Vehicle Collisions,Not Admitted,59660,146,2.43,0,8710360
2011-2012,2011,Less urgent,3,Discharged Home,Motor Vehicle Collisions,Not Admitted,53745,115,1.92,0,6180675
2011-2012,2011,Non-urgent,3,Discharged Home,Motor Vehicle Collisions,Not Admitted,4354,90,1.5,0,391860
2011-2012,2011,Unknown,3,Discharged Home,Motor Vehicle Collisions,Not Admitted,1322,81,1.35,0,107082
2011-2012,2011,CTAS III - Urgent,3,Discharged Home,Pneumonia,Not Admitted,41237,181,3.02,0,7463897
2011-2012,2011,Less urgent,3,Discharged Home,Pneumonia,Not Admitted,25175,123,2.05,0,3096525
2011-2012,2011,Non-urgent,3,Discharged Home,Pneumonia,Not Admitted,2536,97,1.62,0,245992
2011-2012,2011,Unknown,3,Discharged Home,Pneumonia,Not Admitted,771,95,1.58,0,73245
2011-2012,2011,CTAS III - Urgent,3,Discharged Home,Trauma,Not Admitted,533192,137,2.28,0,73047304
2011-2012,2011,Less urgent,3,Discharged Home,Trauma,Not Admitted,897291,108,1.8,0,96907428
2011-2012,2011,Non-urgent,3,Discharged Home,Trauma,Not Admitted,96422,83,1.38,0,8003026
2011-2012,2011,Unknown,3,Discharged Home,Trauma,Not Admitted,19238,69,1.15,0,1327422
2011-2012,2011,CTAS III - Urgent,3,Discharged Home,Unintentional Falls,Not Admitted,183346,156,2.6,0,28601976
2011-2012,2011,Less urgent,3,Discharged Home,Unintentional Falls,Not Admitted,244412,118,1.97,0,28840616
2011-2012,2011,Non-urgent,3,Discharged Home,Unintentional Falls,Not Admitted,19227,92,1.53,0,1768884
2011-2012,2011,Unknown,3,Discharged Home,Unintentional Falls,Not Admitted,3747,74,1.23,0,277278
2011-2012,2011,CTAS III - Urgent,3,Intra-Facility Transfer,Acute Myocardial Infarction,Not Admitted,10,226,3.77,0,2260
2011-2012,2011,Less urgent,3,Intra-Facility Transfer,Acute Myocardial Infarction,Not Admitted,0,101,1.68,0,0
2011-2012,2011,Non-urgent,3,Intra-Facility Transfer,Acute Myocardial Infarction,Not Admitted,0,6,0.1,0,0
2011-2012,2011,Unknown,3,Intra-Facility Transfer,Acute Myocardial Infarction,Not Admitted,0,0,0.0,0,0
2011-2012,2011,CTAS III - Urgent,3,Intra-Facility Transfer,Asthma,Not Admitted,39,156,2.6,0,6084
2011-2012,2011,Less urgent,3,Intra-Facility Transfer,Asthma,Not Admitted,0,76,1.27,0,0
2011-2012,2011,Non-urgent,3,Intra-Facility Transfer,Asthma,Not Admitted,0,0,0.0,0,0
2011-2012,2011,Unknown,3,Intra-Facility Transfer,Asthma,Not Admitted,0,0,0.0,0,0
2011-2012,2011,CTAS III - Urgent,3,Intra-Facility Transfer,Influenzal Pneumonia,Not Admitted,0,0,0.0,0,0
2011-2012,2011,Less urgent,3,Intra-Facility Transfer,Influenzal Pneumonia,Not Admitted,0,0,0.0,0,0
2011-2012,2011,Non-urgent,3,Intra-Facility Transfer,Influenzal Pneumonia,Not Admitted,0,0,0.0,0,0
2011-2012,2011,Unknown,3,Intra-Facility Transfer,Influenzal Pneumonia,Not Admitted,0,0,0.0,0,0
2011-2012,2011,CTAS III - Urgent,3,Intra-Facility Transfer,Motor Vehicle Collisions,Not Admitted,95,194,3.23,0,18430
2011-2012,2011,Less urgent,3,Intra-Facility Transfer,Motor Vehicle Collisions,Not Admitted,65,134,2.23,0,8710
2011-2012,2011,Non-urgent,3,Intra-Facility Transfer,Motor Vehicle Collisions,Not Admitted,9,80,1.33,0,720
2011-2012,2011,Unknown,3,Intra-Facility Transfer,Motor Vehicle Collisions,Not Admitted,6,150,2.5,0,900
2011-2012,2011,CTAS III - Urgent,3,Intra-Facility Transfer,Pneumonia,Not Admitted,54,265,4.42,0,14310
2011-2012,2011,Less urgent,3,Intra-Facility Transfer,Pneumonia,Not Admitted,6,604,10.07,0,3624
2011-2012,2011,Non-urgent,3,Intra-Facility Transfer,Pneumonia,Not Admitted,0,51,0.85,0,0
2011-2012,2011,Unknown,3,Intra-Facility Transfer,Pneumonia,Not Admitted,0,0,0.0,0,0
2011-2012,2011,CTAS III - Urgent,3,Intra-Facility Transfer,Trauma,Not Admitted,1817,209,3.48,0,379753
2011-2012,2011,Less urgent,3,Intra-Facility Transfer,Trauma,Not Admitted,1056,153,2.55,0,161568
2011-2012,2011,Non-urgent,3,Intra-Facility Transfer,Trauma,Not Admitted,226,106,1.77,0,23956
2011-2012,2011,Unknown,3,Intra-Facility Transfer,Trauma,Not Admitted,44,93,1.55,0,4092
2011-2012,2011,CTAS III - Urgent,3,Intra-Facility Transfer,Unintentional Falls,Not Admitted,510,222,3.7,0,113220
2011-2012,2011,Less urgent,3,Intra-Facility Transfer,Unintentional Falls,Not Admitted,321,164,2.73,0,52644
2011-2012,2011,Non-urgent,3,Intra-Facility Transfer,Unintentional Falls,Not Admitted,69,110,1.83,0,7590
2011-2012,2011,Unknown,3,Intra-Facility Transfer,Unintentional Falls,Not Admitted,11,65,1.08,0,715
2011-2012,2011,CTAS III - Urgent,3,Not Seen Or Left,Acute Myocardial Infarction,Not Admitted,34,370,6.17,0,12580
2011-2012,2011,Less urgent,3,Not Seen Or Left,Acute Myocardial Infarction,Not Admitted,6,180,3.0,0,1080
2011-2012,2011,Non-urgent,3,Not Seen Or Left,Acute Myocardial Infarction,Not Admitted,0,193,3.22,0,0
2011-2012,2011,Unknown,3,Not Seen Or Left,Acute Myocardial Infarction,Not Admitted,0,186,3.1,0,0
2011-2012,2011,CTAS III - Urgent,3,Not Seen Or Left,Asthma,Not Admitted,461,126,2.1,0,58086
2011-2012,2011,Less urgent,3,Not Seen Or Left,Asthma,Not Admitted,185,92,1.53,0,17020
2011-2012,2011,Non-urgent,3,Not Seen Or Left,Asthma,Not Admitted,18,127,2.12,0,2286
2011-2012,2011,Unknown,3,Not Seen Or Left,Asthma,Not Admitted,5,61,1.02,0,305
2011-2012,2011,CTAS III - Urgent,3,Not Seen Or Left,Influenzal Pneumonia,Not Admitted,0,0,0.0,0,0
2011-2012,2011,Less urgent,3,Not Seen Or Left,Influenzal Pneumonia,Not Admitted,0,30,0.5,0,0
2011-2012,2011,Non-urgent,3,Not Seen Or Left,Influenzal Pneumonia,Not Admitted,0,0,0.0,0,0
2011-2012,2011,Unknown,3,Not Seen Or Left,Influenzal Pneumonia,Not Admitted,0,0,0.0,0,0
2011-2012,2011,CTAS III - Urgent,3,Not Seen Or Left,Motor Vehicle Collisions,Not Admitted,1574,136,2.27,0,214064
2011-2012,2011,Less urgent,3,Not Seen Or Left,Motor Vehicle Collisions,Not Admitted,1709,123,2.05,0,210207
2011-2012,2011,Non-urgent,3,Not Seen Or Left,Motor Vehicle Collisions,Not Admitted,137,85,1.42,0,11645
2011-2012,2011,Unknown,3,Not Seen Or Left,Motor Vehicle Collisions,Not Admitted,30,39,0.65,0,1170
2011-2012,2011,CTAS III - Urgent,3,Not Seen Or Left,Pneumonia,Not Admitted,156,236,3.93,0,36816
2011-2012,2011,Less urgent,3,Not Seen Or Left,Pneumonia,Not Admitted,77,158,2.63,0,12166
2011-2012,2011,Non-urgent,3,Not Seen Or Left,Pneumonia,Not Admitted,9,171,2.85,0,1539
2011-2012,2011,Unknown,3,Not Seen Or Left,Pneumonia,Not Admitted,0,37,0.62,0,0
2011-2012,2011,CTAS III - Urgent,3,Not Seen Or Left,Trauma,Not Admitted,16518,127,2.12,0,2097786
2011-2012,2011,Less urgent,3,Not Seen Or Left,Trauma,Not Admitted,29453,113,1.88,0,3328189
2011-2012,2011,Non-urgent,3,Not Seen Or Left,Trauma,Not Admitted,3656,92,1.53,0,336352
2011-2012,2011,Unknown,3,Not Seen Or Left,Trauma,Not Admitted,876,24,0.4,0,21024
2011-2012,2011,CTAS III - Urgent,3,Not Seen Or Left,Unintentional Falls,Not Admitted,4369,135,2.25,0,589815
2011-2012,2011,Less urgent,3,Not Seen Or Left,Unintentional Falls,Not Admitted,6235,116,1.93,0,723260
2011-2012,2011,Non-urgent,3,Not Seen Or Left,Unintentional Falls,Not Admitted,548,93,1.55,0,50964
2011-2012,2011,Unknown,3,Not Seen Or Left,Unintentional Falls,Not Admitted,96,48,0.8,0,4608
2011-2012,2011,CTAS III - Urgent,3,Transferred,Acute Myocardial Infarction,Not Admitted,866,204,3.4,0,176664
2011-2012,2011,Less urgent,3,Transferred,Acute Myocardial Infarction,Not Admitted,89,261,4.35,0,23229
2011-2012,2011,Non-urgent,3,Transferred,Acute Myocardial Infarction,Not Admitted,6,204,3.4,0,1224
2011-2012,2011,Unknown,3,Transferred,Acute Myocardial Infarction,Not Admitted,66,143,2.38,0,9438
2011-2012,2011,CTAS III - Urgent,3,Transferred,Asthma,Not Admitted,156,321,5.35,0,50076
2011-2012,2011,Less urgent,3,Transferred,Asthma,Not Admitted,14,314,5.23,0,4396
2011-2012,2011,Non-urgent,3,Transferred,Asthma,Not Admitted,0,0,0.0,0,0
2011-2012,2011,Unknown,3,Transferred,Asthma,Not Admitted,0,186,3.1,0,0
2011-2012,2011,CTAS III - Urgent,3,Transferred,Influenzal Pneumonia,Not Admitted,0,0,0.0,0,0
2011-2012,2011,Less urgent,3,Transferred,Influenzal Pneumonia,Not Admitted,0,143,2.38,0,0
2011-2012,2011,Non-urgent,3,Transferred,Influenzal Pneumonia,Not Admitted,0,0,0.0,0,0
2011-2012,2011,Unknown,3,Transferred,Influenzal Pneumonia,Not Admitted,0,0,0.0,0,0
2011-2012,2011,CTAS III - Urgent,3,Transferred,Motor Vehicle Collisions,Not Admitted,1357,198,3.3,0,268686
2011-2012,2011,Less urgent,3,Transferred,Motor Vehicle Collisions,Not Admitted,268,192,3.2,0,51456
2011-2012,2011,Non-urgent,3,Transferred,Motor Vehicle Collisions,Not Admitted,24,139,2.32,0,3336
2011-2012,2011,Unknown,3,Transferred,Motor Vehicle Collisions,Not Admitted,86,152,2.53,0,13072
2011-2012,2011,CTAS III - Urgent,3,Transferred,Pneumonia,Not Admitted,916,288,4.8,0,263808
2011-2012,2011,Less urgent,3,Transferred,Pneumonia,Not Admitted,171,262,4.37,0,44802
2011-2012,2011,Non-urgent,3,Transferred,Pneumonia,Not Admitted,13,285,4.75,0,3705
2011-2012,2011,Unknown,3,Transferred,Pneumonia,Not Admitted,21,192,3.2,0,4032
2011-2012,2011,CTAS III - Urgent,3,Transferred,Trauma,Not Admitted,9156,215,3.58,0,1968540
2011-2012,2011,Less urgent,3,Transferred,Trauma,Not Admitted,3072,190,3.17,0,583680
2011-2012,2011,Non-urgent,3,Transferred,Trauma,Not Admitted,209,140,2.33,0,29260
2011-2012,2011,Unknown,3,Transferred,Trauma,Not Admitted,369,150,2.5,0,55350
2011-2012,2011,CTAS III - Urgent,3,Transferred,Unintentional Falls,Not Admitted,4783,247,4.12,0,1181401
2011-2012,2011,Less urgent,3,Transferred,Unintentional Falls,Not Admitted,1491,229,3.82,0,341439
2011-2012,2011,Non-urgent,3,Transferred,Unintentional Falls,Not Admitted,83,150,2.5,0,12450
2011-2012,2011,Unknown,3,Transferred,Unintentional Falls,Not Admitted,155,165,2.75,0,25575
2011-2012,2011,CTAS III - Urgent,3,Unknown,Acute Myocardial Infarction,Not Admitted,0,0,0.0,0,0
2011-2012,2011,Less urgent,3,Unknown,Acute Myocardial Infarction,Not Admitted,0,0,0.0,0,0
2011-2012,2011,Non-urgent,3,Unknown,Acute Myocardial Infarction,Not Admitted,0,0,0.0,0,0
2011-2012,2011,Unknown,3,Unknown,Acute Myocardial Infarction,Not Admitted,0,0,0.0,0,0
2011-2012,2011,CTAS III - Urgent,3,Unknown,Asthma,Not Admitted,0,0,0.0,0,0
2011-2012,2011,Less urgent,3,Unknown,Asthma,Not Admitted,0,0,0.0,0,0
2011-2012,2011,Non-urgent,3,Unknown,Asthma,Not Admitted,0,0,0.0,0,0
2011-2012,2011,Unknown,3,Unknown,Asthma,Not Admitted,0,0,0.0,0,0
2011-2012,2011,CTAS III - Urgent,3,Unknown,Influenzal Pneumonia,Not Admitted,0,0,0.0,0,0
2011-2012,2011,Less urgent,3,Unknown,Influenzal Pneumonia,Not Admitted,0,0,0.0,0,0
2011-2012,2011,Non-urgent,3,Unknown,Influenzal Pneumonia,Not Admitted,0,0,0.0,0,0
2011-2012,2011,Unknown,3,Unknown,Influenzal Pneumonia,Not Admitted,0,0,0.0,0,0
2011-2012,2011,CTAS III - Urgent,3,Unknown,Motor Vehicle Collisions,Not Admitted,0,0,0.0,0,0
2011-2012,2011,Less urgent,3,Unknown,Motor Vehicle Collisions,Not Admitted,0,0,0.0,0,0
2011-2012,2011,Non-urgent,3,Unknown,Motor Vehicle Collisions,Not Admitted,0,0,0.0,0,0
2011-2012,2011,Unknown,3,Unknown,Motor Vehicle Collisions,Not Admitted,0,0,0.0,0,0
2011-2012,2011,CTAS III - Urgent,3,Unknown,Pneumonia,Not Admitted,0,0,0.0,0,0
2011-2012,2011,Less urgent,3,Unknown,Pneumonia,Not Admitted,0,0,0.0,0,0
2011-2012,2011,Non-urgent,3,Unknown,Pneumonia,Not Admitted,0,0,0.0,0,0
2011-2012,2011,Unknown,3,Unknown,Pneumonia,Not Admitted,0,0,0.0,0,0
2011-2012,2011,CTAS III - Urgent,3,Unknown,Trauma,Not Admitted,0,0,0.0,0,0
2011-2012,2011,Less urgent,3,Unknown,Trauma,Not Admitted,0,0,0.0,0,0
2011-2012,2011,Non-urgent,3,Unknown,Trauma,Not Admitted,0,0,0.0,0,0
2011-2012,2011,Unknown,3,Unknown,Trauma,Not Admitted,0,0,0.0,0,0
2011-2012,2011,CTAS III - Urgent,3,Unknown,Unintentional Falls,Not Admitted,0,0,0.0,0,0
2011-2012,2011,Less urgent,3,Unknown,Unintentional Falls,Not Admitted,0,0,0.0,0,0
2011-2012,2011,Non-urgent,3,Unknown,Unintentional Falls,Not Admitted,0,0,0.0,0,0
2011-2012,2011,Unknown,3,Unknown,Unintentional Falls,Not Admitted,0,0,0.0,0,0
2010-2011,2010,CTAS I - Resuscitation,1,Admitted,Acute Myocardial Infarction,Admitted,896,110,1.83,1,98560
2010-2011,2010,CTAS I - Resuscitation,1,Admitted,Asthma,Admitted,410,411,6.85,1,168510
2010-2011,2010,CTAS I - Resuscitation,1,Admitted,Influenzal Pneumonia,Admitted,0,1578,26.3,1,0
2010-2011,2010,CTAS I - Resuscitation,1,Admitted,Motor Vehicle Collisions,Admitted,1936,260,4.33,1,503360
2010-2011,2010,CTAS I - Resuscitation,1,Admitted,Pneumonia,Admitted,923,508,8.47,1,468884
2010-2011,2010,CTAS I - Resuscitation,1,Admitted,Trauma,Admitted,4559,262,4.37,1,1194458
2010-2011,2010,CTAS I - Resuscitation,1,Admitted,Unintentional Falls,Admitted,1031,322,5.37,1,331982
2010-2011,2010,CTAS I - Resuscitation,1,Death,Acute Myocardial Infarction,Not Admitted,539,25,0.42,0,13475
2010-2011,2010,CTAS I - Resuscitation,1,Death,Asthma,Not Admitted,0,28,0.47,0,0
2010-2011,2010,CTAS I - Resuscitation,1,Death,Influenzal Pneumonia,Not Admitted,0,0,0.0,0,0
2010-2011,2010,CTAS I - Resuscitation,1,Death,Motor Vehicle Collisions,Not Admitted,193,28,0.47,0,5404
2010-2011,2010,CTAS I - Resuscitation,1,Death,Pneumonia,Not Admitted,26,120,2.0,0,3120
2010-2011,2010,CTAS I - Resuscitation,1,Death,Trauma,Not Admitted,537,38,0.63,0,20406
2010-2011,2010,CTAS I - Resuscitation,1,Death,Unintentional Falls,Not Admitted,89,165,2.75,0,14685
2010-2011,2010,CTAS I - Resuscitation,1,Discharged Home,Acute Myocardial Infarction,Not Admitted,10,67,1.12,0,670
2010-2011,2010,CTAS I - Resuscitation,1,Discharged Home,Asthma,Not Admitted,363,223,3.72,0,80949
2010-2011,2010,CTAS I - Resuscitation,1,Discharged Home,Influenzal Pneumonia,Not Admitted,0,0,0.0,0,0
2010-2011,2010,CTAS I - Resuscitation,1,Discharged Home,Motor Vehicle Collisions,Not Admitted,430,255,4.25,0,109650
2010-2011,2010,CTAS I - Resuscitation,1,Discharged Home,Pneumonia,Not Admitted,110,213,3.55,0,23430
2010-2011,2010,CTAS I - Resuscitation,1,Discharged Home,Trauma,Not Admitted,2247,247,4.12,0,555009
2010-2011,2010,CTAS I - Resuscitation,1,Discharged Home,Unintentional Falls,Not Admitted,422,269,4.48,0,113518
2010-2011,2010,CTAS I - Resuscitation,1,Intra-Facility Transfer,Acute Myocardial Infarction,Not Admitted,20,11,0.18,0,220
2010-2011,2010,CTAS I - Resuscitation,1,Intra-Facility Transfer,Asthma,Not Admitted,0,190,3.17,0,0
2010-2011,2010,CTAS I - Resuscitation,1,Intra-Facility Transfer,Influenzal Pneumonia,Not Admitted,0,0,0.0,0,0
2010-2011,2010,CTAS I - Resuscitation,1,Intra-Facility Transfer,Motor Vehicle Collisions,Not Admitted,0,80,1.33,0,0
2010-2011,2010,CTAS I - Resuscitation,1,Intra-Facility Transfer,Pneumonia,Not Admitted,0,217,3.62,0,0
2010-2011,2010,CTAS I - Resuscitation,1,Intra-Facility Transfer,Trauma,Not Admitted,37,180,3.0,0,6660
2010-2011,2010,CTAS I - Resuscitation,1,Intra-Facility Transfer,Unintentional Falls,Not Admitted,5,125,2.08,0,625
2010-2011,2010,CTAS I - Resuscitation,1,Not Seen Or Left,Acute Myocardial Infarction,Not Admitted,0,1667,27.78,0,0
2010-2011,2010,CTAS I - Resuscitation,1,Not Seen Or Left,Asthma,Not Admitted,0,136,2.27,0,0
2010-2011,2010,CTAS I - Resuscitation,1,Not Seen Or Left,Influenzal Pneumonia,Not Admitted,0,0,0.0,0,0
2010-2011,2010,CTAS I - Resuscitation,1,Not Seen Or Left,Motor Vehicle Collisions,Not Admitted,6,314,5.23,0,1884
2010-2011,2010,CTAS I - Resuscitation,1,Not Seen Or Left,Pneumonia,Not Admitted,0,259,4.32,0,0
2010-2011,2010,CTAS I - Resuscitation,1,Not Seen Or Left,Trauma,Not Admitted,31,225,3.75,0,6975
2010-2011,2010,CTAS I - Resuscitation,1,Not Seen Or Left,Unintentional Falls,Not Admitted,0,273,4.55,0,0
2010-2011,2010,CTAS I - Resuscitation,1,Transferred,Acute Myocardial Infarction,Not Admitted,559,78,1.3,0,43602
2010-2011,2010,CTAS I - Resuscitation,1,Transferred,Asthma,Not Admitted,37,207,3.45,0,7659
2010-2011,2010,CTAS I - Resuscitation,1,Transferred,Influenzal Pneumonia,Not Admitted,0,0,0.0,0,0
2010-2011,2010,CTAS I - Resuscitation,1,Transferred,Motor Vehicle Collisions,Not Admitted,459,125,2.08,0,57375
2010-2011,2010,CTAS I - Resuscitation,1,Transferred,Pneumonia,Not Admitted,51,215,3.58,0,10965
2010-2011,2010,CTAS I - Resuscitation,1,Transferred,Trauma,Not Admitted,1146,140,2.33,0,160440
2010-2011,2010,CTAS I - Resuscitation,1,Transferred,Unintentional Falls,Not Admitted,225,178,2.97,0,40050
2010-2011,2010,CTAS I - Resuscitation,1,Unknown,Acute Myocardial Infarction,Not Admitted,0,0,0.0,0,0
2010-2011,2010,CTAS I - Resuscitation,1,Unknown,Asthma,Not Admitted,0,0,0.0,0,0
2010-2011,2010,CTAS I - Resuscitation,1,Unknown,Influenzal Pneumonia,Not Admitted,0,0,0.0,0,0
2010-2011,2010,CTAS I - Resuscitation,1,Unknown,Motor Vehicle Collisions,Not Admitted,0,0,0.0,0,0
2010-2011,2010,CTAS I - Resuscitation,1,Unknown,Pneumonia,Not Admitted,0,0,0.0,0,0
2010-2011,2010,CTAS I - Resuscitation,1,Unknown,Trauma,Not Admitted,0,0,0.0,0,0
2010-2011,2010,CTAS I - Resuscitation,1,Unknown,Unintentional Falls,Not Admitted,0,0,0.0,0,0
2010-2011,2010,CTAS II - Emergent,2,Admitted,Acute Myocardial Infarction,Admitted,9441,494,8.23,1,4663854
2010-2011,2010,CTAS II - Emergent,2,Admitted,Asthma,Admitted,3274,495,8.25,1,1620630
2010-2011,2010,CTAS II - Emergent,2,Admitted,Influenzal Pneumonia,Admitted,31,820,13.67,1,25420
2010-2011,2010,CTAS II - Emergent,2,Admitted,Motor Vehicle Collisions,Admitted,4300,417,6.95,1,1793100
2010-2011,2010,CTAS II - Emergent,2,Admitted,Pneumonia,Admitted,13901,794,13.23,1,11037394
2010-2011,2010,CTAS II - Emergent,2,Admitted,Trauma,Admitted,20534,464,7.73,1,9527776
2010-2011,2010,CTAS II - Emergent,2,Admitted,Unintentional Falls,Admitted,10559,525,8.75,1,5543475
2010-2011,2010,CTAS II - Emergent,2,Death,Acute Myocardial Infarction,Not Admitted,109,150,2.5,0,16350
2010-2011,2010,CTAS II - Emergent,2,Death,Asthma,Not Admitted,0,0,0.0,0,0
2010-2011,2010,CTAS II - Emergent,2,Death,Influenzal Pneumonia,Not Admitted,0,0,0.0,0,0
2010-2011,2010,CTAS II - Emergent,2,Death,Motor Vehicle Collisions,Not Admitted,8,150,2.5,0,1200
2010-2011,2010,CTAS II - Emergent,2,Death,Pneumonia,Not Admitted,63,215,3.58,0,13545
2010-2011,2010,CTAS II - Emergent,2,Death,Trauma,Not Admitted,42,196,3.27,0,8232
2010-2011,2010,CTAS II - Emergent,2,Death,Unintentional Falls,Not Admitted,24,298,4.97,0,7152
2010-2011,2010,CTAS II - Emergent,2,Discharged Home,Acute Myocardial Infarction,Not Admitted,400,406,6.77,0,162400
2010-2011,2010,CTAS II - Emergent,2,Discharged Home,Asthma,Not Admitted,13473,193,3.22,0,2600289
2010-2011,2010,CTAS II - Emergent,2,Discharged Home,Influenzal Pneumonia,Not Admitted,44,208,3.47,0,9152
2010-2011,2010,CTAS II - Emergent,2,Discharged Home,Motor Vehicle Collisions,Not Admitted,21278,185,3.08,0,3936430
2010-2011,2010,CTAS II - Emergent,2,Discharged Home,Pneumonia,Not Admitted,10289,231,3.85,0,2376759
2010-2011,2010,CTAS II - Emergent,2,Discharged Home,Trauma,Not Admitted,109089,171,2.85,0,18654219
2010-2011,2010,CTAS II - Emergent,2,Discharged Home,Unintentional Falls,Not Admitted,31241,199,3.32,0,6216959
2010-2011,2010,CTAS II - Emergent,2,Intra-Facility Transfer,Acute Myocardial Infarction,Not Admitted,72,53,0.88,0,3816
2010-2011,2010,CTAS II - Emergent,2,Intra-Facility Transfer,Asthma,Not Admitted,55,143,2.38,0,7865
2010-2011,2010,CTAS II - Emergent,2,Intra-Facility Transfer,Influenzal Pneumonia,Not Admitted,0,0,0.0,0,0
2010-2011,2010,CTAS II - Emergent,2,Intra-Facility Transfer,Motor Vehicle Collisions,Not Admitted,49,174,2.9,0,8526
2010-2011,2010,CTAS II - Emergent,2,Intra-Facility Transfer,Pneumonia,Not Admitted,42,262,4.37,0,11004
2010-2011,2010,CTAS II - Emergent,2,Intra-Facility Transfer,Trauma,Not Admitted,708,208,3.47,0,147264
2010-2011,2010,CTAS II - Emergent,2,Intra-Facility Transfer,Unintentional Falls,Not Admitted,128,230,3.83,0,29440
2010-2011,2010,CTAS II - Emergent,2,Not Seen Or Left,Acute Myocardial Infarction,Not Admitted,36,443,7.38,0,15948
2010-2011,2010,CTAS II - Emergent,2,Not Seen Or Left,Asthma,Not Admitted,182,172,2.87,0,31304
2010-2011,2010,CTAS II - Emergent,2,Not Seen Or Left,Influenzal Pneumonia,Not Admitted,0,0,0.0,0,0
2010-2011,2010,CTAS II - Emergent,2,Not Seen Or Left,Motor Vehicle Collisions,Not Admitted,311,157,2.62,0,48827
2010-2011,2010,CTAS II - Emergent,2,Not Seen Or Left,Pneumonia,Not Admitted,64,293,4.88,0,18752
2010-2011,2010,CTAS II - Emergent,2,Not Seen Or Left,Trauma,Not Admitted,2193,138,2.3,0,302634
2010-2011,2010,CTAS II - Emergent,2,Not Seen Or Left,Unintentional Falls,Not Admitted,526,154,2.57,0,81004
2010-2011,2010,CTAS II - Emergent,2,Transferred,Acute Myocardial Infarction,Not Admitted,3063,116,1.93,0,355308
2010-2011,2010,CTAS II - Emergent,2,Transferred,Asthma,Not Admitted,345,286,4.77,0,98670
2010-2011,2010,CTAS II - Emergent,2,Transferred,Influenzal Pneumonia,Not Admitted,0,688,11.47,0,0
2010-2011,2010,CTAS II - Emergent,2,Transferred,Motor Vehicle Collisions,Not Admitted,1635,198,3.3,0,323730
2010-2011,2010,CTAS II - Emergent,2,Transferred,Pneumonia,Not Admitted,850,256,4.27,0,217600
2010-2011,2010,CTAS II - Emergent,2,Transferred,Trauma,Not Admitted,5706,191,3.18,0,1089846
2010-2011,2010,CTAS II - Emergent,2,Transferred,Unintentional Falls,Not Admitted,2012,223,3.72,0,448676
2010-2011,2010,CTAS II - Emergent,2,Unknown,Acute Myocardial Infarction,Not Admitted,0,0,0.0,0,0
2010-2011,2010,CTAS II - Emergent,2,Unknown,Asthma,Not Admitted,0,0,0.0,0,0
2010-2011,2010,CTAS II - Emergent,2,Unknown,Influenzal Pneumonia,Not Admitted,0,0,0.0,0,0
2010-2011,2010,CTAS II - Emergent,2,Unknown,Motor Vehicle Collisions,Not Admitted,0,0,0.0,0,0
2010-2011,2010,CTAS II - Emergent,2,Unknown,Pneumonia,Not Admitted,0,0,0.0,0,0
2010-2011,2010,CTAS II - Emergent,2,Unknown,Trauma,Not Admitted,0,0,0.0,0,0
2010-2011,2010,CTAS II - Emergent,2,Unknown,Unintentional Falls,Not Admitted,0,0,0.0,0,0
2010-2011,2010,CTAS III - Urgent,3,Admitted,Acute Myocardial Infarction,Admitted,4018,591,9.85,1,2374638
2010-2011,2010,Less urgent,3,Admitted,Acute Myocardial Infarction,Admitted,391,430,7.17,1,168130
2010-2011,2010,Non-urgent,3,Admitted,Acute Myocardial Infarction,Admitted,22,352,5.87,1,7744
2010-2011,2010,Unknown,3,Admitted,Acute Myocardial Infarction,Admitted,74,216,3.6,1,15984
2010-2011,2010,CTAS III - Urgent,3,Admitted,Asthma,Admitted,1774,530,8.83,1,940220
2010-2011,2010,Less urgent,3,Admitted,Asthma,Admitted,176,238,3.97,1,41888
2010-2011,2010,Non-urgent,3,Admitted,Asthma,Admitted,18,98,1.63,1,1764
2010-2011,2010,Unknown,3,Admitted,Asthma,Admitted,41,130,2.17,1,5330
2010-2011,2010,CTAS III - Urgent,3,Admitted,Influenzal Pneumonia,Admitted,37,932,15.53,1,34484
2010-2011,2010,Less urgent,3,Admitted,Influenzal Pneumonia,Admitted,7,183,3.05,1,1281
2010-2011,2010,Non-urgent,3,Admitted,Influenzal Pneumonia,Admitted,0,0,0.0,1,0
2010-2011,2010,Unknown,3,Admitted,Influenzal Pneumonia,Admitted,0,0,0.0,1,0
2010-2011,2010,CTAS III - Urgent,3,Admitted,Motor Vehicle Collisions,Admitted,2826,373,6.22,1,1054098
2010-2011,2010,Less urgent,3,Admitted,Motor Vehicle Collisions,Admitted,536,342,5.7,1,183312
2010-2011,2010,Non-urgent,3,Admitted,Motor Vehicle Collisions,Admitted,51,189,3.15,1,9639
2010-2011,2010,Unknown,3,Admitted,Motor Vehicle Collisions,Admitted,87,129,2.15,1,11223
2010-2011,2010,CTAS III - Urgent,3,Admitted,Pneumonia,Admitted,14310,685,11.42,1,9802350
2010-2011,2010,Less urgent,3,Admitted,Pneumonia,Admitted,1958,324,5.4,1,634392
2010-2011,2010,Non-urgent,3,Admitted,Pneumonia,Admitted,179,190,3.17,1,34010
2010-2011,2010,Unknown,3,Admitted,Pneumonia,Admitted,279,147,2.45,1,41013
2010-2011,2010,CTAS III - Urgent,3,Admitted,Trauma,Admitted,35975,480,8.0,1,17268000
2010-2011,2010,Less urgent,3,Admitted,Trauma,Admitted,8310,365,6.08,1,3033150
2010-2011,2010,Non-urgent,3,Admitted,Trauma,Admitted,560,260,4.33,1,145600
2010-2011,2010,Unknown,3,Admitted,Trauma,Admitted,515,155,2.58,1,79825
2010-2011,2010,CTAS III - Urgent,3,Admitted,Unintentional Falls,Admitted,25527,512,8.53,1,13069824
2010-2011,2010,Less urgent,3,Admitted,Unintentional Falls,Admitted,5330,387,6.45,1,2062710
2010-2011,2010,Non-urgent,3,Admitted,Unintentional Falls,Admitted,259,252,4.2,1,65268
2010-2011,2010,Unknown,3,Admitted,Unintentional Falls,Admitted,277,169,2.82,1,46813
2010-2011,2010,CTAS III - Urgent,3,Death,Acute Myocardial Infarction,Not Admitted,34,164,2.73,0,5576
2010-2011,2010,Less urgent,3,Death,Acute Myocardial Infarction,Not Admitted,7,97,1.62,0,679
2010-2011,2010,Non-urgent,3,Death,Acute Myocardial Infarction,Not Admitted,8,9,0.15,0,72
2010-2011,2010,Unknown,3,Death,Acute Myocardial Infarction,Not Admitted,10,116,1.93,0,1160
2010-2011,2010,CTAS III - Urgent,3,Death,Asthma,Not Admitted,0,64,1.07,0,0
2010-2011,2010,Less urgent,3,Death,Asthma,Not Admitted,0,0,0.0,0,0
2010-2011,2010,Non-urgent,3,Death,Asthma,Not Admitted,0,0,0.0,0,0
2010-2011,2010,Unknown,3,Death,Asthma,Not Admitted,0,0,0.0,0,0
2010-2011,2010,CTAS III - Urgent,3,Death,Influenzal Pneumonia,Not Admitted,0,0,0.0,0,0
2010-2011,2010,Less urgent,3,Death,Influenzal Pneumonia,Not Admitted,0,0,0.0,0,0
2010-2011,2010,Non-urgent,3,Death,Influenzal Pneumonia,Not Admitted,0,0,0.0,0,0
2010-2011,2010,Unknown,3,Death,Influenzal Pneumonia,Not Admitted,0,0,0.0,0,0
2010-2011,2010,CTAS III - Urgent,3,Death,Motor Vehicle Collisions,Not Admitted,0,114,1.9,0,0
2010-2011,2010,Less urgent,3,Death,Motor Vehicle Collisions,Not Admitted,0,105,1.75,0,0
2010-2011,2010,Non-urgent,3,Death,Motor Vehicle Collisions,Not Admitted,0,17,0.28,0,0
2010-2011,2010,Unknown,3,Death,Motor Vehicle Collisions,Not Admitted,16,17,0.28,0,272
2010-2011,2010,CTAS III - Urgent,3,Death,Pneumonia,Not Admitted,21,260,4.33,0,5460
2010-2011,2010,Less urgent,3,Death,Pneumonia,Not Admitted,0,333,5.55,0,0
2010-2011,2010,Non-urgent,3,Death,Pneumonia,Not Admitted,0,25,0.42,0,0
2010-2011,2010,Unknown,3,Death,Pneumonia,Not Admitted,0,0,0.0,0,0
2010-2011,2010,CTAS III - Urgent,3,Death,Trauma,Not Admitted,27,252,4.2,0,6804
2010-2011,2010,Less urgent,3,Death,Trauma,Not Admitted,16,70,1.17,0,1120
2010-2011,2010,Non-urgent,3,Death,Trauma,Not Admitted,12,26,0.43,0,312
2010-2011,2010,Unknown,3,Death,Trauma,Not Admitted,25,8,0.13,0,200
2010-2011,2010,CTAS III - Urgent,3,Death,Unintentional Falls,Not Admitted,14,314,5.23,0,4396
2010-2011,2010,Less urgent,3,Death,Unintentional Falls,Not Admitted,0,126,2.1,0,0
2010-2011,2010,Non-urgent,3,Death,Unintentional Falls,Not Admitted,0,122,2.03,0,0
2010-2011,2010,Unknown,3,Death,Unintentional Falls,Not Admitted,0,0,0.0,0,0
2010-2011,2010,CTAS III - Urgent,3,Discharged Home,Acute Myocardial Infarction,Not Admitted,232,347,5.78,0,80504
2010-2011,2010,Less urgent,3,Discharged Home,Acute Myocardial Infarction,Not Admitted,45,180,3.0,0,8100
2010-2011,2010,Non-urgent,3,Discharged Home,Acute Myocardial Infarction,Not Admitted,15,69,1.15,0,1035
2010-2011,2010,Unknown,3,Discharged Home,Acute Myocardial Infarction,Not Admitted,17,156,2.6,0,2652
2010-2011,2010,CTAS III - Urgent,3,Discharged Home,Asthma,Not Admitted,31549,156,2.6,0,4921644
2010-2011,2010,Less urgent,3,Discharged Home,Asthma,Not Admitted,17255,100,1.67,0,1725500
2010-2011,2010,Non-urgent,3,Discharged Home,Asthma,Not Admitted,2701,70,1.17,0,189070
2010-2011,2010,Unknown,3,Discharged Home,Asthma,Not Admitted,920,71,1.18,0,65320
2010-2011,2010,CTAS III - Urgent,3,Discharged Home,Influenzal Pneumonia,Not Admitted,166,175,2.92,0,29050
2010-2011,2010,Less urgent,3,Discharged Home,Influenzal Pneumonia,Not Admitted,129,122,2.03,0,15738
2010-2011,2010,Non-urgent,3,Discharged Home,Influenzal Pneumonia,Not Admitted,10,117,1.95,0,1170
2010-2011,2010,Unknown,3,Discharged Home,Influenzal Pneumonia,Not Admitted,8,72,1.2,0,576
2010-2011,2010,CTAS III - Urgent,3,Discharged Home,Motor Vehicle Collisions,Not Admitted,58900,147,2.45,0,8658300
2010-2011,2010,Less urgent,3,Discharged Home,Motor Vehicle Collisions,Not Admitted,55537,117,1.95,0,6497829
2010-2011,2010,Non-urgent,3,Discharged Home,Motor Vehicle Collisions,Not Admitted,4833,88,1.47,0,425304
2010-2011,2010,Unknown,3,Discharged Home,Motor Vehicle Collisions,Not Admitted,1551,84,1.4,0,130284
2010-2011,2010,CTAS III - Urgent,3,Discharged Home,Pneumonia,Not Admitted,36124,190,3.17,0,6863560
2010-2011,2010,Less urgent,3,Discharged Home,Pneumonia,Not Admitted,22739,126,2.1,0,2865114
2010-2011,2010,Non-urgent,3,Discharged Home,Pneumonia,Not Admitted,2294,86,1.43,0,197284
2010-2011,2010,Unknown,3,Discharged Home,Pneumonia,Not Admitted,827,89,1.48,0,73603
2010-2011,2010,CTAS III - Urgent,3,Discharged Home,Trauma,Not Admitted,503221,139,2.32,0,69947719
2010-2011,2010,Less urgent,3,Discharged Home,Trauma,Not Admitted,888244,109,1.82,0,96818596
2010-2011,2010,Non-urgent,3,Discharged Home,Trauma,Not Admitted,100200,82,1.37,0,8216400
2010-2011,2010,Unknown,3,Discharged Home,Trauma,Not Admitted,21287,72,1.2,0,1532664
2010-2011,2010,CTAS III - Urgent,3,Discharged Home,Unintentional Falls,Not Admitted,173548,158,2.63,0,27420584
2010-2011,2010,Less urgent,3,Discharged Home,Unintentional Falls,Not Admitted,244229,120,2.0,0,29307480
2010-2011,2010,Non-urgent,3,Discharged Home,Unintentional Falls,Not Admitted,19744,90,1.5,0,1776960
2010-2011,2010,Unknown,3,Discharged Home,Unintentional Falls,Not Admitted,4135,78,1.3,0,322530
2010-2011,2010,CTAS III - Urgent,3,Intra-Facility Transfer,Acute Myocardial Infarction,Not Admitted,6,541,9.02,0,3246
2010-2011,2010,Less urgent,3,Intra-Facility Transfer,Acute Myocardial Infarction,Not Admitted,0,159,2.65,0,0
2010-2011,2010,Non-urgent,3,Intra-Facility Transfer,Acute Myocardial Infarction,Not Admitted,0,0,0.0,0,0
2010-2011,2010,Unknown,3,Intra-Facility Transfer,Acute Myocardial Infarction,Not Admitted,0,0,0.0,0,0
2010-2011,2010,CTAS III - Urgent,3,Intra-Facility Transfer,Asthma,Not Admitted,36,176,2.93,0,6336
2010-2011,2010,Less urgent,3,Intra-Facility Transfer,Asthma,Not Admitted,0,68,1.13,0,0
2010-2011,2010,Non-urgent,3,Intra-Facility Transfer,Asthma,Not Admitted,0,0,0.0,0,0
2010-2011,2010,Unknown,3,Intra-Facility Transfer,Asthma,Not Admitted,0,0,0.0,0,0
2010-2011,2010,CTAS III - Urgent,3,Intra-Facility Transfer,Influenzal Pneumonia,Not Admitted,0,0,0.0,0,0
2010-2011,2010,Less urgent,3,Intra-Facility Transfer,Influenzal Pneumonia,Not Admitted,0,0,0.0,0,0
2010-2011,2010,Non-urgent,3,Intra-Facility Transfer,Influenzal Pneumonia,Not Admitted,0,0,0.0,0,0
2010-2011,2010,Unknown,3,Intra-Facility Transfer,Influenzal Pneumonia,Not Admitted,0,0,0.0,0,0
2010-2011,2010,CTAS III - Urgent,3,Intra-Facility Transfer,Motor Vehicle Collisions,Not Admitted,127,150,2.5,0,19050
2010-2011,2010,Less urgent,3,Intra-Facility Transfer,Motor Vehicle Collisions,Not Admitted,83,145,2.42,0,12035
2010-2011,2010,Non-urgent,3,Intra-Facility Transfer,Motor Vehicle Collisions,Not Admitted,8,69,1.15,0,552
2010-2011,2010,Unknown,3,Intra-Facility Transfer,Motor Vehicle Collisions,Not Admitted,0,152,2.53,0,0
2010-2011,2010,CTAS III - Urgent,3,Intra-Facility Transfer,Pneumonia,Not Admitted,46,225,3.75,0,10350
2010-2011,2010,Less urgent,3,Intra-Facility Transfer,Pneumonia,Not Admitted,10,416,6.93,0,4160
2010-2011,2010,Non-urgent,3,Intra-Facility Transfer,Pneumonia,Not Admitted,0,0,0.0,0,0
2010-2011,2010,Unknown,3,Intra-Facility Transfer,Pneumonia,Not Admitted,0,406,6.77,0,0
2010-2011,2010,CTAS III - Urgent,3,Intra-Facility Transfer,Trauma,Not Admitted,1794,204,3.4,0,365976
2010-2011,2010,Less urgent,3,Intra-Facility Transfer,Trauma,Not Admitted,1285,140,2.33,0,179900
2010-2011,2010,Non-urgent,3,Intra-Facility Transfer,Trauma,Not Admitted,234,114,1.9,0,26676
2010-2011,2010,Unknown,3,Intra-Facility Transfer,Trauma,Not Admitted,55,102,1.7,0,5610
2010-2011,2010,CTAS III - Urgent,3,Intra-Facility Transfer,Unintentional Falls,Not Admitted,520,219,3.65,0,113880
2010-2011,2010,Less urgent,3,Intra-Facility Transfer,Unintentional Falls,Not Admitted,428,144,2.4,0,61632
2010-2011,2010,Non-urgent,3,Intra-Facility Transfer,Unintentional Falls,Not Admitted,58,114,1.9,0,6612
2010-2011,2010,Unknown,3,Intra-Facility Transfer,Unintentional Falls,Not Admitted,14,79,1.32,0,1106
2010-2011,2010,CTAS III - Urgent,3,Not Seen Or Left,Acute Myocardial Infarction,Not Admitted,26,293,4.88,0,7618
2010-2011,2010,Less urgent,3,Not Seen Or Left,Acute Myocardial Infarction,Not Admitted,0,143,2.38,0,0
2010-2011,2010,Non-urgent,3,Not Seen Or Left,Acute Myocardial Infarction,Not Admitted,0,160,2.67,0,0
2010-2011,2010,Unknown,3,Not Seen Or Left,Acute Myocardial Infarction,Not Admitted,0,0,0.0,0,0
2010-2011,2010,CTAS III - Urgent,3,Not Seen Or Left,Asthma,Not Admitted,518,129,2.15,0,66822
2010-2011,2010,Less urgent,3,Not Seen Or Left,Asthma,Not Admitted,224,109,1.82,0,24416
2010-2011,2010,Non-urgent,3,Not Seen Or Left,Asthma,Not Admitted,21,81,1.35,0,1701
2010-2011,2010,Unknown,3,Not Seen Or Left,Asthma,Not Admitted,10,70,1.17,0,700
2010-2011,2010,CTAS III - Urgent,3,Not Seen Or Left,Influenzal Pneumonia,Not Admitted,0,335,5.58,0,0
2010-2011,2010,Less urgent,3,Not Seen Or Left,Influenzal Pneumonia,Not Admitted,0,129,2.15,0,0
2010-2011,2010,Non-urgent,3,Not Seen Or Left,Influenzal Pneumonia,Not Admitted,0,0,0.0,0,0
2010-2011,2010,Unknown,3,Not Seen Or Left,Influenzal Pneumonia,Not Admitted,0,205,3.42,0,0
2010-2011,2010,CTAS III - Urgent,3,Not Seen Or Left,Motor Vehicle Collisions,Not Admitted,1644,138,2.3,0,226872
2010-2011,2010,Less urgent,3,Not Seen Or Left,Motor Vehicle Collisions,Not Admitted,1838,128,2.13,0,235264
2010-2011,2010,Non-urgent,3,Not Seen Or Left,Motor Vehicle Collisions,Not Admitted,155,121,2.02,0,18755
2010-2011,2010,Unknown,3,Not Seen Or Left,Motor Vehicle Collisions,Not Admitted,29,68,1.13,0,1972
2010-2011,2010,CTAS III - Urgent,3,Not Seen Or Left,Pneumonia,Not Admitted,145,245,4.08,0,35525
2010-2011,2010,Less urgent,3,Not Seen Or Left,Pneumonia,Not Admitted,55,167,2.78,0,9185
2010-2011,2010,Non-urgent,3,Not Seen Or Left,Pneumonia,Not Admitted,9,77,1.28,0,693
2010-2011,2010,Unknown,3,Not Seen Or Left,Pneumonia,Not Admitted,6,54,0.9,0,324
2010-2011,2010,CTAS III - Urgent,3,Not Seen Or Left,Trauma,Not Admitted,15842,130,2.17,0,2059460
2010-2011,2010,Less urgent,3,Not Seen Or Left,Trauma,Not Admitted,30230,117,1.95,0,3536910
2010-2011,2010,Non-urgent,3,Not Seen Or Left,Trauma,Not Admitted,3905,87,1.45,0,339735
2010-2011,2010,Unknown,3,Not Seen Or Left,Trauma,Not Admitted,916,24,0.4,0,21984
2010-2011,2010,CTAS III - Urgent,3,Not Seen Or Left,Unintentional Falls,Not Admitted,4156,133,2.22,0,552748
2010-2011,2010,Less urgent,3,Not Seen Or Left,Unintentional Falls,Not Admitted,6410,120,2.0,0,769200
2010-2011,2010,Non-urgent,3,Not Seen Or Left,Unintentional Falls,Not Admitted,580,99,1.65,0,57420
2010-2011,2010,Unknown,3,Not Seen Or Left,Unintentional Falls,Not Admitted,86,48,0.8,0,4128
2010-2011,2010,CTAS III - Urgent,3,Transferred,Acute Myocardial Infarction,Not Admitted,864,194,3.23,0,167616
2010-2011,2010,Less urgent,3,Transferred,Acute Myocardial Infarction,Not Admitted,83,238,3.97,0,19754
2010-2011,2010,Non-urgent,3,Transferred,Acute Myocardial Infarction,Not Admitted,7,296,4.93,0,2072
2010-2011,2010,Unknown,3,Transferred,Acute Myocardial Infarction,Not Admitted,60,155,2.58,0,9300
2010-2011,2010,CTAS III - Urgent,3,Transferred,Asthma,Not Admitted,184,300,5.0,0,55200
2010-2011,2010,Less urgent,3,Transferred,Asthma,Not Admitted,19,230,3.83,0,4370
2010-2011,2010,Non-urgent,3,Transferred,Asthma,Not Admitted,0,700,11.67,0,0
2010-2011,2010,Unknown,3,Transferred,Asthma,Not Admitted,0,418,6.97,0,0
2010-2011,2010,CTAS III - Urgent,3,Transferred,Influenzal Pneumonia,Not Admitted,0,240,4.0,0,0
2010-2011,2010,Less urgent,3,Transferred,Influenzal Pneumonia,Not Admitted,0,0,0.0,0,0
2010-2011,2010,Non-urgent,3,Transferred,Influenzal Pneumonia,Not Admitted,0,0,0.0,0,0
2010-2011,2010,Unknown,3,Transferred,Influenzal Pneumonia,Not Admitted,0,0,0.0,0,0
2010-2011,2010,CTAS III - Urgent,3,Transferred,Motor Vehicle Collisions,Not Admitted,1356,196,3.27,0,265776
2010-2011,2010,Less urgent,3,Transferred,Motor Vehicle Collisions,Not Admitted,304,185,3.08,0,56240
2010-2011,2010,Non-urgent,3,Transferred,Motor Vehicle Collisions,Not Admitted,19,124,2.07,0,2356
2010-2011,2010,Unknown,3,Transferred,Motor Vehicle Collisions,Not Admitted,113,136,2.27,0,15368
2010-2011,2010,CTAS III - Urgent,3,Transferred,Pneumonia,Not Admitted,913,274,4.57,0,250162
2010-2011,2010,Less urgent,3,Transferred,Pneumonia,Not Admitted,134,264,4.4,0,35376
2010-2011,2010,Non-urgent,3,Transferred,Pneumonia,Not Admitted,5,90,1.5,0,450
2010-2011,2010,Unknown,3,Transferred,Pneumonia,Not Admitted,12,220,3.67,0,2640
2010-2011,2010,CTAS III - Urgent,3,Transferred,Trauma,Not Admitted,8794,213,3.55,0,1873122
2010-2011,2010,Less urgent,3,Transferred,Trauma,Not Admitted,3204,190,3.17,0,608760
2010-2011,2010,Non-urgent,3,Transferred,Trauma,Not Admitted,266,135,2.25,0,35910
2010-2011,2010,Unknown,3,Transferred,Trauma,Not Admitted,397,140,2.33,0,55580
2010-2011,2010,CTAS III - Urgent,3,Transferred,Unintentional Falls,Not Admitted,4539,251,4.18,0,1139289
2010-2011,2010,Less urgent,3,Transferred,Unintentional Falls,Not Admitted,1525,224,3.73,0,341600
2010-2011,2010,Non-urgent,3,Transferred,Unintentional Falls,Not Admitted,105,166,2.77,0,17430
2010-2011,2010,Unknown,3,Transferred,Unintentional Falls,Not Admitted,137,180,3.0,0,24660
2010-2011,2010,CTAS III - Urgent,3,Unknown,Acute Myocardial Infarction,Not Admitted,0,0,0.0,0,0
2010-2011,2010,Less urgent,3,Unknown,Acute Myocardial Infarction,Not Admitted,0,0,0.0,0,0
2010-2011,2010,Non-urgent,3,Unknown,Acute Myocardial Infarction,Not Admitted,0,0,0.0,0,0
2010-2011,2010,Unknown,3,Unknown,Acute Myocardial Infarction,Not Admitted,0,0,0.0,0,0
2010-2011,2010,CTAS III - Urgent,3,Unknown,Asthma,Not Admitted,0,0,0.0,0,0
2010-2011,2010,Less urgent,3,Unknown,Asthma,Not Admitted,0,0,0.0,0,0
2010-2011,2010,Non-urgent,3,Unknown,Asthma,Not Admitted,0,0,0.0,0,0
2010-2011,2010,Unknown,3,Unknown,Asthma,Not Admitted,0,0,0.0,0,0
2010-2011,2010,CTAS III - Urgent,3,Unknown,Influenzal Pneumonia,Not Admitted,0,0,0.0,0,0
2010-2011,2010,Less urgent,3,Unknown,Influenzal Pneumonia,Not Admitted,0,0,0.0,0,0
2010-2011,2010,Non-urgent,3,Unknown,Influenzal Pneumonia,Not Admitted,0,0,0.0,0,0
2010-2011,2010,Unknown,3,Unknown,Influenzal Pneumonia,Not Admitted,0,0,0.0,0,0
2010-2011,2010,CTAS III - Urgent,3,Unknown,Motor Vehicle Collisions,Not Admitted,0,0,0.0,0,0
2010-2011,2010,Less urgent,3,Unknown,Motor Vehicle Collisions,Not Admitted,0,0,0.0,0,0
2010-2011,2010,Non-urgent,3,Unknown,Motor Vehicle Collisions,Not Admitted,0,0,0.0,0,0
2010-2011,2010,Unknown,3,Unknown,Motor Vehicle Collisions,Not Admitted,0,0,0.0,0,0
2010-2011,2010,CTAS III - Urgent,3,Unknown,Pneumonia,Not Admitted,0,0,0.0,0,0
2010-2011,2010,Less urgent,3,Unknown,Pneumonia,Not Admitted,0,0,0.0,0,0
2010-2011,2010,Non-urgent,3,Unknown,Pneumonia,Not Admitted,0,0,0.0,0,0
2010-2011,2010,Unknown,3,Unknown,Pneumonia,Not Admitted,0,0,0.0,0,0
2010-2011,2010,CTAS III - Urgent,3,Unknown,Trauma,Not Admitted,0,0,0.0,0,0
2010-2011,2010,Less urgent,3,Unknown,Trauma,Not Admitted,0,0,0.0,0,0
2010-2011,2010,Non-urgent,3,Unknown,Trauma,Not Admitted,0,0,0.0,0,0
2010-2011,2010,Unknown,3,Unknown,Trauma,Not Admitted,0,0,0.0,0,0
2010-2011,2010,CTAS III - Urgent,3,Unknown,Unintentional Falls,Not Admitted,0,0,0.0,0,0
2010-2011,2010,Less urgent,3,Unknown,Unintentional Falls,Not Admitted,0,0,0.0,0,0
2010-2011,2010,Non-urgent,3,Unknown,Unintentional Falls,Not Admitted,0,0,0.0,0,0
2010-2011,2010,Unknown,3,Unknown,Unintentional Falls,Not Admitted,0,0,0.0,0,0
2009-2010,2009,CTAS I - Resuscitation,1,Admitted,Acute Myocardial Infarction,Admitted,684,175,2.92,1,119700
2009-2010,2009,CTAS I - Resuscitation,1,Admitted,Asthma,Admitted,349,393,6.55,1,137157
2009-2010,2009,CTAS I - Resuscitation,1,Admitted,Influenzal Pneumonia,Admitted,16,235,3.92,1,3760
2009-2010,2009,CTAS I - Resuscitation,1,Admitted,Motor Vehicle Collisions,Admitted,1470,241,4.02,1,354270
2009-2010,2009,CTAS I - Resuscitation,1,Admitted,Pneumonia,Admitted,726,474,7.9,1,344124
2009-2010,2009,CTAS I - Resuscitation,1,Admitted,Trauma,Admitted,3405,247,4.12,1,841035
2009-2010,2009,CTAS I - Resuscitation,1,Admitted,Unintentional Falls,Admitted,764,297,4.95,1,226908
2009-2010,2009,CTAS I - Resuscitation,1,Death,Acute Myocardial Infarction,Not Admitted,479,21,0.35,0,10059
2009-2010,2009,CTAS I - Resuscitation,1,Death,Asthma,Not Admitted,0,18,0.3,0,0
2009-2010,2009,CTAS I - Resuscitation,1,Death,Influenzal Pneumonia,Not Admitted,0,35,0.58,0,0
2009-2010,2009,CTAS I - Resuscitation,1,Death,Motor Vehicle Collisions,Not Admitted,142,23,0.38,0,3266
2009-2010,2009,CTAS I - Resuscitation,1,Death,Pneumonia,Not Admitted,30,125,2.08,0,3750
2009-2010,2009,CTAS I - Resuscitation,1,Death,Trauma,Not Admitted,406,30,0.5,0,12180
2009-2010,2009,CTAS I - Resuscitation,1,Death,Unintentional Falls,Not Admitted,57,140,2.33,0,7980
2009-2010,2009,CTAS I - Resuscitation,1,Discharged Home,Acute Myocardial Infarction,Not Admitted,17,218,3.63,0,3706
2009-2010,2009,CTAS I - Resuscitation,1,Discharged Home,Asthma,Not Admitted,265,208,3.47,0,55120
2009-2010,2009,CTAS I - Resuscitation,1,Discharged Home,Influenzal Pneumonia,Not Admitted,5,183,3.05,0,915
2009-2010,2009,CTAS I - Resuscitation,1,Discharged Home,Motor Vehicle Collisions,Not Admitted,363,280,4.67,0,101640
2009-2010,2009,CTAS I - Resuscitation,1,Discharged Home,Pneumonia,Not Admitted,84,282,4.7,0,23688
2009-2010,2009,CTAS I - Resuscitation,1,Discharged Home,Trauma,Not Admitted,1797,235,3.92,0,422295
2009-2010,2009,CTAS I - Resuscitation,1,Discharged Home,Unintentional Falls,Not Admitted,276,238,3.97,0,65688
2009-2010,2009,CTAS I - Resuscitation,1,Intra-Facility Transfer,Acute Myocardial Infarction,Not Admitted,8,48,0.8,0,384
2009-2010,2009,CTAS I - Resuscitation,1,Intra-Facility Transfer,Asthma,Not Admitted,5,212,3.53,0,1060
2009-2010,2009,CTAS I - Resuscitation,1,Intra-Facility Transfer,Influenzal Pneumonia,Not Admitted,0,0,0.0,0,0
2009-2010,2009,CTAS I - Resuscitation,1,Intra-Facility Transfer,Motor Vehicle Collisions,Not Admitted,5,85,1.42,0,425
2009-2010,2009,CTAS I - Resuscitation,1,Intra-Facility Transfer,Pneumonia,Not Admitted,0,76,1.27,0,0
2009-2010,2009,CTAS I - Resuscitation,1,Intra-Facility Transfer,Trauma,Not Admitted,34,88,1.47,0,2992
2009-2010,2009,CTAS I - Resuscitation,1,Intra-Facility Transfer,Unintentional Falls,Not Admitted,0,118,1.97,0,0
2009-2010,2009,CTAS I - Resuscitation,1,Not Seen Or Left,Acute Myocardial Infarction,Not Admitted,0,760,12.67,0,0
2009-2010,2009,CTAS I - Resuscitation,1,Not Seen Or Left,Asthma,Not Admitted,5,164,2.73,0,820
2009-2010,2009,CTAS I - Resuscitation,1,Not Seen Or Left,Influenzal Pneumonia,Not Admitted,0,0,0.0,0,0
2009-2010,2009,CTAS I - Resuscitation,1,Not Seen Or Left,Motor Vehicle Collisions,Not Admitted,8,202,3.37,0,1616
2009-2010,2009,CTAS I - Resuscitation,1,Not Seen Or Left,Pneumonia,Not Admitted,0,215,3.58,0,0
2009-2010,2009,CTAS I - Resuscitation,1,Not Seen Or Left,Trauma,Not Admitted,28,195,3.25,0,5460
2009-2010,2009,CTAS I - Resuscitation,1,Not Seen Or Left,Unintentional Falls,Not Admitted,0,396,6.6,0,0
2009-2010,2009,CTAS I - Resuscitation,1,Transferred,Acute Myocardial Infarction,Not Admitted,449,87,1.45,0,39063
2009-2010,2009,CTAS I - Resuscitation,1,Transferred,Asthma,Not Admitted,23,163,2.72,0,3749
2009-2010,2009,CTAS I - Resuscitation,1,Transferred,Influenzal Pneumonia,Not Admitted,0,152,2.53,0,0
2009-2010,2009,CTAS I - Resuscitation,1,Transferred,Motor Vehicle Collisions,Not Admitted,344,130,2.17,0,44720
2009-2010,2009,CTAS I - Resuscitation,1,Transferred,Pneumonia,Not Admitted,45,212,3.53,0,9540
2009-2010,2009,CTAS I - Resuscitation,1,Transferred,Trauma,Not Admitted,835,153,2.55,0,127755
2009-2010,2009,CTAS I - Resuscitation,1,Transferred,Unintentional Falls,Not Admitted,161,193,3.22,0,31073
2009-2010,2009,CTAS I - Resuscitation,1,Unknown,Acute Myocardial Infarction,Not Admitted,0,0,0.0,0,0
2009-2010,2009,CTAS I - Resuscitation,1,Unknown,Asthma,Not Admitted,0,0,0.0,0,0
2009-2010,2009,CTAS I - Resuscitation,1,Unknown,Influenzal Pneumonia,Not Admitted,0,0,0.0,0,0
2009-2010,2009,CTAS I - Resuscitation,1,Unknown,Motor Vehicle Collisions,Not Admitted,0,0,0.0,0,0
2009-2010,2009,CTAS I - Resuscitation,1,Unknown,Pneumonia,Not Admitted,0,0,0.0,0,0
2009-2010,2009,CTAS I - Resuscitation,1,Unknown,Trauma,Not Admitted,0,0,0.0,0,0
2009-2010,2009,CTAS I - Resuscitation,1,Unknown,Unintentional Falls,Not Admitted,0,0,0.0,0,0
2009-2010,2009,CTAS II - Emergent,2,Admitted,Acute Myocardial Infarction,Admitted,7354,470,7.83,1,3456380
2009-2010,2009,CTAS II - Emergent,2,Admitted,Asthma,Admitted,2911,495,8.25,1,1440945
2009-2010,2009,CTAS II - Emergent,2,Admitted,Influenzal Pneumonia,Admitted,223,610,10.17,1,136030
2009-2010,2009,CTAS II - Emergent,2,Admitted,Motor Vehicle Collisions,Admitted,2569,414,6.9,1,1063566
2009-2010,2009,CTAS II - Emergent,2,Admitted,Pneumonia,Admitted,10415,690,11.5,1,7186350
2009-2010,2009,CTAS II - Emergent,2,Admitted,Trauma,Admitted,13782,464,7.73,1,6394848
2009-2010,2009,CTAS II - Emergent,2,Admitted,Unintentional Falls,Admitted,7490,515,8.58,1,3857350
2009-2010,2009,CTAS II - Emergent,2,Death,Acute Myocardial Infarction,Not Admitted,111,162,2.7,0,17982
2009-2010,2009,CTAS II - Emergent,2,Death,Asthma,Not Admitted,0,0,0.0,0,0
2009-2010,2009,CTAS II - Emergent,2,Death,Influenzal Pneumonia,Not Admitted,0,0,0.0,0,0
2009-2010,2009,CTAS II - Emergent,2,Death,Motor Vehicle Collisions,Not Admitted,0,511,8.52,0,0
2009-2010,2009,CTAS II - Emergent,2,Death,Pneumonia,Not Admitted,35,195,3.25,0,6825
2009-2010,2009,CTAS II - Emergent,2,Death,Trauma,Not Admitted,39,315,5.25,0,12285
2009-2010,2009,CTAS II - Emergent,2,Death,Unintentional Falls,Not Admitted,25,344,5.73,0,8600
2009-2010,2009,CTAS II - Emergent,2,Discharged Home,Acute Myocardial Infarction,Not Admitted,291,332,5.53,0,96612
2009-2010,2009,CTAS II - Emergent,2,Discharged Home,Asthma,Not Admitted,10792,185,3.08,0,1996520
2009-2010,2009,CTAS II - Emergent,2,Discharged Home,Influenzal Pneumonia,Not Admitted,476,196,3.27,0,93296
2009-2010,2009,CTAS II - Emergent,2,Discharged Home,Motor Vehicle Collisions,Not Admitted,14776,185,3.08,0,2733560
2009-2010,2009,CTAS II - Emergent,2,Discharged Home,Pneumonia,Not Admitted,7904,234,3.9,0,1849536
2009-2010,2009,CTAS II - Emergent,2,Discharged Home,Trauma,Not Admitted,80929,170,2.83,0,13757930
2009-2010,2009,CTAS II - Emergent,2,Discharged Home,Unintentional Falls,Not Admitted,23675,200,3.33,0,4735000
2009-2010,2009,CTAS II - Emergent,2,Intra-Facility Transfer,Acute Myocardial Infarction,Not Admitted,22,70,1.17,0,1540
2009-2010,2009,CTAS II - Emergent,2,Intra-Facility Transfer,Asthma,Not Admitted,49,152,2.53,0,7448
2009-2010,2009,CTAS II - Emergent,2,Intra-Facility Transfer,Influenzal Pneumonia,Not Admitted,0,0,0.0,0,0
2009-2010,2009,CTAS II - Emergent,2,Intra-Facility Transfer,Motor Vehicle Collisions,Not Admitted,52,168,2.8,0,8736
2009-2010,2009,CTAS II - Emergent,2,Intra-Facility Transfer,Pneumonia,Not Admitted,15,189,3.15,0,2835
2009-2010,2009,CTAS II - Emergent,2,Intra-Facility Transfer,Trauma,Not Admitted,691,170,2.83,0,117470
2009-2010,2009,CTAS II - Emergent,2,Intra-Facility Transfer,Unintentional Falls,Not Admitted,153,179,2.98,0,27387
2009-2010,2009,CTAS II - Emergent,2,Not Seen Or Left,Acute Myocardial Infarction,Not Admitted,39,242,4.03,0,9438
2009-2010,2009,CTAS II - Emergent,2,Not Seen Or Left,Asthma,Not Admitted,113,160,2.67,0,18080
2009-2010,2009,CTAS II - Emergent,2,Not Seen Or Left,Influenzal Pneumonia,Not Admitted,0,289,4.82,0,0
2009-2010,2009,CTAS II - Emergent,2,Not Seen Or Left,Motor Vehicle Collisions,Not Admitted,221,146,2.43,0,32266
2009-2010,2009,CTAS II - Emergent,2,Not Seen Or Left,Pneumonia,Not Admitted,45,317,5.28,0,14265
2009-2010,2009,CTAS II - Emergent,2,Not Seen Or Left,Trauma,Not Admitted,1697,139,2.32,0,235883
2009-2010,2009,CTAS II - Emergent,2,Not Seen Or Left,Unintentional Falls,Not Admitted,396,148,2.47,0,58608
2009-2010,2009,CTAS II - Emergent,2,Transferred,Acute Myocardial Infarction,Not Admitted,2110,134,2.23,0,282740
2009-2010,2009,CTAS II - Emergent,2,Transferred,Asthma,Not Admitted,249,252,4.2,0,62748
2009-2010,2009,CTAS II - Emergent,2,Transferred,Influenzal Pneumonia,Not Admitted,26,280,4.67,0,7280
2009-2010,2009,CTAS II - Emergent,2,Transferred,Motor Vehicle Collisions,Not Admitted,990,216,3.6,0,213840
2009-2010,2009,CTAS II - Emergent,2,Transferred,Pneumonia,Not Admitted,578,238,3.97,0,137564
2009-2010,2009,CTAS II - Emergent,2,Transferred,Trauma,Not Admitted,3778,202,3.37,0,763156
2009-2010,2009,CTAS II - Emergent,2,Transferred,Unintentional Falls,Not Admitted,1321,230,3.83,0,303830
2009-2010,2009,CTAS II - Emergent,2,Unknown,Acute Myocardial Infarction,Not Admitted,0,0,0.0,0,0
2009-2010,2009,CTAS II - Emergent,2,Unknown,Asthma,Not Admitted,0,0,0.0,0,0
2009-2010,2009,CTAS II - Emergent,2,Unknown,Influenzal Pneumonia,Not Admitted,0,0,0.0,0,0
2009-2010,2009,CTAS II - Emergent,2,Unknown,Motor Vehicle Collisions,Not Admitted,0,0,0.0,0,0
2009-2010,2009,CTAS II - Emergent,2,Unknown,Pneumonia,Not Admitted,0,0,0.0,0,0
2009-2010,2009,CTAS II - Emergent,2,Unknown,Trauma,Not Admitted,0,0,0.0,0,0
2009-2010,2009,CTAS II - Emergent,2,Unknown,Unintentional Falls,Not Admitted,0,0,0.0,0,0
2009-2010,2009,CTAS III - Urgent,3,Admitted,Acute Myocardial Infarction,Admitted,3321,567,9.45,1,1883007
2009-2010,2009,Less urgent,3,Admitted,Acute Myocardial Infarction,Admitted,297,467,7.78,1,138699
2009-2010,2009,Non-urgent,3,Admitted,Acute Myocardial Infarction,Admitted,9,227,3.78,1,2043
2009-2010,2009,Unknown,3,Admitted,Acute Myocardial Infarction,Admitted,46,228,3.8,1,10488
2009-2010,2009,CTAS III - Urgent,3,Admitted,Asthma,Admitted,1595,553,9.22,1,882035
2009-2010,2009,Less urgent,3,Admitted,Asthma,Admitted,109,378,6.3,1,41202
2009-2010,2009,Non-urgent,3,Admitted,Asthma,Admitted,9,270,4.5,1,2430
2009-2010,2009,Unknown,3,Admitted,Asthma,Admitted,15,126,2.1,1,1890
2009-2010,2009,CTAS III - Urgent,3,Admitted,Influenzal Pneumonia,Admitted,309,591,9.85,1,182619
2009-2010,2009,Less urgent,3,Admitted,Influenzal Pneumonia,Admitted,38,446,7.43,1,16948
2009-2010,2009,Non-urgent,3,Admitted,Influenzal Pneumonia,Admitted,0,1397,23.28,1,0
2009-2010,2009,Unknown,3,Admitted,Influenzal Pneumonia,Admitted,0,308,5.13,1,0
2009-2010,2009,CTAS III - Urgent,3,Admitted,Motor Vehicle Collisions,Admitted,1783,417,6.95,1,743511
2009-2010,2009,Less urgent,3,Admitted,Motor Vehicle Collisions,Admitted,332,344,5.73,1,114208
2009-2010,2009,Non-urgent,3,Admitted,Motor Vehicle Collisions,Admitted,26,198,3.3,1,5148
2009-2010,2009,Unknown,3,Admitted,Motor Vehicle Collisions,Admitted,26,325,5.42,1,8450
2009-2010,2009,CTAS III - Urgent,3,Admitted,Pneumonia,Admitted,11419,718,11.97,1,8198842
2009-2010,2009,Less urgent,3,Admitted,Pneumonia,Admitted,1285,435,7.25,1,558975
2009-2010,2009,Non-urgent,3,Admitted,Pneumonia,Admitted,70,288,4.8,1,20160
2009-2010,2009,Unknown,3,Admitted,Pneumonia,Admitted,70,352,5.87,1,24640
2009-2010,2009,CTAS III - Urgent,3,Admitted,Trauma,Admitted,25400,507,8.45,1,12877800
2009-2010,2009,Less urgent,3,Admitted,Trauma,Admitted,5418,433,7.22,1,2345994
2009-2010,2009,Non-urgent,3,Admitted,Trauma,Admitted,363,267,4.45,1,96921
2009-2010,2009,Unknown,3,Admitted,Trauma,Admitted,209,337,5.62,1,70433
2009-2010,2009,CTAS III - Urgent,3,Admitted,Unintentional Falls,Admitted,18579,535,8.92,1,9939765
2009-2010,2009,Less urgent,3,Admitted,Unintentional Falls,Admitted,3554,471,7.85,1,1673934
2009-2010,2009,Non-urgent,3,Admitted,Unintentional Falls,Admitted,183,290,4.83,1,53070
2009-2010,2009,Unknown,3,Admitted,Unintentional Falls,Admitted,126,354,5.9,1,44604
2009-2010,2009,CTAS III - Urgent,3,Death,Acute Myocardial Infarction,Not Admitted,28,230,3.83,0,6440
2009-2010,2009,Less urgent,3,Death,Acute Myocardial Infarction,Not Admitted,6,26,0.43,0,156
2009-2010,2009,Non-urgent,3,Death,Acute Myocardial Infarction,Not Admitted,18,36,0.6,0,648
2009-2010,2009,Unknown,3,Death,Acute Myocardial Infarction,Not Admitted,8,28,0.47,0,224
2009-2010,2009,CTAS III - Urgent,3,Death,Asthma,Not Admitted,0,0,0.0,0,0
2009-2010,2009,Less urgent,3,Death,Asthma,Not Admitted,0,38,0.63,0,0
2009-2010,2009,Non-urgent,3,Death,Asthma,Not Admitted,0,0,0.0,0,0
2009-2010,2009,Unknown,3,Death,Asthma,Not Admitted,0,0,0.0,0,0
2009-2010,2009,CTAS III - Urgent,3,Death,Influenzal Pneumonia,Not Admitted,0,0,0.0,0,0
2009-2010,2009,Less urgent,3,Death,Influenzal Pneumonia,Not Admitted,0,0,0.0,0,0
2009-2010,2009,Non-urgent,3,Death,Influenzal Pneumonia,Not Admitted,0,0,0.0,0,0
2009-2010,2009,Unknown,3,Death,Influenzal Pneumonia,Not Admitted,0,0,0.0,0,0
2009-2010,2009,CTAS III - Urgent,3,Death,Motor Vehicle Collisions,Not Admitted,0,130,2.17,0,0
2009-2010,2009,Less urgent,3,Death,Motor Vehicle Collisions,Not Admitted,0,0,0.0,0,0
2009-2010,2009,Non-urgent,3,Death,Motor Vehicle Collisions,Not Admitted,0,134,2.23,0,0
2009-2010,2009,Unknown,3,Death,Motor Vehicle Collisions,Not Admitted,0,109,1.82,0,0
2009-2010,2009,CTAS III - Urgent,3,Death,Pneumonia,Not Admitted,12,318,5.3,0,3816
2009-2010,2009,Less urgent,3,Death,Pneumonia,Not Admitted,0,0,0.0,0,0
2009-2010,2009,Non-urgent,3,Death,Pneumonia,Not Admitted,0,88,1.47,0,0
2009-2010,2009,Unknown,3,Death,Pneumonia,Not Admitted,0,0,0.0,0,0
2009-2010,2009,CTAS III - Urgent,3,Death,Trauma,Not Admitted,30,272,4.53,0,8160
2009-2010,2009,Less urgent,3,Death,Trauma,Not Admitted,0,69,1.15,0,0
2009-2010,2009,Non-urgent,3,Death,Trauma,Not Admitted,9,55,0.92,0,495
2009-2010,2009,Unknown,3,Death,Trauma,Not Admitted,5,181,3.02,0,905
2009-2010,2009,CTAS III - Urgent,3,Death,Unintentional Falls,Not Admitted,25,330,5.5,0,8250
2009-2010,2009,Less urgent,3,Death,Unintentional Falls,Not Admitted,0,54,0.9,0,0
2009-2010,2009,Non-urgent,3,Death,Unintentional Falls,Not Admitted,0,55,0.92,0,0
2009-2010,2009,Unknown,3,Death,Unintentional Falls,Not Admitted,0,312,5.2,0,0
2009-2010,2009,CTAS III - Urgent,3,Discharged Home,Acute Myocardial Infarction,Not Admitted,156,350,5.83,0,54600
2009-2010,2009,Less urgent,3,Discharged Home,Acute Myocardial Infarction,Not Admitted,28,224,3.73,0,6272
2009-2010,2009,Non-urgent,3,Discharged Home,Acute Myocardial Infarction,Not Admitted,10,144,2.4,0,1440
2009-2010,2009,Unknown,3,Discharged Home,Acute Myocardial Infarction,Not Admitted,7,133,2.22,0,931
2009-2010,2009,CTAS III - Urgent,3,Discharged Home,Asthma,Not Admitted,25191,160,2.67,0,4030560
2009-2010,2009,Less urgent,3,Discharged Home,Asthma,Not Admitted,13405,108,1.8,0,1447740
2009-2010,2009,Non-urgent,3,Discharged Home,Asthma,Not Admitted,1637,77,1.28,0,126049
2009-2010,2009,Unknown,3,Discharged Home,Asthma,Not Admitted,249,73,1.22,0,18177
2009-2010,2009,CTAS III - Urgent,3,Discharged Home,Influenzal Pneumonia,Not Admitted,3227,147,2.45,0,474369
2009-2010,2009,Less urgent,3,Discharged Home,Influenzal Pneumonia,Not Admitted,2694,111,1.85,0,299034
2009-2010,2009,Non-urgent,3,Discharged Home,Influenzal Pneumonia,Not Admitted,274,82,1.37,0,22468
2009-2010,2009,Unknown,3,Discharged Home,Influenzal Pneumonia,Not Admitted,108,78,1.3,0,8424
2009-2010,2009,CTAS III - Urgent,3,Discharged Home,Motor Vehicle Collisions,Not Admitted,42100,154,2.57,0,6483400
2009-2010,2009,Less urgent,3,Discharged Home,Motor Vehicle Collisions,Not Admitted,39873,125,2.08,0,4984125
2009-2010,2009,Non-urgent,3,Discharged Home,Motor Vehicle Collisions,Not Admitted,2756,102,1.7,0,281112
2009-2010,2009,Unknown,3,Discharged Home,Motor Vehicle Collisions,Not Admitted,272,103,1.72,0,28016
2009-2010,2009,CTAS III - Urgent,3,Discharged Home,Pneumonia,Not Admitted,29254,195,3.25,0,5704530
2009-2010,2009,Less urgent,3,Discharged Home,Pneumonia,Not Admitted,17941,134,2.23,0,2404094
2009-2010,2009,Non-urgent,3,Discharged Home,Pneumonia,Not Admitted,1516,93,1.55,0,140988
2009-2010,2009,Unknown,3,Discharged Home,Pneumonia,Not Admitted,199,102,1.7,0,20298
2009-2010,2009,CTAS III - Urgent,3,Discharged Home,Trauma,Not Admitted,372030,143,2.38,0,53200290
2009-2010,2009,Less urgent,3,Discharged Home,Trauma,Not Admitted,649205,115,1.92,0,74658575
2009-2010,2009,Non-urgent,3,Discharged Home,Trauma,Not Admitted,62674,92,1.53,0,5766008
2009-2010,2009,Unknown,3,Discharged Home,Trauma,Not Admitted,3836,84,1.4,0,322224
2009-2010,2009,CTAS III - Urgent,3,Discharged Home,Unintentional Falls,Not Admitted,129607,162,2.7,0,20996334
2009-2010,2009,Less urgent,3,Discharged Home,Unintentional Falls,Not Admitted,178581,125,2.08,0,22322625
2009-2010,2009,Non-urgent,3,Discharged Home,Unintentional Falls,Not Admitted,12423,101,1.68,0,1254723
2009-2010,2009,Unknown,3,Discharged Home,Unintentional Falls,Not Admitted,817,94,1.57,0,76798
2009-2010,2009,CTAS III - Urgent,3,Intra-Facility Transfer,Acute Myocardial Infarction,Not Admitted,8,172,2.87,0,1376
2009-2010,2009,Less urgent,3,Intra-Facility Transfer,Acute Myocardial Infarction,Not Admitted,0,252,4.2,0,0
2009-2010,2009,Non-urgent,3,Intra-Facility Transfer,Acute Myocardial Infarction,Not Admitted,0,0,0.0,0,0
2009-2010,2009,Unknown,3,Intra-Facility Transfer,Acute Myocardial Infarction,Not Admitted,0,0,0.0,0,0
2009-2010,2009,CTAS III - Urgent,3,Intra-Facility Transfer,Asthma,Not Admitted,18,170,2.83,0,3060
2009-2010,2009,Less urgent,3,Intra-Facility Transfer,Asthma,Not Admitted,0,293,4.88,0,0
2009-2010,2009,Non-urgent,3,Intra-Facility Transfer,Asthma,Not Admitted,0,0,0.0,0,0
2009-2010,2009,Unknown,3,Intra-Facility Transfer,Asthma,Not Admitted,0,0,0.0,0,0
2009-2010,2009,CTAS III - Urgent,3,Intra-Facility Transfer,Influenzal Pneumonia,Not Admitted,0,232,3.87,0,0
2009-2010,2009,Less urgent,3,Intra-Facility Transfer,Influenzal Pneumonia,Not Admitted,0,380,6.33,0,0
2009-2010,2009,Non-urgent,3,Intra-Facility Transfer,Influenzal Pneumonia,Not Admitted,0,0,0.0,0,0
2009-2010,2009,Unknown,3,Intra-Facility Transfer,Influenzal Pneumonia,Not Admitted,0,0,0.0,0,0
2009-2010,2009,CTAS III - Urgent,3,Intra-Facility Transfer,Motor Vehicle Collisions,Not Admitted,95,194,3.23,0,18430
2009-2010,2009,Less urgent,3,Intra-Facility Transfer,Motor Vehicle Collisions,Not Admitted,64,126,2.1,0,8064
2009-2010,2009,Non-urgent,3,Intra-Facility Transfer,Motor Vehicle Collisions,Not Admitted,15,76,1.27,0,1140
2009-2010,2009,Unknown,3,Intra-Facility Transfer,Motor Vehicle Collisions,Not Admitted,0,57,0.95,0,0
2009-2010,2009,CTAS III - Urgent,3,Intra-Facility Transfer,Pneumonia,Not Admitted,43,273,4.55,0,11739
2009-2010,2009,Less urgent,3,Intra-Facility Transfer,Pneumonia,Not Admitted,11,290,4.83,0,3190
2009-2010,2009,Non-urgent,3,Intra-Facility Transfer,Pneumonia,Not Admitted,0,0,0.0,0,0
2009-2010,2009,Unknown,3,Intra-Facility Transfer,Pneumonia,Not Admitted,0,0,0.0,0,0
2009-2010,2009,CTAS III - Urgent,3,Intra-Facility Transfer,Trauma,Not Admitted,1604,172,2.87,0,275888
2009-2010,2009,Less urgent,3,Intra-Facility Transfer,Trauma,Not Admitted,1112,135,2.25,0,150120
2009-2010,2009,Non-urgent,3,Intra-Facility Transfer,Trauma,Not Admitted,207,88,1.47,0,18216
2009-2010,2009,Unknown,3,Intra-Facility Transfer,Trauma,Not Admitted,29,67,1.12,0,1943
2009-2010,2009,CTAS III - Urgent,3,Intra-Facility Transfer,Unintentional Falls,Not Admitted,465,200,3.33,0,93000
2009-2010,2009,Less urgent,3,Intra-Facility Transfer,Unintentional Falls,Not Admitted,317,139,2.32,0,44063
2009-2010,2009,Non-urgent,3,Intra-Facility Transfer,Unintentional Falls,Not Admitted,41,86,1.43,0,3526
2009-2010,2009,Unknown,3,Intra-Facility Transfer,Unintentional Falls,Not Admitted,7,67,1.12,0,469
2009-2010,2009,CTAS III - Urgent,3,Not Seen Or Left,Acute Myocardial Infarction,Not Admitted,24,314,5.23,0,7536
2009-2010,2009,Less urgent,3,Not Seen Or Left,Acute Myocardial Infarction,Not Admitted,0,172,2.87,0,0
2009-2010,2009,Non-urgent,3,Not Seen Or Left,Acute Myocardial Infarction,Not Admitted,0,0,0.0,0,0
2009-2010,2009,Unknown,3,Not Seen Or Left,Acute Myocardial Infarction,Not Admitted,0,0,0.0,0,0
2009-2010,2009,CTAS III - Urgent,3,Not Seen Or Left,Asthma,Not Admitted,356,132,2.2,0,46992
2009-2010,2009,Less urgent,3,Not Seen Or Left,Asthma,Not Admitted,137,102,1.7,0,13974
2009-2010,2009,Non-urgent,3,Not Seen Or Left,Asthma,Not Admitted,7,50,0.83,0,350
2009-2010,2009,Unknown,3,Not Seen Or Left,Asthma,Not Admitted,7,14,0.23,0,98
2009-2010,2009,CTAS III - Urgent,3,Not Seen Or Left,Influenzal Pneumonia,Not Admitted,6,218,3.63,0,1308
2009-2010,2009,Less urgent,3,Not Seen Or Left,Influenzal Pneumonia,Not Admitted,16,153,2.55,0,2448
2009-2010,2009,Non-urgent,3,Not Seen Or Left,Influenzal Pneumonia,Not Admitted,0,8,0.13,0,0
2009-2010,2009,Unknown,3,Not Seen Or Left,Influenzal Pneumonia,Not Admitted,6,144,2.4,0,864
2009-2010,2009,CTAS III - Urgent,3,Not Seen Or Left,Motor Vehicle Collisions,Not Admitted,1196,146,2.43,0,174616
2009-2010,2009,Less urgent,3,Not Seen Or Left,Motor Vehicle Collisions,Not Admitted,1453,132,2.2,0,191796
2009-2010,2009,Non-urgent,3,Not Seen Or Left,Motor Vehicle Collisions,Not Admitted,105,86,1.43,0,9030
2009-2010,2009,Unknown,3,Not Seen Or Left,Motor Vehicle Collisions,Not Admitted,22,65,1.08,0,1430
2009-2010,2009,CTAS III - Urgent,3,Not Seen Or Left,Pneumonia,Not Admitted,109,234,3.9,0,25506
2009-2010,2009,Less urgent,3,Not Seen Or Left,Pneumonia,Not Admitted,72,162,2.7,0,11664
2009-2010,2009,Non-urgent,3,Not Seen Or Left,Pneumonia,Not Admitted,5,54,0.9,0,270
2009-2010,2009,Unknown,3,Not Seen Or Left,Pneumonia,Not Admitted,0,14,0.23,0,0
2009-2010,2009,CTAS III - Urgent,3,Not Seen Or Left,Trauma,Not Admitted,12466,132,2.2,0,1645512
2009-2010,2009,Less urgent,3,Not Seen Or Left,Trauma,Not Admitted,23918,124,2.07,0,2965832
2009-2010,2009,Non-urgent,3,Not Seen Or Left,Trauma,Not Admitted,2899,99,1.65,0,287001
2009-2010,2009,Unknown,3,Not Seen Or Left,Trauma,Not Admitted,925,17,0.28,0,15725
2009-2010,2009,CTAS III - Urgent,3,Not Seen Or Left,Unintentional Falls,Not Admitted,3405,139,2.32,0,473295
2009-2010,2009,Less urgent,3,Not Seen Or Left,Unintentional Falls,Not Admitted,5151,128,2.13,0,659328
2009-2010,2009,Non-urgent,3,Not Seen Or Left,Unintentional Falls,Not Admitted,432,97,1.62,0,41904
2009-2010,2009,Unknown,3,Not Seen Or Left,Unintentional Falls,Not Admitted,91,43,0.72,0,3913
2009-2010,2009,CTAS III - Urgent,3,Transferred,Acute Myocardial Infarction,Not Admitted,502,216,3.6,0,108432
2009-2010,2009,Less urgent,3,Transferred,Acute Myocardial Infarction,Not Admitted,32,218,3.63,0,6976
2009-2010,2009,Non-urgent,3,Transferred,Acute Myocardial Infarction,Not Admitted,0,985,16.42,0,0
2009-2010,2009,Unknown,3,Transferred,Acute Myocardial Infarction,Not Admitted,15,66,1.1,0,990
2009-2010,2009,CTAS III - Urgent,3,Transferred,Asthma,Not Admitted,121,276,4.6,0,33396
2009-2010,2009,Less urgent,3,Transferred,Asthma,Not Admitted,15,210,3.5,0,3150
2009-2010,2009,Non-urgent,3,Transferred,Asthma,Not Admitted,0,0,0.0,0,0
2009-2010,2009,Unknown,3,Transferred,Asthma,Not Admitted,0,205,3.42,0,0
2009-2010,2009,CTAS III - Urgent,3,Transferred,Influenzal Pneumonia,Not Admitted,28,311,5.18,0,8708
2009-2010,2009,Less urgent,3,Transferred,Influenzal Pneumonia,Not Admitted,0,227,3.78,0,0
2009-2010,2009,Non-urgent,3,Transferred,Influenzal Pneumonia,Not Admitted,0,195,3.25,0,0
2009-2010,2009,Unknown,3,Transferred,Influenzal Pneumonia,Not Admitted,0,85,1.42,0,0
2009-2010,2009,CTAS III - Urgent,3,Transferred,Motor Vehicle Collisions,Not Admitted,671,220,3.67,0,147620
2009-2010,2009,Less urgent,3,Transferred,Motor Vehicle Collisions,Not Admitted,151,205,3.42,0,30955
2009-2010,2009,Non-urgent,3,Transferred,Motor Vehicle Collisions,Not Admitted,12,258,4.3,0,3096
2009-2010,2009,Unknown,3,Transferred,Motor Vehicle Collisions,Not Admitted,23,140,2.33,0,3220
2009-2010,2009,CTAS III - Urgent,3,Transferred,Pneumonia,Not Admitted,603,272,4.53,0,164016
2009-2010,2009,Less urgent,3,Transferred,Pneumonia,Not Admitted,103,302,5.03,0,31106
2009-2010,2009,Non-urgent,3,Transferred,Pneumonia,Not Admitted,5,520,8.67,0,2600
2009-2010,2009,Unknown,3,Transferred,Pneumonia,Not Admitted,5,244,4.07,0,1220
2009-2010,2009,CTAS III - Urgent,3,Transferred,Trauma,Not Admitted,5208,223,3.72,0,1161384
2009-2010,2009,Less urgent,3,Transferred,Trauma,Not Admitted,1960,196,3.27,0,384160
2009-2010,2009,Non-urgent,3,Transferred,Trauma,Not Admitted,129,150,2.5,0,19350
2009-2010,2009,Unknown,3,Transferred,Trauma,Not Admitted,65,155,2.58,0,10075
2009-2010,2009,CTAS III - Urgent,3,Transferred,Unintentional Falls,Not Admitted,2712,253,4.22,0,686136
2009-2010,2009,Less urgent,3,Transferred,Unintentional Falls,Not Admitted,932,235,3.92,0,219020
2009-2010,2009,Non-urgent,3,Transferred,Unintentional Falls,Not Admitted,40,152,2.53,0,6080
2009-2010,2009,Unknown,3,Transferred,Unintentional Falls,Not Admitted,21,164,2.73,0,3444
2009-2010,2009,CTAS III - Urgent,3,Unknown,Acute Myocardial Infarction,Not Admitted,0,0,0.0,0,0
2009-2010,2009,Less urgent,3,Unknown,Acute Myocardial Infarction,Not Admitted,0,0,0.0,0,0
2009-2010,2009,Non-urgent,3,Unknown,Acute Myocardial Infarction,Not Admitted,0,0,0.0,0,0
2009-2010,2009,Unknown,3,Unknown,Acute Myocardial Infarction,Not Admitted,0,0,0.0,0,0
2009-2010,2009,CTAS III - Urgent,3,Unknown,Asthma,Not Admitted,0,0,0.0,0,0
2009-2010,2009,Less urgent,3,Unknown,Asthma,Not Admitted,0,0,0.0,0,0
2009-2010,2009,Non-urgent,3,Unknown,Asthma,Not Admitted,0,0,0.0,0,0
2009-2010,2009,Unknown,3,Unknown,Asthma,Not Admitted,0,0,0.0,0,0
2009-2010,2009,CTAS III - Urgent,3,Unknown,Influenzal Pneumonia,Not Admitted,0,0,0.0,0,0
2009-2010,2009,Less urgent,3,Unknown,Influenzal Pneumonia,Not Admitted,0,0,0.0,0,0
2009-2010,2009,Non-urgent,3,Unknown,Influenzal Pneumonia,Not Admitted,0,0,0.0,0,0
2009-2010,2009,Unknown,3,Unknown,Influenzal Pneumonia,Not Admitted,0,0,0.0,0,0
2009-2010,2009,CTAS III - Urgent,3,Unknown,Motor Vehicle Collisions,Not Admitted,0,0,0.0,0,0
2009-2010,2009,Less urgent,3,Unknown,Motor Vehicle Collisions,Not Admitted,0,0,0.0,0,0
2009-2010,2009,Non-urgent,3,Unknown,Motor Vehicle Collisions,Not Admitted,0,0,0.0,0,0
2009-2010,2009,Unknown,3,Unknown,Motor Vehicle Collisions,Not Admitted,0,0,0.0,0,0
2009-2010,2009,CTAS III - Urgent,3,Unknown,Pneumonia,Not Admitted,0,0,0.0,0,0
2009-2010,2009,Less urgent,3,Unknown,Pneumonia,Not Admitted,0,0,0.0,0,0
2009-2010,2009,Non-urgent,3,Unknown,Pneumonia,Not Admitted,0,0,0.0,0,0
2009-2010,2009,Unknown,3,Unknown,Pneumonia,Not Admitted,0,0,0.0,0,0
2009-2010,2009,CTAS III - Urgent,3,Unknown,Trauma,Not Admitted,0,0,0.0,0,0
2009-2010,2009,Less urgent,3,Unknown,Trauma,Not Admitted,0,0,0.0,0,0
2009-2010,2009,Non-urgent,3,Unknown,Trauma,Not Admitted,0,0,0.0,0,0
2009-2010,2009,Unknown,3,Unknown,Trauma,Not Admitted,0,0,0.0,0,0
2009-2010,2009,CTAS III - Urgent,3,Unknown,Unintentional Falls,Not Admitted,0,0,0.0,0,0
2009-2010,2009,Less urgent,3,Unknown,Unintentional Falls,Not Admitted,0,0,0.0,0,0
2009-2010,2009,Non-urgent,3,Unknown,Unintentional Falls,Not Admitted,0,0,0.0,0,0
2009-2010,2009,Unknown,3,Unknown,Unintentional Falls,Not Admitted,0,0,0.0,0,0
2008-2009,2008,CTAS I - Resuscitation,1,Admitted,Acute Myocardial Infarction,Admitted,739,194,3.23,1,143366
2008-2009,2008,CTAS I - Resuscitation,1,Admitted,Asthma,Admitted,364,370,6.17,1,134680
2008-2009,2008,CTAS I - Resuscitation,1,Admitted,Influenzal Pneumonia,Admitted,0,0,0.0,1,0
2008-2009,2008,CTAS I - Resuscitation,1,Admitted,Motor Vehicle Collisions,Admitted,1405,230,3.83,1,323150
2008-2009,2008,CTAS I - Resuscitation,1,Admitted,Pneumonia,Admitted,646,493,8.22,1,318478
2008-2009,2008,CTAS I - Resuscitation,1,Admitted,Trauma,Admitted,3426,235,3.92,1,805110
2008-2009,2008,CTAS I - Resuscitation,1,Admitted,Unintentional Falls,Admitted,784,294,4.9,1,230496
2008-2009,2008,CTAS I - Resuscitation,1,Death,Acute Myocardial Infarction,Not Admitted,514,20,0.33,0,10280
2008-2009,2008,CTAS I - Resuscitation,1,Death,Asthma,Not Admitted,0,102,1.7,0,0
2008-2009,2008,CTAS I - Resuscitation,1,Death,Influenzal Pneumonia,Not Admitted,0,0,0.0,0,0
2008-2009,2008,CTAS I - Resuscitation,1,Death,Motor Vehicle Collisions,Not Admitted,164,24,0.4,0,3936
2008-2009,2008,CTAS I - Resuscitation,1,Death,Pneumonia,Not Admitted,24,66,1.1,0,1584
2008-2009,2008,CTAS I - Resuscitation,1,Death,Trauma,Not Admitted,447,28,0.47,0,12516
2008-2009,2008,CTAS I - Resuscitation,1,Death,Unintentional Falls,Not Admitted,68,110,1.83,0,7480
2008-2009,2008,CTAS I - Resuscitation,1,Discharged Home,Acute Myocardial Infarction,Not Admitted,18,91,1.52,0,1638
2008-2009,2008,CTAS I - Resuscitation,1,Discharged Home,Asthma,Not Admitted,262,220,3.67,0,57640
2008-2009,2008,CTAS I - Resuscitation,1,Discharged Home,Influenzal Pneumonia,Not Admitted,0,0,0.0,0,0
2008-2009,2008,CTAS I - Resuscitation,1,Discharged Home,Motor Vehicle Collisions,Not Admitted,327,260,4.33,0,85020
2008-2009,2008,CTAS I - Resuscitation,1,Discharged Home,Pneumonia,Not Admitted,65,277,4.62,0,18005
2008-2009,2008,CTAS I - Resuscitation,1,Discharged Home,Trauma,Not Admitted,1651,236,3.93,0,389636
2008-2009,2008,CTAS I - Resuscitation,1,Discharged Home,Unintentional Falls,Not Admitted,287,256,4.27,0,73472
2008-2009,2008,CTAS I - Resuscitation,1,Intra-Facility Transfer,Acute Myocardial Infarction,Not Admitted,6,21,0.35,0,126
2008-2009,2008,CTAS I - Resuscitation,1,Intra-Facility Transfer,Asthma,Not Admitted,0,0,0.0,0,0
2008-2009,2008,CTAS I - Resuscitation,1,Intra-Facility Transfer,Influenzal Pneumonia,Not Admitted,0,0,0.0,0,0
2008-2009,2008,CTAS I - Resuscitation,1,Intra-Facility Transfer,Motor Vehicle Collisions,Not Admitted,0,213,3.55,0,0
2008-2009,2008,CTAS I - Resuscitation,1,Intra-Facility Transfer,Pneumonia,Not Admitted,0,185,3.08,0,0
2008-2009,2008,CTAS I - Resuscitation,1,Intra-Facility Transfer,Trauma,Not Admitted,25,140,2.33,0,3500
2008-2009,2008,CTAS I - Resuscitation,1,Intra-Facility Transfer,Unintentional Falls,Not Admitted,0,501,8.35,0,0
2008-2009,2008,CTAS I - Resuscitation,1,Not Seen Or Left,Acute Myocardial Infarction,Not Admitted,0,0,0.0,0,0
2008-2009,2008,CTAS I - Resuscitation,1,Not Seen Or Left,Asthma,Not Admitted,9,113,1.88,0,1017
2008-2009,2008,CTAS I - Resuscitation,1,Not Seen Or Left,Influenzal Pneumonia,Not Admitted,0,0,0.0,0,0
2008-2009,2008,CTAS I - Resuscitation,1,Not Seen Or Left,Motor Vehicle Collisions,Not Admitted,6,205,3.42,0,1230
2008-2009,2008,CTAS I - Resuscitation,1,Not Seen Or Left,Pneumonia,Not Admitted,0,162,2.7,0,0
2008-2009,2008,CTAS I - Resuscitation,1,Not Seen Or Left,Trauma,Not Admitted,34,172,2.87,0,5848
2008-2009,2008,CTAS I - Resuscitation,1,Not Seen Or Left,Unintentional Falls,Not Admitted,7,355,5.92,0,2485
2008-2009,2008,CTAS I - Resuscitation,1,Transferred,Acute Myocardial Infarction,Not Admitted,372,127,2.12,0,47244
2008-2009,2008,CTAS I - Resuscitation,1,Transferred,Asthma,Not Admitted,27,195,3.25,0,5265
2008-2009,2008,CTAS I - Resuscitation,1,Transferred,Influenzal Pneumonia,Not Admitted,0,0,0.0,0,0
2008-2009,2008,CTAS I - Resuscitation,1,Transferred,Motor Vehicle Collisions,Not Admitted,330,139,2.32,0,45870
2008-2009,2008,CTAS I - Resuscitation,1,Transferred,Pneumonia,Not Admitted,29,210,3.5,0,6090
2008-2009,2008,CTAS I - Resuscitation,1,Transferred,Trauma,Not Admitted,783,159,2.65,0,124497
2008-2009,2008,CTAS I - Resuscitation,1,Transferred,Unintentional Falls,Not Admitted,162,198,3.3,0,32076
2008-2009,2008,CTAS I - Resuscitation,1,Unknown,Acute Myocardial Infarction,Not Admitted,8,114,1.9,0,912
2008-2009,2008,CTAS I - Resuscitation,1,Unknown,Asthma,Not Admitted,0,101,1.68,0,0
2008-2009,2008,CTAS I - Resuscitation,1,Unknown,Influenzal Pneumonia,Not Admitted,0,0,0.0,0,0
2008-2009,2008,CTAS I - Resuscitation,1,Unknown,Motor Vehicle Collisions,Not Admitted,10,51,0.85,0,510
2008-2009,2008,CTAS I - Resuscitation,1,Unknown,Pneumonia,Not Admitted,0,662,11.03,0,0
2008-2009,2008,CTAS I - Resuscitation,1,Unknown,Trauma,Not Admitted,21,76,1.27,0,1596
2008-2009,2008,CTAS I - Resuscitation,1,Unknown,Unintentional Falls,Not Admitted,0,274,4.57,0,0
2008-2009,2008,CTAS II - Emergent,2,Admitted,Acute Myocardial Infarction,Admitted,7637,445,7.42,1,3398465
2008-2009,2008,CTAS II - Emergent,2,Admitted,Asthma,Admitted,2951,460,7.67,1,1357460
2008-2009,2008,CTAS II - Emergent,2,Admitted,Influenzal Pneumonia,Admitted,5,466,7.77,1,2330
2008-2009,2008,CTAS II - Emergent,2,Admitted,Motor Vehicle Collisions,Admitted,2713,393,6.55,1,1066209
2008-2009,2008,CTAS II - Emergent,2,Admitted,Pneumonia,Admitted,9525,699,11.65,1,6657975
2008-2009,2008,CTAS II - Emergent,2,Admitted,Trauma,Admitted,13539,443,7.38,1,5997777
2008-2009,2008,CTAS II - Emergent,2,Admitted,Unintentional Falls,Admitted,7157,498,8.3,1,3564186
2008-2009,2008,CTAS II - Emergent,2,Death,Acute Myocardial Infarction,Not Admitted,117,142,2.37,0,16614
2008-2009,2008,CTAS II - Emergent,2,Death,Asthma,Not Admitted,0,0,0.0,0,0
2008-2009,2008,CTAS II - Emergent,2,Death,Influenzal Pneumonia,Not Admitted,0,170,2.83,0,0
2008-2009,2008,CTAS II - Emergent,2,Death,Motor Vehicle Collisions,Not Admitted,9,111,1.85,0,999
2008-2009,2008,CTAS II - Emergent,2,Death,Pneumonia,Not Admitted,43,209,3.48,0,8987
2008-2009,2008,CTAS II - Emergent,2,Death,Trauma,Not Admitted,35,185,3.08,0,6475
2008-2009,2008,CTAS II - Emergent,2,Death,Unintentional Falls,Not Admitted,20,257,4.28,0,5140
2008-2009,2008,CTAS II - Emergent,2,Discharged Home,Acute Myocardial Infarction,Not Admitted,307,326,5.43,0,100082
2008-2009,2008,CTAS II - Emergent,2,Discharged Home,Asthma,Not Admitted,12257,190,3.17,0,2328830
2008-2009,2008,CTAS II - Emergent,2,Discharged Home,Influenzal Pneumonia,Not Admitted,0,204,3.4,0,0
2008-2009,2008,CTAS II - Emergent,2,Discharged Home,Motor Vehicle Collisions,Not Admitted,14199,183,3.05,0,2598417
2008-2009,2008,CTAS II - Emergent,2,Discharged Home,Pneumonia,Not Admitted,7092,240,4.0,0,1702080
2008-2009,2008,CTAS II - Emergent,2,Discharged Home,Trauma,Not Admitted,73994,170,2.83,0,12578980
2008-2009,2008,CTAS II - Emergent,2,Discharged Home,Unintentional Falls,Not Admitted,21325,200,3.33,0,4265000
2008-2009,2008,CTAS II - Emergent,2,Intra-Facility Transfer,Acute Myocardial Infarction,Not Admitted,42,52,0.87,0,2184
2008-2009,2008,CTAS II - Emergent,2,Intra-Facility Transfer,Asthma,Not Admitted,53,122,2.03,0,6466
2008-2009,2008,CTAS II - Emergent,2,Intra-Facility Transfer,Influenzal Pneumonia,Not Admitted,0,0,0.0,0,0
2008-2009,2008,CTAS II - Emergent,2,Intra-Facility Transfer,Motor Vehicle Collisions,Not Admitted,57,179,2.98,0,10203
2008-2009,2008,CTAS II - Emergent,2,Intra-Facility Transfer,Pneumonia,Not Admitted,28,138,2.3,0,3864
2008-2009,2008,CTAS II - Emergent,2,Intra-Facility Transfer,Trauma,Not Admitted,654,170,2.83,0,111180
2008-2009,2008,CTAS II - Emergent,2,Intra-Facility Transfer,Unintentional Falls,Not Admitted,163,193,3.22,0,31459
2008-2009,2008,CTAS II - Emergent,2,Not Seen Or Left,Acute Myocardial Infarction,Not Admitted,31,290,4.83,0,8990
2008-2009,2008,CTAS II - Emergent,2,Not Seen Or Left,Asthma,Not Admitted,133,172,2.87,0,22876
2008-2009,2008,CTAS II - Emergent,2,Not Seen Or Left,Influenzal Pneumonia,Not Admitted,0,0,0.0,0,0
2008-2009,2008,CTAS II - Emergent,2,Not Seen Or Left,Motor Vehicle Collisions,Not Admitted,179,150,2.5,0,26850
2008-2009,2008,CTAS II - Emergent,2,Not Seen Or Left,Pneumonia,Not Admitted,37,284,4.73,0,10508
2008-2009,2008,CTAS II - Emergent,2,Not Seen Or Left,Trauma,Not Admitted,1342,140,2.33,0,187880
2008-2009,2008,CTAS II - Emergent,2,Not Seen Or Left,Unintentional Falls,Not Admitted,344,170,2.83,0,58480
2008-2009,2008,CTAS II - Emergent,2,Transferred,Acute Myocardial Infarction,Not Admitted,1708,143,2.38,0,244244
2008-2009,2008,CTAS II - Emergent,2,Transferred,Asthma,Not Admitted,221,280,4.67,0,61880
2008-2009,2008,CTAS II - Emergent,2,Transferred,Influenzal Pneumonia,Not Admitted,0,0,0.0,0,0
2008-2009,2008,CTAS II - Emergent,2,Transferred,Motor Vehicle Collisions,Not Admitted,996,214,3.57,0,213144
2008-2009,2008,CTAS II - Emergent,2,Transferred,Pneumonia,Not Admitted,429,264,4.4,0,113256
2008-2009,2008,CTAS II - Emergent,2,Transferred,Trauma,Not Admitted,3475,208,3.47,0,722800
2008-2009,2008,CTAS II - Emergent,2,Transferred,Unintentional Falls,Not Admitted,1149,240,4.0,0,275760
2008-2009,2008,CTAS II - Emergent,2,Unknown,Acute Myocardial Infarction,Not Admitted,24,122,2.03,0,2928
2008-2009,2008,CTAS II - Emergent,2,Unknown,Asthma,Not Admitted,33,112,1.87,0,3696
2008-2009,2008,CTAS II - Emergent,2,Unknown,Influenzal Pneumonia,Not Admitted,0,0,0.0,0,0
2008-2009,2008,CTAS II - Emergent,2,Unknown,Motor Vehicle Collisions,Not Admitted,45,114,1.9,0,5130
2008-2009,2008,CTAS II - Emergent,2,Unknown,Pneumonia,Not Admitted,48,150,2.5,0,7200
2008-2009,2008,CTAS II - Emergent,2,Unknown,Trauma,Not Admitted,219,114,1.9,0,24966
2008-2009,2008,CTAS II - Emergent,2,Unknown,Unintentional Falls,Not Admitted,68,128,2.13,0,8704
2008-2009,2008,CTAS III - Urgent,3,Admitted,Acute Myocardial Infarction,Admitted,3440,545,9.08,1,1874800
2008-2009,2008,Less urgent,3,Admitted,Acute Myocardial Infarction,Admitted,350,484,8.07,1,169400
2008-2009,2008,Non-urgent,3,Admitted,Acute Myocardial Infarction,Admitted,38,202,3.37,1,7676
2008-2009,2008,Unknown,3,Admitted,Acute Myocardial Infarction,Admitted,0,0,0.0,1,0
2008-2009,2008,CTAS III - Urgent,3,Admitted,Asthma,Admitted,1628,526,8.77,1,856328
2008-2009,2008,Less urgent,3,Admitted,Asthma,Admitted,141,322,5.37,1,45402
2008-2009,2008,Non-urgent,3,Admitted,Asthma,Admitted,19,67,1.12,1,1273
2008-2009,2008,Unknown,3,Admitted,Asthma,Admitted,0,0,0.0,1,0
2008-2009,2008,CTAS III - Urgent,3,Admitted,Influenzal Pneumonia,Admitted,0,1096,18.27,1,0
2008-2009,2008,Less urgent,3,Admitted,Influenzal Pneumonia,Admitted,0,0,0.0,1,0
2008-2009,2008,Non-urgent,3,Admitted,Influenzal Pneumonia,Admitted,0,1618,26.97,1,0
2008-2009,2008,Unknown,3,Admitted,Influenzal Pneumonia,Admitted,0,0,0.0,1,0
2008-2009,2008,CTAS III - Urgent,3,Admitted,Motor Vehicle Collisions,Admitted,1964,402,6.7,1,789528
2008-2009,2008,Less urgent,3,Admitted,Motor Vehicle Collisions,Admitted,428,365,6.08,1,156220
2008-2009,2008,Non-urgent,3,Admitted,Motor Vehicle Collisions,Admitted,56,288,4.8,1,16128
2008-2009,2008,Unknown,3,Admitted,Motor Vehicle Collisions,Admitted,0,0,0.0,1,0
2008-2009,2008,CTAS III - Urgent,3,Admitted,Pneumonia,Admitted,10857,745,12.42,1,8088465
2008-2009,2008,Less urgent,3,Admitted,Pneumonia,Admitted,1300,436,7.27,1,566800
2008-2009,2008,Non-urgent,3,Admitted,Pneumonia,Admitted,114,322,5.37,1,36708
2008-2009,2008,Unknown,3,Admitted,Pneumonia,Admitted,0,0,0.0,1,0
2008-2009,2008,CTAS III - Urgent,3,Admitted,Trauma,Admitted,26256,497,8.28,1,13049232
2008-2009,2008,Less urgent,3,Admitted,Trauma,Admitted,6089,426,7.1,1,2593914
2008-2009,2008,Non-urgent,3,Admitted,Trauma,Admitted,544,300,5.0,1,163200
2008-2009,2008,Unknown,3,Admitted,Trauma,Admitted,0,0,0.0,1,0
2008-2009,2008,CTAS III - Urgent,3,Admitted,Unintentional Falls,Admitted,19247,527,8.78,1,10143169
2008-2009,2008,Less urgent,3,Admitted,Unintentional Falls,Admitted,3940,456,7.6,1,1796640
2008-2009,2008,Non-urgent,3,Admitted,Unintentional Falls,Admitted,300,305,5.08,1,91500
2008-2009,2008,Unknown,3,Admitted,Unintentional Falls,Admitted,0,0,0.0,1,0
2008-2009,2008,CTAS III - Urgent,3,Death,Acute Myocardial Infarction,Not Admitted,27,311,5.18,0,8397
2008-2009,2008,Less urgent,3,Death,Acute Myocardial Infarction,Not Admitted,0,26,0.43,0,0
2008-2009,2008,Non-urgent,3,Death,Acute Myocardial Infarction,Not Admitted,15,25,0.42,0,375
2008-2009,2008,Unknown,3,Death,Acute Myocardial Infarction,Not Admitted,0,0,0.0,0,0
2008-2009,2008,CTAS III - Urgent,3,Death,Asthma,Not Admitted,0,0,0.0,0,0
2008-2009,2008,Less urgent,3,Death,Asthma,Not Admitted,0,0,0.0,0,0
2008-2009,2008,Non-urgent,3,Death,Asthma,Not Admitted,0,0,0.0,0,0
2008-2009,2008,Unknown,3,Death,Asthma,Not Admitted,0,0,0.0,0,0
2008-2009,2008,CTAS III - Urgent,3,Death,Influenzal Pneumonia,Not Admitted,0,0,0.0,0,0
2008-2009,2008,Less urgent,3,Death,Influenzal Pneumonia,Not Admitted,0,0,0.0,0,0
2008-2009,2008,Non-urgent,3,Death,Influenzal Pneumonia,Not Admitted,0,0,0.0,0,0
2008-2009,2008,Unknown,3,Death,Influenzal Pneumonia,Not Admitted,0,0,0.0,0,0
2008-2009,2008,CTAS III - Urgent,3,Death,Motor Vehicle Collisions,Not Admitted,0,1,0.02,0,0
2008-2009,2008,Less urgent,3,Death,Motor Vehicle Collisions,Not Admitted,0,0,0.0,0,0
2008-2009,2008,Non-urgent,3,Death,Motor Vehicle Collisions,Not Admitted,6,120,2.0,0,720
2008-2009,2008,Unknown,3,Death,Motor Vehicle Collisions,Not Admitted,0,0,0.0,0,0
2008-2009,2008,CTAS III - Urgent,3,Death,Pneumonia,Not Admitted,14,414,6.9,0,5796
2008-2009,2008,Less urgent,3,Death,Pneumonia,Not Admitted,0,0,0.0,0,0
2008-2009,2008,Non-urgent,3,Death,Pneumonia,Not Admitted,0,0,0.0,0,0
2008-2009,2008,Unknown,3,Death,Pneumonia,Not Admitted,0,0,0.0,0,0
2008-2009,2008,CTAS III - Urgent,3,Death,Trauma,Not Admitted,17,277,4.62,0,4709
2008-2009,2008,Less urgent,3,Death,Trauma,Not Admitted,13,186,3.1,0,2418
2008-2009,2008,Non-urgent,3,Death,Trauma,Not Admitted,10,75,1.25,0,750
2008-2009,2008,Unknown,3,Death,Trauma,Not Admitted,0,0,0.0,0,0
2008-2009,2008,CTAS III - Urgent,3,Death,Unintentional Falls,Not Admitted,14,340,5.67,0,4760
2008-2009,2008,Less urgent,3,Death,Unintentional Falls,Not Admitted,5,258,4.3,0,1290
2008-2009,2008,Non-urgent,3,Death,Unintentional Falls,Not Admitted,0,0,0.0,0,0
2008-2009,2008,Unknown,3,Death,Unintentional Falls,Not Admitted,0,0,0.0,0,0
2008-2009,2008,CTAS III - Urgent,3,Discharged Home,Acute Myocardial Infarction,Not Admitted,147,485,8.08,0,71295
2008-2009,2008,Less urgent,3,Discharged Home,Acute Myocardial Infarction,Not Admitted,27,315,5.25,0,8505
2008-2009,2008,Non-urgent,3,Discharged Home,Acute Myocardial Infarction,Not Admitted,24,20,0.33,0,480
2008-2009,2008,Unknown,3,Discharged Home,Acute Myocardial Infarction,Not Admitted,0,0,0.0,0,0
2008-2009,2008,CTAS III - Urgent,3,Discharged Home,Asthma,Not Admitted,27197,160,2.67,0,4351520
2008-2009,2008,Less urgent,3,Discharged Home,Asthma,Not Admitted,14903,110,1.83,0,1639330
2008-2009,2008,Non-urgent,3,Discharged Home,Asthma,Not Admitted,2396,71,1.18,0,170116
2008-2009,2008,Unknown,3,Discharged Home,Asthma,Not Admitted,0,0,0.0,0,0
2008-2009,2008,CTAS III - Urgent,3,Discharged Home,Influenzal Pneumonia,Not Admitted,34,188,3.13,0,6392
2008-2009,2008,Less urgent,3,Discharged Home,Influenzal Pneumonia,Not Admitted,26,114,1.9,0,2964
2008-2009,2008,Non-urgent,3,Discharged Home,Influenzal Pneumonia,Not Admitted,7,67,1.12,0,469
2008-2009,2008,Unknown,3,Discharged Home,Influenzal Pneumonia,Not Admitted,0,0,0.0,0,0
2008-2009,2008,CTAS III - Urgent,3,Discharged Home,Motor Vehicle Collisions,Not Admitted,40713,154,2.57,0,6269802
2008-2009,2008,Less urgent,3,Discharged Home,Motor Vehicle Collisions,Not Admitted,41189,127,2.12,0,5231003
2008-2009,2008,Non-urgent,3,Discharged Home,Motor Vehicle Collisions,Not Admitted,3786,100,1.67,0,378600
2008-2009,2008,Unknown,3,Discharged Home,Motor Vehicle Collisions,Not Admitted,0,0,0.0,0,0
2008-2009,2008,CTAS III - Urgent,3,Discharged Home,Pneumonia,Not Admitted,24972,203,3.38,0,5069316
2008-2009,2008,Less urgent,3,Discharged Home,Pneumonia,Not Admitted,16187,130,2.17,0,2104310
2008-2009,2008,Non-urgent,3,Discharged Home,Pneumonia,Not Admitted,1950,90,1.5,0,175500
2008-2009,2008,Unknown,3,Discharged Home,Pneumonia,Not Admitted,0,0,0.0,0,0
2008-2009,2008,CTAS III - Urgent,3,Discharged Home,Trauma,Not Admitted,358572,146,2.43,0,52351512
2008-2009,2008,Less urgent,3,Discharged Home,Trauma,Not Admitted,664001,118,1.97,0,78352118
2008-2009,2008,Non-urgent,3,Discharged Home,Trauma,Not Admitted,82776,90,1.5,0,7449840
2008-2009,2008,Unknown,3,Discharged Home,Trauma,Not Admitted,0,0,0.0,0,0
2008-2009,2008,CTAS III - Urgent,3,Discharged Home,Unintentional Falls,Not Admitted,123811,167,2.78,0,20676437
2008-2009,2008,Less urgent,3,Discharged Home,Unintentional Falls,Not Admitted,183388,129,2.15,0,23657052
2008-2009,2008,Non-urgent,3,Discharged Home,Unintentional Falls,Not Admitted,16751,99,1.65,0,1658349
2008-2009,2008,Unknown,3,Discharged Home,Unintentional Falls,Not Admitted,0,0,0.0,0,0
2008-2009,2008,CTAS III - Urgent,3,Intra-Facility Transfer,Acute Myocardial Infarction,Not Admitted,9,144,2.4,0,1296
2008-2009,2008,Less urgent,3,Intra-Facility Transfer,Acute Myocardial Infarction,Not Admitted,0,88,1.47,0,0
2008-2009,2008,Non-urgent,3,Intra-Facility Transfer,Acute Myocardial Infarction,Not Admitted,0,0,0.0,0,0
2008-2009,2008,Unknown,3,Intra-Facility Transfer,Acute Myocardial Infarction,Not Admitted,0,0,0.0,0,0
2008-2009,2008,CTAS III - Urgent,3,Intra-Facility Transfer,Asthma,Not Admitted,25,107,1.78,0,2675
2008-2009,2008,Less urgent,3,Intra-Facility Transfer,Asthma,Not Admitted,0,479,7.98,0,0
2008-2009,2008,Non-urgent,3,Intra-Facility Transfer,Asthma,Not Admitted,0,249,4.15,0,0
2008-2009,2008,Unknown,3,Intra-Facility Transfer,Asthma,Not Admitted,0,0,0.0,0,0
2008-2009,2008,CTAS III - Urgent,3,Intra-Facility Transfer,Influenzal Pneumonia,Not Admitted,0,0,0.0,0,0
2008-2009,2008,Less urgent,3,Intra-Facility Transfer,Influenzal Pneumonia,Not Admitted,0,0,0.0,0,0
2008-2009,2008,Non-urgent,3,Intra-Facility Transfer,Influenzal Pneumonia,Not Admitted,0,0,0.0,0,0
2008-2009,2008,Unknown,3,Intra-Facility Transfer,Influenzal Pneumonia,Not Admitted,0,0,0.0,0,0
2008-2009,2008,CTAS III - Urgent,3,Intra-Facility Transfer,Motor Vehicle Collisions,Not Admitted,95,163,2.72,0,15485
2008-2009,2008,Less urgent,3,Intra-Facility Transfer,Motor Vehicle Collisions,Not Admitted,56,104,1.73,0,5824
2008-2009,2008,Non-urgent,3,Intra-Facility Transfer,Motor Vehicle Collisions,Not Admitted,7,53,0.88,0,371
2008-2009,2008,Unknown,3,Intra-Facility Transfer,Motor Vehicle Collisions,Not Admitted,0,0,0.0,0,0
2008-2009,2008,CTAS III - Urgent,3,Intra-Facility Transfer,Pneumonia,Not Admitted,34,234,3.9,0,7956
2008-2009,2008,Less urgent,3,Intra-Facility Transfer,Pneumonia,Not Admitted,19,278,4.63,0,5282
2008-2009,2008,Non-urgent,3,Intra-Facility Transfer,Pneumonia,Not Admitted,0,145,2.42,0,0
2008-2009,2008,Unknown,3,Intra-Facility Transfer,Pneumonia,Not Admitted,0,0,0.0,0,0
2008-2009,2008,CTAS III - Urgent,3,Intra-Facility Transfer,Trauma,Not Admitted,1676,179,2.98,0,300004
2008-2009,2008,Less urgent,3,Intra-Facility Transfer,Trauma,Not Admitted,1113,143,2.38,0,159159
2008-2009,2008,Non-urgent,3,Intra-Facility Transfer,Trauma,Not Admitted,187,83,1.38,0,15521
2008-2009,2008,Unknown,3,Intra-Facility Transfer,Trauma,Not Admitted,0,0,0.0,0,0
2008-2009,2008,CTAS III - Urgent,3,Intra-Facility Transfer,Unintentional Falls,Not Admitted,547,180,3.0,0,98460
2008-2009,2008,Less urgent,3,Intra-Facility Transfer,Unintentional Falls,Not Admitted,377,146,2.43,0,55042
2008-2009,2008,Non-urgent,3,Intra-Facility Transfer,Unintentional Falls,Not Admitted,46,80,1.33,0,3680
2008-2009,2008,Unknown,3,Intra-Facility Transfer,Unintentional Falls,Not Admitted,0,0,0.0,0,0
2008-2009,2008,CTAS III - Urgent,3,Not Seen Or Left,Acute Myocardial Infarction,Not Admitted,19,505,8.42,0,9595
2008-2009,2008,Less urgent,3,Not Seen Or Left,Acute Myocardial Infarction,Not Admitted,5,422,7.03,0,2110
2008-2009,2008,Non-urgent,3,Not Seen Or Left,Acute Myocardial Infarction,Not Admitted,0,0,0.0,0,0
2008-2009,2008,Unknown,3,Not Seen Or Left,Acute Myocardial Infarction,Not Admitted,0,0,0.0,0,0
2008-2009,2008,CTAS III - Urgent,3,Not Seen Or Left,Asthma,Not Admitted,369,131,2.18,0,48339
2008-2009,2008,Less urgent,3,Not Seen Or Left,Asthma,Not Admitted,143,119,1.98,0,17017
2008-2009,2008,Non-urgent,3,Not Seen Or Left,Asthma,Not Admitted,14,73,1.22,0,1022
2008-2009,2008,Unknown,3,Not Seen Or Left,Asthma,Not Admitted,0,77,1.28,0,0
2008-2009,2008,CTAS III - Urgent,3,Not Seen Or Left,Influenzal Pneumonia,Not Admitted,0,292,4.87,0,0
2008-2009,2008,Less urgent,3,Not Seen Or Left,Influenzal Pneumonia,Not Admitted,0,369,6.15,0,0
2008-2009,2008,Non-urgent,3,Not Seen Or Left,Influenzal Pneumonia,Not Admitted,0,0,0.0,0,0
2008-2009,2008,Unknown,3,Not Seen Or Left,Influenzal Pneumonia,Not Admitted,0,0,0.0,0,0
2008-2009,2008,CTAS III - Urgent,3,Not Seen Or Left,Motor Vehicle Collisions,Not Admitted,1263,146,2.43,0,184398
2008-2009,2008,Less urgent,3,Not Seen Or Left,Motor Vehicle Collisions,Not Admitted,1550,130,2.17,0,201500
2008-2009,2008,Non-urgent,3,Not Seen Or Left,Motor Vehicle Collisions,Not Admitted,138,105,1.75,0,14490
2008-2009,2008,Unknown,3,Not Seen Or Left,Motor Vehicle Collisions,Not Admitted,9,20,0.33,0,180
2008-2009,2008,CTAS III - Urgent,3,Not Seen Or Left,Pneumonia,Not Admitted,111,248,4.13,0,27528
2008-2009,2008,Less urgent,3,Not Seen Or Left,Pneumonia,Not Admitted,42,128,2.13,0,5376
2008-2009,2008,Non-urgent,3,Not Seen Or Left,Pneumonia,Not Admitted,7,90,1.5,0,630
2008-2009,2008,Unknown,3,Not Seen Or Left,Pneumonia,Not Admitted,0,1,0.02,0,0
2008-2009,2008,CTAS III - Urgent,3,Not Seen Or Left,Trauma,Not Admitted,11950,134,2.23,0,1601300
2008-2009,2008,Less urgent,3,Not Seen Or Left,Trauma,Not Admitted,25457,125,2.08,0,3182125
2008-2009,2008,Non-urgent,3,Not Seen Or Left,Trauma,Not Admitted,3586,100,1.67,0,358600
2008-2009,2008,Unknown,3,Not Seen Or Left,Trauma,Not Admitted,648,15,0.25,0,9720
2008-2009,2008,CTAS III - Urgent,3,Not Seen Or Left,Unintentional Falls,Not Admitted,3097,142,2.37,0,439774
2008-2009,2008,Less urgent,3,Not Seen Or Left,Unintentional Falls,Not Admitted,5398,130,2.17,0,701740
2008-2009,2008,Non-urgent,3,Not Seen Or Left,Unintentional Falls,Not Admitted,532,112,1.87,0,59584
2008-2009,2008,Unknown,3,Not Seen Or Left,Unintentional Falls,Not Admitted,61,26,0.43,0,1586
2008-2009,2008,CTAS III - Urgent,3,Transferred,Acute Myocardial Infarction,Not Admitted,429,214,3.57,0,91806
2008-2009,2008,Less urgent,3,Transferred,Acute Myocardial Infarction,Not Admitted,45,277,4.62,0,12465
2008-2009,2008,Non-urgent,3,Transferred,Acute Myocardial Infarction,Not Admitted,10,268,4.47,0,2680
2008-2009,2008,Unknown,3,Transferred,Acute Myocardial Infarction,Not Admitted,0,0,0.0,0,0
2008-2009,2008,CTAS III - Urgent,3,Transferred,Asthma,Not Admitted,117,246,4.1,0,28782
2008-2009,2008,Less urgent,3,Transferred,Asthma,Not Admitted,18,284,4.73,0,5112
2008-2009,2008,Non-urgent,3,Transferred,Asthma,Not Admitted,0,335,5.58,0,0
2008-2009,2008,Unknown,3,Transferred,Asthma,Not Admitted,0,0,0.0,0,0
2008-2009,2008,CTAS III - Urgent,3,Transferred,Influenzal Pneumonia,Not Admitted,0,0,0.0,0,0
2008-2009,2008,Less urgent,3,Transferred,Influenzal Pneumonia,Not Admitted,0,0,0.0,0,0
2008-2009,2008,Non-urgent,3,Transferred,Influenzal Pneumonia,Not Admitted,0,0,0.0,0,0
2008-2009,2008,Unknown,3,Transferred,Influenzal Pneumonia,Not Admitted,0,0,0.0,0,0
2008-2009,2008,CTAS III - Urgent,3,Transferred,Motor Vehicle Collisions,Not Admitted,661,227,3.78,0,150047
2008-2009,2008,Less urgent,3,Transferred,Motor Vehicle Collisions,Not Admitted,149,193,3.22,0,28757
2008-2009,2008,Non-urgent,3,Transferred,Motor Vehicle Collisions,Not Admitted,23,181,3.02,0,4163
2008-2009,2008,Unknown,3,Transferred,Motor Vehicle Collisions,Not Admitted,0,0,0.0,0,0
2008-2009,2008,CTAS III - Urgent,3,Transferred,Pneumonia,Not Admitted,481,288,4.8,0,138528
2008-2009,2008,Less urgent,3,Transferred,Pneumonia,Not Admitted,99,238,3.97,0,23562
2008-2009,2008,Non-urgent,3,Transferred,Pneumonia,Not Admitted,9,220,3.67,0,1980
2008-2009,2008,Unknown,3,Transferred,Pneumonia,Not Admitted,0,0,0.0,0,0
2008-2009,2008,CTAS III - Urgent,3,Transferred,Trauma,Not Admitted,4927,230,3.83,0,1133210
2008-2009,2008,Less urgent,3,Transferred,Trauma,Not Admitted,2033,197,3.28,0,400501
2008-2009,2008,Non-urgent,3,Transferred,Trauma,Not Admitted,228,150,2.5,0,34200
2008-2009,2008,Unknown,3,Transferred,Trauma,Not Admitted,0,0,0.0,0,0
2008-2009,2008,CTAS III - Urgent,3,Transferred,Unintentional Falls,Not Admitted,2556,257,4.28,0,656892
2008-2009,2008,Less urgent,3,Transferred,Unintentional Falls,Not Admitted,1001,234,3.9,0,234234
2008-2009,2008,Non-urgent,3,Transferred,Unintentional Falls,Not Admitted,89,174,2.9,0,15486
2008-2009,2008,Unknown,3,Transferred,Unintentional Falls,Not Admitted,0,0,0.0,0,0
2008-2009,2008,CTAS III - Urgent,3,Unknown,Acute Myocardial Infarction,Not Admitted,7,337,5.62,0,2359
2008-2009,2008,Less urgent,3,Unknown,Acute Myocardial Infarction,Not Admitted,0,142,2.37,0,0
2008-2009,2008,Non-urgent,3,Unknown,Acute Myocardial Infarction,Not Admitted,0,0,0.0,0,0
2008-2009,2008,Unknown,3,Unknown,Acute Myocardial Infarction,Not Admitted,0,0,0.0,0,0
2008-2009,2008,CTAS III - Urgent,3,Unknown,Asthma,Not Admitted,195,77,1.28,0,15015
2008-2009,2008,Less urgent,3,Unknown,Asthma,Not Admitted,376,73,1.22,0,27448
2008-2009,2008,Non-urgent,3,Unknown,Asthma,Not Admitted,5,34,0.57,0,170
2008-2009,2008,Unknown,3,Unknown,Asthma,Not Admitted,0,0,0.0,0,0
2008-2009,2008,CTAS III - Urgent,3,Unknown,Influenzal Pneumonia,Not Admitted,0,177,2.95,0,0
2008-2009,2008,Less urgent,3,Unknown,Influenzal Pneumonia,Not Admitted,0,78,1.3,0,0
2008-2009,2008,Non-urgent,3,Unknown,Influenzal Pneumonia,Not Admitted,0,0,0.0,0,0
2008-2009,2008,Unknown,3,Unknown,Influenzal Pneumonia,Not Admitted,0,0,0.0,0,0
2008-2009,2008,CTAS III - Urgent,3,Unknown,Motor Vehicle Collisions,Not Admitted,268,84,1.4,0,22512
2008-2009,2008,Less urgent,3,Unknown,Motor Vehicle Collisions,Not Admitted,393,77,1.28,0,30261
2008-2009,2008,Non-urgent,3,Unknown,Motor Vehicle Collisions,Not Admitted,0,52,0.87,0,0
2008-2009,2008,Unknown,3,Unknown,Motor Vehicle Collisions,Not Admitted,0,0,0.0,0,0
2008-2009,2008,CTAS III - Urgent,3,Unknown,Pneumonia,Not Admitted,237,132,2.2,0,31284
2008-2009,2008,Less urgent,3,Unknown,Pneumonia,Not Admitted,325,95,1.58,0,30875
2008-2009,2008,Non-urgent,3,Unknown,Pneumonia,Not Admitted,0,20,0.33,0,0
2008-2009,2008,Unknown,3,Unknown,Pneumonia,Not Admitted,0,0,0.0,0,0
2008-2009,2008,CTAS III - Urgent,3,Unknown,Trauma,Not Admitted,2578,80,1.33,0,206240
2008-2009,2008,Less urgent,3,Unknown,Trauma,Not Admitted,7324,74,1.23,0,541976
2008-2009,2008,Non-urgent,3,Unknown,Trauma,Not Admitted,138,60,1.0,0,8280
2008-2009,2008,Unknown,3,Unknown,Trauma,Not Admitted,0,26,0.43,0,0
2008-2009,2008,CTAS III - Urgent,3,Unknown,Unintentional Falls,Not Admitted,825,99,1.65,0,81675
2008-2009,2008,Less urgent,3,Unknown,Unintentional Falls,Not Admitted,1914,83,1.38,0,158862
2008-2009,2008,Non-urgent,3,Unknown,Unintentional Falls,Not Admitted,29,62,1.03,0,1798
2008-2009,2008,Unknown,3,Unknown,Unintentional Falls,Not Admitted,0,0,0.0,0,0
2007-2008,2007,CTAS I - Resuscitation,1,Admitted,Acute Myocardial Infarction,Admitted,651,194,3.23,1,126294
2007-2008,2007,CTAS I - Resuscitation,1,Admitted,Asthma,Admitted,331,330,5.5,1,109230
2007-2008,2007,CTAS I - Resuscitation,1,Admitted,Influenzal Pneumonia,Admitted,0,339,5.65,1,0
2007-2008,2007,CTAS I - Resuscitation,1,Admitted,Motor Vehicle Collisions,Admitted,1578,215,3.58,1,339270
2007-2008,2007,CTAS I - Resuscitation,1,Admitted,Pneumonia,Admitted,533,454,7.57,1,241982
2007-2008,2007,CTAS I - Resuscitation,1,Admitted,Trauma,Admitted,3369,218,3.63,1,734442
2007-2008,2007,CTAS I - Resuscitation,1,Admitted,Unintentional Falls,Admitted,672,255,4.25,1,171360
2007-2008,2007,CTAS I - Resuscitation,1,Death,Acute Myocardial Infarction,Not Admitted,526,21,0.35,0,11046
2007-2008,2007,CTAS I - Resuscitation,1,Death,Asthma,Not Admitted,0,34,0.57,0,0
2007-2008,2007,CTAS I - Resuscitation,1,Death,Influenzal Pneumonia,Not Admitted,0,0,0.0,0,0
2007-2008,2007,CTAS I - Resuscitation,1,Death,Motor Vehicle Collisions,Not Admitted,202,25,0.42,0,5050
2007-2008,2007,CTAS I - Resuscitation,1,Death,Pneumonia,Not Admitted,28,146,2.43,0,4088
2007-2008,2007,CTAS I - Resuscitation,1,Death,Trauma,Not Admitted,473,28,0.47,0,13244
2007-2008,2007,CTAS I - Resuscitation,1,Death,Unintentional Falls,Not Admitted,44,111,1.85,0,4884
2007-2008,2007,CTAS I - Resuscitation,1,Discharged Home,Acute Myocardial Infarction,Not Admitted,9,194,3.23,0,1746
2007-2008,2007,CTAS I - Resuscitation,1,Discharged Home,Asthma,Not Admitted,289,186,3.1,0,53754
2007-2008,2007,CTAS I - Resuscitation,1,Discharged Home,Influenzal Pneumonia,Not Admitted,0,0,0.0,0,0
2007-2008,2007,CTAS I - Resuscitation,1,Discharged Home,Motor Vehicle Collisions,Not Admitted,372,265,4.42,0,98580
2007-2008,2007,CTAS I - Resuscitation,1,Discharged Home,Pneumonia,Not Admitted,69,214,3.57,0,14766
2007-2008,2007,CTAS I - Resuscitation,1,Discharged Home,Trauma,Not Admitted,1599,225,3.75,0,359775
2007-2008,2007,CTAS I - Resuscitation,1,Discharged Home,Unintentional Falls,Not Admitted,275,245,4.08,0,67375
2007-2008,2007,CTAS I - Resuscitation,1,Intra-Facility Transfer,Acute Myocardial Infarction,Not Admitted,5,28,0.47,0,140
2007-2008,2007,CTAS I - Resuscitation,1,Intra-Facility Transfer,Asthma,Not Admitted,0,225,3.75,0,0
2007-2008,2007,CTAS I - Resuscitation,1,Intra-Facility Transfer,Influenzal Pneumonia,Not Admitted,0,0,0.0,0,0
2007-2008,2007,CTAS I - Resuscitation,1,Intra-Facility Transfer,Motor Vehicle Collisions,Not Admitted,6,94,1.57,0,564
2007-2008,2007,CTAS I - Resuscitation,1,Intra-Facility Transfer,Pneumonia,Not Admitted,0,0,0.0,0,0
2007-2008,2007,CTAS I - Resuscitation,1,Intra-Facility Transfer,Trauma,Not Admitted,40,134,2.23,0,5360
2007-2008,2007,CTAS I - Resuscitation,1,Intra-Facility Transfer,Unintentional Falls,Not Admitted,7,343,5.72,0,2401
2007-2008,2007,CTAS I - Resuscitation,1,Not Seen Or Left,Acute Myocardial Infarction,Not Admitted,0,0,0.0,0,0
2007-2008,2007,CTAS I - Resuscitation,1,Not Seen Or Left,Asthma,Not Admitted,6,125,2.08,0,750
2007-2008,2007,CTAS I - Resuscitation,1,Not Seen Or Left,Influenzal Pneumonia,Not Admitted,0,0,0.0,0,0
2007-2008,2007,CTAS I - Resuscitation,1,Not Seen Or Left,Motor Vehicle Collisions,Not Admitted,0,92,1.53,0,0
2007-2008,2007,CTAS I - Resuscitation,1,Not Seen Or Left,Pneumonia,Not Admitted,0,0,0.0,0,0
2007-2008,2007,CTAS I - Resuscitation,1,Not Seen Or Left,Trauma,Not Admitted,31,132,2.2,0,4092
2007-2008,2007,CTAS I - Resuscitation,1,Not Seen Or Left,Unintentional Falls,Not Admitted,9,141,2.35,0,1269
2007-2008,2007,CTAS I - Resuscitation,1,Transferred,Acute Myocardial Infarction,Not Admitted,311,128,2.13,0,39808
2007-2008,2007,CTAS I - Resuscitation,1,Transferred,Asthma,Not Admitted,23,189,3.15,0,4347
2007-2008,2007,CTAS I - Resuscitation,1,Transferred,Influenzal Pneumonia,Not Admitted,0,0,0.0,0,0
2007-2008,2007,CTAS I - Resuscitation,1,Transferred,Motor Vehicle Collisions,Not Admitted,372,137,2.28,0,50964
2007-2008,2007,CTAS I - Resuscitation,1,Transferred,Pneumonia,Not Admitted,31,330,5.5,0,10230
2007-2008,2007,CTAS I - Resuscitation,1,Transferred,Trauma,Not Admitted,816,151,2.52,0,123216
2007-2008,2007,CTAS I - Resuscitation,1,Transferred,Unintentional Falls,Not Admitted,143,194,3.23,0,27742
2007-2008,2007,CTAS I - Resuscitation,1,Unknown,Acute Myocardial Infarction,Not Admitted,0,0,0.0,0,0
2007-2008,2007,CTAS I - Resuscitation,1,Unknown,Asthma,Not Admitted,0,0,0.0,0,0
2007-2008,2007,CTAS I - Resuscitation,1,Unknown,Influenzal Pneumonia,Not Admitted,0,0,0.0,0,0
2007-2008,2007,CTAS I - Resuscitation,1,Unknown,Motor Vehicle Collisions,Not Admitted,0,0,0.0,0,0
2007-2008,2007,CTAS I - Resuscitation,1,Unknown,Pneumonia,Not Admitted,0,0,0.0,0,0
2007-2008,2007,CTAS I - Resuscitation,1,Unknown,Trauma,Not Admitted,0,0,0.0,0,0
2007-2008,2007,CTAS I - Resuscitation,1,Unknown,Unintentional Falls,Not Admitted,0,0,0.0,0,0
2007-2008,2007,CTAS II - Emergent,2,Admitted,Acute Myocardial Infarction,Admitted,7063,357,5.95,1,2521491
2007-2008,2007,CTAS II - Emergent,2,Admitted,Asthma,Admitted,2886,420,7.0,1,1212120
2007-2008,2007,CTAS II - Emergent,2,Admitted,Influenzal Pneumonia,Admitted,6,452,7.53,1,2712
2007-2008,2007,CTAS II - Emergent,2,Admitted,Motor Vehicle Collisions,Admitted,2777,349,5.82,1,969173
2007-2008,2007,CTAS II - Emergent,2,Admitted,Pneumonia,Admitted,8093,564,9.4,1,4564452
2007-2008,2007,CTAS II - Emergent,2,Admitted,Trauma,Admitted,12602,390,6.5,1,4914780
2007-2008,2007,CTAS II - Emergent,2,Admitted,Unintentional Falls,Admitted,6363,435,7.25,1,2767905
2007-2008,2007,CTAS II - Emergent,2,Death,Acute Myocardial Infarction,Not Admitted,104,134,2.23,0,13936
2007-2008,2007,CTAS II - Emergent,2,Death,Asthma,Not Admitted,0,851,14.18,0,0
2007-2008,2007,CTAS II - Emergent,2,Death,Influenzal Pneumonia,Not Admitted,0,0,0.0,0,0
2007-2008,2007,CTAS II - Emergent,2,Death,Motor Vehicle Collisions,Not Admitted,15,158,2.63,0,2370
2007-2008,2007,CTAS II - Emergent,2,Death,Pneumonia,Not Admitted,37,264,4.4,0,9768
2007-2008,2007,CTAS II - Emergent,2,Death,Trauma,Not Admitted,45,164,2.73,0,7380
2007-2008,2007,CTAS II - Emergent,2,Death,Unintentional Falls,Not Admitted,22,240,4.0,0,5280
2007-2008,2007,CTAS II - Emergent,2,Discharged Home,Acute Myocardial Infarction,Not Admitted,189,279,4.65,0,52731
2007-2008,2007,CTAS II - Emergent,2,Discharged Home,Asthma,Not Admitted,11807,181,3.02,0,2137067
2007-2008,2007,CTAS II - Emergent,2,Discharged Home,Influenzal Pneumonia,Not Admitted,5,414,6.9,0,2070
2007-2008,2007,CTAS II - Emergent,2,Discharged Home,Motor Vehicle Collisions,Not Admitted,13687,182,3.03,0,2491034
2007-2008,2007,CTAS II - Emergent,2,Discharged Home,Pneumonia,Not Admitted,5743,231,3.85,0,1326633
2007-2008,2007,CTAS II - Emergent,2,Discharged Home,Trauma,Not Admitted,68287,167,2.78,0,11403929
2007-2008,2007,CTAS II - Emergent,2,Discharged Home,Unintentional Falls,Not Admitted,19692,193,3.22,0,3800556
2007-2008,2007,CTAS II - Emergent,2,Intra-Facility Transfer,Acute Myocardial Infarction,Not Admitted,37,89,1.48,0,3293
2007-2008,2007,CTAS II - Emergent,2,Intra-Facility Transfer,Asthma,Not Admitted,27,142,2.37,0,3834
2007-2008,2007,CTAS II - Emergent,2,Intra-Facility Transfer,Influenzal Pneumonia,Not Admitted,0,0,0.0,0,0
2007-2008,2007,CTAS II - Emergent,2,Intra-Facility Transfer,Motor Vehicle Collisions,Not Admitted,60,210,3.5,0,12600
2007-2008,2007,CTAS II - Emergent,2,Intra-Facility Transfer,Pneumonia,Not Admitted,13,208,3.47,0,2704
2007-2008,2007,CTAS II - Emergent,2,Intra-Facility Transfer,Trauma,Not Admitted,598,165,2.75,0,98670
2007-2008,2007,CTAS II - Emergent,2,Intra-Facility Transfer,Unintentional Falls,Not Admitted,136,182,3.03,0,24752
2007-2008,2007,CTAS II - Emergent,2,Not Seen Or Left,Acute Myocardial Infarction,Not Admitted,31,321,5.35,0,9951
2007-2008,2007,CTAS II - Emergent,2,Not Seen Or Left,Asthma,Not Admitted,112,158,2.63,0,17696
2007-2008,2007,CTAS II - Emergent,2,Not Seen Or Left,Influenzal Pneumonia,Not Admitted,0,0,0.0,0,0
2007-2008,2007,CTAS II - Emergent,2,Not Seen Or Left,Motor Vehicle Collisions,Not Admitted,185,140,2.33,0,25900
2007-2008,2007,CTAS II - Emergent,2,Not Seen Or Left,Pneumonia,Not Admitted,30,310,5.17,0,9300
2007-2008,2007,CTAS II - Emergent,2,Not Seen Or Left,Trauma,Not Admitted,1143,135,2.25,0,154305
2007-2008,2007,CTAS II - Emergent,2,Not Seen Or Left,Unintentional Falls,Not Admitted,269,171,2.85,0,45999
2007-2008,2007,CTAS II - Emergent,2,Transferred,Acute Myocardial Infarction,Not Admitted,1468,159,2.65,0,233412
2007-2008,2007,CTAS II - Emergent,2,Transferred,Asthma,Not Admitted,198,278,4.63,0,55044
2007-2008,2007,CTAS II - Emergent,2,Transferred,Influenzal Pneumonia,Not Admitted,0,0,0.0,0,0
2007-2008,2007,CTAS II - Emergent,2,Transferred,Motor Vehicle Collisions,Not Admitted,1021,208,3.47,0,212368
2007-2008,2007,CTAS II - Emergent,2,Transferred,Pneumonia,Not Admitted,294,255,4.25,0,74970
2007-2008,2007,CTAS II - Emergent,2,Transferred,Trauma,Not Admitted,3476,208,3.47,0,723008
2007-2008,2007,CTAS II - Emergent,2,Transferred,Unintentional Falls,Not Admitted,1172,242,4.03,0,283624
2007-2008,2007,CTAS II - Emergent,2,Unknown,Acute Myocardial Infarction,Not Admitted,0,0,0.0,0,0
2007-2008,2007,CTAS II - Emergent,2,Unknown,Asthma,Not Admitted,0,0,0.0,0,0
2007-2008,2007,CTAS II - Emergent,2,Unknown,Influenzal Pneumonia,Not Admitted,0,0,0.0,0,0
2007-2008,2007,CTAS II - Emergent,2,Unknown,Motor Vehicle Collisions,Not Admitted,0,0,0.0,0,0
2007-2008,2007,CTAS II - Emergent,2,Unknown,Pneumonia,Not Admitted,0,0,0.0,0,0
2007-2008,2007,CTAS II - Emergent,2,Unknown,Trauma,Not Admitted,0,0,0.0,0,0
2007-2008,2007,CTAS II - Emergent,2,Unknown,Unintentional Falls,Not Admitted,0,0,0.0,0,0
2007-2008,2007,CTAS III - Urgent,3,Admitted,Acute Myocardial Infarction,Admitted,3211,460,7.67,1,1477060
2007-2008,2007,Less urgent,3,Admitted,Acute Myocardial Infarction,Admitted,335,426,7.1,1,142710
2007-2008,2007,Non-urgent,3,Admitted,Acute Myocardial Infarction,Admitted,63,348,5.8,1,21924
2007-2008,2007,Unknown,3,Admitted,Acute Myocardial Infarction,Admitted,0,0,0.0,1,0
2007-2008,2007,CTAS III - Urgent,3,Admitted,Asthma,Admitted,1692,450,7.5,1,761400
2007-2008,2007,Less urgent,3,Admitted,Asthma,Admitted,163,280,4.67,1,45640
2007-2008,2007,Non-urgent,3,Admitted,Asthma,Admitted,15,180,3.0,1,2700
2007-2008,2007,Unknown,3,Admitted,Asthma,Admitted,0,0,0.0,1,0
2007-2008,2007,CTAS III - Urgent,3,Admitted,Influenzal Pneumonia,Admitted,6,625,10.42,1,3750
2007-2008,2007,Less urgent,3,Admitted,Influenzal Pneumonia,Admitted,0,636,10.6,1,0
2007-2008,2007,Non-urgent,3,Admitted,Influenzal Pneumonia,Admitted,0,0,0.0,1,0
2007-2008,2007,Unknown,3,Admitted,Influenzal Pneumonia,Admitted,0,0,0.0,1,0
2007-2008,2007,CTAS III - Urgent,3,Admitted,Motor Vehicle Collisions,Admitted,2240,362,6.03,1,810880
2007-2008,2007,Less urgent,3,Admitted,Motor Vehicle Collisions,Admitted,451,329,5.48,1,148379
2007-2008,2007,Non-urgent,3,Admitted,Motor Vehicle Collisions,Admitted,124,205,3.42,1,25420
2007-2008,2007,Unknown,3,Admitted,Motor Vehicle Collisions,Admitted,0,0,0.0,1,0
2007-2008,2007,CTAS III - Urgent,3,Admitted,Pneumonia,Admitted,10484,582,9.7,1,6101688
2007-2008,2007,Less urgent,3,Admitted,Pneumonia,Admitted,1288,378,6.3,1,486864
2007-2008,2007,Non-urgent,3,Admitted,Pneumonia,Admitted,175,263,4.38,1,46025
2007-2008,2007,Unknown,3,Admitted,Pneumonia,Admitted,0,0,0.0,1,0
2007-2008,2007,CTAS III - Urgent,3,Admitted,Trauma,Admitted,27055,434,7.23,1,11741870
2007-2008,2007,Less urgent,3,Admitted,Trauma,Admitted,6860,380,6.33,1,2606800
2007-2008,2007,Non-urgent,3,Admitted,Trauma,Admitted,869,264,4.4,1,229416
2007-2008,2007,Unknown,3,Admitted,Trauma,Admitted,0,0,0.0,1,0
2007-2008,2007,CTAS III - Urgent,3,Admitted,Unintentional Falls,Admitted,19560,460,7.67,1,8997600
2007-2008,2007,Less urgent,3,Admitted,Unintentional Falls,Admitted,4565,406,6.77,1,1853390
2007-2008,2007,Non-urgent,3,Admitted,Unintentional Falls,Admitted,437,300,5.0,1,131100
2007-2008,2007,Unknown,3,Admitted,Unintentional Falls,Admitted,0,0,0.0,1,0
2007-2008,2007,CTAS III - Urgent,3,Death,Acute Myocardial Infarction,Not Admitted,32,268,4.47,0,8576
2007-2008,2007,Less urgent,3,Death,Acute Myocardial Infarction,Not Admitted,6,362,6.03,0,2172
2007-2008,2007,Non-urgent,3,Death,Acute Myocardial Infarction,Not Admitted,15,16,0.27,0,240
2007-2008,2007,Unknown,3,Death,Acute Myocardial Infarction,Not Admitted,0,0,0.0,0,0
2007-2008,2007,CTAS III - Urgent,3,Death,Asthma,Not Admitted,0,0,0.0,0,0
2007-2008,2007,Less urgent,3,Death,Asthma,Not Admitted,0,0,0.0,0,0
2007-2008,2007,Non-urgent,3,Death,Asthma,Not Admitted,0,0,0.0,0,0
2007-2008,2007,Unknown,3,Death,Asthma,Not Admitted,0,0,0.0,0,0
2007-2008,2007,CTAS III - Urgent,3,Death,Influenzal Pneumonia,Not Admitted,0,0,0.0,0,0
2007-2008,2007,Less urgent,3,Death,Influenzal Pneumonia,Not Admitted,0,0,0.0,0,0
2007-2008,2007,Non-urgent,3,Death,Influenzal Pneumonia,Not Admitted,0,0,0.0,0,0
2007-2008,2007,Unknown,3,Death,Influenzal Pneumonia,Not Admitted,0,0,0.0,0,0
2007-2008,2007,CTAS III - Urgent,3,Death,Motor Vehicle Collisions,Not Admitted,0,296,4.93,0,0
2007-2008,2007,Less urgent,3,Death,Motor Vehicle Collisions,Not Admitted,0,60,1.0,0,0
2007-2008,2007,Non-urgent,3,Death,Motor Vehicle Collisions,Not Admitted,6,1,0.02,0,6
2007-2008,2007,Unknown,3,Death,Motor Vehicle Collisions,Not Admitted,0,0,0.0,0,0
2007-2008,2007,CTAS III - Urgent,3,Death,Pneumonia,Not Admitted,15,394,6.57,0,5910
2007-2008,2007,Less urgent,3,Death,Pneumonia,Not Admitted,0,870,14.5,0,0
2007-2008,2007,Non-urgent,3,Death,Pneumonia,Not Admitted,0,0,0.0,0,0
2007-2008,2007,Unknown,3,Death,Pneumonia,Not Admitted,0,0,0.0,0,0
2007-2008,2007,CTAS III - Urgent,3,Death,Trauma,Not Admitted,19,296,4.93,0,5624
2007-2008,2007,Less urgent,3,Death,Trauma,Not Admitted,18,104,1.73,0,1872
2007-2008,2007,Non-urgent,3,Death,Trauma,Not Admitted,13,18,0.3,0,234
2007-2008,2007,Unknown,3,Death,Trauma,Not Admitted,0,0,0.0,0,0
2007-2008,2007,CTAS III - Urgent,3,Death,Unintentional Falls,Not Admitted,13,333,5.55,0,4329
2007-2008,2007,Less urgent,3,Death,Unintentional Falls,Not Admitted,7,172,2.87,0,1204
2007-2008,2007,Non-urgent,3,Death,Unintentional Falls,Not Admitted,0,3,0.05,0,0
2007-2008,2007,Unknown,3,Death,Unintentional Falls,Not Admitted,0,0,0.0,0,0
2007-2008,2007,CTAS III - Urgent,3,Discharged Home,Acute Myocardial Infarction,Not Admitted,110,337,5.62,0,37070
2007-2008,2007,Less urgent,3,Discharged Home,Acute Myocardial Infarction,Not Admitted,20,194,3.23,0,3880
2007-2008,2007,Non-urgent,3,Discharged Home,Acute Myocardial Infarction,Not Admitted,7,150,2.5,0,1050
2007-2008,2007,Unknown,3,Discharged Home,Acute Myocardial Infarction,Not Admitted,0,0,0.0,0,0
2007-2008,2007,CTAS III - Urgent,3,Discharged Home,Asthma,Not Admitted,28075,152,2.53,0,4267400
2007-2008,2007,Less urgent,3,Discharged Home,Asthma,Not Admitted,15174,105,1.75,0,1593270
2007-2008,2007,Non-urgent,3,Discharged Home,Asthma,Not Admitted,2779,71,1.18,0,197309
2007-2008,2007,Unknown,3,Discharged Home,Asthma,Not Admitted,0,0,0.0,0,0
2007-2008,2007,CTAS III - Urgent,3,Discharged Home,Influenzal Pneumonia,Not Admitted,47,210,3.5,0,9870
2007-2008,2007,Less urgent,3,Discharged Home,Influenzal Pneumonia,Not Admitted,31,154,2.57,0,4774
2007-2008,2007,Non-urgent,3,Discharged Home,Influenzal Pneumonia,Not Admitted,0,112,1.87,0,0
2007-2008,2007,Unknown,3,Discharged Home,Influenzal Pneumonia,Not Admitted,0,0,0.0,0,0
2007-2008,2007,CTAS III - Urgent,3,Discharged Home,Motor Vehicle Collisions,Not Admitted,41903,152,2.53,0,6369256
2007-2008,2007,Less urgent,3,Discharged Home,Motor Vehicle Collisions,Not Admitted,45075,124,2.07,0,5589300
2007-2008,2007,Non-urgent,3,Discharged Home,Motor Vehicle Collisions,Not Admitted,5054,95,1.58,0,480130
2007-2008,2007,Unknown,3,Discharged Home,Motor Vehicle Collisions,Not Admitted,0,0,0.0,0,0
2007-2008,2007,CTAS III - Urgent,3,Discharged Home,Pneumonia,Not Admitted,21038,200,3.33,0,4207600
2007-2008,2007,Less urgent,3,Discharged Home,Pneumonia,Not Admitted,13917,129,2.15,0,1795293
2007-2008,2007,Non-urgent,3,Discharged Home,Pneumonia,Not Admitted,1929,95,1.58,0,183255
2007-2008,2007,Unknown,3,Discharged Home,Pneumonia,Not Admitted,0,0,0.0,0,0
2007-2008,2007,CTAS III - Urgent,3,Discharged Home,Trauma,Not Admitted,343274,143,2.38,0,49088182
2007-2008,2007,Less urgent,3,Discharged Home,Trauma,Not Admitted,681771,115,1.92,0,78403665
2007-2008,2007,Non-urgent,3,Discharged Home,Trauma,Not Admitted,102240,90,1.5,0,9201600
2007-2008,2007,Unknown,3,Discharged Home,Trauma,Not Admitted,0,0,0.0,0,0
2007-2008,2007,CTAS III - Urgent,3,Discharged Home,Unintentional Falls,Not Admitted,119985,164,2.73,0,19677540
2007-2008,2007,Less urgent,3,Discharged Home,Unintentional Falls,Not Admitted,192760,127,2.12,0,24480520
2007-2008,2007,Non-urgent,3,Discharged Home,Unintentional Falls,Not Admitted,21991,99,1.65,0,2177109
2007-2008,2007,Unknown,3,Discharged Home,Unintentional Falls,Not Admitted,0,0,0.0,0,0
2007-2008,2007,CTAS III - Urgent,3,Intra-Facility Transfer,Acute Myocardial Infarction,Not Admitted,5,77,1.28,0,385
2007-2008,2007,Less urgent,3,Intra-Facility Transfer,Acute Myocardial Infarction,Not Admitted,0,1164,19.4,0,0
2007-2008,2007,Non-urgent,3,Intra-Facility Transfer,Acute Myocardial Infarction,Not Admitted,0,0,0.0,0,0
2007-2008,2007,Unknown,3,Intra-Facility Transfer,Acute Myocardial Infarction,Not Admitted,0,0,0.0,0,0
2007-2008,2007,CTAS III - Urgent,3,Intra-Facility Transfer,Asthma,Not Admitted,24,144,2.4,0,3456
2007-2008,2007,Less urgent,3,Intra-Facility Transfer,Asthma,Not Admitted,0,60,1.0,0,0
2007-2008,2007,Non-urgent,3,Intra-Facility Transfer,Asthma,Not Admitted,0,0,0.0,0,0
2007-2008,2007,Unknown,3,Intra-Facility Transfer,Asthma,Not Admitted,0,0,0.0,0,0
2007-2008,2007,CTAS III - Urgent,3,Intra-Facility Transfer,Influenzal Pneumonia,Not Admitted,0,322,5.37,0,0
2007-2008,2007,Less urgent,3,Intra-Facility Transfer,Influenzal Pneumonia,Not Admitted,0,0,0.0,0,0
2007-2008,2007,Non-urgent,3,Intra-Facility Transfer,Influenzal Pneumonia,Not Admitted,0,0,0.0,0,0
2007-2008,2007,Unknown,3,Intra-Facility Transfer,Influenzal Pneumonia,Not Admitted,0,0,0.0,0,0
2007-2008,2007,CTAS III - Urgent,3,Intra-Facility Transfer,Motor Vehicle Collisions,Not Admitted,131,151,2.52,0,19781
2007-2008,2007,Less urgent,3,Intra-Facility Transfer,Motor Vehicle Collisions,Not Admitted,81,140,2.33,0,11340
2007-2008,2007,Non-urgent,3,Intra-Facility Transfer,Motor Vehicle Collisions,Not Admitted,21,62,1.03,0,1302
2007-2008,2007,Unknown,3,Intra-Facility Transfer,Motor Vehicle Collisions,Not Admitted,0,0,0.0,0,0
2007-2008,2007,CTAS III - Urgent,3,Intra-Facility Transfer,Pneumonia,Not Admitted,22,203,3.38,0,4466
2007-2008,2007,Less urgent,3,Intra-Facility Transfer,Pneumonia,Not Admitted,17,249,4.15,0,4233
2007-2008,2007,Non-urgent,3,Intra-Facility Transfer,Pneumonia,Not Admitted,0,0,0.0,0,0
2007-2008,2007,Unknown,3,Intra-Facility Transfer,Pneumonia,Not Admitted,0,0,0.0,0,0
2007-2008,2007,CTAS III - Urgent,3,Intra-Facility Transfer,Trauma,Not Admitted,1777,188,3.13,0,334076
2007-2008,2007,Less urgent,3,Intra-Facility Transfer,Trauma,Not Admitted,1309,141,2.35,0,184569
2007-2008,2007,Non-urgent,3,Intra-Facility Transfer,Trauma,Not Admitted,318,81,1.35,0,25758
2007-2008,2007,Unknown,3,Intra-Facility Transfer,Trauma,Not Admitted,0,0,0.0,0,0
2007-2008,2007,CTAS III - Urgent,3,Intra-Facility Transfer,Unintentional Falls,Not Admitted,593,195,3.25,0,115635
2007-2008,2007,Less urgent,3,Intra-Facility Transfer,Unintentional Falls,Not Admitted,430,141,2.35,0,60630
2007-2008,2007,Non-urgent,3,Intra-Facility Transfer,Unintentional Falls,Not Admitted,87,84,1.4,0,7308
2007-2008,2007,Unknown,3,Intra-Facility Transfer,Unintentional Falls,Not Admitted,0,0,0.0,0,0
2007-2008,2007,CTAS III - Urgent,3,Not Seen Or Left,Acute Myocardial Infarction,Not Admitted,17,299,4.98,0,5083
2007-2008,2007,Less urgent,3,Not Seen Or Left,Acute Myocardial Infarction,Not Admitted,0,215,3.58,0,0
2007-2008,2007,Non-urgent,3,Not Seen Or Left,Acute Myocardial Infarction,Not Admitted,0,0,0.0,0,0
2007-2008,2007,Unknown,3,Not Seen Or Left,Acute Myocardial Infarction,Not Admitted,0,497,8.28,0,0
2007-2008,2007,CTAS III - Urgent,3,Not Seen Or Left,Asthma,Not Admitted,380,130,2.17,0,49400
2007-2008,2007,Less urgent,3,Not Seen Or Left,Asthma,Not Admitted,127,106,1.77,0,13462
2007-2008,2007,Non-urgent,3,Not Seen Or Left,Asthma,Not Admitted,15,99,1.65,0,1485
2007-2008,2007,Unknown,3,Not Seen Or Left,Asthma,Not Admitted,8,136,2.27,0,1088
2007-2008,2007,CTAS III - Urgent,3,Not Seen Or Left,Influenzal Pneumonia,Not Admitted,0,284,4.73,0,0
2007-2008,2007,Less urgent,3,Not Seen Or Left,Influenzal Pneumonia,Not Admitted,0,0,0.0,0,0
2007-2008,2007,Non-urgent,3,Not Seen Or Left,Influenzal Pneumonia,Not Admitted,0,0,0.0,0,0
2007-2008,2007,Unknown,3,Not Seen Or Left,Influenzal Pneumonia,Not Admitted,0,0,0.0,0,0
2007-2008,2007,CTAS III - Urgent,3,Not Seen Or Left,Motor Vehicle Collisions,Not Admitted,1083,139,2.32,0,150537
2007-2008,2007,Less urgent,3,Not Seen Or Left,Motor Vehicle Collisions,Not Admitted,1564,130,2.17,0,203320
2007-2008,2007,Non-urgent,3,Not Seen Or Left,Motor Vehicle Collisions,Not Admitted,138,120,2.0,0,16560
2007-2008,2007,Unknown,3,Not Seen Or Left,Motor Vehicle Collisions,Not Admitted,8,10,0.17,0,80
2007-2008,2007,CTAS III - Urgent,3,Not Seen Or Left,Pneumonia,Not Admitted,81,183,3.05,0,14823
2007-2008,2007,Less urgent,3,Not Seen Or Left,Pneumonia,Not Admitted,36,184,3.07,0,6624
2007-2008,2007,Non-urgent,3,Not Seen Or Left,Pneumonia,Not Admitted,5,189,3.15,0,945
2007-2008,2007,Unknown,3,Not Seen Or Left,Pneumonia,Not Admitted,0,0,0.0,0,0
2007-2008,2007,CTAS III - Urgent,3,Not Seen Or Left,Trauma,Not Admitted,10331,128,2.13,0,1322368
2007-2008,2007,Less urgent,3,Not Seen Or Left,Trauma,Not Admitted,24592,120,2.0,0,2951040
2007-2008,2007,Non-urgent,3,Not Seen Or Left,Trauma,Not Admitted,3876,99,1.65,0,383724
2007-2008,2007,Unknown,3,Not Seen Or Left,Trauma,Not Admitted,558,6,0.1,0,3348
2007-2008,2007,CTAS III - Urgent,3,Not Seen Or Left,Unintentional Falls,Not Admitted,2720,135,2.25,0,367200
2007-2008,2007,Less urgent,3,Not Seen Or Left,Unintentional Falls,Not Admitted,5273,122,2.03,0,643306
2007-2008,2007,Non-urgent,3,Not Seen Or Left,Unintentional Falls,Not Admitted,637,110,1.83,0,70070
2007-2008,2007,Unknown,3,Not Seen Or Left,Unintentional Falls,Not Admitted,50,17,0.28,0,850
2007-2008,2007,CTAS III - Urgent,3,Transferred,Acute Myocardial Infarction,Not Admitted,433,210,3.5,0,90930
2007-2008,2007,Less urgent,3,Transferred,Acute Myocardial Infarction,Not Admitted,41,226,3.77,0,9266
2007-2008,2007,Non-urgent,3,Transferred,Acute Myocardial Infarction,Not Admitted,7,267,4.45,0,1869
2007-2008,2007,Unknown,3,Transferred,Acute Myocardial Infarction,Not Admitted,0,0,0.0,0,0
2007-2008,2007,CTAS III - Urgent,3,Transferred,Asthma,Not Admitted,134,258,4.3,0,34572
2007-2008,2007,Less urgent,3,Transferred,Asthma,Not Admitted,22,160,2.67,0,3520
2007-2008,2007,Non-urgent,3,Transferred,Asthma,Not Admitted,0,134,2.23,0,0
2007-2008,2007,Unknown,3,Transferred,Asthma,Not Admitted,0,0,0.0,0,0
2007-2008,2007,CTAS III - Urgent,3,Transferred,Influenzal Pneumonia,Not Admitted,0,0,0.0,0,0
2007-2008,2007,Less urgent,3,Transferred,Influenzal Pneumonia,Not Admitted,0,0,0.0,0,0
2007-2008,2007,Non-urgent,3,Transferred,Influenzal Pneumonia,Not Admitted,0,0,0.0,0,0
2007-2008,2007,Unknown,3,Transferred,Influenzal Pneumonia,Not Admitted,0,0,0.0,0,0
2007-2008,2007,CTAS III - Urgent,3,Transferred,Motor Vehicle Collisions,Not Admitted,736,215,3.58,0,158240
2007-2008,2007,Less urgent,3,Transferred,Motor Vehicle Collisions,Not Admitted,200,178,2.97,0,35600
2007-2008,2007,Non-urgent,3,Transferred,Motor Vehicle Collisions,Not Admitted,27,180,3.0,0,4860
2007-2008,2007,Unknown,3,Transferred,Motor Vehicle Collisions,Not Admitted,0,0,0.0,0,0
2007-2008,2007,CTAS III - Urgent,3,Transferred,Pneumonia,Not Admitted,435,258,4.3,0,112230
2007-2008,2007,Less urgent,3,Transferred,Pneumonia,Not Admitted,78,270,4.5,0,21060
2007-2008,2007,Non-urgent,3,Transferred,Pneumonia,Not Admitted,6,369,6.15,0,2214
2007-2008,2007,Unknown,3,Transferred,Pneumonia,Not Admitted,0,0,0.0,0,0
2007-2008,2007,CTAS III - Urgent,3,Transferred,Trauma,Not Admitted,5014,220,3.67,0,1103080
2007-2008,2007,Less urgent,3,Transferred,Trauma,Not Admitted,2091,190,3.17,0,397290
2007-2008,2007,Non-urgent,3,Transferred,Trauma,Not Admitted,347,138,2.3,0,47886
2007-2008,2007,Unknown,3,Transferred,Trauma,Not Admitted,0,0,0.0,0,0
2007-2008,2007,CTAS III - Urgent,3,Transferred,Unintentional Falls,Not Admitted,2574,249,4.15,0,640926
2007-2008,2007,Less urgent,3,Transferred,Unintentional Falls,Not Admitted,1030,222,3.7,0,228660
2007-2008,2007,Non-urgent,3,Transferred,Unintentional Falls,Not Admitted,142,140,2.33,0,19880
2007-2008,2007,Unknown,3,Transferred,Unintentional Falls,Not Admitted,0,0,0.0,0,0
2007-2008,2007,CTAS III - Urgent,3,Unknown,Acute Myocardial Infarction,Not Admitted,0,0,0.0,0,0
2007-2008,2007,Less urgent,3,Unknown,Acute Myocardial Infarction,Not Admitted,0,0,0.0,0,0
2007-2008,2007,Non-urgent,3,Unknown,Acute Myocardial Infarction,Not Admitted,0,0,0.0,0,0
2007-2008,2007,Unknown,3,Unknown,Acute Myocardial Infarction,Not Admitted,0,0,0.0,0,0
2007-2008,2007,CTAS III - Urgent,3,Unknown,Asthma,Not Admitted,0,0,0.0,0,0
2007-2008,2007,Less urgent,3,Unknown,Asthma,Not Admitted,0,0,0.0,0,0
2007-2008,2007,Non-urgent,3,Unknown,Asthma,Not Admitted,0,0,0.0,0,0
2007-2008,2007,Unknown,3,Unknown,Asthma,Not Admitted,0,0,0.0,0,0
2007-2008,2007,CTAS III - Urgent,3,Unknown,Influenzal Pneumonia,Not Admitted,0,0,0.0,0,0
2007-2008,2007,Less urgent,3,Unknown,Influenzal Pneumonia,Not Admitted,0,0,0.0,0,0
2007-2008,2007,Non-urgent,3,Unknown,Influenzal Pneumonia,Not Admitted,0,0,0.0,0,0
2007-2008,2007,Unknown,3,Unknown,Influenzal Pneumonia,Not Admitted,0,0,0.0,0,0
2007-2008,2007,CTAS III - Urgent,3,Unknown,Motor Vehicle Collisions,Not Admitted,0,0,0.0,0,0
2007-2008,2007,Less urgent,3,Unknown,Motor Vehicle Collisions,Not Admitted,0,0,0.0,0,0
2007-2008,2007,Non-urgent,3,Unknown,Motor Vehicle Collisions,Not Admitted,0,0,0.0,0,0
2007-2008,2007,Unknown,3,Unknown,Motor Vehicle Collisions,Not Admitted,0,0,0.0,0,0
2007-2008,2007,CTAS III - Urgent,3,Unknown,Pneumonia,Not Admitted,0,0,0.0,0,0
2007-2008,2007,Less urgent,3,Unknown,Pneumonia,Not Admitted,0,0,0.0,0,0
2007-2008,2007,Non-urgent,3,Unknown,Pneumonia,Not Admitted,0,0,0.0,0,0
2007-2008,2007,Unknown,3,Unknown,Pneumonia,Not Admitted,0,0,0.0,0,0
2007-2008,2007,CTAS III - Urgent,3,Unknown,Trauma,Not Admitted,0,0,0.0,0,0
2007-2008,2007,Less urgent,3,Unknown,Trauma,Not Admitted,0,0,0.0,0,0
2007-2008,2007,Non-urgent,3,Unknown,Trauma,Not Admitted,0,0,0.0,0,0
2007-2008,2007,Unknown,3,Unknown,Trauma,Not Admitted,0,0,0.0,0,0
2007-2008,2007,CTAS III - Urgent,3,Unknown,Unintentional Falls,Not Admitted,0,0,0.0,0,0
2007-2008,2007,Less urgent,3,Unknown,Unintentional Falls,Not Admitted,0,0,0.0,0,0
2007-2008,2007,Non-urgent,3,Unknown,Unintentional Falls,Not Admitted,0,0,0.0,0,0
2007-2008,2007,Unknown,3,Unknown,Unintentional Falls,Not Admitted,0,0,0.0,0,0
2006-2007,2006,CTAS I - Resuscitation,1,Admitted,Acute Myocardial Infarction,Admitted,552,115,1.92,1,63480
2006-2007,2006,CTAS I - Resuscitation,1,Admitted,Asthma,Admitted,247,183,3.05,1,45201
2006-2007,2006,CTAS I - Resuscitation,1,Admitted,Influenzal Pneumonia,Admitted,0,0,0.0,1,0
2006-2007,2006,CTAS I - Resuscitation,1,Admitted,Motor Vehicle Collisions,Admitted,1658,150,2.5,1,248700
2006-2007,2006,CTAS I - Resuscitation,1,Admitted,Pneumonia,Admitted,446,222,3.7,1,99012
2006-2007,2006,CTAS I - Resuscitation,1,Admitted,Trauma,Admitted,3283,151,2.52,1,495733
2006-2007,2006,CTAS I - Resuscitation,1,Admitted,Unintentional Falls,Admitted,621,176,2.93,1,109296
2006-2007,2006,CTAS I - Resuscitation,1,Death,Acute Myocardial Infarction,Not Admitted,535,23,0.38,0,12305
2006-2007,2006,CTAS I - Resuscitation,1,Death,Asthma,Not Admitted,0,98,1.63,0,0
2006-2007,2006,CTAS I - Resuscitation,1,Death,Influenzal Pneumonia,Not Admitted,0,0,0.0,0,0
2006-2007,2006,CTAS I - Resuscitation,1,Death,Motor Vehicle Collisions,Not Admitted,202,26,0.43,0,5252
2006-2007,2006,CTAS I - Resuscitation,1,Death,Pneumonia,Not Admitted,31,158,2.63,0,4898
2006-2007,2006,CTAS I - Resuscitation,1,Death,Trauma,Not Admitted,484,31,0.52,0,15004
2006-2007,2006,CTAS I - Resuscitation,1,Death,Unintentional Falls,Not Admitted,55,103,1.72,0,5665
2006-2007,2006,CTAS I - Resuscitation,1,Discharged Home,Acute Myocardial Infarction,Not Admitted,17,146,2.43,0,2482
2006-2007,2006,CTAS I - Resuscitation,1,Discharged Home,Asthma,Not Admitted,193,192,3.2,0,37056
2006-2007,2006,CTAS I - Resuscitation,1,Discharged Home,Influenzal Pneumonia,Not Admitted,0,0,0.0,0,0
2006-2007,2006,CTAS I - Resuscitation,1,Discharged Home,Motor Vehicle Collisions,Not Admitted,373,284,4.73,0,105932
2006-2007,2006,CTAS I - Resuscitation,1,Discharged Home,Pneumonia,Not Admitted,42,233,3.88,0,9786
2006-2007,2006,CTAS I - Resuscitation,1,Discharged Home,Trauma,Not Admitted,1368,245,4.08,0,335160
2006-2007,2006,CTAS I - Resuscitation,1,Discharged Home,Unintentional Falls,Not Admitted,248,234,3.9,0,58032
2006-2007,2006,CTAS I - Resuscitation,1,Intra-Facility Transfer,Acute Myocardial Infarction,Not Admitted,6,58,0.97,0,348
2006-2007,2006,CTAS I - Resuscitation,1,Intra-Facility Transfer,Asthma,Not Admitted,0,0,0.0,0,0
2006-2007,2006,CTAS I - Resuscitation,1,Intra-Facility Transfer,Influenzal Pneumonia,Not Admitted,0,0,0.0,0,0
2006-2007,2006,CTAS I - Resuscitation,1,Intra-Facility Transfer,Motor Vehicle Collisions,Not Admitted,8,130,2.17,0,1040
2006-2007,2006,CTAS I - Resuscitation,1,Intra-Facility Transfer,Pneumonia,Not Admitted,0,293,4.88,0,0
2006-2007,2006,CTAS I - Resuscitation,1,Intra-Facility Transfer,Trauma,Not Admitted,25,138,2.3,0,3450
2006-2007,2006,CTAS I - Resuscitation,1,Intra-Facility Transfer,Unintentional Falls,Not Admitted,0,206,3.43,0,0
2006-2007,2006,CTAS I - Resuscitation,1,Not Seen Or Left,Acute Myocardial Infarction,Not Admitted,0,0,0.0,0,0
2006-2007,2006,CTAS I - Resuscitation,1,Not Seen Or Left,Asthma,Not Admitted,7,172,2.87,0,1204
2006-2007,2006,CTAS I - Resuscitation,1,Not Seen Or Left,Influenzal Pneumonia,Not Admitted,0,0,0.0,0,0
2006-2007,2006,CTAS I - Resuscitation,1,Not Seen Or Left,Motor Vehicle Collisions,Not Admitted,6,202,3.37,0,1212
2006-2007,2006,CTAS I - Resuscitation,1,Not Seen Or Left,Pneumonia,Not Admitted,0,0,0.0,0,0
2006-2007,2006,CTAS I - Resuscitation,1,Not Seen Or Left,Trauma,Not Admitted,28,178,2.97,0,4984
2006-2007,2006,CTAS I - Resuscitation,1,Not Seen Or Left,Unintentional Falls,Not Admitted,0,309,5.15,0,0
2006-2007,2006,CTAS I - Resuscitation,1,Transferred,Acute Myocardial Infarction,Not Admitted,262,138,2.3,0,36156
2006-2007,2006,CTAS I - Resuscitation,1,Transferred,Asthma,Not Admitted,22,196,3.27,0,4312
2006-2007,2006,CTAS I - Resuscitation,1,Transferred,Influenzal Pneumonia,Not Admitted,0,0,0.0,0,0
2006-2007,2006,CTAS I - Resuscitation,1,Transferred,Motor Vehicle Collisions,Not Admitted,341,128,2.13,0,43648
2006-2007,2006,CTAS I - Resuscitation,1,Transferred,Pneumonia,Not Admitted,26,230,3.83,0,5980
2006-2007,2006,CTAS I - Resuscitation,1,Transferred,Trauma,Not Admitted,733,144,2.4,0,105552
2006-2007,2006,CTAS I - Resuscitation,1,Transferred,Unintentional Falls,Not Admitted,129,176,2.93,0,22704
2006-2007,2006,CTAS I - Resuscitation,1,Unknown,Acute Myocardial Infarction,Not Admitted,0,0,0.0,0,0
2006-2007,2006,CTAS I - Resuscitation,1,Unknown,Asthma,Not Admitted,0,0,0.0,0,0
2006-2007,2006,CTAS I - Resuscitation,1,Unknown,Influenzal Pneumonia,Not Admitted,0,0,0.0,0,0
2006-2007,2006,CTAS I - Resuscitation,1,Unknown,Motor Vehicle Collisions,Not Admitted,0,0,0.0,0,0
2006-2007,2006,CTAS I - Resuscitation,1,Unknown,Pneumonia,Not Admitted,0,0,0.0,0,0
2006-2007,2006,CTAS I - Resuscitation,1,Unknown,Trauma,Not Admitted,0,0,0.0,0,0
2006-2007,2006,CTAS I - Resuscitation,1,Unknown,Unintentional Falls,Not Admitted,0,0,0.0,0,0
2006-2007,2006,CTAS II - Emergent,2,Admitted,Acute Myocardial Infarction,Admitted,6914,207,3.45,1,1431198
2006-2007,2006,CTAS II - Emergent,2,Admitted,Asthma,Admitted,3284,260,4.33,1,853840
2006-2007,2006,CTAS II - Emergent,2,Admitted,Influenzal Pneumonia,Admitted,7,387,6.45,1,2709
2006-2007,2006,CTAS II - Emergent,2,Admitted,Motor Vehicle Collisions,Admitted,2867,227,3.78,1,650809
2006-2007,2006,CTAS II - Emergent,2,Admitted,Pneumonia,Admitted,8013,301,5.02,1,2411913
2006-2007,2006,CTAS II - Emergent,2,Admitted,Trauma,Admitted,11927,244,4.07,1,2910188
2006-2007,2006,CTAS II - Emergent,2,Admitted,Unintentional Falls,Admitted,5637,274,4.57,1,1544538
2006-2007,2006,CTAS II - Emergent,2,Death,Acute Myocardial Infarction,Not Admitted,114,150,2.5,0,17100
2006-2007,2006,CTAS II - Emergent,2,Death,Asthma,Not Admitted,0,0,0.0,0,0
2006-2007,2006,CTAS II - Emergent,2,Death,Influenzal Pneumonia,Not Admitted,0,0,0.0,0,0
2006-2007,2006,CTAS II - Emergent,2,Death,Motor Vehicle Collisions,Not Admitted,7,108,1.8,0,756
2006-2007,2006,CTAS II - Emergent,2,Death,Pneumonia,Not Admitted,35,286,4.77,0,10010
2006-2007,2006,CTAS II - Emergent,2,Death,Trauma,Not Admitted,33,192,3.2,0,6336
2006-2007,2006,CTAS II - Emergent,2,Death,Unintentional Falls,Not Admitted,18,345,5.75,0,6210
2006-2007,2006,CTAS II - Emergent,2,Discharged Home,Acute Myocardial Infarction,Not Admitted,197,290,4.83,0,57130
2006-2007,2006,CTAS II - Emergent,2,Discharged Home,Asthma,Not Admitted,12117,175,2.92,0,2120475
2006-2007,2006,CTAS II - Emergent,2,Discharged Home,Influenzal Pneumonia,Not Admitted,8,318,5.3,0,2544
2006-2007,2006,CTAS II - Emergent,2,Discharged Home,Motor Vehicle Collisions,Not Admitted,12606,184,3.07,0,2319504
2006-2007,2006,CTAS II - Emergent,2,Discharged Home,Pneumonia,Not Admitted,5026,236,3.93,0,1186136
2006-2007,2006,CTAS II - Emergent,2,Discharged Home,Trauma,Not Admitted,59757,169,2.82,0,10098933
2006-2007,2006,CTAS II - Emergent,2,Discharged Home,Unintentional Falls,Not Admitted,16356,196,3.27,0,3205776
2006-2007,2006,CTAS II - Emergent,2,Intra-Facility Transfer,Acute Myocardial Infarction,Not Admitted,24,58,0.97,0,1392
2006-2007,2006,CTAS II - Emergent,2,Intra-Facility Transfer,Asthma,Not Admitted,14,115,1.92,0,1610
2006-2007,2006,CTAS II - Emergent,2,Intra-Facility Transfer,Influenzal Pneumonia,Not Admitted,0,0,0.0,0,0
2006-2007,2006,CTAS II - Emergent,2,Intra-Facility Transfer,Motor Vehicle Collisions,Not Admitted,52,181,3.02,0,9412
2006-2007,2006,CTAS II - Emergent,2,Intra-Facility Transfer,Pneumonia,Not Admitted,7,154,2.57,0,1078
2006-2007,2006,CTAS II - Emergent,2,Intra-Facility Transfer,Trauma,Not Admitted,546,185,3.08,0,101010
2006-2007,2006,CTAS II - Emergent,2,Intra-Facility Transfer,Unintentional Falls,Not Admitted,124,190,3.17,0,23560
2006-2007,2006,CTAS II - Emergent,2,Not Seen Or Left,Acute Myocardial Infarction,Not Admitted,19,268,4.47,0,5092
2006-2007,2006,CTAS II - Emergent,2,Not Seen Or Left,Asthma,Not Admitted,124,163,2.72,0,20212
2006-2007,2006,CTAS II - Emergent,2,Not Seen Or Left,Influenzal Pneumonia,Not Admitted,0,0,0.0,0,0
2006-2007,2006,CTAS II - Emergent,2,Not Seen Or Left,Motor Vehicle Collisions,Not Admitted,161,158,2.63,0,25438
2006-2007,2006,CTAS II - Emergent,2,Not Seen Or Left,Pneumonia,Not Admitted,27,352,5.87,0,9504
2006-2007,2006,CTAS II - Emergent,2,Not Seen Or Left,Trauma,Not Admitted,1010,145,2.42,0,146450
2006-2007,2006,CTAS II - Emergent,2,Not Seen Or Left,Unintentional Falls,Not Admitted,229,152,2.53,0,34808
2006-2007,2006,CTAS II - Emergent,2,Transferred,Acute Myocardial Infarction,Not Admitted,1287,148,2.47,0,190476
2006-2007,2006,CTAS II - Emergent,2,Transferred,Asthma,Not Admitted,194,255,4.25,0,49470
2006-2007,2006,CTAS II - Emergent,2,Transferred,Influenzal Pneumonia,Not Admitted,0,314,5.23,0,0
2006-2007,2006,CTAS II - Emergent,2,Transferred,Motor Vehicle Collisions,Not Admitted,1041,200,3.33,0,208200
2006-2007,2006,CTAS II - Emergent,2,Transferred,Pneumonia,Not Admitted,255,250,4.17,0,63750
2006-2007,2006,CTAS II - Emergent,2,Transferred,Trauma,Not Admitted,3273,193,3.22,0,631689
2006-2007,2006,CTAS II - Emergent,2,Transferred,Unintentional Falls,Not Admitted,972,226,3.77,0,219672
2006-2007,2006,CTAS II - Emergent,2,Unknown,Acute Myocardial Infarction,Not Admitted,0,0,0.0,0,0
2006-2007,2006,CTAS II - Emergent,2,Unknown,Asthma,Not Admitted,0,0,0.0,0,0
2006-2007,2006,CTAS II - Emergent,2,Unknown,Influenzal Pneumonia,Not Admitted,0,0,0.0,0,0
2006-2007,2006,CTAS II - Emergent,2,Unknown,Motor Vehicle Collisions,Not Admitted,0,0,0.0,0,0
2006-2007,2006,CTAS II - Emergent,2,Unknown,Pneumonia,Not Admitted,0,0,0.0,0,0
2006-2007,2006,CTAS II - Emergent,2,Unknown,Trauma,Not Admitted,0,0,0.0,0,0
2006-2007,2006,CTAS II - Emergent,2,Unknown,Unintentional Falls,Not Admitted,0,0,0.0,0,0
2006-2007,2006,CTAS III - Urgent,3,Admitted,Acute Myocardial Infarction,Admitted,3241,282,4.7,1,913962
2006-2007,2006,Less urgent,3,Admitted,Acute Myocardial Infarction,Admitted,320,306,5.1,1,97920
2006-2007,2006,Non-urgent,3,Admitted,Acute Myocardial Infarction,Admitted,48,138,2.3,1,6624
2006-2007,2006,Unknown,3,Admitted,Acute Myocardial Infarction,Admitted,0,0,0.0,1,0
2006-2007,2006,CTAS III - Urgent,3,Admitted,Asthma,Admitted,2219,307,5.12,1,681233
2006-2007,2006,Less urgent,3,Admitted,Asthma,Admitted,232,242,4.03,1,56144
2006-2007,2006,Non-urgent,3,Admitted,Asthma,Admitted,37,99,1.65,1,3663
2006-2007,2006,Unknown,3,Admitted,Asthma,Admitted,0,0,0.0,1,0
2006-2007,2006,CTAS III - Urgent,3,Admitted,Influenzal Pneumonia,Admitted,18,649,10.82,1,11682
2006-2007,2006,Less urgent,3,Admitted,Influenzal Pneumonia,Admitted,0,190,3.17,1,0
2006-2007,2006,Non-urgent,3,Admitted,Influenzal Pneumonia,Admitted,0,150,2.5,1,0
2006-2007,2006,Unknown,3,Admitted,Influenzal Pneumonia,Admitted,0,0,0.0,1,0
2006-2007,2006,CTAS III - Urgent,3,Admitted,Motor Vehicle Collisions,Admitted,2399,240,4.0,1,575760
2006-2007,2006,Less urgent,3,Admitted,Motor Vehicle Collisions,Admitted,455,232,3.87,1,105560
2006-2007,2006,Non-urgent,3,Admitted,Motor Vehicle Collisions,Admitted,93,239,3.98,1,22227
2006-2007,2006,Unknown,3,Admitted,Motor Vehicle Collisions,Admitted,0,0,0.0,1,0
2006-2007,2006,CTAS III - Urgent,3,Admitted,Pneumonia,Admitted,11463,327,5.45,1,3748401
2006-2007,2006,Less urgent,3,Admitted,Pneumonia,Admitted,1788,229,3.82,1,409452
2006-2007,2006,Non-urgent,3,Admitted,Pneumonia,Admitted,183,216,3.6,1,39528
2006-2007,2006,Unknown,3,Admitted,Pneumonia,Admitted,0,0,0.0,1,0
2006-2007,2006,CTAS III - Urgent,3,Admitted,Trauma,Admitted,26841,275,4.58,1,7381275
2006-2007,2006,Less urgent,3,Admitted,Trauma,Admitted,6881,251,4.18,1,1727131
2006-2007,2006,Non-urgent,3,Admitted,Trauma,Admitted,820,174,2.9,1,142680
2006-2007,2006,Unknown,3,Admitted,Trauma,Admitted,0,0,0.0,1,0
2006-2007,2006,CTAS III - Urgent,3,Admitted,Unintentional Falls,Admitted,19084,287,4.78,1,5477108
2006-2007,2006,Less urgent,3,Admitted,Unintentional Falls,Admitted,4508,264,4.4,1,1190112
2006-2007,2006,Non-urgent,3,Admitted,Unintentional Falls,Admitted,431,179,2.98,1,77149
2006-2007,2006,Unknown,3,Admitted,Unintentional Falls,Admitted,0,0,0.0,1,0
2006-2007,2006,CTAS III - Urgent,3,Death,Acute Myocardial Infarction,Not Admitted,33,234,3.9,0,7722
2006-2007,2006,Less urgent,3,Death,Acute Myocardial Infarction,Not Admitted,7,300,5.0,0,2100
2006-2007,2006,Non-urgent,3,Death,Acute Myocardial Infarction,Not Admitted,7,22,0.37,0,154
2006-2007,2006,Unknown,3,Death,Acute Myocardial Infarction,Not Admitted,0,0,0.0,0,0
2006-2007,2006,CTAS III - Urgent,3,Death,Asthma,Not Admitted,0,0,0.0,0,0
2006-2007,2006,Less urgent,3,Death,Asthma,Not Admitted,0,0,0.0,0,0
2006-2007,2006,Non-urgent,3,Death,Asthma,Not Admitted,0,0,0.0,0,0
2006-2007,2006,Unknown,3,Death,Asthma,Not Admitted,0,0,0.0,0,0
2006-2007,2006,CTAS III - Urgent,3,Death,Influenzal Pneumonia,Not Admitted,0,0,0.0,0,0
2006-2007,2006,Less urgent,3,Death,Influenzal Pneumonia,Not Admitted,0,0,0.0,0,0
2006-2007,2006,Non-urgent,3,Death,Influenzal Pneumonia,Not Admitted,0,0,0.0,0,0
2006-2007,2006,Unknown,3,Death,Influenzal Pneumonia,Not Admitted,0,0,0.0,0,0
2006-2007,2006,CTAS III - Urgent,3,Death,Motor Vehicle Collisions,Not Admitted,0,140,2.33,0,0
2006-2007,2006,Less urgent,3,Death,Motor Vehicle Collisions,Not Admitted,0,1452,24.2,0,0
2006-2007,2006,Non-urgent,3,Death,Motor Vehicle Collisions,Not Admitted,0,88,1.47,0,0
2006-2007,2006,Unknown,3,Death,Motor Vehicle Collisions,Not Admitted,0,0,0.0,0,0
2006-2007,2006,CTAS III - Urgent,3,Death,Pneumonia,Not Admitted,23,437,7.28,0,10051
2006-2007,2006,Less urgent,3,Death,Pneumonia,Not Admitted,0,690,11.5,0,0
2006-2007,2006,Non-urgent,3,Death,Pneumonia,Not Admitted,0,12,0.2,0,0
2006-2007,2006,Unknown,3,Death,Pneumonia,Not Admitted,0,0,0.0,0,0
2006-2007,2006,CTAS III - Urgent,3,Death,Trauma,Not Admitted,20,368,6.13,0,7360
2006-2007,2006,Less urgent,3,Death,Trauma,Not Admitted,14,76,1.27,0,1064
2006-2007,2006,Non-urgent,3,Death,Trauma,Not Admitted,11,75,1.25,0,825
2006-2007,2006,Unknown,3,Death,Trauma,Not Admitted,0,0,0.0,0,0
2006-2007,2006,CTAS III - Urgent,3,Death,Unintentional Falls,Not Admitted,11,571,9.52,0,6281
2006-2007,2006,Less urgent,3,Death,Unintentional Falls,Not Admitted,6,146,2.43,0,876
2006-2007,2006,Non-urgent,3,Death,Unintentional Falls,Not Admitted,0,355,5.92,0,0
2006-2007,2006,Unknown,3,Death,Unintentional Falls,Not Admitted,0,0,0.0,0,0
2006-2007,2006,CTAS III - Urgent,3,Discharged Home,Acute Myocardial Infarction,Not Admitted,99,340,5.67,0,33660
2006-2007,2006,Less urgent,3,Discharged Home,Acute Myocardial Infarction,Not Admitted,20,206,3.43,0,4120
2006-2007,2006,Non-urgent,3,Discharged Home,Acute Myocardial Infarction,Not Admitted,6,120,2.0,0,720
2006-2007,2006,Unknown,3,Discharged Home,Acute Myocardial Infarction,Not Admitted,0,0,0.0,0,0
2006-2007,2006,CTAS III - Urgent,3,Discharged Home,Asthma,Not Admitted,32085,151,2.52,0,4844835
2006-2007,2006,Less urgent,3,Discharged Home,Asthma,Not Admitted,17793,101,1.68,0,1797093
2006-2007,2006,Non-urgent,3,Discharged Home,Asthma,Not Admitted,3459,71,1.18,0,245589
2006-2007,2006,Unknown,3,Discharged Home,Asthma,Not Admitted,0,0,0.0,0,0
2006-2007,2006,CTAS III - Urgent,3,Discharged Home,Influenzal Pneumonia,Not Admitted,44,192,3.2,0,8448
2006-2007,2006,Less urgent,3,Discharged Home,Influenzal Pneumonia,Not Admitted,48,96,1.6,0,4608
2006-2007,2006,Non-urgent,3,Discharged Home,Influenzal Pneumonia,Not Admitted,5,84,1.4,0,420
2006-2007,2006,Unknown,3,Discharged Home,Influenzal Pneumonia,Not Admitted,0,0,0.0,0,0
2006-2007,2006,CTAS III - Urgent,3,Discharged Home,Motor Vehicle Collisions,Not Admitted,42827,151,2.52,0,6466877
2006-2007,2006,Less urgent,3,Discharged Home,Motor Vehicle Collisions,Not Admitted,45669,120,2.0,0,5480280
2006-2007,2006,Non-urgent,3,Discharged Home,Motor Vehicle Collisions,Not Admitted,5674,93,1.55,0,527682
2006-2007,2006,Unknown,3,Discharged Home,Motor Vehicle Collisions,Not Admitted,0,0,0.0,0,0
2006-2007,2006,CTAS III - Urgent,3,Discharged Home,Pneumonia,Not Admitted,21624,201,3.35,0,4346424
2006-2007,2006,Less urgent,3,Discharged Home,Pneumonia,Not Admitted,14533,125,2.08,0,1816625
2006-2007,2006,Non-urgent,3,Discharged Home,Pneumonia,Not Admitted,2198,91,1.52,0,200018
2006-2007,2006,Unknown,3,Discharged Home,Pneumonia,Not Admitted,0,0,0.0,0,0
2006-2007,2006,CTAS III - Urgent,3,Discharged Home,Trauma,Not Admitted,331414,140,2.33,0,46397960
2006-2007,2006,Less urgent,3,Discharged Home,Trauma,Not Admitted,671962,112,1.87,0,75259744
2006-2007,2006,Non-urgent,3,Discharged Home,Trauma,Not Admitted,113972,86,1.43,0,9801592
2006-2007,2006,Unknown,3,Discharged Home,Trauma,Not Admitted,0,0,0.0,0,0
2006-2007,2006,CTAS III - Urgent,3,Discharged Home,Unintentional Falls,Not Admitted,109487,162,2.7,0,17736894
2006-2007,2006,Less urgent,3,Discharged Home,Unintentional Falls,Not Admitted,180401,123,2.05,0,22189323
2006-2007,2006,Non-urgent,3,Discharged Home,Unintentional Falls,Not Admitted,24030,95,1.58,0,2282850
2006-2007,2006,Unknown,3,Discharged Home,Unintentional Falls,Not Admitted,0,0,0.0,0,0
2006-2007,2006,CTAS III - Urgent,3,Intra-Facility Transfer,Acute Myocardial Infarction,Not Admitted,5,122,2.03,0,610
2006-2007,2006,Less urgent,3,Intra-Facility Transfer,Acute Myocardial Infarction,Not Admitted,0,63,1.05,0,0
2006-2007,2006,Non-urgent,3,Intra-Facility Transfer,Acute Myocardial Infarction,Not Admitted,0,0,0.0,0,0
2006-2007,2006,Unknown,3,Intra-Facility Transfer,Acute Myocardial Infarction,Not Admitted,0,0,0.0,0,0
2006-2007,2006,CTAS III - Urgent,3,Intra-Facility Transfer,Asthma,Not Admitted,15,120,2.0,0,1800
2006-2007,2006,Less urgent,3,Intra-Facility Transfer,Asthma,Not Admitted,6,182,3.03,0,1092
2006-2007,2006,Non-urgent,3,Intra-Facility Transfer,Asthma,Not Admitted,0,0,0.0,0,0
2006-2007,2006,Unknown,3,Intra-Facility Transfer,Asthma,Not Admitted,0,0,0.0,0,0
2006-2007,2006,CTAS III - Urgent,3,Intra-Facility Transfer,Influenzal Pneumonia,Not Admitted,0,0,0.0,0,0
2006-2007,2006,Less urgent,3,Intra-Facility Transfer,Influenzal Pneumonia,Not Admitted,0,0,0.0,0,0
2006-2007,2006,Non-urgent,3,Intra-Facility Transfer,Influenzal Pneumonia,Not Admitted,0,0,0.0,0,0
2006-2007,2006,Unknown,3,Intra-Facility Transfer,Influenzal Pneumonia,Not Admitted,0,0,0.0,0,0
2006-2007,2006,CTAS III - Urgent,3,Intra-Facility Transfer,Motor Vehicle Collisions,Not Admitted,121,174,2.9,0,21054
2006-2007,2006,Less urgent,3,Intra-Facility Transfer,Motor Vehicle Collisions,Not Admitted,75,159,2.65,0,11925
2006-2007,2006,Non-urgent,3,Intra-Facility Transfer,Motor Vehicle Collisions,Not Admitted,27,55,0.92,0,1485
2006-2007,2006,Unknown,3,Intra-Facility Transfer,Motor Vehicle Collisions,Not Admitted,0,0,0.0,0,0
2006-2007,2006,CTAS III - Urgent,3,Intra-Facility Transfer,Pneumonia,Not Admitted,30,238,3.97,0,7140
2006-2007,2006,Less urgent,3,Intra-Facility Transfer,Pneumonia,Not Admitted,14,197,3.28,0,2758
2006-2007,2006,Non-urgent,3,Intra-Facility Transfer,Pneumonia,Not Admitted,0,292,4.87,0,0
2006-2007,2006,Unknown,3,Intra-Facility Transfer,Pneumonia,Not Admitted,0,0,0.0,0,0
2006-2007,2006,CTAS III - Urgent,3,Intra-Facility Transfer,Trauma,Not Admitted,1745,175,2.92,0,305375
2006-2007,2006,Less urgent,3,Intra-Facility Transfer,Trauma,Not Admitted,1324,132,2.2,0,174768
2006-2007,2006,Non-urgent,3,Intra-Facility Transfer,Trauma,Not Admitted,395,79,1.32,0,31205
2006-2007,2006,Unknown,3,Intra-Facility Transfer,Trauma,Not Admitted,0,0,0.0,0,0
2006-2007,2006,CTAS III - Urgent,3,Intra-Facility Transfer,Unintentional Falls,Not Admitted,576,178,2.97,0,102528
2006-2007,2006,Less urgent,3,Intra-Facility Transfer,Unintentional Falls,Not Admitted,424,143,2.38,0,60632
2006-2007,2006,Non-urgent,3,Intra-Facility Transfer,Unintentional Falls,Not Admitted,114,65,1.08,0,7410
2006-2007,2006,Unknown,3,Intra-Facility Transfer,Unintentional Falls,Not Admitted,0,0,0.0,0,0
2006-2007,2006,CTAS III - Urgent,3,Not Seen Or Left,Acute Myocardial Infarction,Not Admitted,6,540,9.0,0,3240
2006-2007,2006,Less urgent,3,Not Seen Or Left,Acute Myocardial Infarction,Not Admitted,0,175,2.92,0,0
2006-2007,2006,Non-urgent,3,Not Seen Or Left,Acute Myocardial Infarction,Not Admitted,0,0,0.0,0,0
2006-2007,2006,Unknown,3,Not Seen Or Left,Acute Myocardial Infarction,Not Admitted,0,0,0.0,0,0
2006-2007,2006,CTAS III - Urgent,3,Not Seen Or Left,Asthma,Not Admitted,449,123,2.05,0,55227
2006-2007,2006,Less urgent,3,Not Seen Or Left,Asthma,Not Admitted,184,116,1.93,0,21344
2006-2007,2006,Non-urgent,3,Not Seen Or Left,Asthma,Not Admitted,20,118,1.97,0,2360
2006-2007,2006,Unknown,3,Not Seen Or Left,Asthma,Not Admitted,0,35,0.58,0,0
2006-2007,2006,CTAS III - Urgent,3,Not Seen Or Left,Influenzal Pneumonia,Not Admitted,0,0,0.0,0,0
2006-2007,2006,Less urgent,3,Not Seen Or Left,Influenzal Pneumonia,Not Admitted,0,0,0.0,0,0
2006-2007,2006,Non-urgent,3,Not Seen Or Left,Influenzal Pneumonia,Not Admitted,0,72,1.2,0,0
2006-2007,2006,Unknown,3,Not Seen Or Left,Influenzal Pneumonia,Not Admitted,0,0,0.0,0,0
2006-2007,2006,CTAS III - Urgent,3,Not Seen Or Left,Motor Vehicle Collisions,Not Admitted,1118,134,2.23,0,149812
2006-2007,2006,Less urgent,3,Not Seen Or Left,Motor Vehicle Collisions,Not Admitted,1534,128,2.13,0,196352
2006-2007,2006,Non-urgent,3,Not Seen Or Left,Motor Vehicle Collisions,Not Admitted,192,111,1.85,0,21312
2006-2007,2006,Unknown,3,Not Seen Or Left,Motor Vehicle Collisions,Not Admitted,10,20,0.33,0,200
2006-2007,2006,CTAS III - Urgent,3,Not Seen Or Left,Pneumonia,Not Admitted,79,190,3.17,0,15010
2006-2007,2006,Less urgent,3,Not Seen Or Left,Pneumonia,Not Admitted,37,187,3.12,0,6919
2006-2007,2006,Non-urgent,3,Not Seen Or Left,Pneumonia,Not Admitted,13,83,1.38,0,1079
2006-2007,2006,Unknown,3,Not Seen Or Left,Pneumonia,Not Admitted,0,0,0.0,0,0
2006-2007,2006,CTAS III - Urgent,3,Not Seen Or Left,Trauma,Not Admitted,10342,128,2.13,0,1323776
2006-2007,2006,Less urgent,3,Not Seen Or Left,Trauma,Not Admitted,24257,122,2.03,0,2959354
2006-2007,2006,Non-urgent,3,Not Seen Or Left,Trauma,Not Admitted,4459,95,1.58,0,423605
2006-2007,2006,Unknown,3,Not Seen Or Left,Trauma,Not Admitted,348,15,0.25,0,5220
2006-2007,2006,CTAS III - Urgent,3,Not Seen Or Left,Unintentional Falls,Not Admitted,2615,135,2.25,0,353025
2006-2007,2006,Less urgent,3,Not Seen Or Left,Unintentional Falls,Not Admitted,5020,126,2.1,0,632520
2006-2007,2006,Non-urgent,3,Not Seen Or Left,Unintentional Falls,Not Admitted,694,99,1.65,0,68706
2006-2007,2006,Unknown,3,Not Seen Or Left,Unintentional Falls,Not Admitted,25,57,0.95,0,1425
2006-2007,2006,CTAS III - Urgent,3,Transferred,Acute Myocardial Infarction,Not Admitted,392,195,3.25,0,76440
2006-2007,2006,Less urgent,3,Transferred,Acute Myocardial Infarction,Not Admitted,31,285,4.75,0,8835
2006-2007,2006,Non-urgent,3,Transferred,Acute Myocardial Infarction,Not Admitted,6,178,2.97,0,1068
2006-2007,2006,Unknown,3,Transferred,Acute Myocardial Infarction,Not Admitted,0,0,0.0,0,0
2006-2007,2006,CTAS III - Urgent,3,Transferred,Asthma,Not Admitted,199,232,3.87,0,46168
2006-2007,2006,Less urgent,3,Transferred,Asthma,Not Admitted,18,180,3.0,0,3240
2006-2007,2006,Non-urgent,3,Transferred,Asthma,Not Admitted,0,616,10.27,0,0
2006-2007,2006,Unknown,3,Transferred,Asthma,Not Admitted,0,0,0.0,0,0
2006-2007,2006,CTAS III - Urgent,3,Transferred,Influenzal Pneumonia,Not Admitted,0,0,0.0,0,0
2006-2007,2006,Less urgent,3,Transferred,Influenzal Pneumonia,Not Admitted,0,0,0.0,0,0
2006-2007,2006,Non-urgent,3,Transferred,Influenzal Pneumonia,Not Admitted,0,0,0.0,0,0
2006-2007,2006,Unknown,3,Transferred,Influenzal Pneumonia,Not Admitted,0,0,0.0,0,0
2006-2007,2006,CTAS III - Urgent,3,Transferred,Motor Vehicle Collisions,Not Admitted,823,207,3.45,0,170361
2006-2007,2006,Less urgent,3,Transferred,Motor Vehicle Collisions,Not Admitted,232,172,2.87,0,39904
2006-2007,2006,Non-urgent,3,Transferred,Motor Vehicle Collisions,Not Admitted,33,100,1.67,0,3300
2006-2007,2006,Unknown,3,Transferred,Motor Vehicle Collisions,Not Admitted,0,0,0.0,0,0
2006-2007,2006,CTAS III - Urgent,3,Transferred,Pneumonia,Not Admitted,466,271,4.52,0,126286
2006-2007,2006,Less urgent,3,Transferred,Pneumonia,Not Admitted,105,269,4.48,0,28245
2006-2007,2006,Non-urgent,3,Transferred,Pneumonia,Not Admitted,25,215,3.58,0,5375
2006-2007,2006,Unknown,3,Transferred,Pneumonia,Not Admitted,0,0,0.0,0,0
2006-2007,2006,CTAS III - Urgent,3,Transferred,Trauma,Not Admitted,5226,205,3.42,0,1071330
2006-2007,2006,Less urgent,3,Transferred,Trauma,Not Admitted,2369,180,3.0,0,426420
2006-2007,2006,Non-urgent,3,Transferred,Trauma,Not Admitted,395,135,2.25,0,53325
2006-2007,2006,Unknown,3,Transferred,Trauma,Not Admitted,0,0,0.0,0,0
2006-2007,2006,CTAS III - Urgent,3,Transferred,Unintentional Falls,Not Admitted,2657,235,3.92,0,624395
2006-2007,2006,Less urgent,3,Transferred,Unintentional Falls,Not Admitted,1124,208,3.47,0,233792
2006-2007,2006,Non-urgent,3,Transferred,Unintentional Falls,Not Admitted,149,155,2.58,0,23095
2006-2007,2006,Unknown,3,Transferred,Unintentional Falls,Not Admitted,0,0,0.0,0,0
2006-2007,2006,CTAS III - Urgent,3,Unknown,Acute Myocardial Infarction,Not Admitted,0,0,0.0,0,0
2006-2007,2006,Less urgent,3,Unknown,Acute Myocardial Infarction,Not Admitted,0,0,0.0,0,0
2006-2007,2006,Non-urgent,3,Unknown,Acute Myocardial Infarction,Not Admitted,0,0,0.0,0,0
2006-2007,2006,Unknown,3,Unknown,Acute Myocardial Infarction,Not Admitted,0,0,0.0,0,0
2006-2007,2006,CTAS III - Urgent,3,Unknown,Asthma,Not Admitted,0,0,0.0,0,0
2006-2007,2006,Less urgent,3,Unknown,Asthma,Not Admitted,0,0,0.0,0,0
2006-2007,2006,Non-urgent,3,Unknown,Asthma,Not Admitted,0,0,0.0,0,0
2006-2007,2006,Unknown,3,Unknown,Asthma,Not Admitted,0,0,0.0,0,0
2006-2007,2006,CTAS III - Urgent,3,Unknown,Influenzal Pneumonia,Not Admitted,0,0,0.0,0,0
2006-2007,2006,Less urgent,3,Unknown,Influenzal Pneumonia,Not Admitted,0,0,0.0,0,0
2006-2007,2006,Non-urgent,3,Unknown,Influenzal Pneumonia,Not Admitted,0,0,0.0,0,0
2006-2007,2006,Unknown,3,Unknown,Influenzal Pneumonia,Not Admitted,0,0,0.0,0,0
2006-2007,2006,CTAS III - Urgent,3,Unknown,Motor Vehicle Collisions,Not Admitted,0,0,0.0,0,0
2006-2007,2006,Less urgent,3,Unknown,Motor Vehicle Collisions,Not Admitted,0,0,0.0,0,0
2006-2007,2006,Non-urgent,3,Unknown,Motor Vehicle Collisions,Not Admitted,0,0,0.0,0,0
2006-2007,2006,Unknown,3,Unknown,Motor Vehicle Collisions,Not Admitted,0,0,0.0,0,0
2006-2007,2006,CTAS III - Urgent,3,Unknown,Pneumonia,Not Admitted,0,0,0.0,0,0
2006-2007,2006,Less urgent,3,Unknown,Pneumonia,Not Admitted,0,0,0.0,0,0
2006-2007,2006,Non-urgent,3,Unknown,Pneumonia,Not Admitted,0,0,0.0,0,0
2006-2007,2006,Unknown,3,Unknown,Pneumonia,Not Admitted,0,0,0.0,0,0
2006-2007,2006,CTAS III - Urgent,3,Unknown,Trauma,Not Admitted,0,0,0.0,0,0
2006-2007,2006,Less urgent,3,Unknown,Trauma,Not Admitted,0,0,0.0,0,0
2006-2007,2006,Non-urgent,3,Unknown,Trauma,Not Admitted,0,0,0.0,0,0
2006-2007,2006,Unknown,3,Unknown,Trauma,Not Admitted,0,0,0.0,0,0
2006-2007,2006,CTAS III - Urgent,3,Unknown,Unintentional Falls,Not Admitted,0,0,0.0,0,0
2006-2007,2006,Less urgent,3,Unknown,Unintentional Falls,Not Admitted,0,0,0.0,0,0
2006-2007,2006,Non-urgent,3,Unknown,Unintentional Falls,Not Admitted,0,0,0.0,0,0
2006-2007,2006,Unknown,3,Unknown,Unintentional Falls,Not Admitted,0,0,0.0,0,0
2005-2006,2005,CTAS I - Resuscitation,1,Admitted,Acute Myocardial Infarction,Admitted,513,118,1.97,1,60534
2005-2006,2005,CTAS I - Resuscitation,1,Admitted,Asthma,Admitted,286,215,3.58,1,61490
2005-2006,2005,CTAS I - Resuscitation,1,Admitted,Influenzal Pneumonia,Admitted,0,0,0.0,1,0
2005-2006,2005,CTAS I - Resuscitation,1,Admitted,Motor Vehicle Collisions,Admitted,1613,161,2.68,1,259693
2005-2006,2005,CTAS I - Resuscitation,1,Admitted,Pneumonia,Admitted,366,212,3.53,1,77592
2005-2006,2005,CTAS I - Resuscitation,1,Admitted,Trauma,Admitted,3184,160,2.67,1,509440
2005-2006,2005,CTAS I - Resuscitation,1,Admitted,Unintentional Falls,Admitted,566,204,3.4,1,115464
2005-2006,2005,CTAS I - Resuscitation,1,Death,Acute Myocardial Infarction,Not Admitted,594,24,0.4,0,14256
2005-2006,2005,CTAS I - Resuscitation,1,Death,Asthma,Not Admitted,0,150,2.5,0,0
2005-2006,2005,CTAS I - Resuscitation,1,Death,Influenzal Pneumonia,Not Admitted,0,0,0.0,0,0
2005-2006,2005,CTAS I - Resuscitation,1,Death,Motor Vehicle Collisions,Not Admitted,251,37,0.62,0,9287
2005-2006,2005,CTAS I - Resuscitation,1,Death,Pneumonia,Not Admitted,22,149,2.48,0,3278
2005-2006,2005,CTAS I - Resuscitation,1,Death,Trauma,Not Admitted,533,32,0.53,0,17056
2005-2006,2005,CTAS I - Resuscitation,1,Death,Unintentional Falls,Not Admitted,46,104,1.73,0,4784
2005-2006,2005,CTAS I - Resuscitation,1,Discharged Home,Acute Myocardial Infarction,Not Admitted,8,114,1.9,0,912
2005-2006,2005,CTAS I - Resuscitation,1,Discharged Home,Asthma,Not Admitted,172,196,3.27,0,33712
2005-2006,2005,CTAS I - Resuscitation,1,Discharged Home,Influenzal Pneumonia,Not Admitted,0,0,0.0,0,0
2005-2006,2005,CTAS I - Resuscitation,1,Discharged Home,Motor Vehicle Collisions,Not Admitted,340,285,4.75,0,96900
2005-2006,2005,CTAS I - Resuscitation,1,Discharged Home,Pneumonia,Not Admitted,29,231,3.85,0,6699
2005-2006,2005,CTAS I - Resuscitation,1,Discharged Home,Trauma,Not Admitted,1220,253,4.22,0,308660
2005-2006,2005,CTAS I - Resuscitation,1,Discharged Home,Unintentional Falls,Not Admitted,185,263,4.38,0,48655
2005-2006,2005,CTAS I - Resuscitation,1,Intra-Facility Transfer,Acute Myocardial Infarction,Not Admitted,0,0,0.0,0,0
2005-2006,2005,CTAS I - Resuscitation,1,Intra-Facility Transfer,Asthma,Not Admitted,0,102,1.7,0,0
2005-2006,2005,CTAS I - Resuscitation,1,Intra-Facility Transfer,Influenzal Pneumonia,Not Admitted,0,0,0.0,0,0
2005-2006,2005,CTAS I - Resuscitation,1,Intra-Facility Transfer,Motor Vehicle Collisions,Not Admitted,9,64,1.07,0,576
2005-2006,2005,CTAS I - Resuscitation,1,Intra-Facility Transfer,Pneumonia,Not Admitted,0,0,0.0,0,0
2005-2006,2005,CTAS I - Resuscitation,1,Intra-Facility Transfer,Trauma,Not Admitted,28,122,2.03,0,3416
2005-2006,2005,CTAS I - Resuscitation,1,Intra-Facility Transfer,Unintentional Falls,Not Admitted,0,230,3.83,0,0
2005-2006,2005,CTAS I - Resuscitation,1,Not Seen Or Left,Acute Myocardial Infarction,Not Admitted,0,0,0.0,0,0
2005-2006,2005,CTAS I - Resuscitation,1,Not Seen Or Left,Asthma,Not Admitted,5,273,4.55,0,1365
2005-2006,2005,CTAS I - Resuscitation,1,Not Seen Or Left,Influenzal Pneumonia,Not Admitted,0,0,0.0,0,0
2005-2006,2005,CTAS I - Resuscitation,1,Not Seen Or Left,Motor Vehicle Collisions,Not Admitted,0,195,3.25,0,0
2005-2006,2005,CTAS I - Resuscitation,1,Not Seen Or Left,Pneumonia,Not Admitted,0,0,0.0,0,0
2005-2006,2005,CTAS I - Resuscitation,1,Not Seen Or Left,Trauma,Not Admitted,17,203,3.38,0,3451
2005-2006,2005,CTAS I - Resuscitation,1,Not Seen Or Left,Unintentional Falls,Not Admitted,0,815,13.58,0,0
2005-2006,2005,CTAS I - Resuscitation,1,Transferred,Acute Myocardial Infarction,Not Admitted,198,142,2.37,0,28116
2005-2006,2005,CTAS I - Resuscitation,1,Transferred,Asthma,Not Admitted,26,205,3.42,0,5330
2005-2006,2005,CTAS I - Resuscitation,1,Transferred,Influenzal Pneumonia,Not Admitted,0,0,0.0,0,0
2005-2006,2005,CTAS I - Resuscitation,1,Transferred,Motor Vehicle Collisions,Not Admitted,387,126,2.1,0,48762
2005-2006,2005,CTAS I - Resuscitation,1,Transferred,Pneumonia,Not Admitted,24,206,3.43,0,4944
2005-2006,2005,CTAS I - Resuscitation,1,Transferred,Trauma,Not Admitted,727,133,2.22,0,96691
2005-2006,2005,CTAS I - Resuscitation,1,Transferred,Unintentional Falls,Not Admitted,116,177,2.95,0,20532
2005-2006,2005,CTAS I - Resuscitation,1,Unknown,Acute Myocardial Infarction,Not Admitted,0,0,0.0,0,0
2005-2006,2005,CTAS I - Resuscitation,1,Unknown,Asthma,Not Admitted,0,0,0.0,0,0
2005-2006,2005,CTAS I - Resuscitation,1,Unknown,Influenzal Pneumonia,Not Admitted,0,0,0.0,0,0
2005-2006,2005,CTAS I - Resuscitation,1,Unknown,Motor Vehicle Collisions,Not Admitted,0,0,0.0,0,0
2005-2006,2005,CTAS I - Resuscitation,1,Unknown,Pneumonia,Not Admitted,0,0,0.0,0,0
2005-2006,2005,CTAS I - Resuscitation,1,Unknown,Trauma,Not Admitted,0,0,0.0,0,0
2005-2006,2005,CTAS I - Resuscitation,1,Unknown,Unintentional Falls,Not Admitted,0,0,0.0,0,0
2005-2006,2005,CTAS II - Emergent,2,Admitted,Acute Myocardial Infarction,Admitted,6673,193,3.22,1,1287889
2005-2006,2005,CTAS II - Emergent,2,Admitted,Asthma,Admitted,4210,263,4.38,1,1107230
2005-2006,2005,CTAS II - Emergent,2,Admitted,Influenzal Pneumonia,Admitted,0,512,8.53,1,0
2005-2006,2005,CTAS II - Emergent,2,Admitted,Motor Vehicle Collisions,Admitted,2742,247,4.12,1,677274
2005-2006,2005,CTAS II - Emergent,2,Admitted,Pneumonia,Admitted,7891,295,4.92,1,2327845
2005-2006,2005,CTAS II - Emergent,2,Admitted,Trauma,Admitted,11717,247,4.12,1,2894099
2005-2006,2005,CTAS II - Emergent,2,Admitted,Unintentional Falls,Admitted,5501,268,4.47,1,1474268
2005-2006,2005,CTAS II - Emergent,2,Death,Acute Myocardial Infarction,Not Admitted,131,168,2.8,0,22008
2005-2006,2005,CTAS II - Emergent,2,Death,Asthma,Not Admitted,0,194,3.23,0,0
2005-2006,2005,CTAS II - Emergent,2,Death,Influenzal Pneumonia,Not Admitted,0,0,0.0,0,0
2005-2006,2005,CTAS II - Emergent,2,Death,Motor Vehicle Collisions,Not Admitted,10,39,0.65,0,390
2005-2006,2005,CTAS II - Emergent,2,Death,Pneumonia,Not Admitted,28,295,4.92,0,8260
2005-2006,2005,CTAS II - Emergent,2,Death,Trauma,Not Admitted,31,157,2.62,0,4867
2005-2006,2005,CTAS II - Emergent,2,Death,Unintentional Falls,Not Admitted,14,304,5.07,0,4256
2005-2006,2005,CTAS II - Emergent,2,Discharged Home,Acute Myocardial Infarction,Not Admitted,138,228,3.8,0,31464
2005-2006,2005,CTAS II - Emergent,2,Discharged Home,Asthma,Not Admitted,12489,177,2.95,0,2210553
2005-2006,2005,CTAS II - Emergent,2,Discharged Home,Influenzal Pneumonia,Not Admitted,0,175,2.92,0,0
2005-2006,2005,CTAS II - Emergent,2,Discharged Home,Motor Vehicle Collisions,Not Admitted,11787,182,3.03,0,2145234
2005-2006,2005,CTAS II - Emergent,2,Discharged Home,Pneumonia,Not Admitted,4632,225,3.75,0,1042200
2005-2006,2005,CTAS II - Emergent,2,Discharged Home,Trauma,Not Admitted,56120,167,2.78,0,9372040
2005-2006,2005,CTAS II - Emergent,2,Discharged Home,Unintentional Falls,Not Admitted,14854,196,3.27,0,2911384
2005-2006,2005,CTAS II - Emergent,2,Intra-Facility Transfer,Acute Myocardial Infarction,Not Admitted,12,82,1.37,0,984
2005-2006,2005,CTAS II - Emergent,2,Intra-Facility Transfer,Asthma,Not Admitted,33,173,2.88,0,5709
2005-2006,2005,CTAS II - Emergent,2,Intra-Facility Transfer,Influenzal Pneumonia,Not Admitted,0,0,0.0,0,0
2005-2006,2005,CTAS II - Emergent,2,Intra-Facility Transfer,Motor Vehicle Collisions,Not Admitted,66,233,3.88,0,15378
2005-2006,2005,CTAS II - Emergent,2,Intra-Facility Transfer,Pneumonia,Not Admitted,16,198,3.3,0,3168
2005-2006,2005,CTAS II - Emergent,2,Intra-Facility Transfer,Trauma,Not Admitted,592,176,2.93,0,104192
2005-2006,2005,CTAS II - Emergent,2,Intra-Facility Transfer,Unintentional Falls,Not Admitted,125,178,2.97,0,22250
2005-2006,2005,CTAS II - Emergent,2,Not Seen Or Left,Acute Myocardial Infarction,Not Admitted,17,409,6.82,0,6953
2005-2006,2005,CTAS II - Emergent,2,Not Seen Or Left,Asthma,Not Admitted,140,185,3.08,0,25900
2005-2006,2005,CTAS II - Emergent,2,Not Seen Or Left,Influenzal Pneumonia,Not Admitted,0,0,0.0,0,0
2005-2006,2005,CTAS II - Emergent,2,Not Seen Or Left,Motor Vehicle Collisions,Not Admitted,145,152,2.53,0,22040
2005-2006,2005,CTAS II - Emergent,2,Not Seen Or Left,Pneumonia,Not Admitted,21,303,5.05,0,6363
2005-2006,2005,CTAS II - Emergent,2,Not Seen Or Left,Trauma,Not Admitted,931,141,2.35,0,131271
2005-2006,2005,CTAS II - Emergent,2,Not Seen Or Left,Unintentional Falls,Not Admitted,225,160,2.67,0,36000
2005-2006,2005,CTAS II - Emergent,2,Transferred,Acute Myocardial Infarction,Not Admitted,1265,162,2.7,0,204930
2005-2006,2005,CTAS II - Emergent,2,Transferred,Asthma,Not Admitted,238,254,4.23,0,60452
2005-2006,2005,CTAS II - Emergent,2,Transferred,Influenzal Pneumonia,Not Admitted,0,0,0.0,0,0
2005-2006,2005,CTAS II - Emergent,2,Transferred,Motor Vehicle Collisions,Not Admitted,1018,195,3.25,0,198510
2005-2006,2005,CTAS II - Emergent,2,Transferred,Pneumonia,Not Admitted,270,244,4.07,0,65880
2005-2006,2005,CTAS II - Emergent,2,Transferred,Trauma,Not Admitted,3191,183,3.05,0,583953
2005-2006,2005,CTAS II - Emergent,2,Transferred,Unintentional Falls,Not Admitted,932,218,3.63,0,203176
2005-2006,2005,CTAS II - Emergent,2,Unknown,Acute Myocardial Infarction,Not Admitted,0,0,0.0,0,0
2005-2006,2005,CTAS II - Emergent,2,Unknown,Asthma,Not Admitted,0,0,0.0,0,0
2005-2006,2005,CTAS II - Emergent,2,Unknown,Influenzal Pneumonia,Not Admitted,0,0,0.0,0,0
2005-2006,2005,CTAS II - Emergent,2,Unknown,Motor Vehicle Collisions,Not Admitted,0,0,0.0,0,0
2005-2006,2005,CTAS II - Emergent,2,Unknown,Pneumonia,Not Admitted,0,0,0.0,0,0
2005-2006,2005,CTAS II - Emergent,2,Unknown,Trauma,Not Admitted,0,0,0.0,0,0
2005-2006,2005,CTAS II - Emergent,2,Unknown,Unintentional Falls,Not Admitted,0,0,0.0,0,0
2005-2006,2005,CTAS III - Urgent,3,Admitted,Acute Myocardial Infarction,Admitted,3287,289,4.82,1,949943
2005-2006,2005,Less urgent,3,Admitted,Acute Myocardial Infarction,Admitted,292,280,4.67,1,81760
2005-2006,2005,Non-urgent,3,Admitted,Acute Myocardial Infarction,Admitted,48,190,3.17,1,9120
2005-2006,2005,Unknown,3,Admitted,Acute Myocardial Infarction,Admitted,0,0,0.0,1,0
2005-2006,2005,CTAS III - Urgent,3,Admitted,Asthma,Admitted,2801,300,5.0,1,840300
2005-2006,2005,Less urgent,3,Admitted,Asthma,Admitted,224,216,3.6,1,48384
2005-2006,2005,Non-urgent,3,Admitted,Asthma,Admitted,47,167,2.78,1,7849
2005-2006,2005,Unknown,3,Admitted,Asthma,Admitted,0,0,0.0,1,0
2005-2006,2005,CTAS III - Urgent,3,Admitted,Influenzal Pneumonia,Admitted,5,407,6.78,1,2035
2005-2006,2005,Less urgent,3,Admitted,Influenzal Pneumonia,Admitted,0,190,3.17,1,0
2005-2006,2005,Non-urgent,3,Admitted,Influenzal Pneumonia,Admitted,0,0,0.0,1,0
2005-2006,2005,Unknown,3,Admitted,Influenzal Pneumonia,Admitted,0,0,0.0,1,0
2005-2006,2005,CTAS III - Urgent,3,Admitted,Motor Vehicle Collisions,Admitted,2660,242,4.03,1,643720
2005-2006,2005,Less urgent,3,Admitted,Motor Vehicle Collisions,Admitted,476,222,3.7,1,105672
2005-2006,2005,Non-urgent,3,Admitted,Motor Vehicle Collisions,Admitted,96,190,3.17,1,18240
2005-2006,2005,Unknown,3,Admitted,Motor Vehicle Collisions,Admitted,0,0,0.0,1,0
2005-2006,2005,CTAS III - Urgent,3,Admitted,Pneumonia,Admitted,11575,320,5.33,1,3704000
2005-2006,2005,Less urgent,3,Admitted,Pneumonia,Admitted,1734,241,4.02,1,417894
2005-2006,2005,Non-urgent,3,Admitted,Pneumonia,Admitted,214,186,3.1,1,39804
2005-2006,2005,Unknown,3,Admitted,Pneumonia,Admitted,0,0,0.0,1,0
2005-2006,2005,CTAS III - Urgent,3,Admitted,Trauma,Admitted,27536,270,4.5,1,7434720
2005-2006,2005,Less urgent,3,Admitted,Trauma,Admitted,7225,251,4.18,1,1813475
2005-2006,2005,Non-urgent,3,Admitted,Trauma,Admitted,811,167,2.78,1,135437
2005-2006,2005,Unknown,3,Admitted,Trauma,Admitted,0,0,0.0,1,0
2005-2006,2005,CTAS III - Urgent,3,Admitted,Unintentional Falls,Admitted,19021,283,4.72,1,5382943
2005-2006,2005,Less urgent,3,Admitted,Unintentional Falls,Admitted,4681,265,4.42,1,1240465
2005-2006,2005,Non-urgent,3,Admitted,Unintentional Falls,Admitted,396,170,2.83,1,67320
2005-2006,2005,Unknown,3,Admitted,Unintentional Falls,Admitted,0,0,0.0,1,0
2005-2006,2005,CTAS III - Urgent,3,Death,Acute Myocardial Infarction,Not Admitted,36,248,4.13,0,8928
2005-2006,2005,Less urgent,3,Death,Acute Myocardial Infarction,Not Admitted,5,113,1.88,0,565
2005-2006,2005,Non-urgent,3,Death,Acute Myocardial Infarction,Not Admitted,10,28,0.47,0,280
2005-2006,2005,Unknown,3,Death,Acute Myocardial Infarction,Not Admitted,0,0,0.0,0,0
2005-2006,2005,CTAS III - Urgent,3,Death,Asthma,Not Admitted,0,0,0.0,0,0
2005-2006,2005,Less urgent,3,Death,Asthma,Not Admitted,0,0,0.0,0,0
2005-2006,2005,Non-urgent,3,Death,Asthma,Not Admitted,0,0,0.0,0,0
2005-2006,2005,Unknown,3,Death,Asthma,Not Admitted,0,0,0.0,0,0
2005-2006,2005,CTAS III - Urgent,3,Death,Influenzal Pneumonia,Not Admitted,0,0,0.0,0,0
2005-2006,2005,Less urgent,3,Death,Influenzal Pneumonia,Not Admitted,0,0,0.0,0,0
2005-2006,2005,Non-urgent,3,Death,Influenzal Pneumonia,Not Admitted,0,0,0.0,0,0
2005-2006,2005,Unknown,3,Death,Influenzal Pneumonia,Not Admitted,0,0,0.0,0,0
2005-2006,2005,CTAS III - Urgent,3,Death,Motor Vehicle Collisions,Not Admitted,0,214,3.57,0,0
2005-2006,2005,Less urgent,3,Death,Motor Vehicle Collisions,Not Admitted,0,115,1.92,0,0
2005-2006,2005,Non-urgent,3,Death,Motor Vehicle Collisions,Not Admitted,16,12,0.2,0,192
2005-2006,2005,Unknown,3,Death,Motor Vehicle Collisions,Not Admitted,0,0,0.0,0,0
2005-2006,2005,CTAS III - Urgent,3,Death,Pneumonia,Not Admitted,21,314,5.23,0,6594
2005-2006,2005,Less urgent,3,Death,Pneumonia,Not Admitted,0,543,9.05,0,0
2005-2006,2005,Non-urgent,3,Death,Pneumonia,Not Admitted,0,664,11.07,0,0
2005-2006,2005,Unknown,3,Death,Pneumonia,Not Admitted,0,0,0.0,0,0
2005-2006,2005,CTAS III - Urgent,3,Death,Trauma,Not Admitted,31,271,4.52,0,8401
2005-2006,2005,Less urgent,3,Death,Trauma,Not Admitted,22,121,2.02,0,2662
2005-2006,2005,Non-urgent,3,Death,Trauma,Not Admitted,27,21,0.35,0,567
2005-2006,2005,Unknown,3,Death,Trauma,Not Admitted,0,0,0.0,0,0
2005-2006,2005,CTAS III - Urgent,3,Death,Unintentional Falls,Not Admitted,20,422,7.03,0,8440
2005-2006,2005,Less urgent,3,Death,Unintentional Falls,Not Admitted,6,139,2.32,0,834
2005-2006,2005,Non-urgent,3,Death,Unintentional Falls,Not Admitted,0,209,3.48,0,0
2005-2006,2005,Unknown,3,Death,Unintentional Falls,Not Admitted,0,0,0.0,0,0
2005-2006,2005,CTAS III - Urgent,3,Discharged Home,Acute Myocardial Infarction,Not Admitted,89,349,5.82,0,31061
2005-2006,2005,Less urgent,3,Discharged Home,Acute Myocardial Infarction,Not Admitted,14,306,5.1,0,4284
2005-2006,2005,Non-urgent,3,Discharged Home,Acute Myocardial Infarction,Not Admitted,12,274,4.57,0,3288
2005-2006,2005,Unknown,3,Discharged Home,Acute Myocardial Infarction,Not Admitted,0,0,0.0,0,0
2005-2006,2005,CTAS III - Urgent,3,Discharged Home,Asthma,Not Admitted,33807,149,2.48,0,5037243
2005-2006,2005,Less urgent,3,Discharged Home,Asthma,Not Admitted,17926,97,1.62,0,1738822
2005-2006,2005,Non-urgent,3,Discharged Home,Asthma,Not Admitted,3561,66,1.1,0,235026
2005-2006,2005,Unknown,3,Discharged Home,Asthma,Not Admitted,0,0,0.0,0,0
2005-2006,2005,CTAS III - Urgent,3,Discharged Home,Influenzal Pneumonia,Not Admitted,12,192,3.2,0,2304
2005-2006,2005,Less urgent,3,Discharged Home,Influenzal Pneumonia,Not Admitted,20,84,1.4,0,1680
2005-2006,2005,Non-urgent,3,Discharged Home,Influenzal Pneumonia,Not Admitted,9,75,1.25,0,675
2005-2006,2005,Unknown,3,Discharged Home,Influenzal Pneumonia,Not Admitted,0,0,0.0,0,0
2005-2006,2005,CTAS III - Urgent,3,Discharged Home,Motor Vehicle Collisions,Not Admitted,43083,150,2.5,0,6462450
2005-2006,2005,Less urgent,3,Discharged Home,Motor Vehicle Collisions,Not Admitted,48650,118,1.97,0,5740700
2005-2006,2005,Non-urgent,3,Discharged Home,Motor Vehicle Collisions,Not Admitted,6714,90,1.5,0,604260
2005-2006,2005,Unknown,3,Discharged Home,Motor Vehicle Collisions,Not Admitted,0,0,0.0,0,0
2005-2006,2005,CTAS III - Urgent,3,Discharged Home,Pneumonia,Not Admitted,19263,195,3.25,0,3756285
2005-2006,2005,Less urgent,3,Discharged Home,Pneumonia,Not Admitted,12510,124,2.07,0,1551240
2005-2006,2005,Non-urgent,3,Discharged Home,Pneumonia,Not Admitted,2119,88,1.47,0,186472
2005-2006,2005,Unknown,3,Discharged Home,Pneumonia,Not Admitted,0,0,0.0,0,0
2005-2006,2005,CTAS III - Urgent,3,Discharged Home,Trauma,Not Admitted,332118,138,2.3,0,45832284
2005-2006,2005,Less urgent,3,Discharged Home,Trauma,Not Admitted,689072,110,1.83,0,75797920
2005-2006,2005,Non-urgent,3,Discharged Home,Trauma,Not Admitted,129935,85,1.42,0,11044475
2005-2006,2005,Unknown,3,Discharged Home,Trauma,Not Admitted,0,0,0.0,0,0
2005-2006,2005,CTAS III - Urgent,3,Discharged Home,Unintentional Falls,Not Admitted,109140,159,2.65,0,17353260
2005-2006,2005,Less urgent,3,Discharged Home,Unintentional Falls,Not Admitted,185562,121,2.02,0,22453002
2005-2006,2005,Non-urgent,3,Discharged Home,Unintentional Falls,Not Admitted,27399,93,1.55,0,2548107
2005-2006,2005,Unknown,3,Discharged Home,Unintentional Falls,Not Admitted,0,0,0.0,0,0
2005-2006,2005,CTAS III - Urgent,3,Intra-Facility Transfer,Acute Myocardial Infarction,Not Admitted,0,220,3.67,0,0
2005-2006,2005,Less urgent,3,Intra-Facility Transfer,Acute Myocardial Infarction,Not Admitted,0,0,0.0,0,0
2005-2006,2005,Non-urgent,3,Intra-Facility Transfer,Acute Myocardial Infarction,Not Admitted,0,0,0.0,0,0
2005-2006,2005,Unknown,3,Intra-Facility Transfer,Acute Myocardial Infarction,Not Admitted,0,0,0.0,0,0
2005-2006,2005,CTAS III - Urgent,3,Intra-Facility Transfer,Asthma,Not Admitted,64,185,3.08,0,11840
2005-2006,2005,Less urgent,3,Intra-Facility Transfer,Asthma,Not Admitted,14,244,4.07,0,3416
2005-2006,2005,Non-urgent,3,Intra-Facility Transfer,Asthma,Not Admitted,0,11,0.18,0,0
2005-2006,2005,Unknown,3,Intra-Facility Transfer,Asthma,Not Admitted,0,0,0.0,0,0
2005-2006,2005,CTAS III - Urgent,3,Intra-Facility Transfer,Influenzal Pneumonia,Not Admitted,0,0,0.0,0,0
2005-2006,2005,Less urgent,3,Intra-Facility Transfer,Influenzal Pneumonia,Not Admitted,0,0,0.0,0,0
2005-2006,2005,Non-urgent,3,Intra-Facility Transfer,Influenzal Pneumonia,Not Admitted,0,0,0.0,0,0
2005-2006,2005,Unknown,3,Intra-Facility Transfer,Influenzal Pneumonia,Not Admitted,0,0,0.0,0,0
2005-2006,2005,CTAS III - Urgent,3,Intra-Facility Transfer,Motor Vehicle Collisions,Not Admitted,155,181,3.02,0,28055
2005-2006,2005,Less urgent,3,Intra-Facility Transfer,Motor Vehicle Collisions,Not Admitted,101,135,2.25,0,13635
2005-2006,2005,Non-urgent,3,Intra-Facility Transfer,Motor Vehicle Collisions,Not Admitted,29,105,1.75,0,3045
2005-2006,2005,Unknown,3,Intra-Facility Transfer,Motor Vehicle Collisions,Not Admitted,0,0,0.0,0,0
2005-2006,2005,CTAS III - Urgent,3,Intra-Facility Transfer,Pneumonia,Not Admitted,41,165,2.75,0,6765
2005-2006,2005,Less urgent,3,Intra-Facility Transfer,Pneumonia,Not Admitted,13,245,4.08,0,3185
2005-2006,2005,Non-urgent,3,Intra-Facility Transfer,Pneumonia,Not Admitted,0,92,1.53,0,0
2005-2006,2005,Unknown,3,Intra-Facility Transfer,Pneumonia,Not Admitted,0,0,0.0,0,0
2005-2006,2005,CTAS III - Urgent,3,Intra-Facility Transfer,Trauma,Not Admitted,2097,177,2.95,0,371169
2005-2006,2005,Less urgent,3,Intra-Facility Transfer,Trauma,Not Admitted,1614,139,2.32,0,224346
2005-2006,2005,Non-urgent,3,Intra-Facility Transfer,Trauma,Not Admitted,454,88,1.47,0,39952
2005-2006,2005,Unknown,3,Intra-Facility Transfer,Trauma,Not Admitted,0,0,0.0,0,0
2005-2006,2005,CTAS III - Urgent,3,Intra-Facility Transfer,Unintentional Falls,Not Admitted,655,183,3.05,0,119865
2005-2006,2005,Less urgent,3,Intra-Facility Transfer,Unintentional Falls,Not Admitted,556,138,2.3,0,76728
2005-2006,2005,Non-urgent,3,Intra-Facility Transfer,Unintentional Falls,Not Admitted,122,82,1.37,0,10004
2005-2006,2005,Unknown,3,Intra-Facility Transfer,Unintentional Falls,Not Admitted,0,0,0.0,0,0
2005-2006,2005,CTAS III - Urgent,3,Not Seen Or Left,Acute Myocardial Infarction,Not Admitted,16,308,5.13,0,4928
2005-2006,2005,Less urgent,3,Not Seen Or Left,Acute Myocardial Infarction,Not Admitted,5,213,3.55,0,1065
2005-2006,2005,Non-urgent,3,Not Seen Or Left,Acute Myocardial Infarction,Not Admitted,0,0,0.0,0,0
2005-2006,2005,Unknown,3,Not Seen Or Left,Acute Myocardial Infarction,Not Admitted,0,0,0.0,0,0
2005-2006,2005,CTAS III - Urgent,3,Not Seen Or Left,Asthma,Not Admitted,504,118,1.97,0,59472
2005-2006,2005,Less urgent,3,Not Seen Or Left,Asthma,Not Admitted,189,102,1.7,0,19278
2005-2006,2005,Non-urgent,3,Not Seen Or Left,Asthma,Not Admitted,24,53,0.88,0,1272
2005-2006,2005,Unknown,3,Not Seen Or Left,Asthma,Not Admitted,0,59,0.98,0,0
2005-2006,2005,CTAS III - Urgent,3,Not Seen Or Left,Influenzal Pneumonia,Not Admitted,0,0,0.0,0,0
2005-2006,2005,Less urgent,3,Not Seen Or Left,Influenzal Pneumonia,Not Admitted,0,144,2.4,0,0
2005-2006,2005,Non-urgent,3,Not Seen Or Left,Influenzal Pneumonia,Not Admitted,0,0,0.0,0,0
2005-2006,2005,Unknown,3,Not Seen Or Left,Influenzal Pneumonia,Not Admitted,0,0,0.0,0,0
2005-2006,2005,CTAS III - Urgent,3,Not Seen Or Left,Motor Vehicle Collisions,Not Admitted,940,128,2.13,0,120320
2005-2006,2005,Less urgent,3,Not Seen Or Left,Motor Vehicle Collisions,Not Admitted,1562,126,2.1,0,196812
2005-2006,2005,Non-urgent,3,Not Seen Or Left,Motor Vehicle Collisions,Not Admitted,202,102,1.7,0,20604
2005-2006,2005,Unknown,3,Not Seen Or Left,Motor Vehicle Collisions,Not Admitted,0,0,0.0,0,0
2005-2006,2005,CTAS III - Urgent,3,Not Seen Or Left,Pneumonia,Not Admitted,76,254,4.23,0,19304
2005-2006,2005,Less urgent,3,Not Seen Or Left,Pneumonia,Not Admitted,36,200,3.33,0,7200
2005-2006,2005,Non-urgent,3,Not Seen Or Left,Pneumonia,Not Admitted,8,65,1.08,0,520
2005-2006,2005,Unknown,3,Not Seen Or Left,Pneumonia,Not Admitted,0,0,0.0,0,0
2005-2006,2005,CTAS III - Urgent,3,Not Seen Or Left,Trauma,Not Admitted,9315,121,2.02,0,1127115
2005-2006,2005,Less urgent,3,Not Seen Or Left,Trauma,Not Admitted,23637,118,1.97,0,2789166
2005-2006,2005,Non-urgent,3,Not Seen Or Left,Trauma,Not Admitted,4798,96,1.6,0,460608
2005-2006,2005,Unknown,3,Not Seen Or Left,Trauma,Not Admitted,219,27,0.45,0,5913
2005-2006,2005,CTAS III - Urgent,3,Not Seen Or Left,Unintentional Falls,Not Admitted,2258,135,2.25,0,304830
2005-2006,2005,Less urgent,3,Not Seen Or Left,Unintentional Falls,Not Admitted,4701,122,2.03,0,573522
2005-2006,2005,Non-urgent,3,Not Seen Or Left,Unintentional Falls,Not Admitted,739,105,1.75,0,77595
2005-2006,2005,Unknown,3,Not Seen Or Left,Unintentional Falls,Not Admitted,16,36,0.6,0,576
2005-2006,2005,CTAS III - Urgent,3,Transferred,Acute Myocardial Infarction,Not Admitted,345,195,3.25,0,67275
2005-2006,2005,Less urgent,3,Transferred,Acute Myocardial Infarction,Not Admitted,26,214,3.57,0,5564
2005-2006,2005,Non-urgent,3,Transferred,Acute Myocardial Infarction,Not Admitted,5,189,3.15,0,945
2005-2006,2005,Unknown,3,Transferred,Acute Myocardial Infarction,Not Admitted,0,0,0.0,0,0
2005-2006,2005,CTAS III - Urgent,3,Transferred,Asthma,Not Admitted,202,258,4.3,0,52116
2005-2006,2005,Less urgent,3,Transferred,Asthma,Not Admitted,27,262,4.37,0,7074
2005-2006,2005,Non-urgent,3,Transferred,Asthma,Not Admitted,6,106,1.77,0,636
2005-2006,2005,Unknown,3,Transferred,Asthma,Not Admitted,0,0,0.0,0,0
2005-2006,2005,CTAS III - Urgent,3,Transferred,Influenzal Pneumonia,Not Admitted,0,0,0.0,0,0
2005-2006,2005,Less urgent,3,Transferred,Influenzal Pneumonia,Not Admitted,0,0,0.0,0,0
2005-2006,2005,Non-urgent,3,Transferred,Influenzal Pneumonia,Not Admitted,0,0,0.0,0,0
2005-2006,2005,Unknown,3,Transferred,Influenzal Pneumonia,Not Admitted,0,0,0.0,0,0
2005-2006,2005,CTAS III - Urgent,3,Transferred,Motor Vehicle Collisions,Not Admitted,856,206,3.43,0,176336
2005-2006,2005,Less urgent,3,Transferred,Motor Vehicle Collisions,Not Admitted,212,178,2.97,0,37736
2005-2006,2005,Non-urgent,3,Transferred,Motor Vehicle Collisions,Not Admitted,39,153,2.55,0,5967
2005-2006,2005,Unknown,3,Transferred,Motor Vehicle Collisions,Not Admitted,0,0,0.0,0,0
2005-2006,2005,CTAS III - Urgent,3,Transferred,Pneumonia,Not Admitted,427,291,4.85,0,124257
2005-2006,2005,Less urgent,3,Transferred,Pneumonia,Not Admitted,94,250,4.17,0,23500
2005-2006,2005,Non-urgent,3,Transferred,Pneumonia,Not Admitted,12,186,3.1,0,2232
2005-2006,2005,Unknown,3,Transferred,Pneumonia,Not Admitted,0,0,0.0,0,0
2005-2006,2005,CTAS III - Urgent,3,Transferred,Trauma,Not Admitted,5612,206,3.43,0,1156072
2005-2006,2005,Less urgent,3,Transferred,Trauma,Not Admitted,2359,175,2.92,0,412825
2005-2006,2005,Non-urgent,3,Transferred,Trauma,Not Admitted,412,130,2.17,0,53560
2005-2006,2005,Unknown,3,Transferred,Trauma,Not Admitted,0,0,0.0,0,0
2005-2006,2005,CTAS III - Urgent,3,Transferred,Unintentional Falls,Not Admitted,2888,234,3.9,0,675792
2005-2006,2005,Less urgent,3,Transferred,Unintentional Falls,Not Admitted,1163,194,3.23,0,225622
2005-2006,2005,Non-urgent,3,Transferred,Unintentional Falls,Not Admitted,160,144,2.4,0,23040
2005-2006,2005,Unknown,3,Transferred,Unintentional Falls,Not Admitted,0,0,0.0,0,0
2005-2006,2005,CTAS III - Urgent,3,Unknown,Acute Myocardial Infarction,Not Admitted,0,0,0.0,0,0
2005-2006,2005,Less urgent,3,Unknown,Acute Myocardial Infarction,Not Admitted,0,0,0.0,0,0
2005-2006,2005,Non-urgent,3,Unknown,Acute Myocardial Infarction,Not Admitted,0,0,0.0,0,0
2005-2006,2005,Unknown,3,Unknown,Acute Myocardial Infarction,Not Admitted,0,0,0.0,0,0
2005-2006,2005,CTAS III - Urgent,3,Unknown,Asthma,Not Admitted,0,0,0.0,0,0
2005-2006,2005,Less urgent,3,Unknown,Asthma,Not Admitted,0,0,0.0,0,0
2005-2006,2005,Non-urgent,3,Unknown,Asthma,Not Admitted,0,0,0.0,0,0
2005-2006,2005,Unknown,3,Unknown,Asthma,Not Admitted,0,0,0.0,0,0
2005-2006,2005,CTAS III - Urgent,3,Unknown,Influenzal Pneumonia,Not Admitted,0,0,0.0,0,0
2005-2006,2005,Less urgent,3,Unknown,Influenzal Pneumonia,Not Admitted,0,0,0.0,0,0
2005-2006,2005,Non-urgent,3,Unknown,Influenzal Pneumonia,Not Admitted,0,0,0.0,0,0
2005-2006,2005,Unknown,3,Unknown,Influenzal Pneumonia,Not Admitted,0,0,0.0,0,0
2005-2006,2005,CTAS III - Urgent,3,Unknown,Motor Vehicle Collisions,Not Admitted,0,0,0.0,0,0
2005-2006,2005,Less urgent,3,Unknown,Motor Vehicle Collisions,Not Admitted,0,0,0.0,0,0
2005-2006,2005,Non-urgent,3,Unknown,Motor Vehicle Collisions,Not Admitted,0,0,0.0,0,0
2005-2006,2005,Unknown,3,Unknown,Motor Vehicle Collisions,Not Admitted,0,0,0.0,0,0
2005-2006,2005,CTAS III - Urgent,3,Unknown,Pneumonia,Not Admitted,0,0,0.0,0,0
2005-2006,2005,Less urgent,3,Unknown,Pneumonia,Not Admitted,0,0,0.0,0,0
2005-2006,2005,Non-urgent,3,Unknown,Pneumonia,Not Admitted,0,0,0.0,0,0
2005-2006,2005,Unknown,3,Unknown,Pneumonia,Not Admitted,0,0,0.0,0,0
2005-2006,2005,CTAS III - Urgent,3,Unknown,Trauma,Not Admitted,0,0,0.0,0,0
2005-2006,2005,Less urgent,3,Unknown,Trauma,Not Admitted,0,0,0.0,0,0
2005-2006,2005,Non-urgent,3,Unknown,Trauma,Not Admitted,0,0,0.0,0,0
2005-2006,2005,Unknown,3,Unknown,Trauma,Not Admitted,0,0,0.0,0,0
2005-2006,2005,CTAS III - Urgent,3,Unknown,Unintentional Falls,Not Admitted,0,0,0.0,0,0
2005-2006,2005,Less urgent,3,Unknown,Unintentional Falls,Not Admitted,0,0,0.0,0,0
2005-2006,2005,Non-urgent,3,Unknown,Unintentional Falls,Not Admitted,0,0,0.0,0,0
2005-2006,2005,Unknown,3,Unknown,Unintentional Falls,Not Admitted,0,0,0.0,0,0
2004-2005,2004,CTAS I - Resuscitation,1,Admitted,Acute Myocardial Infarction,Admitted,495,112,1.87,1,55440
2004-2005,2004,CTAS I - Resuscitation,1,Admitted,Asthma,Admitted,212,205,3.42,1,43460
2004-2005,2004,CTAS I - Resuscitation,1,Admitted,Influenzal Pneumonia,Admitted,0,0,0.0,1,0
2004-2005,2004,CTAS I - Resuscitation,1,Admitted,Motor Vehicle Collisions,Admitted,1474,170,2.83,1,250580
2004-2005,2004,CTAS I - Resuscitation,1,Admitted,Pneumonia,Admitted,382,230,3.83,1,87860
2004-2005,2004,CTAS I - Resuscitation,1,Admitted,Trauma,Admitted,2857,167,2.78,1,477119
2004-2005,2004,CTAS I - Resuscitation,1,Admitted,Unintentional Falls,Admitted,531,195,3.25,1,103545
2004-2005,2004,CTAS I - Resuscitation,1,Death,Acute Myocardial Infarction,Not Admitted,556,18,0.3,0,10008
2004-2005,2004,CTAS I - Resuscitation,1,Death,Asthma,Not Admitted,0,16,0.27,0,0
2004-2005,2004,CTAS I - Resuscitation,1,Death,Influenzal Pneumonia,Not Admitted,0,0,0.0,0,0
2004-2005,2004,CTAS I - Resuscitation,1,Death,Motor Vehicle Collisions,Not Admitted,219,35,0.58,0,7665
2004-2005,2004,CTAS I - Resuscitation,1,Death,Pneumonia,Not Admitted,28,132,2.2,0,3696
2004-2005,2004,CTAS I - Resuscitation,1,Death,Trauma,Not Admitted,503,34,0.57,0,17102
2004-2005,2004,CTAS I - Resuscitation,1,Death,Unintentional Falls,Not Admitted,59,88,1.47,0,5192
2004-2005,2004,CTAS I - Resuscitation,1,Discharged Home,Acute Myocardial Infarction,Not Admitted,11,140,2.33,0,1540
2004-2005,2004,CTAS I - Resuscitation,1,Discharged Home,Asthma,Not Admitted,159,158,2.63,0,25122
2004-2005,2004,CTAS I - Resuscitation,1,Discharged Home,Influenzal Pneumonia,Not Admitted,0,0,0.0,0,0
2004-2005,2004,CTAS I - Resuscitation,1,Discharged Home,Motor Vehicle Collisions,Not Admitted,298,282,4.7,0,84036
2004-2005,2004,CTAS I - Resuscitation,1,Discharged Home,Pneumonia,Not Admitted,28,287,4.78,0,8036
2004-2005,2004,CTAS I - Resuscitation,1,Discharged Home,Trauma,Not Admitted,1022,236,3.93,0,241192
2004-2005,2004,CTAS I - Resuscitation,1,Discharged Home,Unintentional Falls,Not Admitted,189,249,4.15,0,47061
2004-2005,2004,CTAS I - Resuscitation,1,Intra-Facility Transfer,Acute Myocardial Infarction,Not Admitted,0,0,0.0,0,0
2004-2005,2004,CTAS I - Resuscitation,1,Intra-Facility Transfer,Asthma,Not Admitted,0,0,0.0,0,0
2004-2005,2004,CTAS I - Resuscitation,1,Intra-Facility Transfer,Influenzal Pneumonia,Not Admitted,0,0,0.0,0,0
2004-2005,2004,CTAS I - Resuscitation,1,Intra-Facility Transfer,Motor Vehicle Collisions,Not Admitted,12,134,2.23,0,1608
2004-2005,2004,CTAS I - Resuscitation,1,Intra-Facility Transfer,Pneumonia,Not Admitted,0,175,2.92,0,0
2004-2005,2004,CTAS I - Resuscitation,1,Intra-Facility Transfer,Trauma,Not Admitted,31,138,2.3,0,4278
2004-2005,2004,CTAS I - Resuscitation,1,Intra-Facility Transfer,Unintentional Falls,Not Admitted,0,186,3.1,0,0
2004-2005,2004,CTAS I - Resuscitation,1,Not Seen Or Left,Acute Myocardial Infarction,Not Admitted,0,0,0.0,0,0
2004-2005,2004,CTAS I - Resuscitation,1,Not Seen Or Left,Asthma,Not Admitted,6,176,2.93,0,1056
2004-2005,2004,CTAS I - Resuscitation,1,Not Seen Or Left,Influenzal Pneumonia,Not Admitted,0,0,0.0,0,0
2004-2005,2004,CTAS I - Resuscitation,1,Not Seen Or Left,Motor Vehicle Collisions,Not Admitted,0,211,3.52,0,0
2004-2005,2004,CTAS I - Resuscitation,1,Not Seen Or Left,Pneumonia,Not Admitted,0,0,0.0,0,0
2004-2005,2004,CTAS I - Resuscitation,1,Not Seen Or Left,Trauma,Not Admitted,26,200,3.33,0,5200
2004-2005,2004,CTAS I - Resuscitation,1,Not Seen Or Left,Unintentional Falls,Not Admitted,0,298,4.97,0,0
2004-2005,2004,CTAS I - Resuscitation,1,Transferred,Acute Myocardial Infarction,Not Admitted,152,127,2.12,0,19304
2004-2005,2004,CTAS I - Resuscitation,1,Transferred,Asthma,Not Admitted,14,206,3.43,0,2884
2004-2005,2004,CTAS I - Resuscitation,1,Transferred,Influenzal Pneumonia,Not Admitted,0,0,0.0,0,0
2004-2005,2004,CTAS I - Resuscitation,1,Transferred,Motor Vehicle Collisions,Not Admitted,313,125,2.08,0,39125
2004-2005,2004,CTAS I - Resuscitation,1,Transferred,Pneumonia,Not Admitted,13,262,4.37,0,3406
2004-2005,2004,CTAS I - Resuscitation,1,Transferred,Trauma,Not Admitted,612,132,2.2,0,80784
2004-2005,2004,CTAS I - Resuscitation,1,Transferred,Unintentional Falls,Not Admitted,117,166,2.77,0,19422
2004-2005,2004,CTAS I - Resuscitation,1,Unknown,Acute Myocardial Infarction,Not Admitted,13,65,1.08,0,845
2004-2005,2004,CTAS I - Resuscitation,1,Unknown,Asthma,Not Admitted,0,128,2.13,0,0
2004-2005,2004,CTAS I - Resuscitation,1,Unknown,Influenzal Pneumonia,Not Admitted,0,0,0.0,0,0
2004-2005,2004,CTAS I - Resuscitation,1,Unknown,Motor Vehicle Collisions,Not Admitted,0,136,2.27,0,0
2004-2005,2004,CTAS I - Resuscitation,1,Unknown,Pneumonia,Not Admitted,0,994,16.57,0,0
2004-2005,2004,CTAS I - Resuscitation,1,Unknown,Trauma,Not Admitted,10,100,1.67,0,1000
2004-2005,2004,CTAS I - Resuscitation,1,Unknown,Unintentional Falls,Not Admitted,0,212,3.53,0,0
2004-2005,2004,CTAS II - Emergent,2,Admitted,Acute Myocardial Infarction,Admitted,6921,190,3.17,1,1314990
2004-2005,2004,CTAS II - Emergent,2,Admitted,Asthma,Admitted,3763,261,4.35,1,982143
2004-2005,2004,CTAS II - Emergent,2,Admitted,Influenzal Pneumonia,Admitted,5,283,4.72,1,1415
2004-2005,2004,CTAS II - Emergent,2,Admitted,Motor Vehicle Collisions,Admitted,2684,234,3.9,1,628056
2004-2005,2004,CTAS II - Emergent,2,Admitted,Pneumonia,Admitted,7855,293,4.88,1,2301515
2004-2005,2004,CTAS II - Emergent,2,Admitted,Trauma,Admitted,10954,242,4.03,1,2650868
2004-2005,2004,CTAS II - Emergent,2,Admitted,Unintentional Falls,Admitted,5018,265,4.42,1,1329770
2004-2005,2004,CTAS II - Emergent,2,Death,Acute Myocardial Infarction,Not Admitted,140,122,2.03,0,17080
2004-2005,2004,CTAS II - Emergent,2,Death,Asthma,Not Admitted,0,0,0.0,0,0
2004-2005,2004,CTAS II - Emergent,2,Death,Influenzal Pneumonia,Not Admitted,0,143,2.38,0,0
2004-2005,2004,CTAS II - Emergent,2,Death,Motor Vehicle Collisions,Not Admitted,9,133,2.22,0,1197
2004-2005,2004,CTAS II - Emergent,2,Death,Pneumonia,Not Admitted,48,402,6.7,0,19296
2004-2005,2004,CTAS II - Emergent,2,Death,Trauma,Not Admitted,37,189,3.15,0,6993
2004-2005,2004,CTAS II - Emergent,2,Death,Unintentional Falls,Not Admitted,16,250,4.17,0,4000
2004-2005,2004,CTAS II - Emergent,2,Discharged Home,Acute Myocardial Infarction,Not Admitted,134,293,4.88,0,39262
2004-2005,2004,CTAS II - Emergent,2,Discharged Home,Asthma,Not Admitted,10711,168,2.8,0,1799448
2004-2005,2004,CTAS II - Emergent,2,Discharged Home,Influenzal Pneumonia,Not Admitted,5,254,4.23,0,1270
2004-2005,2004,CTAS II - Emergent,2,Discharged Home,Motor Vehicle Collisions,Not Admitted,10052,179,2.98,0,1799308
2004-2005,2004,CTAS II - Emergent,2,Discharged Home,Pneumonia,Not Admitted,4270,223,3.72,0,952210
2004-2005,2004,CTAS II - Emergent,2,Discharged Home,Trauma,Not Admitted,47847,162,2.7,0,7751214
2004-2005,2004,CTAS II - Emergent,2,Discharged Home,Unintentional Falls,Not Admitted,12752,190,3.17,0,2422880
2004-2005,2004,CTAS II - Emergent,2,Intra-Facility Transfer,Acute Myocardial Infarction,Not Admitted,10,165,2.75,0,1650
2004-2005,2004,CTAS II - Emergent,2,Intra-Facility Transfer,Asthma,Not Admitted,14,210,3.5,0,2940
2004-2005,2004,CTAS II - Emergent,2,Intra-Facility Transfer,Influenzal Pneumonia,Not Admitted,0,0,0.0,0,0
2004-2005,2004,CTAS II - Emergent,2,Intra-Facility Transfer,Motor Vehicle Collisions,Not Admitted,61,155,2.58,0,9455
2004-2005,2004,CTAS II - Emergent,2,Intra-Facility Transfer,Pneumonia,Not Admitted,11,180,3.0,0,1980
2004-2005,2004,CTAS II - Emergent,2,Intra-Facility Transfer,Trauma,Not Admitted,549,187,3.12,0,102663
2004-2005,2004,CTAS II - Emergent,2,Intra-Facility Transfer,Unintentional Falls,Not Admitted,148,222,3.7,0,32856
2004-2005,2004,CTAS II - Emergent,2,Not Seen Or Left,Acute Myocardial Infarction,Not Admitted,14,438,7.3,0,6132
2004-2005,2004,CTAS II - Emergent,2,Not Seen Or Left,Asthma,Not Admitted,132,170,2.83,0,22440
2004-2005,2004,CTAS II - Emergent,2,Not Seen Or Left,Influenzal Pneumonia,Not Admitted,0,0,0.0,0,0
2004-2005,2004,CTAS II - Emergent,2,Not Seen Or Left,Motor Vehicle Collisions,Not Admitted,109,160,2.67,0,17440
2004-2005,2004,CTAS II - Emergent,2,Not Seen Or Left,Pneumonia,Not Admitted,24,292,4.87,0,7008
2004-2005,2004,CTAS II - Emergent,2,Not Seen Or Left,Trauma,Not Admitted,698,132,2.2,0,92136
2004-2005,2004,CTAS II - Emergent,2,Not Seen Or Left,Unintentional Falls,Not Admitted,176,138,2.3,0,24288
2004-2005,2004,CTAS II - Emergent,2,Transferred,Acute Myocardial Infarction,Not Admitted,872,155,2.58,0,135160
2004-2005,2004,CTAS II - Emergent,2,Transferred,Asthma,Not Admitted,179,253,4.22,0,45287
2004-2005,2004,CTAS II - Emergent,2,Transferred,Influenzal Pneumonia,Not Admitted,0,0,0.0,0,0
2004-2005,2004,CTAS II - Emergent,2,Transferred,Motor Vehicle Collisions,Not Admitted,1027,185,3.08,0,189995
2004-2005,2004,CTAS II - Emergent,2,Transferred,Pneumonia,Not Admitted,226,280,4.67,0,63280
2004-2005,2004,CTAS II - Emergent,2,Transferred,Trauma,Not Admitted,3036,179,2.98,0,543444
2004-2005,2004,CTAS II - Emergent,2,Transferred,Unintentional Falls,Not Admitted,872,206,3.43,0,179632
2004-2005,2004,CTAS II - Emergent,2,Unknown,Acute Myocardial Infarction,Not Admitted,57,133,2.22,0,7581
2004-2005,2004,CTAS II - Emergent,2,Unknown,Asthma,Not Admitted,45,69,1.15,0,3105
2004-2005,2004,CTAS II - Emergent,2,Unknown,Influenzal Pneumonia,Not Admitted,0,0,0.0,0,0
2004-2005,2004,CTAS II - Emergent,2,Unknown,Motor Vehicle Collisions,Not Admitted,51,154,2.57,0,7854
2004-2005,2004,CTAS II - Emergent,2,Unknown,Pneumonia,Not Admitted,37,144,2.4,0,5328
2004-2005,2004,CTAS II - Emergent,2,Unknown,Trauma,Not Admitted,173,118,1.97,0,20414
2004-2005,2004,CTAS II - Emergent,2,Unknown,Unintentional Falls,Not Admitted,44,119,1.98,0,5236
2004-2005,2004,CTAS III - Urgent,3,Admitted,Acute Myocardial Infarction,Admitted,3562,263,4.38,1,936806
2004-2005,2004,Less urgent,3,Admitted,Acute Myocardial Infarction,Admitted,370,241,4.02,1,89170
2004-2005,2004,Non-urgent,3,Admitted,Acute Myocardial Infarction,Admitted,70,206,3.43,1,14420
2004-2005,2004,Unknown,3,Admitted,Acute Myocardial Infarction,Admitted,0,0,0.0,1,0
2004-2005,2004,CTAS III - Urgent,3,Admitted,Asthma,Admitted,3194,297,4.95,1,948618
2004-2005,2004,Less urgent,3,Admitted,Asthma,Admitted,347,235,3.92,1,81545
2004-2005,2004,Non-urgent,3,Admitted,Asthma,Admitted,38,211,3.52,1,8018
2004-2005,2004,Unknown,3,Admitted,Asthma,Admitted,0,0,0.0,1,0
2004-2005,2004,CTAS III - Urgent,3,Admitted,Influenzal Pneumonia,Admitted,12,298,4.97,1,3576
2004-2005,2004,Less urgent,3,Admitted,Influenzal Pneumonia,Admitted,0,173,2.88,1,0
2004-2005,2004,Non-urgent,3,Admitted,Influenzal Pneumonia,Admitted,0,0,0.0,1,0
2004-2005,2004,Unknown,3,Admitted,Influenzal Pneumonia,Admitted,0,0,0.0,1,0
2004-2005,2004,CTAS III - Urgent,3,Admitted,Motor Vehicle Collisions,Admitted,2883,241,4.02,1,694803
2004-2005,2004,Less urgent,3,Admitted,Motor Vehicle Collisions,Admitted,575,230,3.83,1,132250
2004-2005,2004,Non-urgent,3,Admitted,Motor Vehicle Collisions,Admitted,114,196,3.27,1,22344
2004-2005,2004,Unknown,3,Admitted,Motor Vehicle Collisions,Admitted,0,0,0.0,1,0
2004-2005,2004,CTAS III - Urgent,3,Admitted,Pneumonia,Admitted,12681,320,5.33,1,4057920
2004-2005,2004,Less urgent,3,Admitted,Pneumonia,Admitted,2118,252,4.2,1,533736
2004-2005,2004,Non-urgent,3,Admitted,Pneumonia,Admitted,259,212,3.53,1,54908
2004-2005,2004,Unknown,3,Admitted,Pneumonia,Admitted,0,0,0.0,1,0
2004-2005,2004,CTAS III - Urgent,3,Admitted,Trauma,Admitted,28252,269,4.48,1,7599788
2004-2005,2004,Less urgent,3,Admitted,Trauma,Admitted,8015,250,4.17,1,2003750
2004-2005,2004,Non-urgent,3,Admitted,Trauma,Admitted,1022,188,3.13,1,192136
2004-2005,2004,Unknown,3,Admitted,Trauma,Admitted,0,0,0.0,1,0
2004-2005,2004,CTAS III - Urgent,3,Admitted,Unintentional Falls,Admitted,19098,280,4.67,1,5347440
2004-2005,2004,Less urgent,3,Admitted,Unintentional Falls,Admitted,5316,263,4.38,1,1398108
2004-2005,2004,Non-urgent,3,Admitted,Unintentional Falls,Admitted,513,210,3.5,1,107730
2004-2005,2004,Unknown,3,Admitted,Unintentional Falls,Admitted,0,0,0.0,1,0
2004-2005,2004,CTAS III - Urgent,3,Death,Acute Myocardial Infarction,Not Admitted,39,226,3.77,0,8814
2004-2005,2004,Less urgent,3,Death,Acute Myocardial Infarction,Not Admitted,0,242,4.03,0,0
2004-2005,2004,Non-urgent,3,Death,Acute Myocardial Infarction,Not Admitted,17,40,0.67,0,680
2004-2005,2004,Unknown,3,Death,Acute Myocardial Infarction,Not Admitted,0,0,0.0,0,0
2004-2005,2004,CTAS III - Urgent,3,Death,Asthma,Not Admitted,0,208,3.47,0,0
2004-2005,2004,Less urgent,3,Death,Asthma,Not Admitted,0,0,0.0,0,0
2004-2005,2004,Non-urgent,3,Death,Asthma,Not Admitted,0,0,0.0,0,0
2004-2005,2004,Unknown,3,Death,Asthma,Not Admitted,0,0,0.0,0,0
2004-2005,2004,CTAS III - Urgent,3,Death,Influenzal Pneumonia,Not Admitted,0,0,0.0,0,0
2004-2005,2004,Less urgent,3,Death,Influenzal Pneumonia,Not Admitted,0,0,0.0,0,0
2004-2005,2004,Non-urgent,3,Death,Influenzal Pneumonia,Not Admitted,0,0,0.0,0,0
2004-2005,2004,Unknown,3,Death,Influenzal Pneumonia,Not Admitted,0,0,0.0,0,0
2004-2005,2004,CTAS III - Urgent,3,Death,Motor Vehicle Collisions,Not Admitted,5,35,0.58,0,175
2004-2005,2004,Less urgent,3,Death,Motor Vehicle Collisions,Not Admitted,0,80,1.33,0,0
2004-2005,2004,Non-urgent,3,Death,Motor Vehicle Collisions,Not Admitted,17,6,0.1,0,102
2004-2005,2004,Unknown,3,Death,Motor Vehicle Collisions,Not Admitted,0,0,0.0,0,0
2004-2005,2004,CTAS III - Urgent,3,Death,Pneumonia,Not Admitted,21,366,6.1,0,7686
2004-2005,2004,Less urgent,3,Death,Pneumonia,Not Admitted,0,270,4.5,0,0
2004-2005,2004,Non-urgent,3,Death,Pneumonia,Not Admitted,0,95,1.58,0,0
2004-2005,2004,Unknown,3,Death,Pneumonia,Not Admitted,0,0,0.0,0,0
2004-2005,2004,CTAS III - Urgent,3,Death,Trauma,Not Admitted,27,170,2.83,0,4590
2004-2005,2004,Less urgent,3,Death,Trauma,Not Admitted,13,94,1.57,0,1222
2004-2005,2004,Non-urgent,3,Death,Trauma,Not Admitted,28,12,0.2,0,336
2004-2005,2004,Unknown,3,Death,Trauma,Not Admitted,0,0,0.0,0,0
2004-2005,2004,CTAS III - Urgent,3,Death,Unintentional Falls,Not Admitted,18,216,3.6,0,3888
2004-2005,2004,Less urgent,3,Death,Unintentional Falls,Not Admitted,0,134,2.23,0,0
2004-2005,2004,Non-urgent,3,Death,Unintentional Falls,Not Admitted,0,0,0.0,0,0
2004-2005,2004,Unknown,3,Death,Unintentional Falls,Not Admitted,0,0,0.0,0,0
2004-2005,2004,CTAS III - Urgent,3,Discharged Home,Acute Myocardial Infarction,Not Admitted,103,379,6.32,0,39037
2004-2005,2004,Less urgent,3,Discharged Home,Acute Myocardial Infarction,Not Admitted,13,170,2.83,0,2210
2004-2005,2004,Non-urgent,3,Discharged Home,Acute Myocardial Infarction,Not Admitted,0,79,1.32,0,0
2004-2005,2004,Unknown,3,Discharged Home,Acute Myocardial Infarction,Not Admitted,0,0,0.0,0,0
2004-2005,2004,CTAS III - Urgent,3,Discharged Home,Asthma,Not Admitted,33256,148,2.47,0,4921888
2004-2005,2004,Less urgent,3,Discharged Home,Asthma,Not Admitted,18237,98,1.63,0,1787226
2004-2005,2004,Non-urgent,3,Discharged Home,Asthma,Not Admitted,3950,63,1.05,0,248850
2004-2005,2004,Unknown,3,Discharged Home,Asthma,Not Admitted,0,0,0.0,0,0
2004-2005,2004,CTAS III - Urgent,3,Discharged Home,Influenzal Pneumonia,Not Admitted,15,122,2.03,0,1830
2004-2005,2004,Less urgent,3,Discharged Home,Influenzal Pneumonia,Not Admitted,46,100,1.67,0,4600
2004-2005,2004,Non-urgent,3,Discharged Home,Influenzal Pneumonia,Not Admitted,6,64,1.07,0,384
2004-2005,2004,Unknown,3,Discharged Home,Influenzal Pneumonia,Not Admitted,0,0,0.0,0,0
2004-2005,2004,CTAS III - Urgent,3,Discharged Home,Motor Vehicle Collisions,Not Admitted,40546,147,2.45,0,5960262
2004-2005,2004,Less urgent,3,Discharged Home,Motor Vehicle Collisions,Not Admitted,49069,115,1.92,0,5642935
2004-2005,2004,Non-urgent,3,Discharged Home,Motor Vehicle Collisions,Not Admitted,7270,88,1.47,0,639760
2004-2005,2004,Unknown,3,Discharged Home,Motor Vehicle Collisions,Not Admitted,0,0,0.0,0,0
2004-2005,2004,CTAS III - Urgent,3,Discharged Home,Pneumonia,Not Admitted,20426,199,3.32,0,4064774
2004-2005,2004,Less urgent,3,Discharged Home,Pneumonia,Not Admitted,13685,125,2.08,0,1710625
2004-2005,2004,Non-urgent,3,Discharged Home,Pneumonia,Not Admitted,2665,85,1.42,0,226525
2004-2005,2004,Unknown,3,Discharged Home,Pneumonia,Not Admitted,0,0,0.0,0,0
2004-2005,2004,CTAS III - Urgent,3,Discharged Home,Trauma,Not Admitted,302965,137,2.28,0,41506205
2004-2005,2004,Less urgent,3,Discharged Home,Trauma,Not Admitted,682099,108,1.8,0,73666692
2004-2005,2004,Non-urgent,3,Discharged Home,Trauma,Not Admitted,142503,82,1.37,0,11685246
2004-2005,2004,Unknown,3,Discharged Home,Trauma,Not Admitted,0,0,0.0,0,0
2004-2005,2004,CTAS III - Urgent,3,Discharged Home,Unintentional Falls,Not Admitted,101448,158,2.63,0,16028784
2004-2005,2004,Less urgent,3,Discharged Home,Unintentional Falls,Not Admitted,186993,120,2.0,0,22439160
2004-2005,2004,Non-urgent,3,Discharged Home,Unintentional Falls,Not Admitted,31430,92,1.53,0,2891560
2004-2005,2004,Unknown,3,Discharged Home,Unintentional Falls,Not Admitted,0,0,0.0,0,0
2004-2005,2004,CTAS III - Urgent,3,Intra-Facility Transfer,Acute Myocardial Infarction,Not Admitted,5,151,2.52,0,755
2004-2005,2004,Less urgent,3,Intra-Facility Transfer,Acute Myocardial Infarction,Not Admitted,0,138,2.3,0,0
2004-2005,2004,Non-urgent,3,Intra-Facility Transfer,Acute Myocardial Infarction,Not Admitted,0,164,2.73,0,0
2004-2005,2004,Unknown,3,Intra-Facility Transfer,Acute Myocardial Infarction,Not Admitted,0,0,0.0,0,0
2004-2005,2004,CTAS III - Urgent,3,Intra-Facility Transfer,Asthma,Not Admitted,47,260,4.33,0,12220
2004-2005,2004,Less urgent,3,Intra-Facility Transfer,Asthma,Not Admitted,17,175,2.92,0,2975
2004-2005,2004,Non-urgent,3,Intra-Facility Transfer,Asthma,Not Admitted,0,4,0.07,0,0
2004-2005,2004,Unknown,3,Intra-Facility Transfer,Asthma,Not Admitted,0,0,0.0,0,0
2004-2005,2004,CTAS III - Urgent,3,Intra-Facility Transfer,Influenzal Pneumonia,Not Admitted,0,0,0.0,0,0
2004-2005,2004,Less urgent,3,Intra-Facility Transfer,Influenzal Pneumonia,Not Admitted,0,0,0.0,0,0
2004-2005,2004,Non-urgent,3,Intra-Facility Transfer,Influenzal Pneumonia,Not Admitted,0,0,0.0,0,0
2004-2005,2004,Unknown,3,Intra-Facility Transfer,Influenzal Pneumonia,Not Admitted,0,0,0.0,0,0
2004-2005,2004,CTAS III - Urgent,3,Intra-Facility Transfer,Motor Vehicle Collisions,Not Admitted,176,166,2.77,0,29216
2004-2005,2004,Less urgent,3,Intra-Facility Transfer,Motor Vehicle Collisions,Not Admitted,93,139,2.32,0,12927
2004-2005,2004,Non-urgent,3,Intra-Facility Transfer,Motor Vehicle Collisions,Not Admitted,49,104,1.73,0,5096
2004-2005,2004,Unknown,3,Intra-Facility Transfer,Motor Vehicle Collisions,Not Admitted,0,0,0.0,0,0
2004-2005,2004,CTAS III - Urgent,3,Intra-Facility Transfer,Pneumonia,Not Admitted,33,294,4.9,0,9702
2004-2005,2004,Less urgent,3,Intra-Facility Transfer,Pneumonia,Not Admitted,36,270,4.5,0,9720
2004-2005,2004,Non-urgent,3,Intra-Facility Transfer,Pneumonia,Not Admitted,6,244,4.07,0,1464
2004-2005,2004,Unknown,3,Intra-Facility Transfer,Pneumonia,Not Admitted,0,0,0.0,0,0
2004-2005,2004,CTAS III - Urgent,3,Intra-Facility Transfer,Trauma,Not Admitted,2206,163,2.72,0,359578
2004-2005,2004,Less urgent,3,Intra-Facility Transfer,Trauma,Not Admitted,2021,135,2.25,0,272835
2004-2005,2004,Non-urgent,3,Intra-Facility Transfer,Trauma,Not Admitted,712,92,1.53,0,65504
2004-2005,2004,Unknown,3,Intra-Facility Transfer,Trauma,Not Admitted,0,0,0.0,0,0
2004-2005,2004,CTAS III - Urgent,3,Intra-Facility Transfer,Unintentional Falls,Not Admitted,844,160,2.67,0,135040
2004-2005,2004,Less urgent,3,Intra-Facility Transfer,Unintentional Falls,Not Admitted,787,135,2.25,0,106245
2004-2005,2004,Non-urgent,3,Intra-Facility Transfer,Unintentional Falls,Not Admitted,226,90,1.5,0,20340
2004-2005,2004,Unknown,3,Intra-Facility Transfer,Unintentional Falls,Not Admitted,0,0,0.0,0,0
2004-2005,2004,CTAS III - Urgent,3,Not Seen Or Left,Acute Myocardial Infarction,Not Admitted,19,335,5.58,0,6365
2004-2005,2004,Less urgent,3,Not Seen Or Left,Acute Myocardial Infarction,Not Admitted,0,315,5.25,0,0
2004-2005,2004,Non-urgent,3,Not Seen Or Left,Acute Myocardial Infarction,Not Admitted,0,0,0.0,0,0
2004-2005,2004,Unknown,3,Not Seen Or Left,Acute Myocardial Infarction,Not Admitted,0,0,0.0,0,0
2004-2005,2004,CTAS III - Urgent,3,Not Seen Or Left,Asthma,Not Admitted,495,118,1.97,0,58410
2004-2005,2004,Less urgent,3,Not Seen Or Left,Asthma,Not Admitted,189,104,1.73,0,19656
2004-2005,2004,Non-urgent,3,Not Seen Or Left,Asthma,Not Admitted,43,69,1.15,0,2967
2004-2005,2004,Unknown,3,Not Seen Or Left,Asthma,Not Admitted,0,74,1.23,0,0
2004-2005,2004,CTAS III - Urgent,3,Not Seen Or Left,Influenzal Pneumonia,Not Admitted,0,0,0.0,0,0
2004-2005,2004,Less urgent,3,Not Seen Or Left,Influenzal Pneumonia,Not Admitted,0,135,2.25,0,0
2004-2005,2004,Non-urgent,3,Not Seen Or Left,Influenzal Pneumonia,Not Admitted,0,0,0.0,0,0
2004-2005,2004,Unknown,3,Not Seen Or Left,Influenzal Pneumonia,Not Admitted,0,0,0.0,0,0
2004-2005,2004,CTAS III - Urgent,3,Not Seen Or Left,Motor Vehicle Collisions,Not Admitted,813,128,2.13,0,104064
2004-2005,2004,Less urgent,3,Not Seen Or Left,Motor Vehicle Collisions,Not Admitted,1537,129,2.15,0,198273
2004-2005,2004,Non-urgent,3,Not Seen Or Left,Motor Vehicle Collisions,Not Admitted,232,92,1.53,0,21344
2004-2005,2004,Unknown,3,Not Seen Or Left,Motor Vehicle Collisions,Not Admitted,9,54,0.9,0,486
2004-2005,2004,CTAS III - Urgent,3,Not Seen Or Left,Pneumonia,Not Admitted,83,211,3.52,0,17513
2004-2005,2004,Less urgent,3,Not Seen Or Left,Pneumonia,Not Admitted,52,166,2.77,0,8632
2004-2005,2004,Non-urgent,3,Not Seen Or Left,Pneumonia,Not Admitted,8,161,2.68,0,1288
2004-2005,2004,Unknown,3,Not Seen Or Left,Pneumonia,Not Admitted,0,79,1.32,0,0
2004-2005,2004,CTAS III - Urgent,3,Not Seen Or Left,Trauma,Not Admitted,7644,122,2.03,0,932568
2004-2005,2004,Less urgent,3,Not Seen Or Left,Trauma,Not Admitted,22231,117,1.95,0,2601027
2004-2005,2004,Non-urgent,3,Not Seen Or Left,Trauma,Not Admitted,4887,93,1.55,0,454491
2004-2005,2004,Unknown,3,Not Seen Or Left,Trauma,Not Admitted,253,31,0.52,0,7843
2004-2005,2004,CTAS III - Urgent,3,Not Seen Or Left,Unintentional Falls,Not Admitted,1994,130,2.17,0,259220
2004-2005,2004,Less urgent,3,Not Seen Or Left,Unintentional Falls,Not Admitted,4638,118,1.97,0,547284
2004-2005,2004,Non-urgent,3,Not Seen Or Left,Unintentional Falls,Not Admitted,824,102,1.7,0,84048
2004-2005,2004,Unknown,3,Not Seen Or Left,Unintentional Falls,Not Admitted,18,51,0.85,0,918
2004-2005,2004,CTAS III - Urgent,3,Transferred,Acute Myocardial Infarction,Not Admitted,286,220,3.67,0,62920
2004-2005,2004,Less urgent,3,Transferred,Acute Myocardial Infarction,Not Admitted,19,300,5.0,0,5700
2004-2005,2004,Non-urgent,3,Transferred,Acute Myocardial Infarction,Not Admitted,6,248,4.13,0,1488
2004-2005,2004,Unknown,3,Transferred,Acute Myocardial Infarction,Not Admitted,0,0,0.0,0,0
2004-2005,2004,CTAS III - Urgent,3,Transferred,Asthma,Not Admitted,186,272,4.53,0,50592
2004-2005,2004,Less urgent,3,Transferred,Asthma,Not Admitted,18,155,2.58,0,2790
2004-2005,2004,Non-urgent,3,Transferred,Asthma,Not Admitted,5,165,2.75,0,825
2004-2005,2004,Unknown,3,Transferred,Asthma,Not Admitted,0,0,0.0,0,0
2004-2005,2004,CTAS III - Urgent,3,Transferred,Influenzal Pneumonia,Not Admitted,0,0,0.0,0,0
2004-2005,2004,Less urgent,3,Transferred,Influenzal Pneumonia,Not Admitted,0,0,0.0,0,0
2004-2005,2004,Non-urgent,3,Transferred,Influenzal Pneumonia,Not Admitted,0,0,0.0,0,0
2004-2005,2004,Unknown,3,Transferred,Influenzal Pneumonia,Not Admitted,0,0,0.0,0,0
2004-2005,2004,CTAS III - Urgent,3,Transferred,Motor Vehicle Collisions,Not Admitted,852,205,3.42,0,174660
2004-2005,2004,Less urgent,3,Transferred,Motor Vehicle Collisions,Not Admitted,205,173,2.88,0,35465
2004-2005,2004,Non-urgent,3,Transferred,Motor Vehicle Collisions,Not Admitted,49,130,2.17,0,6370
2004-2005,2004,Unknown,3,Transferred,Motor Vehicle Collisions,Not Admitted,0,0,0.0,0,0
2004-2005,2004,CTAS III - Urgent,3,Transferred,Pneumonia,Not Admitted,396,282,4.7,0,111672
2004-2005,2004,Less urgent,3,Transferred,Pneumonia,Not Admitted,103,238,3.97,0,24514
2004-2005,2004,Non-urgent,3,Transferred,Pneumonia,Not Admitted,10,165,2.75,0,1650
2004-2005,2004,Unknown,3,Transferred,Pneumonia,Not Admitted,0,0,0.0,0,0
2004-2005,2004,CTAS III - Urgent,3,Transferred,Trauma,Not Admitted,5413,203,3.38,0,1098839
2004-2005,2004,Less urgent,3,Transferred,Trauma,Not Admitted,2315,177,2.95,0,409755
2004-2005,2004,Non-urgent,3,Transferred,Trauma,Not Admitted,367,135,2.25,0,49545
2004-2005,2004,Unknown,3,Transferred,Trauma,Not Admitted,0,0,0.0,0,0
2004-2005,2004,CTAS III - Urgent,3,Transferred,Unintentional Falls,Not Admitted,2787,230,3.83,0,641010
2004-2005,2004,Less urgent,3,Transferred,Unintentional Falls,Not Admitted,1192,200,3.33,0,238400
2004-2005,2004,Non-urgent,3,Transferred,Unintentional Falls,Not Admitted,155,148,2.47,0,22940
2004-2005,2004,Unknown,3,Transferred,Unintentional Falls,Not Admitted,0,0,0.0,0,0
2004-2005,2004,CTAS III - Urgent,3,Unknown,Acute Myocardial Infarction,Not Admitted,23,220,3.67,0,5060
2004-2005,2004,Less urgent,3,Unknown,Acute Myocardial Infarction,Not Admitted,6,190,3.17,0,1140
2004-2005,2004,Non-urgent,3,Unknown,Acute Myocardial Infarction,Not Admitted,0,0,0.0,0,0
2004-2005,2004,Unknown,3,Unknown,Acute Myocardial Infarction,Not Admitted,0,0,0.0,0,0
2004-2005,2004,CTAS III - Urgent,3,Unknown,Asthma,Not Admitted,285,65,1.08,0,18525
2004-2005,2004,Less urgent,3,Unknown,Asthma,Not Admitted,433,61,1.02,0,26413
2004-2005,2004,Non-urgent,3,Unknown,Asthma,Not Admitted,8,36,0.6,0,288
2004-2005,2004,Unknown,3,Unknown,Asthma,Not Admitted,0,0,0.0,0,0
2004-2005,2004,CTAS III - Urgent,3,Unknown,Influenzal Pneumonia,Not Admitted,0,0,0.0,0,0
2004-2005,2004,Less urgent,3,Unknown,Influenzal Pneumonia,Not Admitted,0,0,0.0,0,0
2004-2005,2004,Non-urgent,3,Unknown,Influenzal Pneumonia,Not Admitted,0,0,0.0,0,0
2004-2005,2004,Unknown,3,Unknown,Influenzal Pneumonia,Not Admitted,0,0,0.0,0,0
2004-2005,2004,CTAS III - Urgent,3,Unknown,Motor Vehicle Collisions,Not Admitted,317,77,1.28,0,24409
2004-2005,2004,Less urgent,3,Unknown,Motor Vehicle Collisions,Not Admitted,408,61,1.02,0,24888
2004-2005,2004,Non-urgent,3,Unknown,Motor Vehicle Collisions,Not Admitted,0,38,0.63,0,0
2004-2005,2004,Unknown,3,Unknown,Motor Vehicle Collisions,Not Admitted,0,0,0.0,0,0
2004-2005,2004,CTAS III - Urgent,3,Unknown,Pneumonia,Not Admitted,226,121,2.02,0,27346
2004-2005,2004,Less urgent,3,Unknown,Pneumonia,Not Admitted,301,80,1.33,0,24080
2004-2005,2004,Non-urgent,3,Unknown,Pneumonia,Not Admitted,0,144,2.4,0,0
2004-2005,2004,Unknown,3,Unknown,Pneumonia,Not Admitted,0,0,0.0,0,0
2004-2005,2004,CTAS III - Urgent,3,Unknown,Trauma,Not Admitted,2793,67,1.12,0,187131
2004-2005,2004,Less urgent,3,Unknown,Trauma,Not Admitted,7405,59,0.98,0,436895
2004-2005,2004,Non-urgent,3,Unknown,Trauma,Not Admitted,139,57,0.95,0,7923
2004-2005,2004,Unknown,3,Unknown,Trauma,Not Admitted,0,0,0.0,0,0
2004-2005,2004,CTAS III - Urgent,3,Unknown,Unintentional Falls,Not Admitted,817,85,1.42,0,69445
2004-2005,2004,Less urgent,3,Unknown,Unintentional Falls,Not Admitted,1843,70,1.17,0,129010
2004-2005,2004,Non-urgent,3,Unknown,Unintentional Falls,Not Admitted,32,58,0.97,0,1856
2004-2005,2004,Unknown,3,Unknown,Unintentional Falls,Not Admitted,0,0,0.0,0,0
2003-2004,2003,CTAS I - Resuscitation,1,Admitted,Acute Myocardial Infarction,Admitted,543,129,2.15,1,70047
2003-2004,2003,CTAS I - Resuscitation,1,Admitted,Asthma,Admitted,197,194,3.23,1,38218
2003-2004,2003,CTAS I - Resuscitation,1,Admitted,Influenzal Pneumonia,Admitted,0,0,0.0,1,0
2003-2004,2003,CTAS I - Resuscitation,1,Admitted,Motor Vehicle Collisions,Admitted,1493,169,2.82,1,252317
2003-2004,2003,CTAS I - Resuscitation,1,Admitted,Pneumonia,Admitted,349,245,4.08,1,85505
2003-2004,2003,CTAS I - Resuscitation,1,Admitted,Trauma,Admitted,2782,165,2.75,1,459030
2003-2004,2003,CTAS I - Resuscitation,1,Admitted,Unintentional Falls,Admitted,460,180,3.0,1,82800
2003-2004,2003,CTAS I - Resuscitation,1,Death,Acute Myocardial Infarction,Not Admitted,560,28,0.47,0,15680
2003-2004,2003,CTAS I - Resuscitation,1,Death,Asthma,Not Admitted,6,94,1.57,0,564
2003-2004,2003,CTAS I - Resuscitation,1,Death,Influenzal Pneumonia,Not Admitted,0,0,0.0,0,0
2003-2004,2003,CTAS I - Resuscitation,1,Death,Motor Vehicle Collisions,Not Admitted,238,32,0.53,0,7616
2003-2004,2003,CTAS I - Resuscitation,1,Death,Pneumonia,Not Admitted,31,105,1.75,0,3255
2003-2004,2003,CTAS I - Resuscitation,1,Death,Trauma,Not Admitted,481,36,0.6,0,17316
2003-2004,2003,CTAS I - Resuscitation,1,Death,Unintentional Falls,Not Admitted,47,163,2.72,0,7661
2003-2004,2003,CTAS I - Resuscitation,1,Discharged Home,Acute Myocardial Infarction,Not Admitted,23,110,1.83,0,2530
2003-2004,2003,CTAS I - Resuscitation,1,Discharged Home,Asthma,Not Admitted,156,160,2.67,0,24960
2003-2004,2003,CTAS I - Resuscitation,1,Discharged Home,Influenzal Pneumonia,Not Admitted,0,0,0.0,0,0
2003-2004,2003,CTAS I - Resuscitation,1,Discharged Home,Motor Vehicle Collisions,Not Admitted,345,262,4.37,0,90390
2003-2004,2003,CTAS I - Resuscitation,1,Discharged Home,Pneumonia,Not Admitted,33,238,3.97,0,7854
2003-2004,2003,CTAS I - Resuscitation,1,Discharged Home,Trauma,Not Admitted,1120,230,3.83,0,257600
2003-2004,2003,CTAS I - Resuscitation,1,Discharged Home,Unintentional Falls,Not Admitted,202,226,3.77,0,45652
2003-2004,2003,CTAS I - Resuscitation,1,Intra-Facility Transfer,Acute Myocardial Infarction,Not Admitted,0,0,0.0,0,0
2003-2004,2003,CTAS I - Resuscitation,1,Intra-Facility Transfer,Asthma,Not Admitted,0,0,0.0,0,0
2003-2004,2003,CTAS I - Resuscitation,1,Intra-Facility Transfer,Influenzal Pneumonia,Not Admitted,0,0,0.0,0,0
2003-2004,2003,CTAS I - Resuscitation,1,Intra-Facility Transfer,Motor Vehicle Collisions,Not Admitted,7,177,2.95,0,1239
2003-2004,2003,CTAS I - Resuscitation,1,Intra-Facility Transfer,Pneumonia,Not Admitted,0,115,1.92,0,0
2003-2004,2003,CTAS I - Resuscitation,1,Intra-Facility Transfer,Trauma,Not Admitted,25,171,2.85,0,4275
2003-2004,2003,CTAS I - Resuscitation,1,Intra-Facility Transfer,Unintentional Falls,Not Admitted,0,0,0.0,0,0
2003-2004,2003,CTAS I - Resuscitation,1,Not Seen Or Left,Acute Myocardial Infarction,Not Admitted,0,164,2.73,0,0
2003-2004,2003,CTAS I - Resuscitation,1,Not Seen Or Left,Asthma,Not Admitted,9,183,3.05,0,1647
2003-2004,2003,CTAS I - Resuscitation,1,Not Seen Or Left,Influenzal Pneumonia,Not Admitted,0,0,0.0,0,0
2003-2004,2003,CTAS I - Resuscitation,1,Not Seen Or Left,Motor Vehicle Collisions,Not Admitted,0,275,4.58,0,0
2003-2004,2003,CTAS I - Resuscitation,1,Not Seen Or Left,Pneumonia,Not Admitted,0,0,0.0,0,0
2003-2004,2003,CTAS I - Resuscitation,1,Not Seen Or Left,Trauma,Not Admitted,17,136,2.27,0,2312
2003-2004,2003,CTAS I - Resuscitation,1,Not Seen Or Left,Unintentional Falls,Not Admitted,0,97,1.62,0,0
2003-2004,2003,CTAS I - Resuscitation,1,Transferred,Acute Myocardial Infarction,Not Admitted,93,161,2.68,0,14973
2003-2004,2003,CTAS I - Resuscitation,1,Transferred,Asthma,Not Admitted,9,226,3.77,0,2034
2003-2004,2003,CTAS I - Resuscitation,1,Transferred,Influenzal Pneumonia,Not Admitted,0,0,0.0,0,0
2003-2004,2003,CTAS I - Resuscitation,1,Transferred,Motor Vehicle Collisions,Not Admitted,294,140,2.33,0,41160
2003-2004,2003,CTAS I - Resuscitation,1,Transferred,Pneumonia,Not Admitted,19,255,4.25,0,4845
2003-2004,2003,CTAS I - Resuscitation,1,Transferred,Trauma,Not Admitted,563,144,2.4,0,81072
2003-2004,2003,CTAS I - Resuscitation,1,Transferred,Unintentional Falls,Not Admitted,100,158,2.63,0,15800
2003-2004,2003,CTAS I - Resuscitation,1,Unknown,Acute Myocardial Infarction,Not Admitted,14,38,0.63,0,532
2003-2004,2003,CTAS I - Resuscitation,1,Unknown,Asthma,Not Admitted,0,48,0.8,0,0
2003-2004,2003,CTAS I - Resuscitation,1,Unknown,Influenzal Pneumonia,Not Admitted,0,0,0.0,0,0
2003-2004,2003,CTAS I - Resuscitation,1,Unknown,Motor Vehicle Collisions,Not Admitted,7,99,1.65,0,693
2003-2004,2003,CTAS I - Resuscitation,1,Unknown,Pneumonia,Not Admitted,0,124,2.07,0,0
2003-2004,2003,CTAS I - Resuscitation,1,Unknown,Trauma,Not Admitted,25,96,1.6,0,2400
2003-2004,2003,CTAS I - Resuscitation,1,Unknown,Unintentional Falls,Not Admitted,0,78,1.3,0,0
2003-2004,2003,CTAS II - Emergent,2,Admitted,Acute Myocardial Infarction,Admitted,6875,188,3.13,1,1292500
2003-2004,2003,CTAS II - Emergent,2,Admitted,Asthma,Admitted,3237,269,4.48,1,870753
2003-2004,2003,CTAS II - Emergent,2,Admitted,Influenzal Pneumonia,Admitted,10,277,4.62,1,2770
2003-2004,2003,CTAS II - Emergent,2,Admitted,Motor Vehicle Collisions,Admitted,2389,238,3.97,1,568582
2003-2004,2003,CTAS II - Emergent,2,Admitted,Pneumonia,Admitted,6754,301,5.02,1,2032954
2003-2004,2003,CTAS II - Emergent,2,Admitted,Trauma,Admitted,8949,250,4.17,1,2237250
2003-2004,2003,CTAS II - Emergent,2,Admitted,Unintentional Falls,Admitted,3783,277,4.62,1,1047891
2003-2004,2003,CTAS II - Emergent,2,Death,Acute Myocardial Infarction,Not Admitted,135,173,2.88,0,23355
2003-2004,2003,CTAS II - Emergent,2,Death,Asthma,Not Admitted,0,0,0.0,0,0
2003-2004,2003,CTAS II - Emergent,2,Death,Influenzal Pneumonia,Not Admitted,0,0,0.0,0,0
2003-2004,2003,CTAS II - Emergent,2,Death,Motor Vehicle Collisions,Not Admitted,18,123,2.05,0,2214
2003-2004,2003,CTAS II - Emergent,2,Death,Pneumonia,Not Admitted,31,254,4.23,0,7874
2003-2004,2003,CTAS II - Emergent,2,Death,Trauma,Not Admitted,55,142,2.37,0,7810
2003-2004,2003,CTAS II - Emergent,2,Death,Unintentional Falls,Not Admitted,22,210,3.5,0,4620
2003-2004,2003,CTAS II - Emergent,2,Discharged Home,Acute Myocardial Infarction,Not Admitted,140,219,3.65,0,30660
2003-2004,2003,CTAS II - Emergent,2,Discharged Home,Asthma,Not Admitted,8283,165,2.75,0,1366695
2003-2004,2003,CTAS II - Emergent,2,Discharged Home,Influenzal Pneumonia,Not Admitted,0,334,5.57,0,0
2003-2004,2003,CTAS II - Emergent,2,Discharged Home,Motor Vehicle Collisions,Not Admitted,7792,180,3.0,0,1402560
2003-2004,2003,CTAS II - Emergent,2,Discharged Home,Pneumonia,Not Admitted,3199,215,3.58,0,687785
2003-2004,2003,CTAS II - Emergent,2,Discharged Home,Trauma,Not Admitted,35084,160,2.67,0,5613440
2003-2004,2003,CTAS II - Emergent,2,Discharged Home,Unintentional Falls,Not Admitted,8686,190,3.17,0,1650340
2003-2004,2003,CTAS II - Emergent,2,Intra-Facility Transfer,Acute Myocardial Infarction,Not Admitted,24,114,1.9,0,2736
2003-2004,2003,CTAS II - Emergent,2,Intra-Facility Transfer,Asthma,Not Admitted,20,170,2.83,0,3400
2003-2004,2003,CTAS II - Emergent,2,Intra-Facility Transfer,Influenzal Pneumonia,Not Admitted,0,0,0.0,0,0
2003-2004,2003,CTAS II - Emergent,2,Intra-Facility Transfer,Motor Vehicle Collisions,Not Admitted,51,204,3.4,0,10404
2003-2004,2003,CTAS II - Emergent,2,Intra-Facility Transfer,Pneumonia,Not Admitted,15,267,4.45,0,4005
2003-2004,2003,CTAS II - Emergent,2,Intra-Facility Transfer,Trauma,Not Admitted,446,172,2.87,0,76712
2003-2004,2003,CTAS II - Emergent,2,Intra-Facility Transfer,Unintentional Falls,Not Admitted,109,165,2.75,0,17985
2003-2004,2003,CTAS II - Emergent,2,Not Seen Or Left,Acute Myocardial Infarction,Not Admitted,0,178,2.97,0,0
2003-2004,2003,CTAS II - Emergent,2,Not Seen Or Left,Asthma,Not Admitted,93,152,2.53,0,14136
2003-2004,2003,CTAS II - Emergent,2,Not Seen Or Left,Influenzal Pneumonia,Not Admitted,0,0,0.0,0,0
2003-2004,2003,CTAS II - Emergent,2,Not Seen Or Left,Motor Vehicle Collisions,Not Admitted,80,122,2.03,0,9760
2003-2004,2003,CTAS II - Emergent,2,Not Seen Or Left,Pneumonia,Not Admitted,18,216,3.6,0,3888
2003-2004,2003,CTAS II - Emergent,2,Not Seen Or Left,Trauma,Not Admitted,470,135,2.25,0,63450
2003-2004,2003,CTAS II - Emergent,2,Not Seen Or Left,Unintentional Falls,Not Admitted,122,174,2.9,0,21228
2003-2004,2003,CTAS II - Emergent,2,Transferred,Acute Myocardial Infarction,Not Admitted,555,174,2.9,0,96570
2003-2004,2003,CTAS II - Emergent,2,Transferred,Asthma,Not Admitted,162,231,3.85,0,37422
2003-2004,2003,CTAS II - Emergent,2,Transferred,Influenzal Pneumonia,Not Admitted,0,0,0.0,0,0
2003-2004,2003,CTAS II - Emergent,2,Transferred,Motor Vehicle Collisions,Not Admitted,909,181,3.02,0,164529
2003-2004,2003,CTAS II - Emergent,2,Transferred,Pneumonia,Not Admitted,180,242,4.03,0,43560
2003-2004,2003,CTAS II - Emergent,2,Transferred,Trauma,Not Admitted,2453,180,3.0,0,441540
2003-2004,2003,CTAS II - Emergent,2,Transferred,Unintentional Falls,Not Admitted,668,215,3.58,0,143620
2003-2004,2003,CTAS II - Emergent,2,Unknown,Acute Myocardial Infarction,Not Admitted,48,144,2.4,0,6912
2003-2004,2003,CTAS II - Emergent,2,Unknown,Asthma,Not Admitted,49,94,1.57,0,4606
2003-2004,2003,CTAS II - Emergent,2,Unknown,Influenzal Pneumonia,Not Admitted,0,0,0.0,0,0
2003-2004,2003,CTAS II - Emergent,2,Unknown,Motor Vehicle Collisions,Not Admitted,59,110,1.83,0,6490
2003-2004,2003,CTAS II - Emergent,2,Unknown,Pneumonia,Not Admitted,61,173,2.88,0,10553
2003-2004,2003,CTAS II - Emergent,2,Unknown,Trauma,Not Admitted,228,96,1.6,0,21888
2003-2004,2003,CTAS II - Emergent,2,Unknown,Unintentional Falls,Not Admitted,76,112,1.87,0,8512
2003-2004,2003,CTAS III - Urgent,3,Admitted,Acute Myocardial Infarction,Admitted,4476,272,4.53,1,1217472
2003-2004,2003,Less urgent,3,Admitted,Acute Myocardial Infarction,Admitted,374,274,4.57,1,102476
2003-2004,2003,Non-urgent,3,Admitted,Acute Myocardial Infarction,Admitted,71,246,4.1,1,17466
2003-2004,2003,Unknown,3,Admitted,Acute Myocardial Infarction,Admitted,0,0,0.0,1,0
2003-2004,2003,CTAS III - Urgent,3,Admitted,Asthma,Admitted,3482,282,4.7,1,981924
2003-2004,2003,Less urgent,3,Admitted,Asthma,Admitted,387,239,3.98,1,92493
2003-2004,2003,Non-urgent,3,Admitted,Asthma,Admitted,47,131,2.18,1,6157
2003-2004,2003,Unknown,3,Admitted,Asthma,Admitted,0,0,0.0,1,0
2003-2004,2003,CTAS III - Urgent,3,Admitted,Influenzal Pneumonia,Admitted,18,315,5.25,1,5670
2003-2004,2003,Less urgent,3,Admitted,Influenzal Pneumonia,Admitted,8,267,4.45,1,2136
2003-2004,2003,Non-urgent,3,Admitted,Influenzal Pneumonia,Admitted,0,107,1.78,1,0
2003-2004,2003,Unknown,3,Admitted,Influenzal Pneumonia,Admitted,0,0,0.0,1,0
2003-2004,2003,CTAS III - Urgent,3,Admitted,Motor Vehicle Collisions,Admitted,2944,240,4.0,1,706560
2003-2004,2003,Less urgent,3,Admitted,Motor Vehicle Collisions,Admitted,598,232,3.87,1,138736
2003-2004,2003,Non-urgent,3,Admitted,Motor Vehicle Collisions,Admitted,135,156,2.6,1,21060
2003-2004,2003,Unknown,3,Admitted,Motor Vehicle Collisions,Admitted,0,0,0.0,1,0
2003-2004,2003,CTAS III - Urgent,3,Admitted,Pneumonia,Admitted,13255,321,5.35,1,4254855
2003-2004,2003,Less urgent,3,Admitted,Pneumonia,Admitted,2193,265,4.42,1,581145
2003-2004,2003,Non-urgent,3,Admitted,Pneumonia,Admitted,270,208,3.47,1,56160
2003-2004,2003,Unknown,3,Admitted,Pneumonia,Admitted,0,0,0.0,1,0
2003-2004,2003,CTAS III - Urgent,3,Admitted,Trauma,Admitted,27838,269,4.48,1,7488422
2003-2004,2003,Less urgent,3,Admitted,Trauma,Admitted,8580,250,4.17,1,2145000
2003-2004,2003,Non-urgent,3,Admitted,Trauma,Admitted,1045,193,3.22,1,201685
2003-2004,2003,Unknown,3,Admitted,Trauma,Admitted,0,0,0.0,1,0
2003-2004,2003,CTAS III - Urgent,3,Admitted,Unintentional Falls,Admitted,18560,280,4.67,1,5196800
2003-2004,2003,Less urgent,3,Admitted,Unintentional Falls,Admitted,5594,260,4.33,1,1454440
2003-2004,2003,Non-urgent,3,Admitted,Unintentional Falls,Admitted,542,208,3.47,1,112736
2003-2004,2003,Unknown,3,Admitted,Unintentional Falls,Admitted,0,0,0.0,1,0
2003-2004,2003,CTAS III - Urgent,3,Death,Acute Myocardial Infarction,Not Admitted,44,215,3.58,0,9460
2003-2004,2003,Less urgent,3,Death,Acute Myocardial Infarction,Not Admitted,7,143,2.38,0,1001
2003-2004,2003,Non-urgent,3,Death,Acute Myocardial Infarction,Not Admitted,17,8,0.13,0,136
2003-2004,2003,Unknown,3,Death,Acute Myocardial Infarction,Not Admitted,0,0,0.0,0,0
2003-2004,2003,CTAS III - Urgent,3,Death,Asthma,Not Admitted,0,144,2.4,0,0
2003-2004,2003,Less urgent,3,Death,Asthma,Not Admitted,0,85,1.42,0,0
2003-2004,2003,Non-urgent,3,Death,Asthma,Not Admitted,0,0,0.0,0,0
2003-2004,2003,Unknown,3,Death,Asthma,Not Admitted,0,0,0.0,0,0
2003-2004,2003,CTAS III - Urgent,3,Death,Influenzal Pneumonia,Not Admitted,0,0,0.0,0,0
2003-2004,2003,Less urgent,3,Death,Influenzal Pneumonia,Not Admitted,0,0,0.0,0,0
2003-2004,2003,Non-urgent,3,Death,Influenzal Pneumonia,Not Admitted,0,0,0.0,0,0
2003-2004,2003,Unknown,3,Death,Influenzal Pneumonia,Not Admitted,0,0,0.0,0,0
2003-2004,2003,CTAS III - Urgent,3,Death,Motor Vehicle Collisions,Not Admitted,6,136,2.27,0,816
2003-2004,2003,Less urgent,3,Death,Motor Vehicle Collisions,Not Admitted,0,70,1.17,0,0
2003-2004,2003,Non-urgent,3,Death,Motor Vehicle Collisions,Not Admitted,12,19,0.32,0,228
2003-2004,2003,Unknown,3,Death,Motor Vehicle Collisions,Not Admitted,0,0,0.0,0,0
2003-2004,2003,CTAS III - Urgent,3,Death,Pneumonia,Not Admitted,22,359,5.98,0,7898
2003-2004,2003,Less urgent,3,Death,Pneumonia,Not Admitted,0,968,16.13,0,0
2003-2004,2003,Non-urgent,3,Death,Pneumonia,Not Admitted,0,163,2.72,0,0
2003-2004,2003,Unknown,3,Death,Pneumonia,Not Admitted,0,0,0.0,0,0
2003-2004,2003,CTAS III - Urgent,3,Death,Trauma,Not Admitted,32,198,3.3,0,6336
2003-2004,2003,Less urgent,3,Death,Trauma,Not Admitted,17,154,2.57,0,2618
2003-2004,2003,Non-urgent,3,Death,Trauma,Not Admitted,37,18,0.3,0,666
2003-2004,2003,Unknown,3,Death,Trauma,Not Admitted,0,0,0.0,0,0
2003-2004,2003,CTAS III - Urgent,3,Death,Unintentional Falls,Not Admitted,18,344,5.73,0,6192
2003-2004,2003,Less urgent,3,Death,Unintentional Falls,Not Admitted,7,255,4.25,0,1785
2003-2004,2003,Non-urgent,3,Death,Unintentional Falls,Not Admitted,0,38,0.63,0,0
2003-2004,2003,Unknown,3,Death,Unintentional Falls,Not Admitted,0,0,0.0,0,0
2003-2004,2003,CTAS III - Urgent,3,Discharged Home,Acute Myocardial Infarction,Not Admitted,122,354,5.9,0,43188
2003-2004,2003,Less urgent,3,Discharged Home,Acute Myocardial Infarction,Not Admitted,18,206,3.43,0,3708
2003-2004,2003,Non-urgent,3,Discharged Home,Acute Myocardial Infarction,Not Admitted,7,125,2.08,0,875
2003-2004,2003,Unknown,3,Discharged Home,Acute Myocardial Infarction,Not Admitted,0,0,0.0,0,0
2003-2004,2003,CTAS III - Urgent,3,Discharged Home,Asthma,Not Admitted,32785,142,2.37,0,4655470
2003-2004,2003,Less urgent,3,Discharged Home,Asthma,Not Admitted,19125,97,1.62,0,1855125
2003-2004,2003,Non-urgent,3,Discharged Home,Asthma,Not Admitted,4270,62,1.03,0,264740
2003-2004,2003,Unknown,3,Discharged Home,Asthma,Not Admitted,0,0,0.0,0,0
2003-2004,2003,CTAS III - Urgent,3,Discharged Home,Influenzal Pneumonia,Not Admitted,36,176,2.93,0,6336
2003-2004,2003,Less urgent,3,Discharged Home,Influenzal Pneumonia,Not Admitted,59,100,1.67,0,5900
2003-2004,2003,Non-urgent,3,Discharged Home,Influenzal Pneumonia,Not Admitted,12,100,1.67,0,1200
2003-2004,2003,Unknown,3,Discharged Home,Influenzal Pneumonia,Not Admitted,0,0,0.0,0,0
2003-2004,2003,CTAS III - Urgent,3,Discharged Home,Motor Vehicle Collisions,Not Admitted,37130,146,2.43,0,5420980
2003-2004,2003,Less urgent,3,Discharged Home,Motor Vehicle Collisions,Not Admitted,49090,112,1.87,0,5498080
2003-2004,2003,Non-urgent,3,Discharged Home,Motor Vehicle Collisions,Not Admitted,8356,88,1.47,0,735328
2003-2004,2003,Unknown,3,Discharged Home,Motor Vehicle Collisions,Not Admitted,0,0,0.0,0,0
2003-2004,2003,CTAS III - Urgent,3,Discharged Home,Pneumonia,Not Admitted,18533,189,3.15,0,3502737
2003-2004,2003,Less urgent,3,Discharged Home,Pneumonia,Not Admitted,13312,129,2.15,0,1717248
2003-2004,2003,Non-urgent,3,Discharged Home,Pneumonia,Not Admitted,2500,87,1.45,0,217500
2003-2004,2003,Unknown,3,Discharged Home,Pneumonia,Not Admitted,0,0,0.0,0,0
2003-2004,2003,CTAS III - Urgent,3,Discharged Home,Trauma,Not Admitted,259164,134,2.23,0,34727976
2003-2004,2003,Less urgent,3,Discharged Home,Trauma,Not Admitted,659980,104,1.73,0,68637920
2003-2004,2003,Non-urgent,3,Discharged Home,Trauma,Not Admitted,160368,82,1.37,0,13150176
2003-2004,2003,Unknown,3,Discharged Home,Trauma,Not Admitted,0,0,0.0,0,0
2003-2004,2003,CTAS III - Urgent,3,Discharged Home,Unintentional Falls,Not Admitted,84642,154,2.57,0,13034868
2003-2004,2003,Less urgent,3,Discharged Home,Unintentional Falls,Not Admitted,178687,115,1.92,0,20549005
2003-2004,2003,Non-urgent,3,Discharged Home,Unintentional Falls,Not Admitted,35305,90,1.5,0,3177450
2003-2004,2003,Unknown,3,Discharged Home,Unintentional Falls,Not Admitted,0,0,0.0,0,0
2003-2004,2003,CTAS III - Urgent,3,Intra-Facility Transfer,Acute Myocardial Infarction,Not Admitted,10,152,2.53,0,1520
2003-2004,2003,Less urgent,3,Intra-Facility Transfer,Acute Myocardial Infarction,Not Admitted,0,156,2.6,0,0
2003-2004,2003,Non-urgent,3,Intra-Facility Transfer,Acute Myocardial Infarction,Not Admitted,0,0,0.0,0,0
2003-2004,2003,Unknown,3,Intra-Facility Transfer,Acute Myocardial Infarction,Not Admitted,0,0,0.0,0,0
2003-2004,2003,CTAS III - Urgent,3,Intra-Facility Transfer,Asthma,Not Admitted,42,188,3.13,0,7896
2003-2004,2003,Less urgent,3,Intra-Facility Transfer,Asthma,Not Admitted,13,221,3.68,0,2873
2003-2004,2003,Non-urgent,3,Intra-Facility Transfer,Asthma,Not Admitted,6,156,2.6,0,936
2003-2004,2003,Unknown,3,Intra-Facility Transfer,Asthma,Not Admitted,0,0,0.0,0,0
2003-2004,2003,CTAS III - Urgent,3,Intra-Facility Transfer,Influenzal Pneumonia,Not Admitted,0,0,0.0,0,0
2003-2004,2003,Less urgent,3,Intra-Facility Transfer,Influenzal Pneumonia,Not Admitted,0,0,0.0,0,0
2003-2004,2003,Non-urgent,3,Intra-Facility Transfer,Influenzal Pneumonia,Not Admitted,0,0,0.0,0,0
2003-2004,2003,Unknown,3,Intra-Facility Transfer,Influenzal Pneumonia,Not Admitted,0,0,0.0,0,0
2003-2004,2003,CTAS III - Urgent,3,Intra-Facility Transfer,Motor Vehicle Collisions,Not Admitted,165,191,3.18,0,31515
2003-2004,2003,Less urgent,3,Intra-Facility Transfer,Motor Vehicle Collisions,Not Admitted,132,135,2.25,0,17820
2003-2004,2003,Non-urgent,3,Intra-Facility Transfer,Motor Vehicle Collisions,Not Admitted,37,93,1.55,0,3441
2003-2004,2003,Unknown,3,Intra-Facility Transfer,Motor Vehicle Collisions,Not Admitted,0,0,0.0,0,0
2003-2004,2003,CTAS III - Urgent,3,Intra-Facility Transfer,Pneumonia,Not Admitted,38,338,5.63,0,12844
2003-2004,2003,Less urgent,3,Intra-Facility Transfer,Pneumonia,Not Admitted,23,240,4.0,0,5520
2003-2004,2003,Non-urgent,3,Intra-Facility Transfer,Pneumonia,Not Admitted,0,242,4.03,0,0
2003-2004,2003,Unknown,3,Intra-Facility Transfer,Pneumonia,Not Admitted,0,0,0.0,0,0
2003-2004,2003,CTAS III - Urgent,3,Intra-Facility Transfer,Trauma,Not Admitted,2257,172,2.87,0,388204
2003-2004,2003,Less urgent,3,Intra-Facility Transfer,Trauma,Not Admitted,2060,151,2.52,0,311060
2003-2004,2003,Non-urgent,3,Intra-Facility Transfer,Trauma,Not Admitted,628,106,1.77,0,66568
2003-2004,2003,Unknown,3,Intra-Facility Transfer,Trauma,Not Admitted,0,0,0.0,0,0
2003-2004,2003,CTAS III - Urgent,3,Intra-Facility Transfer,Unintentional Falls,Not Admitted,814,170,2.83,0,138380
2003-2004,2003,Less urgent,3,Intra-Facility Transfer,Unintentional Falls,Not Admitted,615,132,2.2,0,81180
2003-2004,2003,Non-urgent,3,Intra-Facility Transfer,Unintentional Falls,Not Admitted,192,108,1.8,0,20736
2003-2004,2003,Unknown,3,Intra-Facility Transfer,Unintentional Falls,Not Admitted,0,0,0.0,0,0
2003-2004,2003,CTAS III - Urgent,3,Not Seen Or Left,Acute Myocardial Infarction,Not Admitted,8,281,4.68,0,2248
2003-2004,2003,Less urgent,3,Not Seen Or Left,Acute Myocardial Infarction,Not Admitted,5,220,3.67,0,1100
2003-2004,2003,Non-urgent,3,Not Seen Or Left,Acute Myocardial Infarction,Not Admitted,0,0,0.0,0,0
2003-2004,2003,Unknown,3,Not Seen Or Left,Acute Myocardial Infarction,Not Admitted,0,0,0.0,0,0
2003-2004,2003,CTAS III - Urgent,3,Not Seen Or Left,Asthma,Not Admitted,495,116,1.93,0,57420
2003-2004,2003,Less urgent,3,Not Seen Or Left,Asthma,Not Admitted,234,94,1.57,0,21996
2003-2004,2003,Non-urgent,3,Not Seen Or Left,Asthma,Not Admitted,81,37,0.62,0,2997
2003-2004,2003,Unknown,3,Not Seen Or Left,Asthma,Not Admitted,0,16,0.27,0,0
2003-2004,2003,CTAS III - Urgent,3,Not Seen Or Left,Influenzal Pneumonia,Not Admitted,0,235,3.92,0,0
2003-2004,2003,Less urgent,3,Not Seen Or Left,Influenzal Pneumonia,Not Admitted,0,0,0.0,0,0
2003-2004,2003,Non-urgent,3,Not Seen Or Left,Influenzal Pneumonia,Not Admitted,0,0,0.0,0,0
2003-2004,2003,Unknown,3,Not Seen Or Left,Influenzal Pneumonia,Not Admitted,0,0,0.0,0,0
2003-2004,2003,CTAS III - Urgent,3,Not Seen Or Left,Motor Vehicle Collisions,Not Admitted,661,123,2.05,0,81303
2003-2004,2003,Less urgent,3,Not Seen Or Left,Motor Vehicle Collisions,Not Admitted,1517,116,1.93,0,175972
2003-2004,2003,Non-urgent,3,Not Seen Or Left,Motor Vehicle Collisions,Not Admitted,241,110,1.83,0,26510
2003-2004,2003,Unknown,3,Not Seen Or Left,Motor Vehicle Collisions,Not Admitted,7,40,0.67,0,280
2003-2004,2003,CTAS III - Urgent,3,Not Seen Or Left,Pneumonia,Not Admitted,72,220,3.67,0,15840
2003-2004,2003,Less urgent,3,Not Seen Or Left,Pneumonia,Not Admitted,33,108,1.8,0,3564
2003-2004,2003,Non-urgent,3,Not Seen Or Left,Pneumonia,Not Admitted,17,60,1.0,0,1020
2003-2004,2003,Unknown,3,Not Seen Or Left,Pneumonia,Not Admitted,0,0,0.0,0,0
2003-2004,2003,CTAS III - Urgent,3,Not Seen Or Left,Trauma,Not Admitted,6040,115,1.92,0,694600
2003-2004,2003,Less urgent,3,Not Seen Or Left,Trauma,Not Admitted,20220,109,1.82,0,2203980
2003-2004,2003,Non-urgent,3,Not Seen Or Left,Trauma,Not Admitted,5300,90,1.5,0,477000
2003-2004,2003,Unknown,3,Not Seen Or Left,Trauma,Not Admitted,216,28,0.47,0,6048
2003-2004,2003,CTAS III - Urgent,3,Not Seen Or Left,Unintentional Falls,Not Admitted,1445,120,2.0,0,173400
2003-2004,2003,Less urgent,3,Not Seen Or Left,Unintentional Falls,Not Admitted,4103,111,1.85,0,455433
2003-2004,2003,Non-urgent,3,Not Seen Or Left,Unintentional Falls,Not Admitted,774,95,1.58,0,73530
2003-2004,2003,Unknown,3,Not Seen Or Left,Unintentional Falls,Not Admitted,22,26,0.43,0,572
2003-2004,2003,CTAS III - Urgent,3,Transferred,Acute Myocardial Infarction,Not Admitted,240,254,4.23,0,60960
2003-2004,2003,Less urgent,3,Transferred,Acute Myocardial Infarction,Not Admitted,21,265,4.42,0,5565
2003-2004,2003,Non-urgent,3,Transferred,Acute Myocardial Infarction,Not Admitted,0,912,15.2,0,0
2003-2004,2003,Unknown,3,Transferred,Acute Myocardial Infarction,Not Admitted,0,0,0.0,0,0
2003-2004,2003,CTAS III - Urgent,3,Transferred,Asthma,Not Admitted,182,274,4.57,0,49868
2003-2004,2003,Less urgent,3,Transferred,Asthma,Not Admitted,44,170,2.83,0,7480
2003-2004,2003,Non-urgent,3,Transferred,Asthma,Not Admitted,8,94,1.57,0,752
2003-2004,2003,Unknown,3,Transferred,Asthma,Not Admitted,0,0,0.0,0,0
2003-2004,2003,CTAS III - Urgent,3,Transferred,Influenzal Pneumonia,Not Admitted,0,0,0.0,0,0
2003-2004,2003,Less urgent,3,Transferred,Influenzal Pneumonia,Not Admitted,0,255,4.25,0,0
2003-2004,2003,Non-urgent,3,Transferred,Influenzal Pneumonia,Not Admitted,0,0,0.0,0,0
2003-2004,2003,Unknown,3,Transferred,Influenzal Pneumonia,Not Admitted,0,0,0.0,0,0
2003-2004,2003,CTAS III - Urgent,3,Transferred,Motor Vehicle Collisions,Not Admitted,881,205,3.42,0,180605
2003-2004,2003,Less urgent,3,Transferred,Motor Vehicle Collisions,Not Admitted,226,168,2.8,0,37968
2003-2004,2003,Non-urgent,3,Transferred,Motor Vehicle Collisions,Not Admitted,34,138,2.3,0,4692
2003-2004,2003,Unknown,3,Transferred,Motor Vehicle Collisions,Not Admitted,0,0,0.0,0,0
2003-2004,2003,CTAS III - Urgent,3,Transferred,Pneumonia,Not Admitted,350,279,4.65,0,97650
2003-2004,2003,Less urgent,3,Transferred,Pneumonia,Not Admitted,104,228,3.8,0,23712
2003-2004,2003,Non-urgent,3,Transferred,Pneumonia,Not Admitted,11,155,2.58,0,1705
2003-2004,2003,Unknown,3,Transferred,Pneumonia,Not Admitted,0,0,0.0,0,0
2003-2004,2003,CTAS III - Urgent,3,Transferred,Trauma,Not Admitted,5092,200,3.33,0,1018400
2003-2004,2003,Less urgent,3,Transferred,Trauma,Not Admitted,2394,162,2.7,0,387828
2003-2004,2003,Non-urgent,3,Transferred,Trauma,Not Admitted,419,119,1.98,0,49861
2003-2004,2003,Unknown,3,Transferred,Trauma,Not Admitted,0,0,0.0,0,0
2003-2004,2003,CTAS III - Urgent,3,Transferred,Unintentional Falls,Not Admitted,2551,225,3.75,0,573975
2003-2004,2003,Less urgent,3,Transferred,Unintentional Falls,Not Admitted,1208,187,3.12,0,225896
2003-2004,2003,Non-urgent,3,Transferred,Unintentional Falls,Not Admitted,157,142,2.37,0,22294
2003-2004,2003,Unknown,3,Transferred,Unintentional Falls,Not Admitted,0,0,0.0,0,0
2003-2004,2003,CTAS III - Urgent,3,Unknown,Acute Myocardial Infarction,Not Admitted,16,214,3.57,0,3424
2003-2004,2003,Less urgent,3,Unknown,Acute Myocardial Infarction,Not Admitted,0,207,3.45,0,0
2003-2004,2003,Non-urgent,3,Unknown,Acute Myocardial Infarction,Not Admitted,0,0,0.0,0,0
2003-2004,2003,Unknown,3,Unknown,Acute Myocardial Infarction,Not Admitted,0,0,0.0,0,0
2003-2004,2003,CTAS III - Urgent,3,Unknown,Asthma,Not Admitted,333,64,1.07,0,21312
2003-2004,2003,Less urgent,3,Unknown,Asthma,Not Admitted,315,63,1.05,0,19845
2003-2004,2003,Non-urgent,3,Unknown,Asthma,Not Admitted,0,29,0.48,0,0
2003-2004,2003,Unknown,3,Unknown,Asthma,Not Admitted,0,0,0.0,0,0
2003-2004,2003,CTAS III - Urgent,3,Unknown,Influenzal Pneumonia,Not Admitted,0,29,0.48,0,0
2003-2004,2003,Less urgent,3,Unknown,Influenzal Pneumonia,Not Admitted,0,0,0.0,0,0
2003-2004,2003,Non-urgent,3,Unknown,Influenzal Pneumonia,Not Admitted,0,0,0.0,0,0
2003-2004,2003,Unknown,3,Unknown,Influenzal Pneumonia,Not Admitted,0,0,0.0,0,0
2003-2004,2003,CTAS III - Urgent,3,Unknown,Motor Vehicle Collisions,Not Admitted,283,82,1.37,0,23206
2003-2004,2003,Less urgent,3,Unknown,Motor Vehicle Collisions,Not Admitted,308,64,1.07,0,19712
2003-2004,2003,Non-urgent,3,Unknown,Motor Vehicle Collisions,Not Admitted,0,42,0.7,0,0
2003-2004,2003,Unknown,3,Unknown,Motor Vehicle Collisions,Not Admitted,0,0,0.0,0,0
2003-2004,2003,CTAS III - Urgent,3,Unknown,Pneumonia,Not Admitted,282,103,1.72,0,29046
2003-2004,2003,Less urgent,3,Unknown,Pneumonia,Not Admitted,247,78,1.3,0,19266
2003-2004,2003,Non-urgent,3,Unknown,Pneumonia,Not Admitted,0,79,1.32,0,0
2003-2004,2003,Unknown,3,Unknown,Pneumonia,Not Admitted,0,0,0.0,0,0
2003-2004,2003,CTAS III - Urgent,3,Unknown,Trauma,Not Admitted,3007,67,1.12,0,201469
2003-2004,2003,Less urgent,3,Unknown,Trauma,Not Admitted,6660,60,1.0,0,399600
2003-2004,2003,Non-urgent,3,Unknown,Trauma,Not Admitted,109,41,0.68,0,4469
2003-2004,2003,Unknown,3,Unknown,Trauma,Not Admitted,0,0,0.0,0,0
2003-2004,2003,CTAS III - Urgent,3,Unknown,Unintentional Falls,Not Admitted,895,85,1.42,0,76075
2003-2004,2003,Less urgent,3,Unknown,Unintentional Falls,Not Admitted,1557,69,1.15,0,107433
2003-2004,2003,Non-urgent,3,Unknown,Unintentional Falls,Not Admitted,18,42,0.7,0,756
2003-2004,2003,Unknown,3,Unknown,Unintentional Falls,Not Admitted,0,0,0.0,0,0
