fiscal_year,fiscal_year_start,triage_level,ctas_urgency_score,visit_disposition,main_problem,admission_status,ed_visits,median_los_minutes,median_los_hours,admission_flag
2021-2022,2021,CTAS I - Resuscitation,1,Admitted,Acute Myocardial Infarction,Admitted,1360,93,1.55,1
2021-2022,2021,CTAS I - Resuscitation,1,Admitted,Any,Admitted,77562,420,7.0,1
2021-2022,2021,CTAS I - Resuscitation,1,Admitted,Asthma,Admitted,822,456,7.6,1
2021-2022,2021,CTAS I - Resuscitation,1,Admitted,Influenzal Pneumonia,Admitted,0,0,0.0,1
2021-2022,2021,CTAS I - Resuscitation,1,Admitted,Motor Vehicle Collisions,Admitted,3032,324,5.4,1
2021-2022,2021,CTAS I - Resuscitation,1,Admitted,Pneumonia,Admitted,1656,561,9.35,1
2021-2022,2021,CTAS I - Resuscitation,1,Admitted,Trauma,Admitted,8476,348,5.8,1
2021-2022,2021,CTAS I - Resuscitation,1,Admitted,Unintentional Falls,Admitted,2393,456,7.6,1
2021-2022,2021,CTAS I - Resuscitation,1,Death,Acute Myocardial Infarction,Not Admitted,365,36,0.6,0
2021-2022,2021,CTAS I - Resuscitation,1,Death,Any,Not Admitted,11081,42,0.7,0
2021-2022,2021,CTAS I - Resuscitation,1,Death,Asthma,Not Admitted,0,18,0.3,0
2021-2022,2021,CTAS I - Resuscitation,1,Death,Influenzal Pneumonia,Not Admitted,0,0,0.0,0
2021-2022,2021,CTAS I - Resuscitation,1,Death,Motor Vehicle Collisions,Not Admitted,195,30,0.5,0
2021-2022,2021,CTAS I - Resuscitation,1,Death,Pneumonia,Not Admitted,32,324,5.4,0
2021-2022,2021,CTAS I - Resuscitation,1,Death,Trauma,Not Admitted,683,60,1.0,0
2021-2022,2021,CTAS I - Resuscitation,1,Death,Unintentional Falls,Not Admitted,120,201,3.35,0
2021-2022,2021,CTAS I - Resuscitation,1,Discharged Home,Acute Myocardial Infarction,Not Admitted,7,36,0.6,0
2021-2022,2021,CTAS I - Resuscitation,1,Discharged Home,Any,Not Admitted,37243,294,4.9,0
2021-2022,2021,CTAS I - Resuscitation,1,Discharged Home,Asthma,Not Admitted,813,252,4.2,0
2021-2022,2021,CTAS I - Resuscitation,1,Discharged Home,Influenzal Pneumonia,Not Admitted,0,0,0.0,0
2021-2022,2021,CTAS I - Resuscitation,1,Discharged Home,Motor Vehicle Collisions,Not Admitted,752,294,4.9,0
2021-2022,2021,CTAS I - Resuscitation,1,Discharged Home,Pneumonia,Not Admitted,353,198,3.3,0
2021-2022,2021,CTAS I - Resuscitation,1,Discharged Home,Trauma,Not Admitted,4095,258,4.3,0
2021-2022,2021,CTAS I - Resuscitation,1,Discharged Home,Unintentional Falls,Not Admitted,760,264,4.4,0
2021-2022,2021,CTAS I - Resuscitation,1,Intra-Facility Transfer,Acute Myocardial Infarction,Not Admitted,158,33,0.55,0
2021-2022,2021,CTAS I - Resuscitation,1,Intra-Facility Transfer,Any,Not Admitted,566,102,1.7,0
2021-2022,2021,CTAS I - Resuscitation,1,Intra-Facility Transfer,Asthma,Not Admitted,9,102,1.7,0
2021-2022,2021,CTAS I - Resuscitation,1,Intra-Facility Transfer,Influenzal Pneumonia,Not Admitted,0,0,0.0,0
2021-2022,2021,CTAS I - Resuscitation,1,Intra-Facility Transfer,Motor Vehicle Collisions,Not Admitted,16,237,3.95,0
2021-2022,2021,CTAS I - Resuscitation,1,Intra-Facility Transfer,Pneumonia,Not Admitted,5,222,3.7,0
2021-2022,2021,CTAS I - Resuscitation,1,Intra-Facility Transfer,Trauma,Not Admitted,87,144,2.4,0
2021-2022,2021,CTAS I - Resuscitation,1,Intra-Facility Transfer,Unintentional Falls,Not Admitted,15,150,2.5,0
2021-2022,2021,CTAS I - Resuscitation,1,Not Seen Or Left,Acute Myocardial Infarction,Not Admitted,0,411,6.85,0
2021-2022,2021,CTAS I - Resuscitation,1,Not Seen Or Left,Any,Not Admitted,1349,198,3.3,0
2021-2022,2021,CTAS I - Resuscitation,1,Not Seen Or Left,Asthma,Not Admitted,9,180,3.0,0
2021-2022,2021,CTAS I - Resuscitation,1,Not Seen Or Left,Influenzal Pneumonia,Not Admitted,0,0,0.0,0
2021-2022,2021,CTAS I - Resuscitation,1,Not Seen Or Left,Motor Vehicle Collisions,Not Admitted,22,213,3.55,0
2021-2022,2021,CTAS I - Resuscitation,1,Not Seen Or Left,Pneumonia,Not Admitted,7,222,3.7,0
2021-2022,2021,CTAS I - Resuscitation,1,Not Seen Or Left,Trauma,Not Admitted,138,228,3.8,0
2021-2022,2021,CTAS I - Resuscitation,1,Not Seen Or Left,Unintentional Falls,Not Admitted,24,372,6.2,0
2021-2022,2021,CTAS I - Resuscitation,1,Total,Acute Myocardial Infarction,Not Admitted,2444,72,1.2,0
2021-2022,2021,CTAS I - Resuscitation,1,Total,Any,Not Admitted,141657,318,5.3,0
2021-2022,2021,CTAS I - Resuscitation,1,Total,Asthma,Not Admitted,1799,318,5.3,0
2021-2022,2021,CTAS I - Resuscitation,1,Total,Influenzal Pneumonia,Not Admitted,0,198,3.3,0
2021-2022,2021,CTAS I - Resuscitation,1,Total,Motor Vehicle Collisions,Not Admitted,4598,276,4.6,0
2021-2022,2021,CTAS I - Resuscitation,1,Total,Pneumonia,Not Admitted,2280,432,7.2,0
2021-2022,2021,CTAS I - Resuscitation,1,Total,Trauma,Not Admitted,15237,276,4.6,0
2021-2022,2021,CTAS I - Resuscitation,1,Total,Unintentional Falls,Not Admitted,3712,348,5.8,0
2021-2022,2021,CTAS I - Resuscitation,1,Transferred,Acute Myocardial Infarction,Not Admitted,554,78,1.3,0
2021-2022,2021,CTAS I - Resuscitation,1,Transferred,Any,Not Admitted,13856,228,3.8,0
2021-2022,2021,CTAS I - Resuscitation,1,Transferred,Asthma,Not Admitted,146,327,5.45,0
2021-2022,2021,CTAS I - Resuscitation,1,Transferred,Influenzal Pneumonia,Not Admitted,0,198,3.3,0
2021-2022,2021,CTAS I - Resuscitation,1,Transferred,Motor Vehicle Collisions,Not Admitted,581,120,2.0,0
2021-2022,2021,CTAS I - Resuscitation,1,Transferred,Pneumonia,Not Admitted,227,300,5.0,0
2021-2022,2021,CTAS I - Resuscitation,1,Transferred,Trauma,Not Admitted,1758,156,2.6,0
2021-2022,2021,CTAS I - Resuscitation,1,Transferred,Unintentional Falls,Not Admitted,400,192,3.2,0
2021-2022,2021,CTAS I - Resuscitation,1,Unknown,Acute Myocardial Infarction,Not Admitted,0,0,0.0,0
2021-2022,2021,CTAS I - Resuscitation,1,Unknown,Any,Not Admitted,0,0,0.0,0
2021-2022,2021,CTAS I - Resuscitation,1,Unknown,Asthma,Not Admitted,0,0,0.0,0
2021-2022,2021,CTAS I - Resuscitation,1,Unknown,Influenzal Pneumonia,Not Admitted,0,0,0.0,0
2021-2022,2021,CTAS I - Resuscitation,1,Unknown,Motor Vehicle Collisions,Not Admitted,0,0,0.0,0
2021-2022,2021,CTAS I - Resuscitation,1,Unknown,Pneumonia,Not Admitted,0,0,0.0,0
2021-2022,2021,CTAS I - Resuscitation,1,Unknown,Trauma,Not Admitted,0,0,0.0,0
2021-2022,2021,CTAS I - Resuscitation,1,Unknown,Unintentional Falls,Not Admitted,0,0,0.0,0
2021-2022,2021,CTAS II - Emergent,2,Admitted,Acute Myocardial Infarction,Admitted,13347,528,8.8,1
2021-2022,2021,CTAS II - Emergent,2,Admitted,Any,Admitted,599648,756,12.6,1
2021-2022,2021,CTAS II - Emergent,2,Admitted,Asthma,Admitted,2250,564,9.4,1
2021-2022,2021,CTAS II - Emergent,2,Admitted,Influenzal Pneumonia,Admitted,0,1506,25.1,1
2021-2022,2021,CTAS II - Emergent,2,Admitted,Motor Vehicle Collisions,Admitted,4363,462,7.7,1
2021-2022,2021,CTAS II - Emergent,2,Admitted,Pneumonia,Admitted,11251,768,12.8,1
2021-2022,2021,CTAS II - Emergent,2,Admitted,Trauma,Admitted,29489,588,9.8,1
2021-2022,2021,CTAS II - Emergent,2,Admitted,Unintentional Falls,Admitted,17236,660,11.0,1
2021-2022,2021,CTAS II - Emergent,2,Death,Acute Myocardial Infarction,Not Admitted,88,180,3.0,0
2021-2022,2021,CTAS II - Emergent,2,Death,Any,Not Admitted,2648,330,5.5,0
2021-2022,2021,CTAS II - Emergent,2,Death,Asthma,Not Admitted,0,0,0.0,0
2021-2022,2021,CTAS II - Emergent,2,Death,Influenzal Pneumonia,Not Admitted,0,0,0.0,0
2021-2022,2021,CTAS II - Emergent,2,Death,Motor Vehicle Collisions,Not Admitted,0,126,2.1,0
2021-2022,2021,CTAS II - Emergent,2,Death,Pneumonia,Not Admitted,36,357,5.95,0
2021-2022,2021,CTAS II - Emergent,2,Death,Trauma,Not Admitted,49,288,4.8,0
2021-2022,2021,CTAS II - Emergent,2,Death,Unintentional Falls,Not Admitted,30,324,5.4,0
2021-2022,2021,CTAS II - Emergent,2,Discharged Home,Acute Myocardial Infarction,Not Admitted,463,288,4.8,0
2021-2022,2021,CTAS II - Emergent,2,Discharged Home,Any,Not Admitted,1733078,252,4.2,0
2021-2022,2021,CTAS II - Emergent,2,Discharged Home,Asthma,Not Admitted,9616,240,4.0,0
2021-2022,2021,CTAS II - Emergent,2,Discharged Home,Influenzal Pneumonia,Not Admitted,7,204,3.4,0
2021-2022,2021,CTAS II - Emergent,2,Discharged Home,Motor Vehicle Collisions,Not Admitted,28661,210,3.5,0
2021-2022,2021,CTAS II - Emergent,2,Discharged Home,Pneumonia,Not Admitted,9007,264,4.4,0
2021-2022,2021,CTAS II - Emergent,2,Discharged Home,Trauma,Not Admitted,182660,186,3.1,0
2021-2022,2021,CTAS II - Emergent,2,Discharged Home,Unintentional Falls,Not Admitted,63926,210,3.5,0
2021-2022,2021,CTAS II - Emergent,2,Intra-Facility Transfer,Acute Myocardial Infarction,Not Admitted,146,66,1.1,0
2021-2022,2021,CTAS II - Emergent,2,Intra-Facility Transfer,Any,Not Admitted,12734,240,4.0,0
2021-2022,2021,CTAS II - Emergent,2,Intra-Facility Transfer,Asthma,Not Admitted,27,216,3.6,0
2021-2022,2021,CTAS II - Emergent,2,Intra-Facility Transfer,Influenzal Pneumonia,Not Admitted,0,0,0.0,0
2021-2022,2021,CTAS II - Emergent,2,Intra-Facility Transfer,Motor Vehicle Collisions,Not Admitted,85,288,4.8,0
2021-2022,2021,CTAS II - Emergent,2,Intra-Facility Transfer,Pneumonia,Not Admitted,13,336,5.6,0
2021-2022,2021,CTAS II - Emergent,2,Intra-Facility Transfer,Trauma,Not Admitted,1319,204,3.4,0
2021-2022,2021,CTAS II - Emergent,2,Intra-Facility Transfer,Unintentional Falls,Not Admitted,230,270,4.5,0
2021-2022,2021,CTAS II - Emergent,2,Not Seen Or Left,Acute Myocardial Infarction,Not Admitted,104,315,5.25,0
2021-2022,2021,CTAS II - Emergent,2,Not Seen Or Left,Any,Not Admitted,88514,180,3.0,0
2021-2022,2021,CTAS II - Emergent,2,Not Seen Or Left,Asthma,Not Admitted,122,222,3.7,0
2021-2022,2021,CTAS II - Emergent,2,Not Seen Or Left,Influenzal Pneumonia,Not Admitted,0,0,0.0,0
2021-2022,2021,CTAS II - Emergent,2,Not Seen Or Left,Motor Vehicle Collisions,Not Admitted,926,162,2.7,0
2021-2022,2021,CTAS II - Emergent,2,Not Seen Or Left,Pneumonia,Not Admitted,106,276,4.6,0
2021-2022,2021,CTAS II - Emergent,2,Not Seen Or Left,Trauma,Not Admitted,6290,156,2.6,0
2021-2022,2021,CTAS II - Emergent,2,Not Seen Or Left,Unintentional Falls,Not Admitted,1728,180,3.0,0
2021-2022,2021,CTAS II - Emergent,2,Total,Acute Myocardial Infarction,Not Admitted,18635,402,6.7,0
2021-2022,2021,CTAS II - Emergent,2,Total,Any,Not Admitted,2551278,306,5.1,0
2021-2022,2021,CTAS II - Emergent,2,Total,Asthma,Not Admitted,12332,264,4.4,0
2021-2022,2021,CTAS II - Emergent,2,Total,Influenzal Pneumonia,Not Admitted,7,300,5.0,0
2021-2022,2021,CTAS II - Emergent,2,Total,Motor Vehicle Collisions,Not Admitted,36474,228,3.8,0
2021-2022,2021,CTAS II - Emergent,2,Total,Pneumonia,Not Admitted,21563,432,7.2,0
2021-2022,2021,CTAS II - Emergent,2,Total,Trauma,Not Admitted,234454,210,3.5,0
2021-2022,2021,CTAS II - Emergent,2,Total,Unintentional Falls,Not Admitted,90297,252,4.2,0
2021-2022,2021,CTAS II - Emergent,2,Transferred,Acute Myocardial Infarction,Not Admitted,4487,138,2.3,0
2021-2022,2021,CTAS II - Emergent,2,Transferred,Any,Not Admitted,114656,336,5.6,0
2021-2022,2021,CTAS II - Emergent,2,Transferred,Asthma,Not Admitted,317,348,5.8,0
2021-2022,2021,CTAS II - Emergent,2,Transferred,Influenzal Pneumonia,Not Admitted,0,462,7.7,0
2021-2022,2021,CTAS II - Emergent,2,Transferred,Motor Vehicle Collisions,Not Admitted,2439,228,3.8,0
2021-2022,2021,CTAS II - Emergent,2,Transferred,Pneumonia,Not Admitted,1150,384,6.4,0
2021-2022,2021,CTAS II - Emergent,2,Transferred,Trauma,Not Admitted,14647,276,4.6,0
2021-2022,2021,CTAS II - Emergent,2,Transferred,Unintentional Falls,Not Admitted,7147,330,5.5,0
2021-2022,2021,CTAS II - Emergent,2,Unknown,Acute Myocardial Infarction,Not Admitted,0,0,0.0,0
2021-2022,2021,CTAS II - Emergent,2,Unknown,Any,Not Admitted,0,0,0.0,0
2021-2022,2021,CTAS II - Emergent,2,Unknown,Asthma,Not Admitted,0,0,0.0,0
2021-2022,2021,CTAS II - Emergent,2,Unknown,Influenzal Pneumonia,Not Admitted,0,0,0.0,0
2021-2022,2021,CTAS II - Emergent,2,Unknown,Motor Vehicle Collisions,Not Admitted,0,0,0.0,0
2021-2022,2021,CTAS II - Emergent,2,Unknown,Pneumonia,Not Admitted,0,0,0.0,0
2021-2022,2021,CTAS II - Emergent,2,Unknown,Trauma,Not Admitted,0,0,0.0,0
2021-2022,2021,CTAS II - Emergent,2,Unknown,Unintentional Falls,Not Admitted,0,0,0.0,0
2021-2022,2021,CTAS III - Urgent,3,Admitted,Acute Myocardial Infarction,Admitted,3592,666,11.1,1
2021-2022,2021,Less urgent,3,Admitted,Acute Myocardial Infarction,Admitted,311,582,9.7,1
2021-2022,2021,Non-urgent,3,Admitted,Acute Myocardial Infarction,Admitted,39,516,8.6,1
2021-2022,2021,Unknown,3,Admitted,Acute Myocardial Infarction,Admitted,68,240,4.0,1
2021-2022,2021,CTAS III - Urgent,3,Admitted,Any,Admitted,739250,852,14.2,1
2021-2022,2021,Less urgent,3,Admitted,Any,Admitted,126631,930,15.5,1
2021-2022,2021,Non-urgent,3,Admitted,Any,Admitted,25711,570,9.5,1
2021-2022,2021,Unknown,3,Admitted,Any,Admitted,4637,276,4.6,1
2021-2022,2021,CTAS III - Urgent,3,Admitted,Asthma,Admitted,882,660,11.0,1
2021-2022,2021,Less urgent,3,Admitted,Asthma,Admitted,27,354,5.9,1
2021-2022,2021,Non-urgent,3,Admitted,Asthma,Admitted,7,450,7.5,1
2021-2022,2021,Unknown,3,Admitted,Asthma,Admitted,15,246,4.1,1
2021-2022,2021,CTAS III - Urgent,3,Admitted,Influenzal Pneumonia,Admitted,9,768,12.8,1
2021-2022,2021,Less urgent,3,Admitted,Influenzal Pneumonia,Admitted,0,0,0.0,1
2021-2022,2021,Non-urgent,3,Admitted,Influenzal Pneumonia,Admitted,0,0,0.0,1
2021-2022,2021,Unknown,3,Admitted,Influenzal Pneumonia,Admitted,0,132,2.2,1
2021-2022,2021,CTAS III - Urgent,3,Admitted,Motor Vehicle Collisions,Admitted,2394,480,8.0,1
2021-2022,2021,Less urgent,3,Admitted,Motor Vehicle Collisions,Admitted,277,420,7.0,1
2021-2022,2021,Non-urgent,3,Admitted,Motor Vehicle Collisions,Admitted,47,342,5.7,1
2021-2022,2021,Unknown,3,Admitted,Motor Vehicle Collisions,Admitted,46,198,3.3,1
2021-2022,2021,CTAS III - Urgent,3,Admitted,Pneumonia,Admitted,9424,792,13.2,1
2021-2022,2021,Less urgent,3,Admitted,Pneumonia,Admitted,599,558,9.3,1
2021-2022,2021,Non-urgent,3,Admitted,Pneumonia,Admitted,60,420,7.0,1
2021-2022,2021,Unknown,3,Admitted,Pneumonia,Admitted,120,210,3.5,1
2021-2022,2021,CTAS III - Urgent,3,Admitted,Trauma,Admitted,48227,618,10.3,1
2021-2022,2021,Less urgent,3,Admitted,Trauma,Admitted,5615,462,7.7,1
2021-2022,2021,Non-urgent,3,Admitted,Trauma,Admitted,822,378,6.3,1
2021-2022,2021,Unknown,3,Admitted,Trauma,Admitted,321,270,4.5,1
2021-2022,2021,CTAS III - Urgent,3,Admitted,Unintentional Falls,Admitted,37604,642,10.7,1
2021-2022,2021,Less urgent,3,Admitted,Unintentional Falls,Admitted,3820,480,8.0,1
2021-2022,2021,Non-urgent,3,Admitted,Unintentional Falls,Admitted,503,396,6.6,1
2021-2022,2021,Unknown,3,Admitted,Unintentional Falls,Admitted,190,306,5.1,1
2021-2022,2021,CTAS III - Urgent,3,Death,Acute Myocardial Infarction,Not Admitted,30,276,4.6,0
2021-2022,2021,Less urgent,3,Death,Acute Myocardial Infarction,Not Admitted,0,168,2.8,0
2021-2022,2021,Non-urgent,3,Death,Acute Myocardial Infarction,Not Admitted,0,0,0.0,0
2021-2022,2021,Unknown,3,Death,Acute Myocardial Infarction,Not Admitted,9,42,0.7,0
2021-2022,2021,CTAS III - Urgent,3,Death,Any,Not Admitted,1426,564,9.4,0
2021-2022,2021,Less urgent,3,Death,Any,Not Admitted,320,795,13.25,0
2021-2022,2021,Non-urgent,3,Death,Any,Not Admitted,2894,66,1.1,0
2021-2022,2021,Unknown,3,Death,Any,Not Admitted,129,42,0.7,0
2021-2022,2021,CTAS III - Urgent,3,Death,Asthma,Not Admitted,0,0,0.0,0
2021-2022,2021,Less urgent,3,Death,Asthma,Not Admitted,0,0,0.0,0
2021-2022,2021,Non-urgent,3,Death,Asthma,Not Admitted,0,84,1.4,0
2021-2022,2021,Unknown,3,Death,Asthma,Not Admitted,0,0,0.0,0
2021-2022,2021,CTAS III - Urgent,3,Death,Influenzal Pneumonia,Not Admitted,0,0,0.0,0
2021-2022,2021,Less urgent,3,Death,Influenzal Pneumonia,Not Admitted,0,0,0.0,0
2021-2022,2021,Non-urgent,3,Death,Influenzal Pneumonia,Not Admitted,0,0,0.0,0
2021-2022,2021,Unknown,3,Death,Influenzal Pneumonia,Not Admitted,0,0,0.0,0
2021-2022,2021,CTAS III - Urgent,3,Death,Motor Vehicle Collisions,Not Admitted,0,0,0.0,0
2021-2022,2021,Less urgent,3,Death,Motor Vehicle Collisions,Not Admitted,0,117,1.95,0
2021-2022,2021,Non-urgent,3,Death,Motor Vehicle Collisions,Not Admitted,0,0,0.0,0
2021-2022,2021,Unknown,3,Death,Motor Vehicle Collisions,Not Admitted,0,180,3.0,0
2021-2022,2021,CTAS III - Urgent,3,Death,Pneumonia,Not Admitted,14,426,7.1,0
2021-2022,2021,Less urgent,3,Death,Pneumonia,Not Admitted,0,0,0.0,0
2021-2022,2021,Non-urgent,3,Death,Pneumonia,Not Admitted,0,0,0.0,0
2021-2022,2021,Unknown,3,Death,Pneumonia,Not Admitted,0,0,0.0,0
2021-2022,2021,CTAS III - Urgent,3,Death,Trauma,Not Admitted,39,402,6.7,0
2021-2022,2021,Less urgent,3,Death,Trauma,Not Admitted,6,147,2.45,0
2021-2022,2021,Non-urgent,3,Death,Trauma,Not Admitted,0,90,1.5,0
2021-2022,2021,Unknown,3,Death,Trauma,Not Admitted,20,69,1.15,0
2021-2022,2021,CTAS III - Urgent,3,Death,Unintentional Falls,Not Admitted,30,462,7.7,0
2021-2022,2021,Less urgent,3,Death,Unintentional Falls,Not Admitted,0,357,5.95,0
2021-2022,2021,Non-urgent,3,Death,Unintentional Falls,Not Admitted,0,0,0.0,0
2021-2022,2021,Unknown,3,Death,Unintentional Falls,Not Admitted,0,96,1.6,0
2021-2022,2021,CTAS III - Urgent,3,Discharged Home,Acute Myocardial Infarction,Not Admitted,213,411,6.85,0
2021-2022,2021,Less urgent,3,Discharged Home,Acute Myocardial Infarction,Not Admitted,28,333,5.55,0
2021-2022,2021,Non-urgent,3,Discharged Home,Acute Myocardial Infarction,Not Admitted,19,90,1.5,0
2021-2022,2021,Unknown,3,Discharged Home,Acute Myocardial Infarction,Not Admitted,7,342,5.7,0
2021-2022,2021,CTAS III - Urgent,3,Discharged Home,Any,Not Admitted,4861061,216,3.6,0
2021-2022,2021,Less urgent,3,Discharged Home,Any,Not Admitted,3290005,156,2.6,0
2021-2022,2021,Non-urgent,3,Discharged Home,Any,Not Admitted,1058246,108,1.8,0
2021-2022,2021,Unknown,3,Discharged Home,Any,Not Admitted,59159,78,1.3,0
2021-2022,2021,CTAS III - Urgent,3,Discharged Home,Asthma,Not Admitted,16927,192,3.2,0
2021-2022,2021,Less urgent,3,Discharged Home,Asthma,Not Admitted,6090,138,2.3,0
2021-2022,2021,Non-urgent,3,Discharged Home,Asthma,Not Admitted,1274,114,1.9,0
2021-2022,2021,Unknown,3,Discharged Home,Asthma,Not Admitted,203,96,1.6,0
2021-2022,2021,CTAS III - Urgent,3,Discharged Home,Influenzal Pneumonia,Not Admitted,28,252,4.2,0
2021-2022,2021,Less urgent,3,Discharged Home,Influenzal Pneumonia,Not Admitted,7,258,4.3,0
2021-2022,2021,Non-urgent,3,Discharged Home,Influenzal Pneumonia,Not Admitted,0,84,1.4,0
2021-2022,2021,Unknown,3,Discharged Home,Influenzal Pneumonia,Not Admitted,0,0,0.0,0
2021-2022,2021,CTAS III - Urgent,3,Discharged Home,Motor Vehicle Collisions,Not Admitted,64405,168,2.8,0
2021-2022,2021,Less urgent,3,Discharged Home,Motor Vehicle Collisions,Not Admitted,29591,138,2.3,0
2021-2022,2021,Non-urgent,3,Discharged Home,Motor Vehicle Collisions,Not Admitted,4443,120,2.0,0
2021-2022,2021,Unknown,3,Discharged Home,Motor Vehicle Collisions,Not Admitted,552,102,1.7,0
2021-2022,2021,CTAS III - Urgent,3,Discharged Home,Pneumonia,Not Admitted,20185,234,3.9,0
2021-2022,2021,Less urgent,3,Discharged Home,Pneumonia,Not Admitted,5707,174,2.9,0
2021-2022,2021,Non-urgent,3,Discharged Home,Pneumonia,Not Admitted,1195,150,2.5,0
2021-2022,2021,Unknown,3,Discharged Home,Pneumonia,Not Admitted,157,132,2.2,0
2021-2022,2021,CTAS III - Urgent,3,Discharged Home,Trauma,Not Admitted,731133,150,2.5,0
2021-2022,2021,Less urgent,3,Discharged Home,Trauma,Not Admitted,568538,126,2.1,0
2021-2022,2021,Non-urgent,3,Discharged Home,Trauma,Not Admitted,128699,108,1.8,0
2021-2022,2021,Unknown,3,Discharged Home,Trauma,Not Admitted,7366,84,1.4,0
2021-2022,2021,CTAS III - Urgent,3,Discharged Home,Unintentional Falls,Not Admitted,280679,174,2.9,0
2021-2022,2021,Less urgent,3,Discharged Home,Unintentional Falls,Not Admitted,169765,138,2.3,0
2021-2022,2021,Non-urgent,3,Discharged Home,Unintentional Falls,Not Admitted,26457,126,2.1,0
2021-2022,2021,Unknown,3,Discharged Home,Unintentional Falls,Not Admitted,2089,96,1.6,0
2021-2022,2021,CTAS III - Urgent,3,Intra-Facility Transfer,Acute Myocardial Infarction,Not Admitted,8,255,4.25,0
2021-2022,2021,Less urgent,3,Intra-Facility Transfer,Acute Myocardial Infarction,Not Admitted,0,66,1.1,0
2021-2022,2021,Non-urgent,3,Intra-Facility Transfer,Acute Myocardial Infarction,Not Admitted,0,0,0.0,0
2021-2022,2021,Unknown,3,Intra-Facility Transfer,Acute Myocardial Infarction,Not Admitted,0,12,0.2,0
2021-2022,2021,CTAS III - Urgent,3,Intra-Facility Transfer,Any,Not Admitted,17357,252,4.2,0
2021-2022,2021,Less urgent,3,Intra-Facility Transfer,Any,Not Admitted,6387,168,2.8,0
2021-2022,2021,Non-urgent,3,Intra-Facility Transfer,Any,Not Admitted,2013,66,1.1,0
2021-2022,2021,Unknown,3,Intra-Facility Transfer,Any,Not Admitted,363,18,0.3,0
2021-2022,2021,CTAS III - Urgent,3,Intra-Facility Transfer,Asthma,Not Admitted,0,120,2.0,0
2021-2022,2021,Less urgent,3,Intra-Facility Transfer,Asthma,Not Admitted,0,108,1.8,0
2021-2022,2021,Non-urgent,3,Intra-Facility Transfer,Asthma,Not Admitted,0,0,0.0,0
2021-2022,2021,Unknown,3,Intra-Facility Transfer,Asthma,Not Admitted,0,0,0.0,0
2021-2022,2021,CTAS III - Urgent,3,Intra-Facility Transfer,Influenzal Pneumonia,Not Admitted,0,0,0.0,0
2021-2022,2021,Less urgent,3,Intra-Facility Transfer,Influenzal Pneumonia,Not Admitted,0,0,0.0,0
2021-2022,2021,Non-urgent,3,Intra-Facility Transfer,Influenzal Pneumonia,Not Admitted,0,0,0.0,0
2021-2022,2021,Unknown,3,Intra-Facility Transfer,Influenzal Pneumonia,Not Admitted,0,0,0.0,0
2021-2022,2021,CTAS III - Urgent,3,Intra-Facility Transfer,Motor Vehicle Collisions,Not Admitted,96,264,4.4,0
2021-2022,2021,Less urgent,3,Intra-Facility Transfer,Motor Vehicle Collisions,Not Admitted,34,159,2.65,0
2021-2022,2021,Non-urgent,3,Intra-Facility Transfer,Motor Vehicle Collisions,Not Admitted,15,132,2.2,0
2021-2022,2021,Unknown,3,Intra-Facility Transfer,Motor Vehicle Collisions,Not Admitted,0,48,0.8,0
2021-2022,2021,CTAS III - Urgent,3,Intra-Facility Transfer,Pneumonia,Not Admitted,14,240,4.0,0
2021-2022,2021,Less urgent,3,Intra-Facility Transfer,Pneumonia,Not Admitted,0,210,3.5,0
2021-2022,2021,Non-urgent,3,Intra-Facility Transfer,Pneumonia,Not Admitted,0,0,0.0,0
2021-2022,2021,Unknown,3,Intra-Facility Transfer,Pneumonia,Not Admitted,0,0,0.0,0
2021-2022,2021,CTAS III - Urgent,3,Intra-Facility Transfer,Trauma,Not Admitted,2292,240,4.0,0
2021-2022,2021,Less urgent,3,Intra-Facility Transfer,Trauma,Not Admitted,754,186,3.1,0
2021-2022,2021,Non-urgent,3,Intra-Facility Transfer,Trauma,Not Admitted,253,132,2.2,0
2021-2022,2021,Unknown,3,Intra-Facility Transfer,Trauma,Not Admitted,32,66,1.1,0
2021-2022,2021,CTAS III - Urgent,3,Intra-Facility Transfer,Unintentional Falls,Not Admitted,597,288,4.8,0
2021-2022,2021,Less urgent,3,Intra-Facility Transfer,Unintentional Falls,Not Admitted,179,204,3.4,0
2021-2022,2021,Non-urgent,3,Intra-Facility Transfer,Unintentional Falls,Not Admitted,53,144,2.4,0
2021-2022,2021,Unknown,3,Intra-Facility Transfer,Unintentional Falls,Not Admitted,11,90,1.5,0
2021-2022,2021,CTAS III - Urgent,3,Not Seen Or Left,Acute Myocardial Infarction,Not Admitted,46,360,6.0,0
2021-2022,2021,Less urgent,3,Not Seen Or Left,Acute Myocardial Infarction,Not Admitted,6,276,4.6,0
2021-2022,2021,Non-urgent,3,Not Seen Or Left,Acute Myocardial Infarction,Not Admitted,0,174,2.9,0
2021-2022,2021,Unknown,3,Not Seen Or Left,Acute Myocardial Infarction,Not Admitted,0,144,2.4,0
2021-2022,2021,CTAS III - Urgent,3,Not Seen Or Left,Any,Not Admitted,364660,180,3.0,0
2021-2022,2021,Less urgent,3,Not Seen Or Left,Any,Not Admitted,313979,180,3.0,0
2021-2022,2021,Non-urgent,3,Not Seen Or Left,Any,Not Admitted,143441,114,1.9,0
2021-2022,2021,Unknown,3,Not Seen Or Left,Any,Not Admitted,51694,24,0.4,0
2021-2022,2021,CTAS III - Urgent,3,Not Seen Or Left,Asthma,Not Admitted,252,186,3.1,0
2021-2022,2021,Less urgent,3,Not Seen Or Left,Asthma,Not Admitted,83,144,2.4,0
2021-2022,2021,Non-urgent,3,Not Seen Or Left,Asthma,Not Admitted,13,180,3.0,0
2021-2022,2021,Unknown,3,Not Seen Or Left,Asthma,Not Admitted,11,48,0.8,0
2021-2022,2021,CTAS III - Urgent,3,Not Seen Or Left,Influenzal Pneumonia,Not Admitted,0,0,0.0,0
2021-2022,2021,Less urgent,3,Not Seen Or Left,Influenzal Pneumonia,Not Admitted,0,0,0.0,0
2021-2022,2021,Non-urgent,3,Not Seen Or Left,Influenzal Pneumonia,Not Admitted,0,0,0.0,0
2021-2022,2021,Unknown,3,Not Seen Or Left,Influenzal Pneumonia,Not Admitted,0,0,0.0,0
2021-2022,2021,CTAS III - Urgent,3,Not Seen Or Left,Motor Vehicle Collisions,Not Admitted,2687,168,2.8,0
2021-2022,2021,Less urgent,3,Not Seen Or Left,Motor Vehicle Collisions,Not Admitted,1302,162,2.7,0
2021-2022,2021,Non-urgent,3,Not Seen Or Left,Motor Vehicle Collisions,Not Admitted,221,138,2.3,0
2021-2022,2021,Unknown,3,Not Seen Or Left,Motor Vehicle Collisions,Not Admitted,75,42,0.7,0
2021-2022,2021,CTAS III - Urgent,3,Not Seen Or Left,Pneumonia,Not Admitted,178,294,4.9,0
2021-2022,2021,Less urgent,3,Not Seen Or Left,Pneumonia,Not Admitted,49,162,2.7,0
2021-2022,2021,Non-urgent,3,Not Seen Or Left,Pneumonia,Not Admitted,9,252,4.2,0
2021-2022,2021,Unknown,3,Not Seen Or Left,Pneumonia,Not Admitted,9,132,2.2,0
2021-2022,2021,CTAS III - Urgent,3,Not Seen Or Left,Trauma,Not Admitted,31508,156,2.6,0
2021-2022,2021,Less urgent,3,Not Seen Or Left,Trauma,Not Admitted,25663,144,2.4,0
2021-2022,2021,Non-urgent,3,Not Seen Or Left,Trauma,Not Admitted,7735,108,1.8,0
2021-2022,2021,Unknown,3,Not Seen Or Left,Trauma,Not Admitted,2487,30,0.5,0
2021-2022,2021,CTAS III - Urgent,3,Not Seen Or Left,Unintentional Falls,Not Admitted,9181,162,2.7,0
2021-2022,2021,Less urgent,3,Not Seen Or Left,Unintentional Falls,Not Admitted,6302,144,2.4,0
2021-2022,2021,Non-urgent,3,Not Seen Or Left,Unintentional Falls,Not Admitted,1111,129,2.15,0
2021-2022,2021,Unknown,3,Not Seen Or Left,Unintentional Falls,Not Admitted,276,48,0.8,0
2021-2022,2021,CTAS III - Urgent,3,Total,Acute Myocardial Infarction,Not Admitted,4747,552,9.2,0
2021-2022,2021,Less urgent,3,Total,Acute Myocardial Infarction,Not Admitted,457,477,7.95,0
2021-2022,2021,Non-urgent,3,Total,Acute Myocardial Infarction,Not Admitted,77,342,5.7,0
2021-2022,2021,Unknown,3,Total,Acute Myocardial Infarction,Not Admitted,127,156,2.6,0
2021-2022,2021,CTAS III - Urgent,3,Total,Any,Not Admitted,6158296,246,4.1,0
2021-2022,2021,Less urgent,3,Total,Any,Not Admitted,3783797,162,2.7,0
2021-2022,2021,Non-urgent,3,Total,Any,Not Admitted,1244721,114,1.9,0
2021-2022,2021,Unknown,3,Total,Any,Not Admitted,118157,84,1.4,0
2021-2022,2021,CTAS III - Urgent,3,Total,Asthma,Not Admitted,18229,198,3.3,0
2021-2022,2021,Less urgent,3,Total,Asthma,Not Admitted,6244,138,2.3,0
2021-2022,2021,Non-urgent,3,Total,Asthma,Not Admitted,1300,114,1.9,0
2021-2022,2021,Unknown,3,Total,Asthma,Not Admitted,229,96,1.6,0
2021-2022,2021,CTAS III - Urgent,3,Total,Influenzal Pneumonia,Not Admitted,37,354,5.9,0
2021-2022,2021,Less urgent,3,Total,Influenzal Pneumonia,Not Admitted,7,258,4.3,0
2021-2022,2021,Non-urgent,3,Total,Influenzal Pneumonia,Not Admitted,0,84,1.4,0
2021-2022,2021,Unknown,3,Total,Influenzal Pneumonia,Not Admitted,0,132,2.2,0
2021-2022,2021,CTAS III - Urgent,3,Total,Motor Vehicle Collisions,Not Admitted,71093,174,2.9,0
2021-2022,2021,Less urgent,3,Total,Motor Vehicle Collisions,Not Admitted,31474,138,2.3,0
2021-2022,2021,Non-urgent,3,Total,Motor Vehicle Collisions,Not Admitted,4757,120,2.0,0
2021-2022,2021,Unknown,3,Total,Motor Vehicle Collisions,Not Admitted,742,114,1.9,0
2021-2022,2021,CTAS III - Urgent,3,Total,Pneumonia,Not Admitted,31250,318,5.3,0
2021-2022,2021,Less urgent,3,Total,Pneumonia,Not Admitted,6542,186,3.1,0
2021-2022,2021,Non-urgent,3,Total,Pneumonia,Not Admitted,1298,156,2.6,0
2021-2022,2021,Unknown,3,Total,Pneumonia,Not Admitted,309,162,2.7,0
2021-2022,2021,CTAS III - Urgent,3,Total,Trauma,Not Admitted,845132,162,2.7,0
2021-2022,2021,Less urgent,3,Total,Trauma,Not Admitted,608152,126,2.1,0
2021-2022,2021,Non-urgent,3,Total,Trauma,Not Admitted,138807,108,1.8,0
2021-2022,2021,Unknown,3,Total,Trauma,Not Admitted,10583,84,1.4,0
2021-2022,2021,CTAS III - Urgent,3,Total,Unintentional Falls,Not Admitted,350125,198,3.3,0
2021-2022,2021,Less urgent,3,Total,Unintentional Falls,Not Admitted,184302,138,2.3,0
2021-2022,2021,Non-urgent,3,Total,Unintentional Falls,Not Admitted,28690,126,2.1,0
2021-2022,2021,Unknown,3,Total,Unintentional Falls,Not Admitted,2724,102,1.7,0
2021-2022,2021,CTAS III - Urgent,3,Transferred,Acute Myocardial Infarction,Not Admitted,858,270,4.5,0
2021-2022,2021,Less urgent,3,Transferred,Acute Myocardial Infarction,Not Admitted,112,339,5.65,0
2021-2022,2021,Non-urgent,3,Transferred,Acute Myocardial Infarction,Not Admitted,19,276,4.6,0
2021-2022,2021,Unknown,3,Transferred,Acute Myocardial Infarction,Not Admitted,43,111,1.85,0
2021-2022,2021,CTAS III - Urgent,3,Transferred,Any,Not Admitted,174542,378,6.3,0
2021-2022,2021,Less urgent,3,Transferred,Any,Not Admitted,46475,306,5.1,0
2021-2022,2021,Non-urgent,3,Transferred,Any,Not Admitted,12416,222,3.7,0
2021-2022,2021,Unknown,3,Transferred,Any,Not Admitted,2175,168,2.8,0
2021-2022,2021,CTAS III - Urgent,3,Transferred,Asthma,Not Admitted,168,300,5.0,0
2021-2022,2021,Less urgent,3,Transferred,Asthma,Not Admitted,44,231,3.85,0
2021-2022,2021,Non-urgent,3,Transferred,Asthma,Not Admitted,6,183,3.05,0
2021-2022,2021,Unknown,3,Transferred,Asthma,Not Admitted,0,0,0.0,0
2021-2022,2021,CTAS III - Urgent,3,Transferred,Influenzal Pneumonia,Not Admitted,0,450,7.5,0
2021-2022,2021,Less urgent,3,Transferred,Influenzal Pneumonia,Not Admitted,0,0,0.0,0
2021-2022,2021,Non-urgent,3,Transferred,Influenzal Pneumonia,Not Admitted,0,0,0.0,0
2021-2022,2021,Unknown,3,Transferred,Influenzal Pneumonia,Not Admitted,0,0,0.0,0
2021-2022,2021,CTAS III - Urgent,3,Transferred,Motor Vehicle Collisions,Not Admitted,1511,228,3.8,0
2021-2022,2021,Less urgent,3,Transferred,Motor Vehicle Collisions,Not Admitted,270,204,3.4,0
2021-2022,2021,Non-urgent,3,Transferred,Motor Vehicle Collisions,Not Admitted,31,186,3.1,0
2021-2022,2021,Unknown,3,Transferred,Motor Vehicle Collisions,Not Admitted,69,216,3.6,0
2021-2022,2021,CTAS III - Urgent,3,Transferred,Pneumonia,Not Admitted,1435,408,6.8,0
2021-2022,2021,Less urgent,3,Transferred,Pneumonia,Not Admitted,187,318,5.3,0
2021-2022,2021,Non-urgent,3,Transferred,Pneumonia,Not Admitted,34,255,4.25,0
2021-2022,2021,Unknown,3,Transferred,Pneumonia,Not Admitted,23,216,3.6,0
2021-2022,2021,CTAS III - Urgent,3,Transferred,Trauma,Not Admitted,31933,318,5.3,0
2021-2022,2021,Less urgent,3,Transferred,Trauma,Not Admitted,7576,216,3.6,0
2021-2022,2021,Non-urgent,3,Transferred,Trauma,Not Admitted,1298,168,2.8,0
2021-2022,2021,Unknown,3,Transferred,Trauma,Not Admitted,357,174,2.9,0
2021-2022,2021,CTAS III - Urgent,3,Transferred,Unintentional Falls,Not Admitted,22034,354,5.9,0
2021-2022,2021,Less urgent,3,Transferred,Unintentional Falls,Not Admitted,4236,246,4.1,0
2021-2022,2021,Non-urgent,3,Transferred,Unintentional Falls,Not Admitted,566,210,3.5,0
2021-2022,2021,Unknown,3,Transferred,Unintentional Falls,Not Admitted,158,198,3.3,0
2021-2022,2021,CTAS III - Urgent,3,Unknown,Acute Myocardial Infarction,Not Admitted,0,0,0.0,0
2021-2022,2021,Less urgent,3,Unknown,Acute Myocardial Infarction,Not Admitted,0,0,0.0,0
2021-2022,2021,Non-urgent,3,Unknown,Acute Myocardial Infarction,Not Admitted,0,0,0.0,0
2021-2022,2021,Unknown,3,Unknown,Acute Myocardial Infarction,Not Admitted,0,0,0.0,0
2021-2022,2021,CTAS III - Urgent,3,Unknown,Any,Not Admitted,0,0,0.0,0
2021-2022,2021,Less urgent,3,Unknown,Any,Not Admitted,0,0,0.0,0
2021-2022,2021,Non-urgent,3,Unknown,Any,Not Admitted,0,0,0.0,0
2021-2022,2021,Unknown,3,Unknown,Any,Not Admitted,0,0,0.0,0
2021-2022,2021,CTAS III - Urgent,3,Unknown,Asthma,Not Admitted,0,0,0.0,0
2021-2022,2021,Less urgent,3,Unknown,Asthma,Not Admitted,0,0,0.0,0
2021-2022,2021,Non-urgent,3,Unknown,Asthma,Not Admitted,0,0,0.0,0
2021-2022,2021,Unknown,3,Unknown,Asthma,Not Admitted,0,0,0.0,0
2021-2022,2021,CTAS III - Urgent,3,Unknown,Influenzal Pneumonia,Not Admitted,0,0,0.0,0
2021-2022,2021,Less urgent,3,Unknown,Influenzal Pneumonia,Not Admitted,0,0,0.0,0
2021-2022,2021,Non-urgent,3,Unknown,Influenzal Pneumonia,Not Admitted,0,0,0.0,0
2021-2022,2021,Unknown,3,Unknown,Influenzal Pneumonia,Not Admitted,0,0,0.0,0
2021-2022,2021,CTAS III - Urgent,3,Unknown,Motor Vehicle Collisions,Not Admitted,0,0,0.0,0
2021-2022,2021,Less urgent,3,Unknown,Motor Vehicle Collisions,Not Admitted,0,0,0.0,0
2021-2022,2021,Non-urgent,3,Unknown,Motor Vehicle Collisions,Not Admitted,0,0,0.0,0
2021-2022,2021,Unknown,3,Unknown,Motor Vehicle Collisions,Not Admitted,0,0,0.0,0
2021-2022,2021,CTAS III - Urgent,3,Unknown,Pneumonia,Not Admitted,0,0,0.0,0
2021-2022,2021,Less urgent,3,Unknown,Pneumonia,Not Admitted,0,0,0.0,0
2021-2022,2021,Non-urgent,3,Unknown,Pneumonia,Not Admitted,0,0,0.0,0
2021-2022,2021,Unknown,3,Unknown,Pneumonia,Not Admitted,0,0,0.0,0
2021-2022,2021,CTAS III - Urgent,3,Unknown,Trauma,Not Admitted,0,0,0.0,0
2021-2022,2021,Less urgent,3,Unknown,Trauma,Not Admitted,0,0,0.0,0
2021-2022,2021,Non-urgent,3,Unknown,Trauma,Not Admitted,0,0,0.0,0
2021-2022,2021,Unknown,3,Unknown,Trauma,Not Admitted,0,0,0.0,0
2021-2022,2021,CTAS III - Urgent,3,Unknown,Unintentional Falls,Not Admitted,0,0,0.0,0
2021-2022,2021,Less urgent,3,Unknown,Unintentional Falls,Not Admitted,0,0,0.0,0
2021-2022,2021,Non-urgent,3,Unknown,Unintentional Falls,Not Admitted,0,0,0.0,0
2021-2022,2021,Unknown,3,Unknown,Unintentional Falls,Not Admitted,0,0,0.0,0
2020-2021,2020,CTAS I - Resuscitation,1,Admitted,Acute Myocardial Infarction,Admitted,1399,84,1.4,1
2020-2021,2020,CTAS I - Resuscitation,1,Admitted,Any,Admitted,67372,366,6.1,1
2020-2021,2020,CTAS I - Resuscitation,1,Admitted,Asthma,Admitted,328,411,6.85,1
2020-2021,2020,CTAS I - Resuscitation,1,Admitted,Influenzal Pneumonia,Admitted,0,360,6.0,1
2020-2021,2020,CTAS I - Resuscitation,1,Admitted,Motor Vehicle Collisions,Admitted,2611,300,5.0,1
2020-2021,2020,CTAS I - Resuscitation,1,Admitted,Pneumonia,Admitted,1483,456,7.6,1
2020-2021,2020,CTAS I - Resuscitation,1,Admitted,Trauma,Admitted,7500,306,5.1,1
2020-2021,2020,CTAS I - Resuscitation,1,Admitted,Unintentional Falls,Admitted,2133,366,6.1,1
2020-2021,2020,CTAS I - Resuscitation,1,Death,Acute Myocardial Infarction,Not Admitted,346,24,0.4,0
2020-2021,2020,CTAS I - Resuscitation,1,Death,Any,Not Admitted,10521,36,0.6,0
2020-2021,2020,CTAS I - Resuscitation,1,Death,Asthma,Not Admitted,0,12,0.2,0
2020-2021,2020,CTAS I - Resuscitation,1,Death,Influenzal Pneumonia,Not Admitted,0,0,0.0,0
2020-2021,2020,CTAS I - Resuscitation,1,Death,Motor Vehicle Collisions,Not Admitted,201,36,0.6,0
2020-2021,2020,CTAS I - Resuscitation,1,Death,Pneumonia,Not Admitted,27,180,3.0,0
2020-2021,2020,CTAS I - Resuscitation,1,Death,Trauma,Not Admitted,674,42,0.7,0
2020-2021,2020,CTAS I - Resuscitation,1,Death,Unintentional Falls,Not Admitted,104,165,2.75,0
2020-2021,2020,CTAS I - Resuscitation,1,Discharged Home,Acute Myocardial Infarction,Not Admitted,18,105,1.75,0
2020-2021,2020,CTAS I - Resuscitation,1,Discharged Home,Any,Not Admitted,27138,306,5.1,0
2020-2021,2020,CTAS I - Resuscitation,1,Discharged Home,Asthma,Not Admitted,317,234,3.9,0
2020-2021,2020,CTAS I - Resuscitation,1,Discharged Home,Influenzal Pneumonia,Not Admitted,0,0,0.0,0
2020-2021,2020,CTAS I - Resuscitation,1,Discharged Home,Motor Vehicle Collisions,Not Admitted,599,282,4.7,0
2020-2021,2020,CTAS I - Resuscitation,1,Discharged Home,Pneumonia,Not Admitted,107,216,3.6,0
2020-2021,2020,CTAS I - Resuscitation,1,Discharged Home,Trauma,Not Admitted,3272,252,4.2,0
2020-2021,2020,CTAS I - Resuscitation,1,Discharged Home,Unintentional Falls,Not Admitted,625,264,4.4,0
2020-2021,2020,CTAS I - Resuscitation,1,Intra-Facility Transfer,Acute Myocardial Infarction,Not Admitted,16,69,1.15,0
2020-2021,2020,CTAS I - Resuscitation,1,Intra-Facility Transfer,Any,Not Admitted,299,162,2.7,0
2020-2021,2020,CTAS I - Resuscitation,1,Intra-Facility Transfer,Asthma,Not Admitted,0,114,1.9,0
2020-2021,2020,CTAS I - Resuscitation,1,Intra-Facility Transfer,Influenzal Pneumonia,Not Admitted,0,0,0.0,0
2020-2021,2020,CTAS I - Resuscitation,1,Intra-Facility Transfer,Motor Vehicle Collisions,Not Admitted,12,93,1.55,0
2020-2021,2020,CTAS I - Resuscitation,1,Intra-Facility Transfer,Pneumonia,Not Admitted,0,0,0.0,0
2020-2021,2020,CTAS I - Resuscitation,1,Intra-Facility Transfer,Trauma,Not Admitted,76,120,2.0,0
2020-2021,2020,CTAS I - Resuscitation,1,Intra-Facility Transfer,Unintentional Falls,Not Admitted,17,156,2.6,0
2020-2021,2020,CTAS I - Resuscitation,1,Not Seen Or Left,Acute Myocardial Infarction,Not Admitted,0,465,7.75,0
2020-2021,2020,CTAS I - Resuscitation,1,Not Seen Or Left,Any,Not Admitted,931,174,2.9,0
2020-2021,2020,CTAS I - Resuscitation,1,Not Seen Or Left,Asthma,Not Admitted,15,216,3.6,0
2020-2021,2020,CTAS I - Resuscitation,1,Not Seen Or Left,Influenzal Pneumonia,Not Admitted,0,0,0.0,0
2020-2021,2020,CTAS I - Resuscitation,1,Not Seen Or Left,Motor Vehicle Collisions,Not Admitted,25,186,3.1,0
2020-2021,2020,CTAS I - Resuscitation,1,Not Seen Or Left,Pneumonia,Not Admitted,0,909,15.15,0
2020-2021,2020,CTAS I - Resuscitation,1,Not Seen Or Left,Trauma,Not Admitted,132,183,3.05,0
2020-2021,2020,CTAS I - Resuscitation,1,Not Seen Or Left,Unintentional Falls,Not Admitted,16,222,3.7,0
2020-2021,2020,CTAS I - Resuscitation,1,Total,Acute Myocardial Infarction,Not Admitted,2283,78,1.3,0
2020-2021,2020,CTAS I - Resuscitation,1,Total,Any,Not Admitted,117192,300,5.0,0
2020-2021,2020,CTAS I - Resuscitation,1,Total,Asthma,Not Admitted,702,288,4.8,0
2020-2021,2020,CTAS I - Resuscitation,1,Total,Influenzal Pneumonia,Not Admitted,0,360,6.0,0
2020-2021,2020,CTAS I - Resuscitation,1,Total,Motor Vehicle Collisions,Not Admitted,3912,258,4.3,0
2020-2021,2020,CTAS I - Resuscitation,1,Total,Pneumonia,Not Admitted,1713,414,6.9,0
2020-2021,2020,CTAS I - Resuscitation,1,Total,Trauma,Not Admitted,13162,252,4.2,0
2020-2021,2020,CTAS I - Resuscitation,1,Total,Unintentional Falls,Not Admitted,3261,300,5.0,0
2020-2021,2020,CTAS I - Resuscitation,1,Transferred,Acute Myocardial Infarction,Not Admitted,504,84,1.4,0
2020-2021,2020,CTAS I - Resuscitation,1,Transferred,Any,Not Admitted,10931,210,3.5,0
2020-2021,2020,CTAS I - Resuscitation,1,Transferred,Asthma,Not Admitted,42,261,4.35,0
2020-2021,2020,CTAS I - Resuscitation,1,Transferred,Influenzal Pneumonia,Not Admitted,0,0,0.0,0
2020-2021,2020,CTAS I - Resuscitation,1,Transferred,Motor Vehicle Collisions,Not Admitted,464,108,1.8,0
2020-2021,2020,CTAS I - Resuscitation,1,Transferred,Pneumonia,Not Admitted,96,291,4.85,0
2020-2021,2020,CTAS I - Resuscitation,1,Transferred,Trauma,Not Admitted,1508,150,2.5,0
2020-2021,2020,CTAS I - Resuscitation,1,Transferred,Unintentional Falls,Not Admitted,366,192,3.2,0
2020-2021,2020,CTAS I - Resuscitation,1,Unknown,Acute Myocardial Infarction,Not Admitted,0,0,0.0,0
2020-2021,2020,CTAS I - Resuscitation,1,Unknown,Any,Not Admitted,0,0,0.0,0
2020-2021,2020,CTAS I - Resuscitation,1,Unknown,Asthma,Not Admitted,0,0,0.0,0
2020-2021,2020,CTAS I - Resuscitation,1,Unknown,Influenzal Pneumonia,Not Admitted,0,0,0.0,0
2020-2021,2020,CTAS I - Resuscitation,1,Unknown,Motor Vehicle Collisions,Not Admitted,0,0,0.0,0
2020-2021,2020,CTAS I - Resuscitation,1,Unknown,Pneumonia,Not Admitted,0,0,0.0,0
2020-2021,2020,CTAS I - Resuscitation,1,Unknown,Trauma,Not Admitted,0,0,0.0,0
2020-2021,2020,CTAS I - Resuscitation,1,Unknown,Unintentional Falls,Not Admitted,0,0,0.0,0
2020-2021,2020,CTAS II - Emergent,2,Admitted,Acute Myocardial Infarction,Admitted,12615,462,7.7,1
2020-2021,2020,CTAS II - Emergent,2,Admitted,Any,Admitted,533504,624,10.4,1
2020-2021,2020,CTAS II - Emergent,2,Admitted,Asthma,Admitted,1049,558,9.3,1
2020-2021,2020,CTAS II - Emergent,2,Admitted,Influenzal Pneumonia,Admitted,16,441,7.35,1
2020-2021,2020,CTAS II - Emergent,2,Admitted,Motor Vehicle Collisions,Admitted,4420,420,7.0,1
2020-2021,2020,CTAS II - Emergent,2,Admitted,Pneumonia,Admitted,10150,636,10.6,1
2020-2021,2020,CTAS II - Emergent,2,Admitted,Trauma,Admitted,26928,504,8.4,1
2020-2021,2020,CTAS II - Emergent,2,Admitted,Unintentional Falls,Admitted,15512,558,9.3,1
2020-2021,2020,CTAS II - Emergent,2,Death,Acute Myocardial Infarction,Not Admitted,73,198,3.3,0
2020-2021,2020,CTAS II - Emergent,2,Death,Any,Not Admitted,2402,312,5.2,0
2020-2021,2020,CTAS II - Emergent,2,Death,Asthma,Not Admitted,0,0,0.0,0
2020-2021,2020,CTAS II - Emergent,2,Death,Influenzal Pneumonia,Not Admitted,0,0,0.0,0
2020-2021,2020,CTAS II - Emergent,2,Death,Motor Vehicle Collisions,Not Admitted,0,120,2.0,0
2020-2021,2020,CTAS II - Emergent,2,Death,Pneumonia,Not Admitted,46,321,5.35,0
2020-2021,2020,CTAS II - Emergent,2,Death,Trauma,Not Admitted,40,264,4.4,0
2020-2021,2020,CTAS II - Emergent,2,Death,Unintentional Falls,Not Admitted,26,297,4.95,0
2020-2021,2020,CTAS II - Emergent,2,Discharged Home,Acute Myocardial Infarction,Not Admitted,415,282,4.7,0
2020-2021,2020,CTAS II - Emergent,2,Discharged Home,Any,Not Admitted,1379200,240,4.0,0
2020-2021,2020,CTAS II - Emergent,2,Discharged Home,Asthma,Not Admitted,4988,204,3.4,0
2020-2021,2020,CTAS II - Emergent,2,Discharged Home,Influenzal Pneumonia,Not Admitted,19,258,4.3,0
2020-2021,2020,CTAS II - Emergent,2,Discharged Home,Motor Vehicle Collisions,Not Admitted,24237,192,3.2,0
2020-2021,2020,CTAS II - Emergent,2,Discharged Home,Pneumonia,Not Admitted,5789,264,4.4,0
2020-2021,2020,CTAS II - Emergent,2,Discharged Home,Trauma,Not Admitted,145072,174,2.9,0
2020-2021,2020,CTAS II - Emergent,2,Discharged Home,Unintentional Falls,Not Admitted,50555,192,3.2,0
2020-2021,2020,CTAS II - Emergent,2,Intra-Facility Transfer,Acute Myocardial Infarction,Not Admitted,61,90,1.5,0
2020-2021,2020,CTAS II - Emergent,2,Intra-Facility Transfer,Any,Not Admitted,11057,222,3.7,0
2020-2021,2020,CTAS II - Emergent,2,Intra-Facility Transfer,Asthma,Not Admitted,0,168,2.8,0
2020-2021,2020,CTAS II - Emergent,2,Intra-Facility Transfer,Influenzal Pneumonia,Not Admitted,0,0,0.0,0
2020-2021,2020,CTAS II - Emergent,2,Intra-Facility Transfer,Motor Vehicle Collisions,Not Admitted,80,228,3.8,0
2020-2021,2020,CTAS II - Emergent,2,Intra-Facility Transfer,Pneumonia,Not Admitted,5,114,1.9,0
2020-2021,2020,CTAS II - Emergent,2,Intra-Facility Transfer,Trauma,Not Admitted,1157,192,3.2,0
2020-2021,2020,CTAS II - Emergent,2,Intra-Facility Transfer,Unintentional Falls,Not Admitted,189,228,3.8,0
2020-2021,2020,CTAS II - Emergent,2,Not Seen Or Left,Acute Myocardial Infarction,Not Admitted,87,306,5.1,0
2020-2021,2020,CTAS II - Emergent,2,Not Seen Or Left,Any,Not Admitted,46589,150,2.5,0
2020-2021,2020,CTAS II - Emergent,2,Not Seen Or Left,Asthma,Not Admitted,66,189,3.15,0
2020-2021,2020,CTAS II - Emergent,2,Not Seen Or Left,Influenzal Pneumonia,Not Admitted,0,0,0.0,0
2020-2021,2020,CTAS II - Emergent,2,Not Seen Or Left,Motor Vehicle Collisions,Not Admitted,581,162,2.7,0
2020-2021,2020,CTAS II - Emergent,2,Not Seen Or Left,Pneumonia,Not Admitted,74,300,5.0,0
2020-2021,2020,CTAS II - Emergent,2,Not Seen Or Left,Trauma,Not Admitted,3597,144,2.4,0
2020-2021,2020,CTAS II - Emergent,2,Not Seen Or Left,Unintentional Falls,Not Admitted,919,162,2.7,0
2020-2021,2020,CTAS II - Emergent,2,Total,Acute Myocardial Infarction,Not Admitted,17493,366,6.1,0
2020-2021,2020,CTAS II - Emergent,2,Total,Any,Not Admitted,2067840,288,4.8,0
2020-2021,2020,CTAS II - Emergent,2,Total,Asthma,Not Admitted,6211,234,3.9,0
2020-2021,2020,CTAS II - Emergent,2,Total,Influenzal Pneumonia,Not Admitted,35,315,5.25,0
2020-2021,2020,CTAS II - Emergent,2,Total,Motor Vehicle Collisions,Not Admitted,31623,210,3.5,0
2020-2021,2020,CTAS II - Emergent,2,Total,Pneumonia,Not Admitted,16860,438,7.3,0
2020-2021,2020,CTAS II - Emergent,2,Total,Trauma,Not Admitted,189126,198,3.3,0
2020-2021,2020,CTAS II - Emergent,2,Total,Unintentional Falls,Not Admitted,73090,240,4.0,0
2020-2021,2020,CTAS II - Emergent,2,Transferred,Acute Myocardial Infarction,Not Admitted,4242,132,2.2,0
2020-2021,2020,CTAS II - Emergent,2,Transferred,Any,Not Admitted,95088,312,5.2,0
2020-2021,2020,CTAS II - Emergent,2,Transferred,Asthma,Not Admitted,108,288,4.8,0
2020-2021,2020,CTAS II - Emergent,2,Transferred,Influenzal Pneumonia,Not Admitted,0,1326,22.1,0
2020-2021,2020,CTAS II - Emergent,2,Transferred,Motor Vehicle Collisions,Not Admitted,2305,210,3.5,0
2020-2021,2020,CTAS II - Emergent,2,Transferred,Pneumonia,Not Admitted,796,360,6.0,0
2020-2021,2020,CTAS II - Emergent,2,Transferred,Trauma,Not Admitted,12332,252,4.2,0
2020-2021,2020,CTAS II - Emergent,2,Transferred,Unintentional Falls,Not Admitted,5889,306,5.1,0
2020-2021,2020,CTAS II - Emergent,2,Unknown,Acute Myocardial Infarction,Not Admitted,0,0,0.0,0
2020-2021,2020,CTAS II - Emergent,2,Unknown,Any,Not Admitted,0,0,0.0,0
2020-2021,2020,CTAS II - Emergent,2,Unknown,Asthma,Not Admitted,0,0,0.0,0
2020-2021,2020,CTAS II - Emergent,2,Unknown,Influenzal Pneumonia,Not Admitted,0,0,0.0,0
2020-2021,2020,CTAS II - Emergent,2,Unknown,Motor Vehicle Collisions,Not Admitted,0,0,0.0,0
2020-2021,2020,CTAS II - Emergent,2,Unknown,Pneumonia,Not Admitted,0,0,0.0,0
2020-2021,2020,CTAS II - Emergent,2,Unknown,Trauma,Not Admitted,0,0,0.0,0
2020-2021,2020,CTAS II - Emergent,2,Unknown,Unintentional Falls,Not Admitted,0,0,0.0,0
2020-2021,2020,CTAS III - Urgent,3,Admitted,Acute Myocardial Infarction,Admitted,3519,564,9.4,1
2020-2021,2020,Less urgent,3,Admitted,Acute Myocardial Infarction,Admitted,335,456,7.6,1
2020-2021,2020,Non-urgent,3,Admitted,Acute Myocardial Infarction,Admitted,38,483,8.05,1
2020-2021,2020,Unknown,3,Admitted,Acute Myocardial Infarction,Admitted,44,264,4.4,1
2020-2021,2020,CTAS III - Urgent,3,Admitted,Any,Admitted,690741,678,11.3,1
2020-2021,2020,Less urgent,3,Admitted,Any,Admitted,125895,726,12.1,1
2020-2021,2020,Non-urgent,3,Admitted,Any,Admitted,24485,498,8.3,1
2020-2021,2020,Unknown,3,Admitted,Any,Admitted,3538,240,4.0,1
2020-2021,2020,CTAS III - Urgent,3,Admitted,Asthma,Admitted,499,642,10.7,1
2020-2021,2020,Less urgent,3,Admitted,Asthma,Admitted,19,456,7.6,1
2020-2021,2020,Non-urgent,3,Admitted,Asthma,Admitted,0,330,5.5,1
2020-2021,2020,Unknown,3,Admitted,Asthma,Admitted,0,162,2.7,1
2020-2021,2020,CTAS III - Urgent,3,Admitted,Influenzal Pneumonia,Admitted,12,576,9.6,1
2020-2021,2020,Less urgent,3,Admitted,Influenzal Pneumonia,Admitted,6,486,8.1,1
2020-2021,2020,Non-urgent,3,Admitted,Influenzal Pneumonia,Admitted,0,0,0.0,1
2020-2021,2020,Unknown,3,Admitted,Influenzal Pneumonia,Admitted,0,0,0.0,1
2020-2021,2020,CTAS III - Urgent,3,Admitted,Motor Vehicle Collisions,Admitted,2488,414,6.9,1
2020-2021,2020,Less urgent,3,Admitted,Motor Vehicle Collisions,Admitted,339,360,6.0,1
2020-2021,2020,Non-urgent,3,Admitted,Motor Vehicle Collisions,Admitted,65,312,5.2,1
2020-2021,2020,Unknown,3,Admitted,Motor Vehicle Collisions,Admitted,40,237,3.95,1
2020-2021,2020,CTAS III - Urgent,3,Admitted,Pneumonia,Admitted,8327,630,10.5,1
2020-2021,2020,Less urgent,3,Admitted,Pneumonia,Admitted,587,462,7.7,1
2020-2021,2020,Non-urgent,3,Admitted,Pneumonia,Admitted,33,432,7.2,1
2020-2021,2020,Unknown,3,Admitted,Pneumonia,Admitted,100,210,3.5,1
2020-2021,2020,CTAS III - Urgent,3,Admitted,Trauma,Admitted,43774,510,8.5,1
2020-2021,2020,Less urgent,3,Admitted,Trauma,Admitted,5721,396,6.6,1
2020-2021,2020,Non-urgent,3,Admitted,Trauma,Admitted,795,348,5.8,1
2020-2021,2020,Unknown,3,Admitted,Trauma,Admitted,242,210,3.5,1
2020-2021,2020,CTAS III - Urgent,3,Admitted,Unintentional Falls,Admitted,33829,528,8.8,1
2020-2021,2020,Less urgent,3,Admitted,Unintentional Falls,Admitted,3957,408,6.8,1
2020-2021,2020,Non-urgent,3,Admitted,Unintentional Falls,Admitted,488,366,6.1,1
2020-2021,2020,Unknown,3,Admitted,Unintentional Falls,Admitted,131,285,4.75,1
2020-2021,2020,CTAS III - Urgent,3,Death,Acute Myocardial Infarction,Not Admitted,15,168,2.8,0
2020-2021,2020,Less urgent,3,Death,Acute Myocardial Infarction,Not Admitted,0,192,3.2,0
2020-2021,2020,Non-urgent,3,Death,Acute Myocardial Infarction,Not Admitted,0,0,0.0,0
2020-2021,2020,Unknown,3,Death,Acute Myocardial Infarction,Not Admitted,0,27,0.45,0
2020-2021,2020,CTAS III - Urgent,3,Death,Any,Not Admitted,1317,528,8.8,0
2020-2021,2020,Less urgent,3,Death,Any,Not Admitted,296,771,12.85,0
2020-2021,2020,Non-urgent,3,Death,Any,Not Admitted,3464,66,1.1,0
2020-2021,2020,Unknown,3,Death,Any,Not Admitted,104,63,1.05,0
2020-2021,2020,CTAS III - Urgent,3,Death,Asthma,Not Admitted,0,0,0.0,0
2020-2021,2020,Less urgent,3,Death,Asthma,Not Admitted,0,0,0.0,0
2020-2021,2020,Non-urgent,3,Death,Asthma,Not Admitted,0,0,0.0,0
2020-2021,2020,Unknown,3,Death,Asthma,Not Admitted,0,0,0.0,0
2020-2021,2020,CTAS III - Urgent,3,Death,Influenzal Pneumonia,Not Admitted,0,0,0.0,0
2020-2021,2020,Less urgent,3,Death,Influenzal Pneumonia,Not Admitted,0,0,0.0,0
2020-2021,2020,Non-urgent,3,Death,Influenzal Pneumonia,Not Admitted,0,0,0.0,0
2020-2021,2020,Unknown,3,Death,Influenzal Pneumonia,Not Admitted,0,0,0.0,0
2020-2021,2020,CTAS III - Urgent,3,Death,Motor Vehicle Collisions,Not Admitted,0,72,1.2,0
2020-2021,2020,Less urgent,3,Death,Motor Vehicle Collisions,Not Admitted,0,120,2.0,0
2020-2021,2020,Non-urgent,3,Death,Motor Vehicle Collisions,Not Admitted,0,0,0.0,0
2020-2021,2020,Unknown,3,Death,Motor Vehicle Collisions,Not Admitted,0,249,4.15,0
2020-2021,2020,CTAS III - Urgent,3,Death,Pneumonia,Not Admitted,17,318,5.3,0
2020-2021,2020,Less urgent,3,Death,Pneumonia,Not Admitted,0,498,8.3,0
2020-2021,2020,Non-urgent,3,Death,Pneumonia,Not Admitted,0,0,0.0,0
2020-2021,2020,Unknown,3,Death,Pneumonia,Not Admitted,0,66,1.1,0
2020-2021,2020,CTAS III - Urgent,3,Death,Trauma,Not Admitted,34,225,3.75,0
2020-2021,2020,Less urgent,3,Death,Trauma,Not Admitted,7,120,2.0,0
2020-2021,2020,Non-urgent,3,Death,Trauma,Not Admitted,7,150,2.5,0
2020-2021,2020,Unknown,3,Death,Trauma,Not Admitted,11,264,4.4,0
2020-2021,2020,CTAS III - Urgent,3,Death,Unintentional Falls,Not Admitted,23,264,4.4,0
2020-2021,2020,Less urgent,3,Death,Unintentional Falls,Not Admitted,0,108,1.8,0
2020-2021,2020,Non-urgent,3,Death,Unintentional Falls,Not Admitted,0,258,4.3,0
2020-2021,2020,Unknown,3,Death,Unintentional Falls,Not Admitted,0,264,4.4,0
2020-2021,2020,CTAS III - Urgent,3,Discharged Home,Acute Myocardial Infarction,Not Admitted,168,432,7.2,0
2020-2021,2020,Less urgent,3,Discharged Home,Acute Myocardial Infarction,Not Admitted,41,282,4.7,0
2020-2021,2020,Non-urgent,3,Discharged Home,Acute Myocardial Infarction,Not Admitted,14,186,3.1,0
2020-2021,2020,Unknown,3,Discharged Home,Acute Myocardial Infarction,Not Admitted,5,1182,19.7,0
2020-2021,2020,CTAS III - Urgent,3,Discharged Home,Any,Not Admitted,4098846,192,3.2,0
2020-2021,2020,Less urgent,3,Discharged Home,Any,Not Admitted,2816107,132,2.2,0
2020-2021,2020,Non-urgent,3,Discharged Home,Any,Not Admitted,924295,90,1.5,0
2020-2021,2020,Unknown,3,Discharged Home,Any,Not Admitted,40975,72,1.2,0
2020-2021,2020,CTAS III - Urgent,3,Discharged Home,Asthma,Not Admitted,11841,162,2.7,0
2020-2021,2020,Less urgent,3,Discharged Home,Asthma,Not Admitted,4452,114,1.9,0
2020-2021,2020,Non-urgent,3,Discharged Home,Asthma,Not Admitted,746,84,1.4,0
2020-2021,2020,Unknown,3,Discharged Home,Asthma,Not Admitted,101,96,1.6,0
2020-2021,2020,CTAS III - Urgent,3,Discharged Home,Influenzal Pneumonia,Not Admitted,34,198,3.3,0
2020-2021,2020,Less urgent,3,Discharged Home,Influenzal Pneumonia,Not Admitted,5,288,4.8,0
2020-2021,2020,Non-urgent,3,Discharged Home,Influenzal Pneumonia,Not Admitted,0,444,7.4,0
2020-2021,2020,Unknown,3,Discharged Home,Influenzal Pneumonia,Not Admitted,0,0,0.0,0
2020-2021,2020,CTAS III - Urgent,3,Discharged Home,Motor Vehicle Collisions,Not Admitted,59040,144,2.4,0
2020-2021,2020,Less urgent,3,Discharged Home,Motor Vehicle Collisions,Not Admitted,30221,114,1.9,0
2020-2021,2020,Non-urgent,3,Discharged Home,Motor Vehicle Collisions,Not Admitted,4165,108,1.8,0
2020-2021,2020,Unknown,3,Discharged Home,Motor Vehicle Collisions,Not Admitted,449,96,1.6,0
2020-2021,2020,CTAS III - Urgent,3,Discharged Home,Pneumonia,Not Admitted,12787,216,3.6,0
2020-2021,2020,Less urgent,3,Discharged Home,Pneumonia,Not Admitted,3270,162,2.7,0
2020-2021,2020,Non-urgent,3,Discharged Home,Pneumonia,Not Admitted,559,126,2.1,0
2020-2021,2020,Unknown,3,Discharged Home,Pneumonia,Not Admitted,95,114,1.9,0
2020-2021,2020,CTAS III - Urgent,3,Discharged Home,Trauma,Not Admitted,605599,132,2.2,0
2020-2021,2020,Less urgent,3,Discharged Home,Trauma,Not Admitted,505792,102,1.7,0
2020-2021,2020,Non-urgent,3,Discharged Home,Trauma,Not Admitted,106573,90,1.5,0
2020-2021,2020,Unknown,3,Discharged Home,Trauma,Not Admitted,4985,72,1.2,0
2020-2021,2020,CTAS III - Urgent,3,Discharged Home,Unintentional Falls,Not Admitted,232901,150,2.5,0
2020-2021,2020,Less urgent,3,Discharged Home,Unintentional Falls,Not Admitted,150543,114,1.9,0
2020-2021,2020,Non-urgent,3,Discharged Home,Unintentional Falls,Not Admitted,21562,102,1.7,0
2020-2021,2020,Unknown,3,Discharged Home,Unintentional Falls,Not Admitted,1403,84,1.4,0
2020-2021,2020,CTAS III - Urgent,3,Intra-Facility Transfer,Acute Myocardial Infarction,Not Admitted,0,222,3.7,0
2020-2021,2020,Less urgent,3,Intra-Facility Transfer,Acute Myocardial Infarction,Not Admitted,0,0,0.0,0
2020-2021,2020,Non-urgent,3,Intra-Facility Transfer,Acute Myocardial Infarction,Not Admitted,0,0,0.0,0
2020-2021,2020,Unknown,3,Intra-Facility Transfer,Acute Myocardial Infarction,Not Admitted,0,0,0.0,0
2020-2021,2020,CTAS III - Urgent,3,Intra-Facility Transfer,Any,Not Admitted,16694,222,3.7,0
2020-2021,2020,Less urgent,3,Intra-Facility Transfer,Any,Not Admitted,6832,144,2.4,0
2020-2021,2020,Non-urgent,3,Intra-Facility Transfer,Any,Not Admitted,1834,54,0.9,0
2020-2021,2020,Unknown,3,Intra-Facility Transfer,Any,Not Admitted,278,18,0.3,0
2020-2021,2020,CTAS III - Urgent,3,Intra-Facility Transfer,Asthma,Not Admitted,6,183,3.05,0
2020-2021,2020,Less urgent,3,Intra-Facility Transfer,Asthma,Not Admitted,0,0,0.0,0
2020-2021,2020,Non-urgent,3,Intra-Facility Transfer,Asthma,Not Admitted,0,0,0.0,0
2020-2021,2020,Unknown,3,Intra-Facility Transfer,Asthma,Not Admitted,0,0,0.0,0
2020-2021,2020,CTAS III - Urgent,3,Intra-Facility Transfer,Influenzal Pneumonia,Not Admitted,0,0,0.0,0
2020-2021,2020,Less urgent,3,Intra-Facility Transfer,Influenzal Pneumonia,Not Admitted,0,0,0.0,0
2020-2021,2020,Non-urgent,3,Intra-Facility Transfer,Influenzal Pneumonia,Not Admitted,0,0,0.0,0
2020-2021,2020,Unknown,3,Intra-Facility Transfer,Influenzal Pneumonia,Not Admitted,0,0,0.0,0
2020-2021,2020,CTAS III - Urgent,3,Intra-Facility Transfer,Motor Vehicle Collisions,Not Admitted,116,204,3.4,0
2020-2021,2020,Less urgent,3,Intra-Facility Transfer,Motor Vehicle Collisions,Not Admitted,40,198,3.3,0
2020-2021,2020,Non-urgent,3,Intra-Facility Transfer,Motor Vehicle Collisions,Not Admitted,16,132,2.2,0
2020-2021,2020,Unknown,3,Intra-Facility Transfer,Motor Vehicle Collisions,Not Admitted,0,195,3.25,0
2020-2021,2020,CTAS III - Urgent,3,Intra-Facility Transfer,Pneumonia,Not Admitted,12,219,3.65,0
2020-2021,2020,Less urgent,3,Intra-Facility Transfer,Pneumonia,Not Admitted,0,150,2.5,0
2020-2021,2020,Non-urgent,3,Intra-Facility Transfer,Pneumonia,Not Admitted,0,0,0.0,0
2020-2021,2020,Unknown,3,Intra-Facility Transfer,Pneumonia,Not Admitted,0,0,0.0,0
2020-2021,2020,CTAS III - Urgent,3,Intra-Facility Transfer,Trauma,Not Admitted,2248,198,3.3,0
2020-2021,2020,Less urgent,3,Intra-Facility Transfer,Trauma,Not Admitted,800,174,2.9,0
2020-2021,2020,Non-urgent,3,Intra-Facility Transfer,Trauma,Not Admitted,272,120,2.0,0
2020-2021,2020,Unknown,3,Intra-Facility Transfer,Trauma,Not Admitted,30,66,1.1,0
2020-2021,2020,CTAS III - Urgent,3,Intra-Facility Transfer,Unintentional Falls,Not Admitted,570,216,3.6,0
2020-2021,2020,Less urgent,3,Intra-Facility Transfer,Unintentional Falls,Not Admitted,179,168,2.8,0
2020-2021,2020,Non-urgent,3,Intra-Facility Transfer,Unintentional Falls,Not Admitted,61,132,2.2,0
2020-2021,2020,Unknown,3,Intra-Facility Transfer,Unintentional Falls,Not Admitted,12,27,0.45,0
2020-2021,2020,CTAS III - Urgent,3,Not Seen Or Left,Acute Myocardial Infarction,Not Admitted,40,270,4.5,0
2020-2021,2020,Less urgent,3,Not Seen Or Left,Acute Myocardial Infarction,Not Admitted,6,174,2.9,0
2020-2021,2020,Non-urgent,3,Not Seen Or Left,Acute Myocardial Infarction,Not Admitted,0,0,0.0,0
2020-2021,2020,Unknown,3,Not Seen Or Left,Acute Myocardial Infarction,Not Admitted,0,0,0.0,0
2020-2021,2020,CTAS III - Urgent,3,Not Seen Or Left,Any,Not Admitted,192430,150,2.5,0
2020-2021,2020,Less urgent,3,Not Seen Or Left,Any,Not Admitted,173187,150,2.5,0
2020-2021,2020,Non-urgent,3,Not Seen Or Left,Any,Not Admitted,86850,72,1.2,0
2020-2021,2020,Unknown,3,Not Seen Or Left,Any,Not Admitted,25902,24,0.4,0
2020-2021,2020,CTAS III - Urgent,3,Not Seen Or Left,Asthma,Not Admitted,130,147,2.45,0
2020-2021,2020,Less urgent,3,Not Seen Or Left,Asthma,Not Admitted,41,141,2.35,0
2020-2021,2020,Non-urgent,3,Not Seen Or Left,Asthma,Not Admitted,10,84,1.4,0
2020-2021,2020,Unknown,3,Not Seen Or Left,Asthma,Not Admitted,0,12,0.2,0
2020-2021,2020,CTAS III - Urgent,3,Not Seen Or Left,Influenzal Pneumonia,Not Admitted,0,0,0.0,0
2020-2021,2020,Less urgent,3,Not Seen Or Left,Influenzal Pneumonia,Not Admitted,0,0,0.0,0
2020-2021,2020,Non-urgent,3,Not Seen Or Left,Influenzal Pneumonia,Not Admitted,0,0,0.0,0
2020-2021,2020,Unknown,3,Not Seen Or Left,Influenzal Pneumonia,Not Admitted,0,0,0.0,0
2020-2021,2020,CTAS III - Urgent,3,Not Seen Or Left,Motor Vehicle Collisions,Not Admitted,1543,132,2.2,0
2020-2021,2020,Less urgent,3,Not Seen Or Left,Motor Vehicle Collisions,Not Admitted,765,132,2.2,0
2020-2021,2020,Non-urgent,3,Not Seen Or Left,Motor Vehicle Collisions,Not Admitted,131,84,1.4,0
2020-2021,2020,Unknown,3,Not Seen Or Left,Motor Vehicle Collisions,Not Admitted,29,90,1.5,0
2020-2021,2020,CTAS III - Urgent,3,Not Seen Or Left,Pneumonia,Not Admitted,146,252,4.2,0
2020-2021,2020,Less urgent,3,Not Seen Or Left,Pneumonia,Not Admitted,27,210,3.5,0
2020-2021,2020,Non-urgent,3,Not Seen Or Left,Pneumonia,Not Admitted,7,144,2.4,0
2020-2021,2020,Unknown,3,Not Seen Or Left,Pneumonia,Not Admitted,0,0,0.0,0
2020-2021,2020,CTAS III - Urgent,3,Not Seen Or Left,Trauma,Not Admitted,16027,126,2.1,0
2020-2021,2020,Less urgent,3,Not Seen Or Left,Trauma,Not Admitted,13494,120,2.0,0
2020-2021,2020,Non-urgent,3,Not Seen Or Left,Trauma,Not Admitted,3815,96,1.6,0
2020-2021,2020,Unknown,3,Not Seen Or Left,Trauma,Not Admitted,866,30,0.5,0
2020-2021,2020,CTAS III - Urgent,3,Not Seen Or Left,Unintentional Falls,Not Admitted,4516,132,2.2,0
2020-2021,2020,Less urgent,3,Not Seen Or Left,Unintentional Falls,Not Admitted,3164,120,2.0,0
2020-2021,2020,Non-urgent,3,Not Seen Or Left,Unintentional Falls,Not Admitted,514,108,1.8,0
2020-2021,2020,Unknown,3,Not Seen Or Left,Unintentional Falls,Not Admitted,107,33,0.55,0
2020-2021,2020,CTAS III - Urgent,3,Total,Acute Myocardial Infarction,Not Admitted,4699,474,7.9,0
2020-2021,2020,Less urgent,3,Total,Acute Myocardial Infarction,Not Admitted,498,411,6.85,0
2020-2021,2020,Non-urgent,3,Total,Acute Myocardial Infarction,Not Admitted,68,330,5.5,0
2020-2021,2020,Unknown,3,Total,Acute Myocardial Infarction,Not Admitted,74,219,3.65,0
2020-2021,2020,CTAS III - Urgent,3,Total,Any,Not Admitted,5151344,216,3.6,0
2020-2021,2020,Less urgent,3,Total,Any,Not Admitted,3164409,138,2.3,0
2020-2021,2020,Non-urgent,3,Total,Any,Not Admitted,1052488,90,1.5,0
2020-2021,2020,Unknown,3,Total,Any,Not Admitted,72387,72,1.2,0
2020-2021,2020,CTAS III - Urgent,3,Total,Asthma,Not Admitted,12623,168,2.8,0
2020-2021,2020,Less urgent,3,Total,Asthma,Not Admitted,4534,120,2.0,0
2020-2021,2020,Non-urgent,3,Total,Asthma,Not Admitted,761,84,1.4,0
2020-2021,2020,Unknown,3,Total,Asthma,Not Admitted,101,96,1.6,0
2020-2021,2020,CTAS III - Urgent,3,Total,Influenzal Pneumonia,Not Admitted,53,282,4.7,0
2020-2021,2020,Less urgent,3,Total,Influenzal Pneumonia,Not Admitted,11,444,7.4,0
2020-2021,2020,Non-urgent,3,Total,Influenzal Pneumonia,Not Admitted,0,444,7.4,0
2020-2021,2020,Unknown,3,Total,Influenzal Pneumonia,Not Admitted,0,0,0.0,0
2020-2021,2020,CTAS III - Urgent,3,Total,Motor Vehicle Collisions,Not Admitted,64575,150,2.5,0
2020-2021,2020,Less urgent,3,Total,Motor Vehicle Collisions,Not Admitted,31624,120,2.0,0
2020-2021,2020,Non-urgent,3,Total,Motor Vehicle Collisions,Not Admitted,4415,108,1.8,0
2020-2021,2020,Unknown,3,Total,Motor Vehicle Collisions,Not Admitted,603,108,1.8,0
2020-2021,2020,CTAS III - Urgent,3,Total,Pneumonia,Not Admitted,22335,312,5.2,0
2020-2021,2020,Less urgent,3,Total,Pneumonia,Not Admitted,4037,186,3.1,0
2020-2021,2020,Non-urgent,3,Total,Pneumonia,Not Admitted,620,132,2.2,0
2020-2021,2020,Unknown,3,Total,Pneumonia,Not Admitted,206,168,2.8,0
2020-2021,2020,CTAS III - Urgent,3,Total,Trauma,Not Admitted,694473,138,2.3,0
2020-2021,2020,Less urgent,3,Total,Trauma,Not Admitted,532649,108,1.8,0
2020-2021,2020,Non-urgent,3,Total,Trauma,Not Admitted,112587,90,1.5,0
2020-2021,2020,Unknown,3,Total,Trauma,Not Admitted,6420,78,1.3,0
2020-2021,2020,CTAS III - Urgent,3,Total,Unintentional Falls,Not Admitted,290095,174,2.9,0
2020-2021,2020,Less urgent,3,Total,Unintentional Falls,Not Admitted,161593,120,2.0,0
2020-2021,2020,Non-urgent,3,Total,Unintentional Falls,Not Admitted,23083,108,1.8,0
2020-2021,2020,Unknown,3,Total,Unintentional Falls,Not Admitted,1763,96,1.6,0
2020-2021,2020,CTAS III - Urgent,3,Transferred,Acute Myocardial Infarction,Not Admitted,957,252,4.2,0
2020-2021,2020,Less urgent,3,Transferred,Acute Myocardial Infarction,Not Admitted,116,273,4.55,0
2020-2021,2020,Non-urgent,3,Transferred,Acute Myocardial Infarction,Not Admitted,16,306,5.1,0
2020-2021,2020,Unknown,3,Transferred,Acute Myocardial Infarction,Not Admitted,25,150,2.5,0
2020-2021,2020,CTAS III - Urgent,3,Transferred,Any,Not Admitted,151316,342,5.7,0
2020-2021,2020,Less urgent,3,Transferred,Any,Not Admitted,42092,270,4.5,0
2020-2021,2020,Non-urgent,3,Transferred,Any,Not Admitted,11560,204,3.4,0
2020-2021,2020,Unknown,3,Transferred,Any,Not Admitted,1590,138,2.3,0
2020-2021,2020,CTAS III - Urgent,3,Transferred,Asthma,Not Admitted,147,252,4.2,0
2020-2021,2020,Less urgent,3,Transferred,Asthma,Not Admitted,22,165,2.75,0
2020-2021,2020,Non-urgent,3,Transferred,Asthma,Not Admitted,5,294,4.9,0
2020-2021,2020,Unknown,3,Transferred,Asthma,Not Admitted,0,75,1.25,0
2020-2021,2020,CTAS III - Urgent,3,Transferred,Influenzal Pneumonia,Not Admitted,7,342,5.7,0
2020-2021,2020,Less urgent,3,Transferred,Influenzal Pneumonia,Not Admitted,0,0,0.0,0
2020-2021,2020,Non-urgent,3,Transferred,Influenzal Pneumonia,Not Admitted,0,0,0.0,0
2020-2021,2020,Unknown,3,Transferred,Influenzal Pneumonia,Not Admitted,0,0,0.0,0
2020-2021,2020,CTAS III - Urgent,3,Transferred,Motor Vehicle Collisions,Not Admitted,1388,222,3.7,0
2020-2021,2020,Less urgent,3,Transferred,Motor Vehicle Collisions,Not Admitted,259,186,3.1,0
2020-2021,2020,Non-urgent,3,Transferred,Motor Vehicle Collisions,Not Admitted,38,138,2.3,0
2020-2021,2020,Unknown,3,Transferred,Motor Vehicle Collisions,Not Admitted,85,180,3.0,0
2020-2021,2020,CTAS III - Urgent,3,Transferred,Pneumonia,Not Admitted,1046,366,6.1,0
2020-2021,2020,Less urgent,3,Transferred,Pneumonia,Not Admitted,153,285,4.75,0
2020-2021,2020,Non-urgent,3,Transferred,Pneumonia,Not Admitted,21,180,3.0,0
2020-2021,2020,Unknown,3,Transferred,Pneumonia,Not Admitted,11,291,4.85,0
2020-2021,2020,CTAS III - Urgent,3,Transferred,Trauma,Not Admitted,26791,288,4.8,0
2020-2021,2020,Less urgent,3,Transferred,Trauma,Not Admitted,6835,192,3.2,0
2020-2021,2020,Non-urgent,3,Transferred,Trauma,Not Admitted,1125,150,2.5,0
2020-2021,2020,Unknown,3,Transferred,Trauma,Not Admitted,286,150,2.5,0
2020-2021,2020,CTAS III - Urgent,3,Transferred,Unintentional Falls,Not Admitted,18256,324,5.4,0
2020-2021,2020,Less urgent,3,Transferred,Unintentional Falls,Not Admitted,3750,228,3.8,0
2020-2021,2020,Non-urgent,3,Transferred,Unintentional Falls,Not Admitted,458,192,3.2,0
2020-2021,2020,Unknown,3,Transferred,Unintentional Falls,Not Admitted,110,168,2.8,0
2020-2021,2020,CTAS III - Urgent,3,Unknown,Acute Myocardial Infarction,Not Admitted,0,0,0.0,0
2020-2021,2020,Less urgent,3,Unknown,Acute Myocardial Infarction,Not Admitted,0,0,0.0,0
2020-2021,2020,Non-urgent,3,Unknown,Acute Myocardial Infarction,Not Admitted,0,0,0.0,0
2020-2021,2020,Unknown,3,Unknown,Acute Myocardial Infarction,Not Admitted,0,0,0.0,0
2020-2021,2020,CTAS III - Urgent,3,Unknown,Any,Not Admitted,0,0,0.0,0
2020-2021,2020,Less urgent,3,Unknown,Any,Not Admitted,0,0,0.0,0
2020-2021,2020,Non-urgent,3,Unknown,Any,Not Admitted,0,0,0.0,0
2020-2021,2020,Unknown,3,Unknown,Any,Not Admitted,0,0,0.0,0
2020-2021,2020,CTAS III - Urgent,3,Unknown,Asthma,Not Admitted,0,0,0.0,0
2020-2021,2020,Less urgent,3,Unknown,Asthma,Not Admitted,0,0,0.0,0
2020-2021,2020,Non-urgent,3,Unknown,Asthma,Not Admitted,0,0,0.0,0
2020-2021,2020,Unknown,3,Unknown,Asthma,Not Admitted,0,0,0.0,0
2020-2021,2020,CTAS III - Urgent,3,Unknown,Influenzal Pneumonia,Not Admitted,0,0,0.0,0
2020-2021,2020,Less urgent,3,Unknown,Influenzal Pneumonia,Not Admitted,0,0,0.0,0
2020-2021,2020,Non-urgent,3,Unknown,Influenzal Pneumonia,Not Admitted,0,0,0.0,0
2020-2021,2020,Unknown,3,Unknown,Influenzal Pneumonia,Not Admitted,0,0,0.0,0
2020-2021,2020,CTAS III - Urgent,3,Unknown,Motor Vehicle Collisions,Not Admitted,0,0,0.0,0
2020-2021,2020,Less urgent,3,Unknown,Motor Vehicle Collisions,Not Admitted,0,0,0.0,0
2020-2021,2020,Non-urgent,3,Unknown,Motor Vehicle Collisions,Not Admitted,0,0,0.0,0
2020-2021,2020,Unknown,3,Unknown,Motor Vehicle Collisions,Not Admitted,0,0,0.0,0
2020-2021,2020,CTAS III - Urgent,3,Unknown,Pneumonia,Not Admitted,0,0,0.0,0
2020-2021,2020,Less urgent,3,Unknown,Pneumonia,Not Admitted,0,0,0.0,0
2020-2021,2020,Non-urgent,3,Unknown,Pneumonia,Not Admitted,0,0,0.0,0
2020-2021,2020,Unknown,3,Unknown,Pneumonia,Not Admitted,0,0,0.0,0
2020-2021,2020,CTAS III - Urgent,3,Unknown,Trauma,Not Admitted,0,0,0.0,0
2020-2021,2020,Less urgent,3,Unknown,Trauma,Not Admitted,0,0,0.0,0
2020-2021,2020,Non-urgent,3,Unknown,Trauma,Not Admitted,0,0,0.0,0
2020-2021,2020,Unknown,3,Unknown,Trauma,Not Admitted,0,0,0.0,0
2020-2021,2020,CTAS III - Urgent,3,Unknown,Unintentional Falls,Not Admitted,0,0,0.0,0
2020-2021,2020,Less urgent,3,Unknown,Unintentional Falls,Not Admitted,0,0,0.0,0
2020-2021,2020,Non-urgent,3,Unknown,Unintentional Falls,Not Admitted,0,0,0.0,0
2020-2021,2020,Unknown,3,Unknown,Unintentional Falls,Not Admitted,0,0,0.0,0
2019-2020,2019,CTAS I - Resuscitation,1,Admitted,Acute Myocardial Infarction,Admitted,1499,96,1.6,1
2019-2020,2019,CTAS I - Resuscitation,1,Admitted,Any,Admitted,75631,396,6.6,1
2019-2020,2019,CTAS I - Resuscitation,1,Admitted,Asthma,Admitted,1030,423,7.05,1
2019-2020,2019,CTAS I - Resuscitation,1,Admitted,Influenzal Pneumonia,Admitted,20,657,10.95,1
2019-2020,2019,CTAS I - Resuscitation,1,Admitted,Motor Vehicle Collisions,Admitted,2640,306,5.1,1
2019-2020,2019,CTAS I - Resuscitation,1,Admitted,Pneumonia,Admitted,2615,534,8.9,1
2019-2020,2019,CTAS I - Resuscitation,1,Admitted,Trauma,Admitted,7545,306,5.1,1
2019-2020,2019,CTAS I - Resuscitation,1,Admitted,Unintentional Falls,Admitted,2004,378,6.3,1
2019-2020,2019,CTAS I - Resuscitation,1,Death,Acute Myocardial Infarction,Not Admitted,369,36,0.6,0
2019-2020,2019,CTAS I - Resuscitation,1,Death,Any,Not Admitted,9947,36,0.6,0
2019-2020,2019,CTAS I - Resuscitation,1,Death,Asthma,Not Admitted,0,0,0.0,0
2019-2020,2019,CTAS I - Resuscitation,1,Death,Influenzal Pneumonia,Not Admitted,0,48,0.8,0
2019-2020,2019,CTAS I - Resuscitation,1,Death,Motor Vehicle Collisions,Not Admitted,210,30,0.5,0
2019-2020,2019,CTAS I - Resuscitation,1,Death,Pneumonia,Not Admitted,53,186,3.1,0
2019-2020,2019,CTAS I - Resuscitation,1,Death,Trauma,Not Admitted,652,30,0.5,0
2019-2020,2019,CTAS I - Resuscitation,1,Death,Unintentional Falls,Not Admitted,89,138,2.3,0
2019-2020,2019,CTAS I - Resuscitation,1,Discharged Home,Acute Myocardial Infarction,Not Admitted,25,66,1.1,0
2019-2020,2019,CTAS I - Resuscitation,1,Discharged Home,Any,Not Admitted,39087,270,4.5,0
2019-2020,2019,CTAS I - Resuscitation,1,Discharged Home,Asthma,Not Admitted,965,222,3.7,0
2019-2020,2019,CTAS I - Resuscitation,1,Discharged Home,Influenzal Pneumonia,Not Admitted,0,108,1.8,0
2019-2020,2019,CTAS I - Resuscitation,1,Discharged Home,Motor Vehicle Collisions,Not Admitted,732,306,5.1,0
2019-2020,2019,CTAS I - Resuscitation,1,Discharged Home,Pneumonia,Not Admitted,800,180,3.0,0
2019-2020,2019,CTAS I - Resuscitation,1,Discharged Home,Trauma,Not Admitted,4129,252,4.2,0
2019-2020,2019,CTAS I - Resuscitation,1,Discharged Home,Unintentional Falls,Not Admitted,733,264,4.4,0
2019-2020,2019,CTAS I - Resuscitation,1,Intra-Facility Transfer,Acute Myocardial Infarction,Not Admitted,9,66,1.1,0
2019-2020,2019,CTAS I - Resuscitation,1,Intra-Facility Transfer,Any,Not Admitted,407,150,2.5,0
2019-2020,2019,CTAS I - Resuscitation,1,Intra-Facility Transfer,Asthma,Not Admitted,0,258,4.3,0
2019-2020,2019,CTAS I - Resuscitation,1,Intra-Facility Transfer,Influenzal Pneumonia,Not Admitted,0,0,0.0,0
2019-2020,2019,CTAS I - Resuscitation,1,Intra-Facility Transfer,Motor Vehicle Collisions,Not Admitted,7,192,3.2,0
2019-2020,2019,CTAS I - Resuscitation,1,Intra-Facility Transfer,Pneumonia,Not Admitted,0,291,4.85,0
2019-2020,2019,CTAS I - Resuscitation,1,Intra-Facility Transfer,Trauma,Not Admitted,72,171,2.85,0
2019-2020,2019,CTAS I - Resuscitation,1,Intra-Facility Transfer,Unintentional Falls,Not Admitted,8,189,3.15,0
2019-2020,2019,CTAS I - Resuscitation,1,Not Seen Or Left,Acute Myocardial Infarction,Not Admitted,0,348,5.8,0
2019-2020,2019,CTAS I - Resuscitation,1,Not Seen Or Left,Any,Not Admitted,1143,174,2.9,0
2019-2020,2019,CTAS I - Resuscitation,1,Not Seen Or Left,Asthma,Not Admitted,18,276,4.6,0
2019-2020,2019,CTAS I - Resuscitation,1,Not Seen Or Left,Influenzal Pneumonia,Not Admitted,0,0,0.0,0
2019-2020,2019,CTAS I - Resuscitation,1,Not Seen Or Left,Motor Vehicle Collisions,Not Admitted,16,282,4.7,0
2019-2020,2019,CTAS I - Resuscitation,1,Not Seen Or Left,Pneumonia,Not Admitted,7,300,5.0,0
2019-2020,2019,CTAS I - Resuscitation,1,Not Seen Or Left,Trauma,Not Admitted,120,192,3.2,0
2019-2020,2019,CTAS I - Resuscitation,1,Not Seen Or Left,Unintentional Falls,Not Admitted,19,222,3.7,0
2019-2020,2019,CTAS I - Resuscitation,1,Total,Acute Myocardial Infarction,Not Admitted,2592,78,1.3,0
2019-2020,2019,CTAS I - Resuscitation,1,Total,Any,Not Admitted,139664,294,4.9,0
2019-2020,2019,CTAS I - Resuscitation,1,Total,Asthma,Not Admitted,2150,300,5.0,0
2019-2020,2019,CTAS I - Resuscitation,1,Total,Influenzal Pneumonia,Not Admitted,20,471,7.85,0
2019-2020,2019,CTAS I - Resuscitation,1,Total,Motor Vehicle Collisions,Not Admitted,4171,258,4.3,0
2019-2020,2019,CTAS I - Resuscitation,1,Total,Pneumonia,Not Admitted,3780,372,6.2,0
2019-2020,2019,CTAS I - Resuscitation,1,Total,Trauma,Not Admitted,14257,246,4.1,0
2019-2020,2019,CTAS I - Resuscitation,1,Total,Unintentional Falls,Not Admitted,3235,312,5.2,0
2019-2020,2019,CTAS I - Resuscitation,1,Transferred,Acute Myocardial Infarction,Not Admitted,690,72,1.2,0
2019-2020,2019,CTAS I - Resuscitation,1,Transferred,Any,Not Admitted,13449,192,3.2,0
2019-2020,2019,CTAS I - Resuscitation,1,Transferred,Asthma,Not Admitted,137,276,4.6,0
2019-2020,2019,CTAS I - Resuscitation,1,Transferred,Influenzal Pneumonia,Not Admitted,0,330,5.5,0
2019-2020,2019,CTAS I - Resuscitation,1,Transferred,Motor Vehicle Collisions,Not Admitted,566,108,1.8,0
2019-2020,2019,CTAS I - Resuscitation,1,Transferred,Pneumonia,Not Admitted,305,258,4.3,0
2019-2020,2019,CTAS I - Resuscitation,1,Transferred,Trauma,Not Admitted,1739,144,2.4,0
2019-2020,2019,CTAS I - Resuscitation,1,Transferred,Unintentional Falls,Not Admitted,382,186,3.1,0
2019-2020,2019,CTAS I - Resuscitation,1,Unknown,Acute Myocardial Infarction,Not Admitted,0,0,0.0,0
2019-2020,2019,CTAS I - Resuscitation,1,Unknown,Any,Not Admitted,0,0,0.0,0
2019-2020,2019,CTAS I - Resuscitation,1,Unknown,Asthma,Not Admitted,0,0,0.0,0
2019-2020,2019,CTAS I - Resuscitation,1,Unknown,Influenzal Pneumonia,Not Admitted,0,0,0.0,0
2019-2020,2019,CTAS I - Resuscitation,1,Unknown,Motor Vehicle Collisions,Not Admitted,0,0,0.0,0
2019-2020,2019,CTAS I - Resuscitation,1,Unknown,Pneumonia,Not Admitted,0,0,0.0,0
2019-2020,2019,CTAS I - Resuscitation,1,Unknown,Trauma,Not Admitted,0,0,0.0,0
2019-2020,2019,CTAS I - Resuscitation,1,Unknown,Unintentional Falls,Not Admitted,0,0,0.0,0
2019-2020,2019,CTAS II - Emergent,2,Admitted,Acute Myocardial Infarction,Admitted,14213,528,8.8,1
2019-2020,2019,CTAS II - Emergent,2,Admitted,Any,Admitted,608017,696,11.6,1
2019-2020,2019,CTAS II - Emergent,2,Admitted,Asthma,Admitted,3509,558,9.3,1
2019-2020,2019,CTAS II - Emergent,2,Admitted,Influenzal Pneumonia,Admitted,177,798,13.3,1
2019-2020,2019,CTAS II - Emergent,2,Admitted,Motor Vehicle Collisions,Admitted,4210,444,7.4,1
2019-2020,2019,CTAS II - Emergent,2,Admitted,Pneumonia,Admitted,19039,762,12.7,1
2019-2020,2019,CTAS II - Emergent,2,Admitted,Trauma,Admitted,27635,534,8.9,1
2019-2020,2019,CTAS II - Emergent,2,Admitted,Unintentional Falls,Admitted,15976,588,9.8,1
2019-2020,2019,CTAS II - Emergent,2,Death,Acute Myocardial Infarction,Not Admitted,86,210,3.5,0
2019-2020,2019,CTAS II - Emergent,2,Death,Any,Not Admitted,2243,294,4.9,0
2019-2020,2019,CTAS II - Emergent,2,Death,Asthma,Not Admitted,0,486,8.1,0
2019-2020,2019,CTAS II - Emergent,2,Death,Influenzal Pneumonia,Not Admitted,0,0,0.0,0
2019-2020,2019,CTAS II - Emergent,2,Death,Motor Vehicle Collisions,Not Admitted,8,63,1.05,0
2019-2020,2019,CTAS II - Emergent,2,Death,Pneumonia,Not Admitted,41,204,3.4,0
2019-2020,2019,CTAS II - Emergent,2,Death,Trauma,Not Admitted,53,222,3.7,0
2019-2020,2019,CTAS II - Emergent,2,Death,Unintentional Falls,Not Admitted,36,330,5.5,0
2019-2020,2019,CTAS II - Emergent,2,Discharged Home,Acute Myocardial Infarction,Not Admitted,512,297,4.95,0
2019-2020,2019,CTAS II - Emergent,2,Discharged Home,Any,Not Admitted,1774555,240,4.0,0
2019-2020,2019,CTAS II - Emergent,2,Discharged Home,Asthma,Not Admitted,13766,216,3.6,0
2019-2020,2019,CTAS II - Emergent,2,Discharged Home,Influenzal Pneumonia,Not Admitted,139,258,4.3,0
2019-2020,2019,CTAS II - Emergent,2,Discharged Home,Motor Vehicle Collisions,Not Admitted,28076,198,3.3,0
2019-2020,2019,CTAS II - Emergent,2,Discharged Home,Pneumonia,Not Admitted,20282,222,3.7,0
2019-2020,2019,CTAS II - Emergent,2,Discharged Home,Trauma,Not Admitted,185414,174,2.9,0
2019-2020,2019,CTAS II - Emergent,2,Discharged Home,Unintentional Falls,Not Admitted,61410,198,3.3,0
2019-2020,2019,CTAS II - Emergent,2,Intra-Facility Transfer,Acute Myocardial Infarction,Not Admitted,50,90,1.5,0
2019-2020,2019,CTAS II - Emergent,2,Intra-Facility Transfer,Any,Not Admitted,14034,198,3.3,0
2019-2020,2019,CTAS II - Emergent,2,Intra-Facility Transfer,Asthma,Not Admitted,38,177,2.95,0
2019-2020,2019,CTAS II - Emergent,2,Intra-Facility Transfer,Influenzal Pneumonia,Not Admitted,0,0,0.0,0
2019-2020,2019,CTAS II - Emergent,2,Intra-Facility Transfer,Motor Vehicle Collisions,Not Admitted,89,228,3.8,0
2019-2020,2019,CTAS II - Emergent,2,Intra-Facility Transfer,Pneumonia,Not Admitted,37,210,3.5,0
2019-2020,2019,CTAS II - Emergent,2,Intra-Facility Transfer,Trauma,Not Admitted,1205,204,3.4,0
2019-2020,2019,CTAS II - Emergent,2,Intra-Facility Transfer,Unintentional Falls,Not Admitted,227,252,4.2,0
2019-2020,2019,CTAS II - Emergent,2,Not Seen Or Left,Acute Myocardial Infarction,Not Admitted,86,300,5.0,0
2019-2020,2019,CTAS II - Emergent,2,Not Seen Or Left,Any,Not Admitted,71919,162,2.7,0
2019-2020,2019,CTAS II - Emergent,2,Not Seen Or Left,Asthma,Not Admitted,123,210,3.5,0
2019-2020,2019,CTAS II - Emergent,2,Not Seen Or Left,Influenzal Pneumonia,Not Admitted,0,108,1.8,0
2019-2020,2019,CTAS II - Emergent,2,Not Seen Or Left,Motor Vehicle Collisions,Not Admitted,678,156,2.6,0
2019-2020,2019,CTAS II - Emergent,2,Not Seen Or Left,Pneumonia,Not Admitted,159,303,5.05,0
2019-2020,2019,CTAS II - Emergent,2,Not Seen Or Left,Trauma,Not Admitted,5167,144,2.4,0
2019-2020,2019,CTAS II - Emergent,2,Not Seen Or Left,Unintentional Falls,Not Admitted,1326,156,2.6,0
2019-2020,2019,CTAS II - Emergent,2,Total,Acute Myocardial Infarction,Not Admitted,19575,396,6.6,0
2019-2020,2019,CTAS II - Emergent,2,Total,Any,Not Admitted,2582384,288,4.8,0
2019-2020,2019,CTAS II - Emergent,2,Total,Asthma,Not Admitted,17907,246,4.1,0
2019-2020,2019,CTAS II - Emergent,2,Total,Influenzal Pneumonia,Not Admitted,330,402,6.7,0
2019-2020,2019,CTAS II - Emergent,2,Total,Motor Vehicle Collisions,Not Admitted,35238,210,3.5,0
2019-2020,2019,CTAS II - Emergent,2,Total,Pneumonia,Not Admitted,41562,348,5.8,0
2019-2020,2019,CTAS II - Emergent,2,Total,Trauma,Not Admitted,233269,198,3.3,0
2019-2020,2019,CTAS II - Emergent,2,Total,Unintentional Falls,Not Admitted,85863,234,3.9,0
2019-2020,2019,CTAS II - Emergent,2,Transferred,Acute Myocardial Infarction,Not Admitted,4628,120,2.0,0
2019-2020,2019,CTAS II - Emergent,2,Transferred,Any,Not Admitted,111616,300,5.0,0
2019-2020,2019,CTAS II - Emergent,2,Transferred,Asthma,Not Admitted,471,360,6.0,0
2019-2020,2019,CTAS II - Emergent,2,Transferred,Influenzal Pneumonia,Not Admitted,14,387,6.45,0
2019-2020,2019,CTAS II - Emergent,2,Transferred,Motor Vehicle Collisions,Not Admitted,2177,204,3.4,0
2019-2020,2019,CTAS II - Emergent,2,Transferred,Pneumonia,Not Admitted,2004,318,5.3,0
2019-2020,2019,CTAS II - Emergent,2,Transferred,Trauma,Not Admitted,13795,252,4.2,0
2019-2020,2019,CTAS II - Emergent,2,Transferred,Unintentional Falls,Not Admitted,6888,300,5.0,0
2019-2020,2019,CTAS II - Emergent,2,Unknown,Acute Myocardial Infarction,Not Admitted,0,0,0.0,0
2019-2020,2019,CTAS II - Emergent,2,Unknown,Any,Not Admitted,0,0,0.0,0
2019-2020,2019,CTAS II - Emergent,2,Unknown,Asthma,Not Admitted,0,0,0.0,0
2019-2020,2019,CTAS II - Emergent,2,Unknown,Influenzal Pneumonia,Not Admitted,0,0,0.0,0
2019-2020,2019,CTAS II - Emergent,2,Unknown,Motor Vehicle Collisions,Not Admitted,0,0,0.0,0
2019-2020,2019,CTAS II - Emergent,2,Unknown,Pneumonia,Not Admitted,0,0,0.0,0
2019-2020,2019,CTAS II - Emergent,2,Unknown,Trauma,Not Admitted,0,0,0.0,0
2019-2020,2019,CTAS II - Emergent,2,Unknown,Unintentional Falls,Not Admitted,0,0,0.0,0
2019-2020,2019,CTAS III - Urgent,3,Admitted,Acute Myocardial Infarction,Admitted,3749,624,10.4,1
2019-2020,2019,Less urgent,3,Admitted,Acute Myocardial Infarction,Admitted,353,582,9.7,1
2019-2020,2019,Non-urgent,3,Admitted,Acute Myocardial Infarction,Admitted,44,408,6.8,1
2019-2020,2019,Unknown,3,Admitted,Acute Myocardial Infarction,Admitted,63,234,3.9,1
2019-2020,2019,CTAS III - Urgent,3,Admitted,Any,Admitted,733531,774,12.9,1
2019-2020,2019,Less urgent,3,Admitted,Any,Admitted,141061,834,13.9,1
2019-2020,2019,Non-urgent,3,Admitted,Any,Admitted,29358,522,8.7,1
2019-2020,2019,Unknown,3,Admitted,Any,Admitted,4493,240,4.0,1
2019-2020,2019,CTAS III - Urgent,3,Admitted,Asthma,Admitted,1439,648,10.8,1
2019-2020,2019,Less urgent,3,Admitted,Asthma,Admitted,79,588,9.8,1
2019-2020,2019,Non-urgent,3,Admitted,Asthma,Admitted,7,336,5.6,1
2019-2020,2019,Unknown,3,Admitted,Asthma,Admitted,16,246,4.1,1
2019-2020,2019,CTAS III - Urgent,3,Admitted,Influenzal Pneumonia,Admitted,135,816,13.6,1
2019-2020,2019,Less urgent,3,Admitted,Influenzal Pneumonia,Admitted,12,480,8.0,1
2019-2020,2019,Non-urgent,3,Admitted,Influenzal Pneumonia,Admitted,0,702,11.7,1
2019-2020,2019,Unknown,3,Admitted,Influenzal Pneumonia,Admitted,0,1746,29.1,1
2019-2020,2019,CTAS III - Urgent,3,Admitted,Motor Vehicle Collisions,Admitted,2326,480,8.0,1
2019-2020,2019,Less urgent,3,Admitted,Motor Vehicle Collisions,Admitted,395,378,6.3,1
2019-2020,2019,Non-urgent,3,Admitted,Motor Vehicle Collisions,Admitted,67,336,5.6,1
2019-2020,2019,Unknown,3,Admitted,Motor Vehicle Collisions,Admitted,56,120,2.0,1
2019-2020,2019,CTAS III - Urgent,3,Admitted,Pneumonia,Admitted,15262,756,12.6,1
2019-2020,2019,Less urgent,3,Admitted,Pneumonia,Admitted,1143,480,8.0,1
2019-2020,2019,Non-urgent,3,Admitted,Pneumonia,Admitted,135,456,7.6,1
2019-2020,2019,Unknown,3,Admitted,Pneumonia,Admitted,177,219,3.65,1
2019-2020,2019,CTAS III - Urgent,3,Admitted,Trauma,Admitted,44102,552,9.2,1
2019-2020,2019,Less urgent,3,Admitted,Trauma,Admitted,6929,456,7.6,1
2019-2020,2019,Non-urgent,3,Admitted,Trauma,Admitted,1163,372,6.2,1
2019-2020,2019,Unknown,3,Admitted,Trauma,Admitted,344,228,3.8,1
2019-2020,2019,CTAS III - Urgent,3,Admitted,Unintentional Falls,Admitted,33941,564,9.4,1
2019-2020,2019,Less urgent,3,Admitted,Unintentional Falls,Admitted,4769,492,8.2,1
2019-2020,2019,Non-urgent,3,Admitted,Unintentional Falls,Admitted,717,402,6.7,1
2019-2020,2019,Unknown,3,Admitted,Unintentional Falls,Admitted,185,270,4.5,1
2019-2020,2019,CTAS III - Urgent,3,Death,Acute Myocardial Infarction,Not Admitted,14,180,3.0,0
2019-2020,2019,Less urgent,3,Death,Acute Myocardial Infarction,Not Admitted,0,54,0.9,0
2019-2020,2019,Non-urgent,3,Death,Acute Myocardial Infarction,Not Admitted,0,720,12.0,0
2019-2020,2019,Unknown,3,Death,Acute Myocardial Infarction,Not Admitted,10,15,0.25,0
2019-2020,2019,CTAS III - Urgent,3,Death,Any,Not Admitted,1136,522,8.7,0
2019-2020,2019,Less urgent,3,Death,Any,Not Admitted,244,582,9.7,0
2019-2020,2019,Non-urgent,3,Death,Any,Not Admitted,3181,72,1.2,0
2019-2020,2019,Unknown,3,Death,Any,Not Admitted,119,30,0.5,0
2019-2020,2019,CTAS III - Urgent,3,Death,Asthma,Not Admitted,0,0,0.0,0
2019-2020,2019,Less urgent,3,Death,Asthma,Not Admitted,0,0,0.0,0
2019-2020,2019,Non-urgent,3,Death,Asthma,Not Admitted,0,0,0.0,0
2019-2020,2019,Unknown,3,Death,Asthma,Not Admitted,0,0,0.0,0
2019-2020,2019,CTAS III - Urgent,3,Death,Influenzal Pneumonia,Not Admitted,0,0,0.0,0
2019-2020,2019,Less urgent,3,Death,Influenzal Pneumonia,Not Admitted,0,0,0.0,0
2019-2020,2019,Non-urgent,3,Death,Influenzal Pneumonia,Not Admitted,0,0,0.0,0
2019-2020,2019,Unknown,3,Death,Influenzal Pneumonia,Not Admitted,0,0,0.0,0
2019-2020,2019,CTAS III - Urgent,3,Death,Motor Vehicle Collisions,Not Admitted,0,0,0.0,0
2019-2020,2019,Less urgent,3,Death,Motor Vehicle Collisions,Not Admitted,0,0,0.0,0
2019-2020,2019,Non-urgent,3,Death,Motor Vehicle Collisions,Not Admitted,0,468,7.8,0
2019-2020,2019,Unknown,3,Death,Motor Vehicle Collisions,Not Admitted,0,72,1.2,0
2019-2020,2019,CTAS III - Urgent,3,Death,Pneumonia,Not Admitted,15,288,4.8,0
2019-2020,2019,Less urgent,3,Death,Pneumonia,Not Admitted,0,0,0.0,0
2019-2020,2019,Non-urgent,3,Death,Pneumonia,Not Admitted,0,0,0.0,0
2019-2020,2019,Unknown,3,Death,Pneumonia,Not Admitted,0,0,0.0,0
2019-2020,2019,CTAS III - Urgent,3,Death,Trauma,Not Admitted,33,318,5.3,0
2019-2020,2019,Less urgent,3,Death,Trauma,Not Admitted,9,162,2.7,0
2019-2020,2019,Non-urgent,3,Death,Trauma,Not Admitted,0,468,7.8,0
2019-2020,2019,Unknown,3,Death,Trauma,Not Admitted,15,42,0.7,0
2019-2020,2019,CTAS III - Urgent,3,Death,Unintentional Falls,Not Admitted,23,318,5.3,0
2019-2020,2019,Less urgent,3,Death,Unintentional Falls,Not Admitted,5,432,7.2,0
2019-2020,2019,Non-urgent,3,Death,Unintentional Falls,Not Admitted,0,0,0.0,0
2019-2020,2019,Unknown,3,Death,Unintentional Falls,Not Admitted,0,429,7.15,0
2019-2020,2019,CTAS III - Urgent,3,Discharged Home,Acute Myocardial Infarction,Not Admitted,196,351,5.85,0
2019-2020,2019,Less urgent,3,Discharged Home,Acute Myocardial Infarction,Not Admitted,36,270,4.5,0
2019-2020,2019,Non-urgent,3,Discharged Home,Acute Myocardial Infarction,Not Admitted,14,195,3.25,0
2019-2020,2019,Unknown,3,Discharged Home,Acute Myocardial Infarction,Not Admitted,5,144,2.4,0
2019-2020,2019,CTAS III - Urgent,3,Discharged Home,Any,Not Admitted,5112235,204,3.4,0
2019-2020,2019,Less urgent,3,Discharged Home,Any,Not Admitted,3683621,150,2.5,0
2019-2020,2019,Non-urgent,3,Discharged Home,Any,Not Admitted,1181527,114,1.9,0
2019-2020,2019,Unknown,3,Discharged Home,Any,Not Admitted,51419,72,1.2,0
2019-2020,2019,CTAS III - Urgent,3,Discharged Home,Asthma,Not Admitted,25868,168,2.8,0
2019-2020,2019,Less urgent,3,Discharged Home,Asthma,Not Admitted,10081,120,2.0,0
2019-2020,2019,Non-urgent,3,Discharged Home,Asthma,Not Admitted,2030,108,1.8,0
2019-2020,2019,Unknown,3,Discharged Home,Asthma,Not Admitted,206,72,1.2,0
2019-2020,2019,CTAS III - Urgent,3,Discharged Home,Influenzal Pneumonia,Not Admitted,325,210,3.5,0
2019-2020,2019,Less urgent,3,Discharged Home,Influenzal Pneumonia,Not Admitted,98,168,2.8,0
2019-2020,2019,Non-urgent,3,Discharged Home,Influenzal Pneumonia,Not Admitted,26,129,2.15,0
2019-2020,2019,Unknown,3,Discharged Home,Influenzal Pneumonia,Not Admitted,0,0,0.0,0
2019-2020,2019,CTAS III - Urgent,3,Discharged Home,Motor Vehicle Collisions,Not Admitted,70671,162,2.7,0
2019-2020,2019,Less urgent,3,Discharged Home,Motor Vehicle Collisions,Not Admitted,34927,132,2.2,0
2019-2020,2019,Non-urgent,3,Discharged Home,Motor Vehicle Collisions,Not Admitted,5250,120,2.0,0
2019-2020,2019,Unknown,3,Discharged Home,Motor Vehicle Collisions,Not Admitted,510,96,1.6,0
2019-2020,2019,CTAS III - Urgent,3,Discharged Home,Pneumonia,Not Admitted,52181,192,3.2,0
2019-2020,2019,Less urgent,3,Discharged Home,Pneumonia,Not Admitted,17925,144,2.4,0
2019-2020,2019,Non-urgent,3,Discharged Home,Pneumonia,Not Admitted,3935,132,2.2,0
2019-2020,2019,Unknown,3,Discharged Home,Pneumonia,Not Admitted,308,102,1.7,0
2019-2020,2019,CTAS III - Urgent,3,Discharged Home,Trauma,Not Admitted,750318,144,2.4,0
2019-2020,2019,Less urgent,3,Discharged Home,Trauma,Not Admitted,656322,120,2.0,0
2019-2020,2019,Non-urgent,3,Discharged Home,Trauma,Not Admitted,149355,108,1.8,0
2019-2020,2019,Unknown,3,Discharged Home,Trauma,Not Admitted,6095,72,1.2,0
2019-2020,2019,CTAS III - Urgent,3,Discharged Home,Unintentional Falls,Not Admitted,274045,162,2.7,0
2019-2020,2019,Less urgent,3,Discharged Home,Unintentional Falls,Not Admitted,190517,132,2.2,0
2019-2020,2019,Non-urgent,3,Discharged Home,Unintentional Falls,Not Admitted,30297,120,2.0,0
2019-2020,2019,Unknown,3,Discharged Home,Unintentional Falls,Not Admitted,1580,84,1.4,0
2019-2020,2019,CTAS III - Urgent,3,Intra-Facility Transfer,Acute Myocardial Infarction,Not Admitted,11,186,3.1,0
2019-2020,2019,Less urgent,3,Intra-Facility Transfer,Acute Myocardial Infarction,Not Admitted,0,864,14.4,0
2019-2020,2019,Non-urgent,3,Intra-Facility Transfer,Acute Myocardial Infarction,Not Admitted,0,0,0.0,0
2019-2020,2019,Unknown,3,Intra-Facility Transfer,Acute Myocardial Infarction,Not Admitted,0,0,0.0,0
2019-2020,2019,CTAS III - Urgent,3,Intra-Facility Transfer,Any,Not Admitted,33552,162,2.7,0
2019-2020,2019,Less urgent,3,Intra-Facility Transfer,Any,Not Admitted,112264,30,0.5,0
2019-2020,2019,Non-urgent,3,Intra-Facility Transfer,Any,Not Admitted,74727,18,0.3,0
2019-2020,2019,Unknown,3,Intra-Facility Transfer,Any,Not Admitted,289,24,0.4,0
2019-2020,2019,CTAS III - Urgent,3,Intra-Facility Transfer,Asthma,Not Admitted,12,156,2.6,0
2019-2020,2019,Less urgent,3,Intra-Facility Transfer,Asthma,Not Admitted,0,339,5.65,0
2019-2020,2019,Non-urgent,3,Intra-Facility Transfer,Asthma,Not Admitted,0,0,0.0,0
2019-2020,2019,Unknown,3,Intra-Facility Transfer,Asthma,Not Admitted,0,0,0.0,0
2019-2020,2019,CTAS III - Urgent,3,Intra-Facility Transfer,Influenzal Pneumonia,Not Admitted,0,102,1.7,0
2019-2020,2019,Less urgent,3,Intra-Facility Transfer,Influenzal Pneumonia,Not Admitted,0,0,0.0,0
2019-2020,2019,Non-urgent,3,Intra-Facility Transfer,Influenzal Pneumonia,Not Admitted,0,0,0.0,0
2019-2020,2019,Unknown,3,Intra-Facility Transfer,Influenzal Pneumonia,Not Admitted,0,0,0.0,0
2019-2020,2019,CTAS III - Urgent,3,Intra-Facility Transfer,Motor Vehicle Collisions,Not Admitted,116,216,3.6,0
2019-2020,2019,Less urgent,3,Intra-Facility Transfer,Motor Vehicle Collisions,Not Admitted,47,282,4.7,0
2019-2020,2019,Non-urgent,3,Intra-Facility Transfer,Motor Vehicle Collisions,Not Admitted,17,204,3.4,0
2019-2020,2019,Unknown,3,Intra-Facility Transfer,Motor Vehicle Collisions,Not Admitted,0,24,0.4,0
2019-2020,2019,CTAS III - Urgent,3,Intra-Facility Transfer,Pneumonia,Not Admitted,42,249,4.15,0
2019-2020,2019,Less urgent,3,Intra-Facility Transfer,Pneumonia,Not Admitted,0,198,3.3,0
2019-2020,2019,Non-urgent,3,Intra-Facility Transfer,Pneumonia,Not Admitted,0,0,0.0,0
2019-2020,2019,Unknown,3,Intra-Facility Transfer,Pneumonia,Not Admitted,0,0,0.0,0
2019-2020,2019,CTAS III - Urgent,3,Intra-Facility Transfer,Trauma,Not Admitted,2342,210,3.5,0
2019-2020,2019,Less urgent,3,Intra-Facility Transfer,Trauma,Not Admitted,925,174,2.9,0
2019-2020,2019,Non-urgent,3,Intra-Facility Transfer,Trauma,Not Admitted,319,150,2.5,0
2019-2020,2019,Unknown,3,Intra-Facility Transfer,Trauma,Not Admitted,20,120,2.0,0
2019-2020,2019,CTAS III - Urgent,3,Intra-Facility Transfer,Unintentional Falls,Not Admitted,558,246,4.1,0
2019-2020,2019,Less urgent,3,Intra-Facility Transfer,Unintentional Falls,Not Admitted,257,168,2.8,0
2019-2020,2019,Non-urgent,3,Intra-Facility Transfer,Unintentional Falls,Not Admitted,61,138,2.3,0
2019-2020,2019,Unknown,3,Intra-Facility Transfer,Unintentional Falls,Not Admitted,5,54,0.9,0
2019-2020,2019,CTAS III - Urgent,3,Not Seen Or Left,Acute Myocardial Infarction,Not Admitted,27,378,6.3,0
2019-2020,2019,Less urgent,3,Not Seen Or Left,Acute Myocardial Infarction,Not Admitted,7,246,4.1,0
2019-2020,2019,Non-urgent,3,Not Seen Or Left,Acute Myocardial Infarction,Not Admitted,0,336,5.6,0
2019-2020,2019,Unknown,3,Not Seen Or Left,Acute Myocardial Infarction,Not Admitted,0,0,0.0,0
2019-2020,2019,CTAS III - Urgent,3,Not Seen Or Left,Any,Not Admitted,342535,168,2.8,0
2019-2020,2019,Less urgent,3,Not Seen Or Left,Any,Not Admitted,350295,168,2.8,0
2019-2020,2019,Non-urgent,3,Not Seen Or Left,Any,Not Admitted,166282,108,1.8,0
2019-2020,2019,Unknown,3,Not Seen Or Left,Any,Not Admitted,45874,36,0.6,0
2019-2020,2019,CTAS III - Urgent,3,Not Seen Or Left,Asthma,Not Admitted,284,144,2.4,0
2019-2020,2019,Less urgent,3,Not Seen Or Left,Asthma,Not Admitted,100,126,2.1,0
2019-2020,2019,Non-urgent,3,Not Seen Or Left,Asthma,Not Admitted,13,84,1.4,0
2019-2020,2019,Unknown,3,Not Seen Or Left,Asthma,Not Admitted,7,126,2.1,0
2019-2020,2019,CTAS III - Urgent,3,Not Seen Or Left,Influenzal Pneumonia,Not Admitted,0,156,2.6,0
2019-2020,2019,Less urgent,3,Not Seen Or Left,Influenzal Pneumonia,Not Admitted,0,258,4.3,0
2019-2020,2019,Non-urgent,3,Not Seen Or Left,Influenzal Pneumonia,Not Admitted,0,0,0.0,0
2019-2020,2019,Unknown,3,Not Seen Or Left,Influenzal Pneumonia,Not Admitted,0,0,0.0,0
2019-2020,2019,CTAS III - Urgent,3,Not Seen Or Left,Motor Vehicle Collisions,Not Admitted,2518,150,2.5,0
2019-2020,2019,Less urgent,3,Not Seen Or Left,Motor Vehicle Collisions,Not Admitted,1405,132,2.2,0
2019-2020,2019,Non-urgent,3,Not Seen Or Left,Motor Vehicle Collisions,Not Admitted,231,120,2.0,0
2019-2020,2019,Unknown,3,Not Seen Or Left,Motor Vehicle Collisions,Not Admitted,66,78,1.3,0
2019-2020,2019,CTAS III - Urgent,3,Not Seen Or Left,Pneumonia,Not Admitted,263,231,3.85,0
2019-2020,2019,Less urgent,3,Not Seen Or Left,Pneumonia,Not Admitted,83,210,3.5,0
2019-2020,2019,Non-urgent,3,Not Seen Or Left,Pneumonia,Not Admitted,20,210,3.5,0
2019-2020,2019,Unknown,3,Not Seen Or Left,Pneumonia,Not Admitted,16,207,3.45,0
2019-2020,2019,CTAS III - Urgent,3,Not Seen Or Left,Trauma,Not Admitted,28243,138,2.3,0
2019-2020,2019,Less urgent,3,Not Seen Or Left,Trauma,Not Admitted,27412,132,2.2,0
2019-2020,2019,Non-urgent,3,Not Seen Or Left,Trauma,Not Admitted,7639,108,1.8,0
2019-2020,2019,Unknown,3,Not Seen Or Left,Trauma,Not Admitted,2261,36,0.6,0
2019-2020,2019,CTAS III - Urgent,3,Not Seen Or Left,Unintentional Falls,Not Admitted,7766,150,2.5,0
2019-2020,2019,Less urgent,3,Not Seen Or Left,Unintentional Falls,Not Admitted,6471,138,2.3,0
2019-2020,2019,Non-urgent,3,Not Seen Or Left,Unintentional Falls,Not Admitted,988,114,1.9,0
2019-2020,2019,Unknown,3,Not Seen Or Left,Unintentional Falls,Not Admitted,179,36,0.6,0
2019-2020,2019,CTAS III - Urgent,3,Total,Acute Myocardial Infarction,Not Admitted,4905,516,8.6,0
2019-2020,2019,Less urgent,3,Total,Acute Myocardial Infarction,Not Admitted,524,456,7.6,0
2019-2020,2019,Non-urgent,3,Total,Acute Myocardial Infarction,Not Admitted,84,345,5.75,0
2019-2020,2019,Unknown,3,Total,Acute Myocardial Infarction,Not Admitted,120,150,2.5,0
2019-2020,2019,CTAS III - Urgent,3,Total,Any,Not Admitted,6393422,222,3.7,0
2019-2020,2019,Less urgent,3,Total,Any,Not Admitted,4338405,156,2.6,0
2019-2020,2019,Non-urgent,3,Total,Any,Not Admitted,1469305,114,1.9,0
2019-2020,2019,Unknown,3,Total,Any,Not Admitted,104059,78,1.3,0
2019-2020,2019,CTAS III - Urgent,3,Total,Asthma,Not Admitted,27856,180,3.0,0
2019-2020,2019,Less urgent,3,Total,Asthma,Not Admitted,10293,126,2.1,0
2019-2020,2019,Non-urgent,3,Total,Asthma,Not Admitted,2050,108,1.8,0
2019-2020,2019,Unknown,3,Total,Asthma,Not Admitted,236,84,1.4,0
2019-2020,2019,CTAS III - Urgent,3,Total,Influenzal Pneumonia,Not Admitted,474,270,4.5,0
2019-2020,2019,Less urgent,3,Total,Influenzal Pneumonia,Not Admitted,110,195,3.25,0
2019-2020,2019,Non-urgent,3,Total,Influenzal Pneumonia,Not Admitted,26,138,2.3,0
2019-2020,2019,Unknown,3,Total,Influenzal Pneumonia,Not Admitted,0,1746,29.1,0
2019-2020,2019,CTAS III - Urgent,3,Total,Motor Vehicle Collisions,Not Admitted,76905,162,2.7,0
2019-2020,2019,Less urgent,3,Total,Motor Vehicle Collisions,Not Admitted,37013,132,2.2,0
2019-2020,2019,Non-urgent,3,Total,Motor Vehicle Collisions,Not Admitted,5603,126,2.1,0
2019-2020,2019,Unknown,3,Total,Motor Vehicle Collisions,Not Admitted,720,108,1.8,0
2019-2020,2019,CTAS III - Urgent,3,Total,Pneumonia,Not Admitted,70307,234,3.9,0
2019-2020,2019,Less urgent,3,Total,Pneumonia,Not Admitted,19486,150,2.5,0
2019-2020,2019,Non-urgent,3,Total,Pneumonia,Not Admitted,4153,138,2.3,0
2019-2020,2019,Unknown,3,Total,Pneumonia,Not Admitted,523,144,2.4,0
2019-2020,2019,CTAS III - Urgent,3,Total,Trauma,Not Admitted,855748,156,2.6,0
2019-2020,2019,Less urgent,3,Total,Trauma,Not Admitted,700877,120,2.0,0
2019-2020,2019,Non-urgent,3,Total,Trauma,Not Admitted,160075,108,1.8,0
2019-2020,2019,Unknown,3,Total,Trauma,Not Admitted,9064,78,1.3,0
2019-2020,2019,CTAS III - Urgent,3,Total,Unintentional Falls,Not Admitted,337537,180,3.0,0
2019-2020,2019,Less urgent,3,Total,Unintentional Falls,Not Admitted,207332,132,2.2,0
2019-2020,2019,Non-urgent,3,Total,Unintentional Falls,Not Admitted,32764,126,2.1,0
2019-2020,2019,Unknown,3,Total,Unintentional Falls,Not Admitted,2070,96,1.6,0
2019-2020,2019,CTAS III - Urgent,3,Transferred,Acute Myocardial Infarction,Not Admitted,908,240,4.0,0
2019-2020,2019,Less urgent,3,Transferred,Acute Myocardial Infarction,Not Admitted,128,288,4.8,0
2019-2020,2019,Non-urgent,3,Transferred,Acute Myocardial Infarction,Not Admitted,26,282,4.7,0
2019-2020,2019,Unknown,3,Transferred,Acute Myocardial Infarction,Not Admitted,42,132,2.2,0
2019-2020,2019,CTAS III - Urgent,3,Transferred,Any,Not Admitted,170433,336,5.6,0
2019-2020,2019,Less urgent,3,Transferred,Any,Not Admitted,50920,264,4.4,0
2019-2020,2019,Non-urgent,3,Transferred,Any,Not Admitted,14230,192,3.2,0
2019-2020,2019,Unknown,3,Transferred,Any,Not Admitted,1865,138,2.3,0
2019-2020,2019,CTAS III - Urgent,3,Transferred,Asthma,Not Admitted,253,282,4.7,0
2019-2020,2019,Less urgent,3,Transferred,Asthma,Not Admitted,33,234,3.9,0
2019-2020,2019,Non-urgent,3,Transferred,Asthma,Not Admitted,0,30,0.5,0
2019-2020,2019,Unknown,3,Transferred,Asthma,Not Admitted,7,174,2.9,0
2019-2020,2019,CTAS III - Urgent,3,Transferred,Influenzal Pneumonia,Not Admitted,14,321,5.35,0
2019-2020,2019,Less urgent,3,Transferred,Influenzal Pneumonia,Not Admitted,0,612,10.2,0
2019-2020,2019,Non-urgent,3,Transferred,Influenzal Pneumonia,Not Admitted,0,420,7.0,0
2019-2020,2019,Unknown,3,Transferred,Influenzal Pneumonia,Not Admitted,0,0,0.0,0
2019-2020,2019,CTAS III - Urgent,3,Transferred,Motor Vehicle Collisions,Not Admitted,1274,234,3.9,0
2019-2020,2019,Less urgent,3,Transferred,Motor Vehicle Collisions,Not Admitted,239,201,3.35,0
2019-2020,2019,Non-urgent,3,Transferred,Motor Vehicle Collisions,Not Admitted,38,174,2.9,0
2019-2020,2019,Unknown,3,Transferred,Motor Vehicle Collisions,Not Admitted,88,135,2.25,0
2019-2020,2019,CTAS III - Urgent,3,Transferred,Pneumonia,Not Admitted,2544,342,5.7,0
2019-2020,2019,Less urgent,3,Transferred,Pneumonia,Not Admitted,335,276,4.6,0
2019-2020,2019,Non-urgent,3,Transferred,Pneumonia,Not Admitted,63,252,4.2,0
2019-2020,2019,Unknown,3,Transferred,Pneumonia,Not Admitted,22,225,3.75,0
2019-2020,2019,CTAS III - Urgent,3,Transferred,Trauma,Not Admitted,30710,288,4.8,0
2019-2020,2019,Less urgent,3,Transferred,Trauma,Not Admitted,9280,204,3.4,0
2019-2020,2019,Non-urgent,3,Transferred,Trauma,Not Admitted,1599,168,2.8,0
2019-2020,2019,Unknown,3,Transferred,Trauma,Not Admitted,329,138,2.3,0
2019-2020,2019,CTAS III - Urgent,3,Transferred,Unintentional Falls,Not Admitted,21204,318,5.3,0
2019-2020,2019,Less urgent,3,Transferred,Unintentional Falls,Not Admitted,5313,240,4.0,0
2019-2020,2019,Non-urgent,3,Transferred,Unintentional Falls,Not Admitted,701,213,3.55,0
2019-2020,2019,Unknown,3,Transferred,Unintentional Falls,Not Admitted,121,192,3.2,0
2019-2020,2019,CTAS III - Urgent,3,Unknown,Acute Myocardial Infarction,Not Admitted,0,0,0.0,0
2019-2020,2019,Less urgent,3,Unknown,Acute Myocardial Infarction,Not Admitted,0,0,0.0,0
2019-2020,2019,Non-urgent,3,Unknown,Acute Myocardial Infarction,Not Admitted,0,0,0.0,0
2019-2020,2019,Unknown,3,Unknown,Acute Myocardial Infarction,Not Admitted,0,0,0.0,0
2019-2020,2019,CTAS III - Urgent,3,Unknown,Any,Not Admitted,0,0,0.0,0
2019-2020,2019,Less urgent,3,Unknown,Any,Not Admitted,0,0,0.0,0
2019-2020,2019,Non-urgent,3,Unknown,Any,Not Admitted,0,0,0.0,0
2019-2020,2019,Unknown,3,Unknown,Any,Not Admitted,0,0,0.0,0
2019-2020,2019,CTAS III - Urgent,3,Unknown,Asthma,Not Admitted,0,0,0.0,0
2019-2020,2019,Less urgent,3,Unknown,Asthma,Not Admitted,0,0,0.0,0
2019-2020,2019,Non-urgent,3,Unknown,Asthma,Not Admitted,0,0,0.0,0
2019-2020,2019,Unknown,3,Unknown,Asthma,Not Admitted,0,0,0.0,0
2019-2020,2019,CTAS III - Urgent,3,Unknown,Influenzal Pneumonia,Not Admitted,0,0,0.0,0
2019-2020,2019,Less urgent,3,Unknown,Influenzal Pneumonia,Not Admitted,0,0,0.0,0
2019-2020,2019,Non-urgent,3,Unknown,Influenzal Pneumonia,Not Admitted,0,0,0.0,0
2019-2020,2019,Unknown,3,Unknown,Influenzal Pneumonia,Not Admitted,0,0,0.0,0
2019-2020,2019,CTAS III - Urgent,3,Unknown,Motor Vehicle Collisions,Not Admitted,0,0,0.0,0
2019-2020,2019,Less urgent,3,Unknown,Motor Vehicle Collisions,Not Admitted,0,0,0.0,0
2019-2020,2019,Non-urgent,3,Unknown,Motor Vehicle Collisions,Not Admitted,0,0,0.0,0
2019-2020,2019,Unknown,3,Unknown,Motor Vehicle Collisions,Not Admitted,0,0,0.0,0
2019-2020,2019,CTAS III - Urgent,3,Unknown,Pneumonia,Not Admitted,0,0,0.0,0
2019-2020,2019,Less urgent,3,Unknown,Pneumonia,Not Admitted,0,0,0.0,0
2019-2020,2019,Non-urgent,3,Unknown,Pneumonia,Not Admitted,0,0,0.0,0
2019-2020,2019,Unknown,3,Unknown,Pneumonia,Not Admitted,0,0,0.0,0
2019-2020,2019,CTAS III - Urgent,3,Unknown,Trauma,Not Admitted,0,0,0.0,0
2019-2020,2019,Less urgent,3,Unknown,Trauma,Not Admitted,0,0,0.0,0
2019-2020,2019,Non-urgent,3,Unknown,Trauma,Not Admitted,0,0,0.0,0
2019-2020,2019,Unknown,3,Unknown,Trauma,Not Admitted,0,0,0.0,0
2019-2020,2019,CTAS III - Urgent,3,Unknown,Unintentional Falls,Not Admitted,0,0,0.0,0
2019-2020,2019,Less urgent,3,Unknown,Unintentional Falls,Not Admitted,0,0,0.0,0
2019-2020,2019,Non-urgent,3,Unknown,Unintentional Falls,Not Admitted,0,0,0.0,0
2019-2020,2019,Unknown,3,Unknown,Unintentional Falls,Not Admitted,0,0,0.0,0
2018-2019,2018,CTAS I - Resuscitation,1,Admitted,Acute Myocardial Infarction,Admitted,1377,96,1.6,1
2018-2019,2018,CTAS I - Resuscitation,1,Admitted,Any,Admitted,72524,384,6.4,1
2018-2019,2018,CTAS I - Resuscitation,1,Admitted,Asthma,Admitted,818,435,7.25,1
2018-2019,2018,CTAS I - Resuscitation,1,Admitted,Influenzal Pneumonia,Admitted,22,528,8.8,1
2018-2019,2018,CTAS I - Resuscitation,1,Admitted,Motor Vehicle Collisions,Admitted,2983,300,5.0,1
2018-2019,2018,CTAS I - Resuscitation,1,Admitted,Pneumonia,Admitted,2064,540,9.0,1
2018-2019,2018,CTAS I - Resuscitation,1,Admitted,Trauma,Admitted,7853,300,5.0,1
2018-2019,2018,CTAS I - Resuscitation,1,Admitted,Unintentional Falls,Admitted,2123,378,6.3,1
2018-2019,2018,CTAS I - Resuscitation,1,Death,Acute Myocardial Infarction,Not Admitted,363,36,0.6,0
2018-2019,2018,CTAS I - Resuscitation,1,Death,Any,Not Admitted,10071,36,0.6,0
2018-2019,2018,CTAS I - Resuscitation,1,Death,Asthma,Not Admitted,5,66,1.1,0
2018-2019,2018,CTAS I - Resuscitation,1,Death,Influenzal Pneumonia,Not Admitted,0,0,0.0,0
2018-2019,2018,CTAS I - Resuscitation,1,Death,Motor Vehicle Collisions,Not Admitted,211,30,0.5,0
2018-2019,2018,CTAS I - Resuscitation,1,Death,Pneumonia,Not Admitted,37,156,2.6,0
2018-2019,2018,CTAS I - Resuscitation,1,Death,Trauma,Not Admitted,688,36,0.6,0
2018-2019,2018,CTAS I - Resuscitation,1,Death,Unintentional Falls,Not Admitted,109,120,2.0,0
2018-2019,2018,CTAS I - Resuscitation,1,Discharged Home,Acute Myocardial Infarction,Not Admitted,15,192,3.2,0
2018-2019,2018,CTAS I - Resuscitation,1,Discharged Home,Any,Not Admitted,35574,276,4.6,0
2018-2019,2018,CTAS I - Resuscitation,1,Discharged Home,Asthma,Not Admitted,685,210,3.5,0
2018-2019,2018,CTAS I - Resuscitation,1,Discharged Home,Influenzal Pneumonia,Not Admitted,0,93,1.55,0
2018-2019,2018,CTAS I - Resuscitation,1,Discharged Home,Motor Vehicle Collisions,Not Admitted,679,291,4.85,0
2018-2019,2018,CTAS I - Resuscitation,1,Discharged Home,Pneumonia,Not Admitted,486,174,2.9,0
2018-2019,2018,CTAS I - Resuscitation,1,Discharged Home,Trauma,Not Admitted,3944,240,4.0,0
2018-2019,2018,CTAS I - Resuscitation,1,Discharged Home,Unintentional Falls,Not Admitted,690,252,4.2,0
2018-2019,2018,CTAS I - Resuscitation,1,Intra-Facility Transfer,Acute Myocardial Infarction,Not Admitted,6,48,0.8,0
2018-2019,2018,CTAS I - Resuscitation,1,Intra-Facility Transfer,Any,Not Admitted,390,120,2.0,0
2018-2019,2018,CTAS I - Resuscitation,1,Intra-Facility Transfer,Asthma,Not Admitted,0,234,3.9,0
2018-2019,2018,CTAS I - Resuscitation,1,Intra-Facility Transfer,Influenzal Pneumonia,Not Admitted,0,0,0.0,0
2018-2019,2018,CTAS I - Resuscitation,1,Intra-Facility Transfer,Motor Vehicle Collisions,Not Admitted,10,75,1.25,0
2018-2019,2018,CTAS I - Resuscitation,1,Intra-Facility Transfer,Pneumonia,Not Admitted,0,204,3.4,0
2018-2019,2018,CTAS I - Resuscitation,1,Intra-Facility Transfer,Trauma,Not Admitted,71,126,2.1,0
2018-2019,2018,CTAS I - Resuscitation,1,Intra-Facility Transfer,Unintentional Falls,Not Admitted,7,258,4.3,0
2018-2019,2018,CTAS I - Resuscitation,1,Not Seen Or Left,Acute Myocardial Infarction,Not Admitted,0,96,1.6,0
2018-2019,2018,CTAS I - Resuscitation,1,Not Seen Or Left,Any,Not Admitted,1024,174,2.9,0
2018-2019,2018,CTAS I - Resuscitation,1,Not Seen Or Left,Asthma,Not Admitted,10,177,2.95,0
2018-2019,2018,CTAS I - Resuscitation,1,Not Seen Or Left,Influenzal Pneumonia,Not Admitted,0,0,0.0,0
2018-2019,2018,CTAS I - Resuscitation,1,Not Seen Or Left,Motor Vehicle Collisions,Not Admitted,23,252,4.2,0
2018-2019,2018,CTAS I - Resuscitation,1,Not Seen Or Left,Pneumonia,Not Admitted,7,336,5.6,0
2018-2019,2018,CTAS I - Resuscitation,1,Not Seen Or Left,Trauma,Not Admitted,119,186,3.1,0
2018-2019,2018,CTAS I - Resuscitation,1,Not Seen Or Left,Unintentional Falls,Not Admitted,16,228,3.8,0
2018-2019,2018,CTAS I - Resuscitation,1,Total,Acute Myocardial Infarction,Not Admitted,2481,78,1.3,0
2018-2019,2018,CTAS I - Resuscitation,1,Total,Any,Not Admitted,132792,288,4.8,0
2018-2019,2018,CTAS I - Resuscitation,1,Total,Asthma,Not Admitted,1645,294,4.9,0
2018-2019,2018,CTAS I - Resuscitation,1,Total,Influenzal Pneumonia,Not Admitted,22,438,7.3,0
2018-2019,2018,CTAS I - Resuscitation,1,Total,Motor Vehicle Collisions,Not Admitted,4528,252,4.2,0
2018-2019,2018,CTAS I - Resuscitation,1,Total,Pneumonia,Not Admitted,2831,390,6.5,0
2018-2019,2018,CTAS I - Resuscitation,1,Total,Trauma,Not Admitted,14425,240,4.0,0
2018-2019,2018,CTAS I - Resuscitation,1,Total,Unintentional Falls,Not Admitted,3341,300,5.0,0
2018-2019,2018,CTAS I - Resuscitation,1,Transferred,Acute Myocardial Infarction,Not Admitted,720,72,1.2,0
2018-2019,2018,CTAS I - Resuscitation,1,Transferred,Any,Not Admitted,13209,186,3.1,0
2018-2019,2018,CTAS I - Resuscitation,1,Transferred,Asthma,Not Admitted,127,240,4.0,0
2018-2019,2018,CTAS I - Resuscitation,1,Transferred,Influenzal Pneumonia,Not Admitted,0,384,6.4,0
2018-2019,2018,CTAS I - Resuscitation,1,Transferred,Motor Vehicle Collisions,Not Admitted,622,120,2.0,0
2018-2019,2018,CTAS I - Resuscitation,1,Transferred,Pneumonia,Not Admitted,237,252,4.2,0
2018-2019,2018,CTAS I - Resuscitation,1,Transferred,Trauma,Not Admitted,1750,144,2.4,0
2018-2019,2018,CTAS I - Resuscitation,1,Transferred,Unintentional Falls,Not Admitted,396,186,3.1,0
2018-2019,2018,CTAS I - Resuscitation,1,Unknown,Acute Myocardial Infarction,Not Admitted,0,0,0.0,0
2018-2019,2018,CTAS I - Resuscitation,1,Unknown,Any,Not Admitted,0,0,0.0,0
2018-2019,2018,CTAS I - Resuscitation,1,Unknown,Asthma,Not Admitted,0,0,0.0,0
2018-2019,2018,CTAS I - Resuscitation,1,Unknown,Influenzal Pneumonia,Not Admitted,0,0,0.0,0
2018-2019,2018,CTAS I - Resuscitation,1,Unknown,Motor Vehicle Collisions,Not Admitted,0,0,0.0,0
2018-2019,2018,CTAS I - Resuscitation,1,Unknown,Pneumonia,Not Admitted,0,0,0.0,0
2018-2019,2018,CTAS I - Resuscitation,1,Unknown,Trauma,Not Admitted,0,0,0.0,0
2018-2019,2018,CTAS I - Resuscitation,1,Unknown,Unintentional Falls,Not Admitted,0,0,0.0,0
2018-2019,2018,CTAS II - Emergent,2,Admitted,Acute Myocardial Infarction,Admitted,13117,528,8.8,1
2018-2019,2018,CTAS II - Emergent,2,Admitted,Any,Admitted,603396,684,11.4,1
2018-2019,2018,CTAS II - Emergent,2,Admitted,Asthma,Admitted,3688,546,9.1,1
2018-2019,2018,CTAS II - Emergent,2,Admitted,Influenzal Pneumonia,Admitted,136,681,11.35,1
2018-2019,2018,CTAS II - Emergent,2,Admitted,Motor Vehicle Collisions,Admitted,4288,426,7.1,1
2018-2019,2018,CTAS II - Emergent,2,Admitted,Pneumonia,Admitted,18741,762,12.7,1
2018-2019,2018,CTAS II - Emergent,2,Admitted,Trauma,Admitted,27690,516,8.6,1
2018-2019,2018,CTAS II - Emergent,2,Admitted,Unintentional Falls,Admitted,15789,576,9.6,1
2018-2019,2018,CTAS II - Emergent,2,Death,Acute Myocardial Infarction,Not Admitted,83,132,2.2,0
2018-2019,2018,CTAS II - Emergent,2,Death,Any,Not Admitted,2119,276,4.6,0
2018-2019,2018,CTAS II - Emergent,2,Death,Asthma,Not Admitted,0,0,0.0,0
2018-2019,2018,CTAS II - Emergent,2,Death,Influenzal Pneumonia,Not Admitted,0,0,0.0,0
2018-2019,2018,CTAS II - Emergent,2,Death,Motor Vehicle Collisions,Not Admitted,5,210,3.5,0
2018-2019,2018,CTAS II - Emergent,2,Death,Pneumonia,Not Admitted,34,351,5.85,0
2018-2019,2018,CTAS II - Emergent,2,Death,Trauma,Not Admitted,41,294,4.9,0
2018-2019,2018,CTAS II - Emergent,2,Death,Unintentional Falls,Not Admitted,24,306,5.1,0
2018-2019,2018,CTAS II - Emergent,2,Discharged Home,Acute Myocardial Infarction,Not Admitted,455,294,4.9,0
2018-2019,2018,CTAS II - Emergent,2,Discharged Home,Any,Not Admitted,1695142,240,4.0,0
2018-2019,2018,CTAS II - Emergent,2,Discharged Home,Asthma,Not Admitted,13875,210,3.5,0
2018-2019,2018,CTAS II - Emergent,2,Discharged Home,Influenzal Pneumonia,Not Admitted,102,246,4.1,0
2018-2019,2018,CTAS II - Emergent,2,Discharged Home,Motor Vehicle Collisions,Not Admitted,26219,198,3.3,0
2018-2019,2018,CTAS II - Emergent,2,Discharged Home,Pneumonia,Not Admitted,18267,222,3.7,0
2018-2019,2018,CTAS II - Emergent,2,Discharged Home,Trauma,Not Admitted,173476,174,2.9,0
2018-2019,2018,CTAS II - Emergent,2,Discharged Home,Unintentional Falls,Not Admitted,57031,192,3.2,0
2018-2019,2018,CTAS II - Emergent,2,Intra-Facility Transfer,Acute Myocardial Infarction,Not Admitted,57,84,1.4,0
2018-2019,2018,CTAS II - Emergent,2,Intra-Facility Transfer,Any,Not Admitted,14073,204,3.4,0
2018-2019,2018,CTAS II - Emergent,2,Intra-Facility Transfer,Asthma,Not Admitted,42,189,3.15,0
2018-2019,2018,CTAS II - Emergent,2,Intra-Facility Transfer,Influenzal Pneumonia,Not Admitted,0,0,0.0,0
2018-2019,2018,CTAS II - Emergent,2,Intra-Facility Transfer,Motor Vehicle Collisions,Not Admitted,73,204,3.4,0
2018-2019,2018,CTAS II - Emergent,2,Intra-Facility Transfer,Pneumonia,Not Admitted,35,216,3.6,0
2018-2019,2018,CTAS II - Emergent,2,Intra-Facility Transfer,Trauma,Not Admitted,1255,210,3.5,0
2018-2019,2018,CTAS II - Emergent,2,Intra-Facility Transfer,Unintentional Falls,Not Admitted,262,234,3.9,0
2018-2019,2018,CTAS II - Emergent,2,Not Seen Or Left,Acute Myocardial Infarction,Not Admitted,94,294,4.9,0
2018-2019,2018,CTAS II - Emergent,2,Not Seen Or Left,Any,Not Admitted,63261,156,2.6,0
2018-2019,2018,CTAS II - Emergent,2,Not Seen Or Left,Asthma,Not Admitted,142,192,3.2,0
2018-2019,2018,CTAS II - Emergent,2,Not Seen Or Left,Influenzal Pneumonia,Not Admitted,0,0,0.0,0
2018-2019,2018,CTAS II - Emergent,2,Not Seen Or Left,Motor Vehicle Collisions,Not Admitted,550,168,2.8,0
2018-2019,2018,CTAS II - Emergent,2,Not Seen Or Left,Pneumonia,Not Admitted,127,297,4.95,0
2018-2019,2018,CTAS II - Emergent,2,Not Seen Or Left,Trauma,Not Admitted,4415,144,2.4,0
2018-2019,2018,CTAS II - Emergent,2,Not Seen Or Left,Unintentional Falls,Not Admitted,1148,156,2.6,0
2018-2019,2018,CTAS II - Emergent,2,Total,Acute Myocardial Infarction,Not Admitted,18437,396,6.6,0
2018-2019,2018,CTAS II - Emergent,2,Total,Any,Not Admitted,2486681,288,4.8,0
2018-2019,2018,CTAS II - Emergent,2,Total,Asthma,Not Admitted,18203,240,4.0,0
2018-2019,2018,CTAS II - Emergent,2,Total,Influenzal Pneumonia,Not Admitted,251,369,6.15,0
2018-2019,2018,CTAS II - Emergent,2,Total,Motor Vehicle Collisions,Not Admitted,33228,216,3.6,0
2018-2019,2018,CTAS II - Emergent,2,Total,Pneumonia,Not Admitted,39148,360,6.0,0
2018-2019,2018,CTAS II - Emergent,2,Total,Trauma,Not Admitted,220177,198,3.3,0
2018-2019,2018,CTAS II - Emergent,2,Total,Unintentional Falls,Not Admitted,80894,234,3.9,0
2018-2019,2018,CTAS II - Emergent,2,Transferred,Acute Myocardial Infarction,Not Admitted,4631,132,2.2,0
2018-2019,2018,CTAS II - Emergent,2,Transferred,Any,Not Admitted,108690,300,5.0,0
2018-2019,2018,CTAS II - Emergent,2,Transferred,Asthma,Not Admitted,456,327,5.45,0
2018-2019,2018,CTAS II - Emergent,2,Transferred,Influenzal Pneumonia,Not Admitted,13,330,5.5,0
2018-2019,2018,CTAS II - Emergent,2,Transferred,Motor Vehicle Collisions,Not Admitted,2093,204,3.4,0
2018-2019,2018,CTAS II - Emergent,2,Transferred,Pneumonia,Not Admitted,1944,306,5.1,0
2018-2019,2018,CTAS II - Emergent,2,Transferred,Trauma,Not Admitted,13300,246,4.1,0
2018-2019,2018,CTAS II - Emergent,2,Transferred,Unintentional Falls,Not Admitted,6640,294,4.9,0
2018-2019,2018,CTAS II - Emergent,2,Unknown,Acute Myocardial Infarction,Not Admitted,0,0,0.0,0
2018-2019,2018,CTAS II - Emergent,2,Unknown,Any,Not Admitted,0,0,0.0,0
2018-2019,2018,CTAS II - Emergent,2,Unknown,Asthma,Not Admitted,0,0,0.0,0
2018-2019,2018,CTAS II - Emergent,2,Unknown,Influenzal Pneumonia,Not Admitted,0,0,0.0,0
2018-2019,2018,CTAS II - Emergent,2,Unknown,Motor Vehicle Collisions,Not Admitted,0,0,0.0,0
2018-2019,2018,CTAS II - Emergent,2,Unknown,Pneumonia,Not Admitted,0,0,0.0,0
2018-2019,2018,CTAS II - Emergent,2,Unknown,Trauma,Not Admitted,0,0,0.0,0
2018-2019,2018,CTAS II - Emergent,2,Unknown,Unintentional Falls,Not Admitted,0,0,0.0,0
2018-2019,2018,CTAS III - Urgent,3,Admitted,Acute Myocardial Infarction,Admitted,4010,630,10.5,1
2018-2019,2018,Less urgent,3,Admitted,Acute Myocardial Infarction,Admitted,382,549,9.15,1
2018-2019,2018,Non-urgent,3,Admitted,Acute Myocardial Infarction,Admitted,54,537,8.95,1
2018-2019,2018,Unknown,3,Admitted,Acute Myocardial Infarction,Admitted,56,189,3.15,1
2018-2019,2018,CTAS III - Urgent,3,Admitted,Any,Admitted,739068,750,12.5,1
2018-2019,2018,Less urgent,3,Admitted,Any,Admitted,152604,786,13.1,1
2018-2019,2018,Non-urgent,3,Admitted,Any,Admitted,30646,498,8.3,1
2018-2019,2018,Unknown,3,Admitted,Any,Admitted,4765,228,3.8,1
2018-2019,2018,CTAS III - Urgent,3,Admitted,Asthma,Admitted,1428,618,10.3,1
2018-2019,2018,Less urgent,3,Admitted,Asthma,Admitted,81,618,10.3,1
2018-2019,2018,Non-urgent,3,Admitted,Asthma,Admitted,12,507,8.45,1
2018-2019,2018,Unknown,3,Admitted,Asthma,Admitted,14,270,4.5,1
2018-2019,2018,CTAS III - Urgent,3,Admitted,Influenzal Pneumonia,Admitted,103,858,14.3,1
2018-2019,2018,Less urgent,3,Admitted,Influenzal Pneumonia,Admitted,9,558,9.3,1
2018-2019,2018,Non-urgent,3,Admitted,Influenzal Pneumonia,Admitted,0,789,13.15,1
2018-2019,2018,Unknown,3,Admitted,Influenzal Pneumonia,Admitted,0,0,0.0,1
2018-2019,2018,CTAS III - Urgent,3,Admitted,Motor Vehicle Collisions,Admitted,2415,468,7.8,1
2018-2019,2018,Less urgent,3,Admitted,Motor Vehicle Collisions,Admitted,461,390,6.5,1
2018-2019,2018,Non-urgent,3,Admitted,Motor Vehicle Collisions,Admitted,60,330,5.5,1
2018-2019,2018,Unknown,3,Admitted,Motor Vehicle Collisions,Admitted,53,258,4.3,1
2018-2019,2018,CTAS III - Urgent,3,Admitted,Pneumonia,Admitted,14555,744,12.4,1
2018-2019,2018,Less urgent,3,Admitted,Pneumonia,Admitted,1287,486,8.1,1
2018-2019,2018,Non-urgent,3,Admitted,Pneumonia,Admitted,117,474,7.9,1
2018-2019,2018,Unknown,3,Admitted,Pneumonia,Admitted,170,204,3.4,1
2018-2019,2018,CTAS III - Urgent,3,Admitted,Trauma,Admitted,43752,540,9.0,1
2018-2019,2018,Less urgent,3,Admitted,Trauma,Admitted,7932,456,7.6,1
2018-2019,2018,Non-urgent,3,Admitted,Trauma,Admitted,1134,372,6.2,1
2018-2019,2018,Unknown,3,Admitted,Trauma,Admitted,332,228,3.8,1
2018-2019,2018,CTAS III - Urgent,3,Admitted,Unintentional Falls,Admitted,33292,552,9.2,1
2018-2019,2018,Less urgent,3,Admitted,Unintentional Falls,Admitted,5456,486,8.1,1
2018-2019,2018,Non-urgent,3,Admitted,Unintentional Falls,Admitted,728,414,6.9,1
2018-2019,2018,Unknown,3,Admitted,Unintentional Falls,Admitted,186,228,3.8,1
2018-2019,2018,CTAS III - Urgent,3,Death,Acute Myocardial Infarction,Not Admitted,22,162,2.7,0
2018-2019,2018,Less urgent,3,Death,Acute Myocardial Infarction,Not Admitted,0,417,6.95,0
2018-2019,2018,Non-urgent,3,Death,Acute Myocardial Infarction,Not Admitted,0,0,0.0,0
2018-2019,2018,Unknown,3,Death,Acute Myocardial Infarction,Not Admitted,7,36,0.6,0
2018-2019,2018,CTAS III - Urgent,3,Death,Any,Not Admitted,1007,447,7.45,0
2018-2019,2018,Less urgent,3,Death,Any,Not Admitted,285,384,6.4,0
2018-2019,2018,Non-urgent,3,Death,Any,Not Admitted,3296,72,1.2,0
2018-2019,2018,Unknown,3,Death,Any,Not Admitted,129,18,0.3,0
2018-2019,2018,CTAS III - Urgent,3,Death,Asthma,Not Admitted,0,222,3.7,0
2018-2019,2018,Less urgent,3,Death,Asthma,Not Admitted,0,0,0.0,0
2018-2019,2018,Non-urgent,3,Death,Asthma,Not Admitted,0,0,0.0,0
2018-2019,2018,Unknown,3,Death,Asthma,Not Admitted,0,0,0.0,0
2018-2019,2018,CTAS III - Urgent,3,Death,Influenzal Pneumonia,Not Admitted,0,0,0.0,0
2018-2019,2018,Less urgent,3,Death,Influenzal Pneumonia,Not Admitted,0,0,0.0,0
2018-2019,2018,Non-urgent,3,Death,Influenzal Pneumonia,Not Admitted,0,0,0.0,0
2018-2019,2018,Unknown,3,Death,Influenzal Pneumonia,Not Admitted,0,0,0.0,0
2018-2019,2018,CTAS III - Urgent,3,Death,Motor Vehicle Collisions,Not Admitted,0,141,2.35,0
2018-2019,2018,Less urgent,3,Death,Motor Vehicle Collisions,Not Admitted,0,36,0.6,0
2018-2019,2018,Non-urgent,3,Death,Motor Vehicle Collisions,Not Admitted,0,0,0.0,0
2018-2019,2018,Unknown,3,Death,Motor Vehicle Collisions,Not Admitted,0,66,1.1,0
2018-2019,2018,CTAS III - Urgent,3,Death,Pneumonia,Not Admitted,15,318,5.3,0
2018-2019,2018,Less urgent,3,Death,Pneumonia,Not Admitted,0,198,3.3,0
2018-2019,2018,Non-urgent,3,Death,Pneumonia,Not Admitted,0,18,0.3,0
2018-2019,2018,Unknown,3,Death,Pneumonia,Not Admitted,0,144,2.4,0
2018-2019,2018,CTAS III - Urgent,3,Death,Trauma,Not Admitted,21,342,5.7,0
2018-2019,2018,Less urgent,3,Death,Trauma,Not Admitted,7,108,1.8,0
2018-2019,2018,Non-urgent,3,Death,Trauma,Not Admitted,6,90,1.5,0
2018-2019,2018,Unknown,3,Death,Trauma,Not Admitted,11,36,0.6,0
2018-2019,2018,CTAS III - Urgent,3,Death,Unintentional Falls,Not Admitted,13,348,5.8,0
2018-2019,2018,Less urgent,3,Death,Unintentional Falls,Not Admitted,0,138,2.3,0
2018-2019,2018,Non-urgent,3,Death,Unintentional Falls,Not Admitted,0,294,4.9,0
2018-2019,2018,Unknown,3,Death,Unintentional Falls,Not Admitted,0,174,2.9,0
2018-2019,2018,CTAS III - Urgent,3,Discharged Home,Acute Myocardial Infarction,Not Admitted,174,414,6.9,0
2018-2019,2018,Less urgent,3,Discharged Home,Acute Myocardial Infarction,Not Admitted,46,306,5.1,0
2018-2019,2018,Non-urgent,3,Discharged Home,Acute Myocardial Infarction,Not Admitted,13,228,3.8,0
2018-2019,2018,Unknown,3,Discharged Home,Acute Myocardial Infarction,Not Admitted,0,78,1.3,0
2018-2019,2018,CTAS III - Urgent,3,Discharged Home,Any,Not Admitted,5018347,198,3.3,0
2018-2019,2018,Less urgent,3,Discharged Home,Any,Not Admitted,3990248,144,2.4,0
2018-2019,2018,Non-urgent,3,Discharged Home,Any,Not Admitted,1176670,114,1.9,0
2018-2019,2018,Unknown,3,Discharged Home,Any,Not Admitted,54726,72,1.2,0
2018-2019,2018,CTAS III - Urgent,3,Discharged Home,Asthma,Not Admitted,25648,168,2.8,0
2018-2019,2018,Less urgent,3,Discharged Home,Asthma,Not Admitted,10501,120,2.0,0
2018-2019,2018,Non-urgent,3,Discharged Home,Asthma,Not Admitted,1744,96,1.6,0
2018-2019,2018,Unknown,3,Discharged Home,Asthma,Not Admitted,204,96,1.6,0
2018-2019,2018,CTAS III - Urgent,3,Discharged Home,Influenzal Pneumonia,Not Admitted,264,201,3.35,0
2018-2019,2018,Less urgent,3,Discharged Home,Influenzal Pneumonia,Not Admitted,88,126,2.1,0
2018-2019,2018,Non-urgent,3,Discharged Home,Influenzal Pneumonia,Not Admitted,8,162,2.7,0
2018-2019,2018,Unknown,3,Discharged Home,Influenzal Pneumonia,Not Admitted,0,66,1.1,0
2018-2019,2018,CTAS III - Urgent,3,Discharged Home,Motor Vehicle Collisions,Not Admitted,70299,156,2.6,0
2018-2019,2018,Less urgent,3,Discharged Home,Motor Vehicle Collisions,Not Admitted,39583,126,2.1,0
2018-2019,2018,Non-urgent,3,Discharged Home,Motor Vehicle Collisions,Not Admitted,4907,114,1.9,0
2018-2019,2018,Unknown,3,Discharged Home,Motor Vehicle Collisions,Not Admitted,536,90,1.5,0
2018-2019,2018,CTAS III - Urgent,3,Discharged Home,Pneumonia,Not Admitted,45517,186,3.1,0
2018-2019,2018,Less urgent,3,Discharged Home,Pneumonia,Not Admitted,18385,138,2.3,0
2018-2019,2018,Non-urgent,3,Discharged Home,Pneumonia,Not Admitted,2926,126,2.1,0
2018-2019,2018,Unknown,3,Discharged Home,Pneumonia,Not Admitted,248,111,1.85,0
2018-2019,2018,CTAS III - Urgent,3,Discharged Home,Trauma,Not Admitted,713368,144,2.4,0
2018-2019,2018,Less urgent,3,Discharged Home,Trauma,Not Admitted,758810,114,1.9,0
2018-2019,2018,Non-urgent,3,Discharged Home,Trauma,Not Admitted,136102,102,1.7,0
2018-2019,2018,Unknown,3,Discharged Home,Trauma,Not Admitted,7053,72,1.2,0
2018-2019,2018,CTAS III - Urgent,3,Discharged Home,Unintentional Falls,Not Admitted,265849,162,2.7,0
2018-2019,2018,Less urgent,3,Discharged Home,Unintentional Falls,Not Admitted,224479,126,2.1,0
2018-2019,2018,Non-urgent,3,Discharged Home,Unintentional Falls,Not Admitted,29214,114,1.9,0
2018-2019,2018,Unknown,3,Discharged Home,Unintentional Falls,Not Admitted,1816,84,1.4,0
2018-2019,2018,CTAS III - Urgent,3,Intra-Facility Transfer,Acute Myocardial Infarction,Not Admitted,5,282,4.7,0
2018-2019,2018,Less urgent,3,Intra-Facility Transfer,Acute Myocardial Infarction,Not Admitted,0,0,0.0,0
2018-2019,2018,Non-urgent,3,Intra-Facility Transfer,Acute Myocardial Infarction,Not Admitted,0,0,0.0,0
2018-2019,2018,Unknown,3,Intra-Facility Transfer,Acute Myocardial Infarction,Not Admitted,0,6,0.1,0
2018-2019,2018,CTAS III - Urgent,3,Intra-Facility Transfer,Any,Not Admitted,30893,168,2.8,0
2018-2019,2018,Less urgent,3,Intra-Facility Transfer,Any,Not Admitted,97545,36,0.6,0
2018-2019,2018,Non-urgent,3,Intra-Facility Transfer,Any,Not Admitted,66101,18,0.3,0
2018-2019,2018,Unknown,3,Intra-Facility Transfer,Any,Not Admitted,285,15,0.25,0
2018-2019,2018,CTAS III - Urgent,3,Intra-Facility Transfer,Asthma,Not Admitted,16,171,2.85,0
2018-2019,2018,Less urgent,3,Intra-Facility Transfer,Asthma,Not Admitted,0,60,1.0,0
2018-2019,2018,Non-urgent,3,Intra-Facility Transfer,Asthma,Not Admitted,0,0,0.0,0
2018-2019,2018,Unknown,3,Intra-Facility Transfer,Asthma,Not Admitted,0,0,0.0,0
2018-2019,2018,CTAS III - Urgent,3,Intra-Facility Transfer,Influenzal Pneumonia,Not Admitted,0,0,0.0,0
2018-2019,2018,Less urgent,3,Intra-Facility Transfer,Influenzal Pneumonia,Not Admitted,0,0,0.0,0
2018-2019,2018,Non-urgent,3,Intra-Facility Transfer,Influenzal Pneumonia,Not Admitted,0,0,0.0,0
2018-2019,2018,Unknown,3,Intra-Facility Transfer,Influenzal Pneumonia,Not Admitted,0,0,0.0,0
2018-2019,2018,CTAS III - Urgent,3,Intra-Facility Transfer,Motor Vehicle Collisions,Not Admitted,142,222,3.7,0
2018-2019,2018,Less urgent,3,Intra-Facility Transfer,Motor Vehicle Collisions,Not Admitted,51,228,3.8,0
2018-2019,2018,Non-urgent,3,Intra-Facility Transfer,Motor Vehicle Collisions,Not Admitted,22,213,3.55,0
2018-2019,2018,Unknown,3,Intra-Facility Transfer,Motor Vehicle Collisions,Not Admitted,0,12,0.2,0
2018-2019,2018,CTAS III - Urgent,3,Intra-Facility Transfer,Pneumonia,Not Admitted,34,216,3.6,0
2018-2019,2018,Less urgent,3,Intra-Facility Transfer,Pneumonia,Not Admitted,6,159,2.65,0
2018-2019,2018,Non-urgent,3,Intra-Facility Transfer,Pneumonia,Not Admitted,0,264,4.4,0
2018-2019,2018,Unknown,3,Intra-Facility Transfer,Pneumonia,Not Admitted,0,0,0.0,0
2018-2019,2018,CTAS III - Urgent,3,Intra-Facility Transfer,Trauma,Not Admitted,2533,204,3.4,0
2018-2019,2018,Less urgent,3,Intra-Facility Transfer,Trauma,Not Admitted,1134,162,2.7,0
2018-2019,2018,Non-urgent,3,Intra-Facility Transfer,Trauma,Not Admitted,292,150,2.5,0
2018-2019,2018,Unknown,3,Intra-Facility Transfer,Trauma,Not Admitted,19,60,1.0,0
2018-2019,2018,CTAS III - Urgent,3,Intra-Facility Transfer,Unintentional Falls,Not Admitted,738,234,3.9,0
2018-2019,2018,Less urgent,3,Intra-Facility Transfer,Unintentional Falls,Not Admitted,319,150,2.5,0
2018-2019,2018,Non-urgent,3,Intra-Facility Transfer,Unintentional Falls,Not Admitted,79,168,2.8,0
2018-2019,2018,Unknown,3,Intra-Facility Transfer,Unintentional Falls,Not Admitted,6,27,0.45,0
2018-2019,2018,CTAS III - Urgent,3,Not Seen Or Left,Acute Myocardial Infarction,Not Admitted,38,354,5.9,0
2018-2019,2018,Less urgent,3,Not Seen Or Left,Acute Myocardial Infarction,Not Admitted,6,237,3.95,0
2018-2019,2018,Non-urgent,3,Not Seen Or Left,Acute Myocardial Infarction,Not Admitted,0,0,0.0,0
2018-2019,2018,Unknown,3,Not Seen Or Left,Acute Myocardial Infarction,Not Admitted,0,150,2.5,0
2018-2019,2018,CTAS III - Urgent,3,Not Seen Or Left,Any,Not Admitted,313905,162,2.7,0
2018-2019,2018,Less urgent,3,Not Seen Or Left,Any,Not Admitted,346061,162,2.7,0
2018-2019,2018,Non-urgent,3,Not Seen Or Left,Any,Not Admitted,155817,102,1.7,0
2018-2019,2018,Unknown,3,Not Seen Or Left,Any,Not Admitted,43976,36,0.6,0
2018-2019,2018,CTAS III - Urgent,3,Not Seen Or Left,Asthma,Not Admitted,301,144,2.4,0
2018-2019,2018,Less urgent,3,Not Seen Or Left,Asthma,Not Admitted,85,126,2.1,0
2018-2019,2018,Non-urgent,3,Not Seen Or Left,Asthma,Not Admitted,19,132,2.2,0
2018-2019,2018,Unknown,3,Not Seen Or Left,Asthma,Not Admitted,12,120,2.0,0
2018-2019,2018,CTAS III - Urgent,3,Not Seen Or Left,Influenzal Pneumonia,Not Admitted,0,0,0.0,0
2018-2019,2018,Less urgent,3,Not Seen Or Left,Influenzal Pneumonia,Not Admitted,0,0,0.0,0
2018-2019,2018,Non-urgent,3,Not Seen Or Left,Influenzal Pneumonia,Not Admitted,0,0,0.0,0
2018-2019,2018,Unknown,3,Not Seen Or Left,Influenzal Pneumonia,Not Admitted,0,0,0.0,0
2018-2019,2018,CTAS III - Urgent,3,Not Seen Or Left,Motor Vehicle Collisions,Not Admitted,2084,150,2.5,0
2018-2019,2018,Less urgent,3,Not Seen Or Left,Motor Vehicle Collisions,Not Admitted,1352,132,2.2,0
2018-2019,2018,Non-urgent,3,Not Seen Or Left,Motor Vehicle Collisions,Not Admitted,173,126,2.1,0
2018-2019,2018,Unknown,3,Not Seen Or Left,Motor Vehicle Collisions,Not Admitted,61,66,1.1,0
2018-2019,2018,CTAS III - Urgent,3,Not Seen Or Left,Pneumonia,Not Admitted,250,252,4.2,0
2018-2019,2018,Less urgent,3,Not Seen Or Left,Pneumonia,Not Admitted,77,156,2.6,0
2018-2019,2018,Non-urgent,3,Not Seen Or Left,Pneumonia,Not Admitted,24,180,3.0,0
2018-2019,2018,Unknown,3,Not Seen Or Left,Pneumonia,Not Admitted,16,120,2.0,0
2018-2019,2018,CTAS III - Urgent,3,Not Seen Or Left,Trauma,Not Admitted,24241,138,2.3,0
2018-2019,2018,Less urgent,3,Not Seen Or Left,Trauma,Not Admitted,27380,126,2.1,0
2018-2019,2018,Non-urgent,3,Not Seen Or Left,Trauma,Not Admitted,6293,108,1.8,0
2018-2019,2018,Unknown,3,Not Seen Or Left,Trauma,Not Admitted,2026,42,0.7,0
2018-2019,2018,CTAS III - Urgent,3,Not Seen Or Left,Unintentional Falls,Not Admitted,7081,144,2.4,0
2018-2019,2018,Less urgent,3,Not Seen Or Left,Unintentional Falls,Not Admitted,6522,126,2.1,0
2018-2019,2018,Non-urgent,3,Not Seen Or Left,Unintentional Falls,Not Admitted,861,120,2.0,0
2018-2019,2018,Unknown,3,Not Seen Or Left,Unintentional Falls,Not Admitted,272,60,1.0,0
2018-2019,2018,CTAS III - Urgent,3,Total,Acute Myocardial Infarction,Not Admitted,5284,516,8.6,0
2018-2019,2018,Less urgent,3,Total,Acute Myocardial Infarction,Not Admitted,564,456,7.6,0
2018-2019,2018,Non-urgent,3,Total,Acute Myocardial Infarction,Not Admitted,85,372,6.2,0
2018-2019,2018,Unknown,3,Total,Acute Myocardial Infarction,Not Admitted,99,168,2.8,0
2018-2019,2018,CTAS III - Urgent,3,Total,Any,Not Admitted,6270350,222,3.7,0
2018-2019,2018,Less urgent,3,Total,Any,Not Admitted,4642058,144,2.4,0
2018-2019,2018,Non-urgent,3,Total,Any,Not Admitted,1446546,108,1.8,0
2018-2019,2018,Unknown,3,Total,Any,Not Admitted,105968,78,1.3,0
2018-2019,2018,CTAS III - Urgent,3,Total,Asthma,Not Admitted,27651,174,2.9,0
2018-2019,2018,Less urgent,3,Total,Asthma,Not Admitted,10714,120,2.0,0
2018-2019,2018,Non-urgent,3,Total,Asthma,Not Admitted,1780,102,1.7,0
2018-2019,2018,Unknown,3,Total,Asthma,Not Admitted,235,96,1.6,0
2018-2019,2018,CTAS III - Urgent,3,Total,Influenzal Pneumonia,Not Admitted,375,252,4.2,0
2018-2019,2018,Less urgent,3,Total,Influenzal Pneumonia,Not Admitted,97,138,2.3,0
2018-2019,2018,Non-urgent,3,Total,Influenzal Pneumonia,Not Admitted,8,174,2.9,0
2018-2019,2018,Unknown,3,Total,Influenzal Pneumonia,Not Admitted,0,66,1.1,0
2018-2019,2018,CTAS III - Urgent,3,Total,Motor Vehicle Collisions,Not Admitted,76310,162,2.7,0
2018-2019,2018,Less urgent,3,Total,Motor Vehicle Collisions,Not Admitted,41732,126,2.1,0
2018-2019,2018,Non-urgent,3,Total,Motor Vehicle Collisions,Not Admitted,5204,114,1.9,0
2018-2019,2018,Unknown,3,Total,Motor Vehicle Collisions,Not Admitted,737,102,1.7,0
2018-2019,2018,CTAS III - Urgent,3,Total,Pneumonia,Not Admitted,62634,234,3.9,0
2018-2019,2018,Less urgent,3,Total,Pneumonia,Not Admitted,20122,144,2.4,0
2018-2019,2018,Non-urgent,3,Total,Pneumonia,Not Admitted,3107,132,2.2,0
2018-2019,2018,Unknown,3,Total,Pneumonia,Not Admitted,455,150,2.5,0
2018-2019,2018,CTAS III - Urgent,3,Total,Trauma,Not Admitted,813383,150,2.5,0
2018-2019,2018,Less urgent,3,Total,Trauma,Not Admitted,805476,120,2.0,0
2018-2019,2018,Non-urgent,3,Total,Trauma,Not Admitted,145264,102,1.7,0
2018-2019,2018,Unknown,3,Total,Trauma,Not Admitted,9832,72,1.2,0
2018-2019,2018,CTAS III - Urgent,3,Total,Unintentional Falls,Not Admitted,327324,180,3.0,0
2018-2019,2018,Less urgent,3,Total,Unintentional Falls,Not Admitted,242676,132,2.2,0
2018-2019,2018,Non-urgent,3,Total,Unintentional Falls,Not Admitted,31531,120,2.0,0
2018-2019,2018,Unknown,3,Total,Unintentional Falls,Not Admitted,2429,96,1.6,0
2018-2019,2018,CTAS III - Urgent,3,Transferred,Acute Myocardial Infarction,Not Admitted,1035,240,4.0,0
2018-2019,2018,Less urgent,3,Transferred,Acute Myocardial Infarction,Not Admitted,130,282,4.7,0
2018-2019,2018,Non-urgent,3,Transferred,Acute Myocardial Infarction,Not Admitted,18,258,4.3,0
2018-2019,2018,Unknown,3,Transferred,Acute Myocardial Infarction,Not Admitted,36,168,2.8,0
2018-2019,2018,CTAS III - Urgent,3,Transferred,Any,Not Admitted,167130,330,5.5,0
2018-2019,2018,Less urgent,3,Transferred,Any,Not Admitted,55315,258,4.3,0
2018-2019,2018,Non-urgent,3,Transferred,Any,Not Admitted,14016,186,3.1,0
2018-2019,2018,Unknown,3,Transferred,Any,Not Admitted,2087,132,2.2,0
2018-2019,2018,CTAS III - Urgent,3,Transferred,Asthma,Not Admitted,258,306,5.1,0
2018-2019,2018,Less urgent,3,Transferred,Asthma,Not Admitted,47,204,3.4,0
2018-2019,2018,Non-urgent,3,Transferred,Asthma,Not Admitted,5,90,1.5,0
2018-2019,2018,Unknown,3,Transferred,Asthma,Not Admitted,5,108,1.8,0
2018-2019,2018,CTAS III - Urgent,3,Transferred,Influenzal Pneumonia,Not Admitted,8,369,6.15,0
2018-2019,2018,Less urgent,3,Transferred,Influenzal Pneumonia,Not Admitted,0,0,0.0,0
2018-2019,2018,Non-urgent,3,Transferred,Influenzal Pneumonia,Not Admitted,0,0,0.0,0
2018-2019,2018,Unknown,3,Transferred,Influenzal Pneumonia,Not Admitted,0,0,0.0,0
2018-2019,2018,CTAS III - Urgent,3,Transferred,Motor Vehicle Collisions,Not Admitted,1370,234,3.9,0
2018-2019,2018,Less urgent,3,Transferred,Motor Vehicle Collisions,Not Admitted,285,192,3.2,0
2018-2019,2018,Non-urgent,3,Transferred,Motor Vehicle Collisions,Not Admitted,42,207,3.45,0
2018-2019,2018,Unknown,3,Transferred,Motor Vehicle Collisions,Not Admitted,87,144,2.4,0
2018-2019,2018,CTAS III - Urgent,3,Transferred,Pneumonia,Not Admitted,2263,336,5.6,0
2018-2019,2018,Less urgent,3,Transferred,Pneumonia,Not Admitted,367,252,4.2,0
2018-2019,2018,Non-urgent,3,Transferred,Pneumonia,Not Admitted,40,258,4.3,0
2018-2019,2018,Unknown,3,Transferred,Pneumonia,Not Admitted,21,264,4.4,0
2018-2019,2018,CTAS III - Urgent,3,Transferred,Trauma,Not Admitted,29468,282,4.7,0
2018-2019,2018,Less urgent,3,Transferred,Trauma,Not Admitted,10213,204,3.4,0
2018-2019,2018,Non-urgent,3,Transferred,Trauma,Not Admitted,1437,180,3.0,0
2018-2019,2018,Unknown,3,Transferred,Trauma,Not Admitted,391,138,2.3,0
2018-2019,2018,CTAS III - Urgent,3,Transferred,Unintentional Falls,Not Admitted,20351,318,5.3,0
2018-2019,2018,Less urgent,3,Transferred,Unintentional Falls,Not Admitted,5900,240,4.0,0
2018-2019,2018,Non-urgent,3,Transferred,Unintentional Falls,Not Admitted,649,216,3.6,0
2018-2019,2018,Unknown,3,Transferred,Unintentional Falls,Not Admitted,149,168,2.8,0
2018-2019,2018,CTAS III - Urgent,3,Unknown,Acute Myocardial Infarction,Not Admitted,0,0,0.0,0
2018-2019,2018,Less urgent,3,Unknown,Acute Myocardial Infarction,Not Admitted,0,0,0.0,0
2018-2019,2018,Non-urgent,3,Unknown,Acute Myocardial Infarction,Not Admitted,0,0,0.0,0
2018-2019,2018,Unknown,3,Unknown,Acute Myocardial Infarction,Not Admitted,0,0,0.0,0
2018-2019,2018,CTAS III - Urgent,3,Unknown,Any,Not Admitted,0,0,0.0,0
2018-2019,2018,Less urgent,3,Unknown,Any,Not Admitted,0,0,0.0,0
2018-2019,2018,Non-urgent,3,Unknown,Any,Not Admitted,0,0,0.0,0
2018-2019,2018,Unknown,3,Unknown,Any,Not Admitted,0,0,0.0,0
2018-2019,2018,CTAS III - Urgent,3,Unknown,Asthma,Not Admitted,0,0,0.0,0
2018-2019,2018,Less urgent,3,Unknown,Asthma,Not Admitted,0,0,0.0,0
2018-2019,2018,Non-urgent,3,Unknown,Asthma,Not Admitted,0,0,0.0,0
2018-2019,2018,Unknown,3,Unknown,Asthma,Not Admitted,0,0,0.0,0
2018-2019,2018,CTAS III - Urgent,3,Unknown,Influenzal Pneumonia,Not Admitted,0,0,0.0,0
2018-2019,2018,Less urgent,3,Unknown,Influenzal Pneumonia,Not Admitted,0,0,0.0,0
2018-2019,2018,Non-urgent,3,Unknown,Influenzal Pneumonia,Not Admitted,0,0,0.0,0
2018-2019,2018,Unknown,3,Unknown,Influenzal Pneumonia,Not Admitted,0,0,0.0,0
2018-2019,2018,CTAS III - Urgent,3,Unknown,Motor Vehicle Collisions,Not Admitted,0,0,0.0,0
2018-2019,2018,Less urgent,3,Unknown,Motor Vehicle Collisions,Not Admitted,0,0,0.0,0
2018-2019,2018,Non-urgent,3,Unknown,Motor Vehicle Collisions,Not Admitted,0,0,0.0,0
2018-2019,2018,Unknown,3,Unknown,Motor Vehicle Collisions,Not Admitted,0,0,0.0,0
2018-2019,2018,CTAS III - Urgent,3,Unknown,Pneumonia,Not Admitted,0,0,0.0,0
2018-2019,2018,Less urgent,3,Unknown,Pneumonia,Not Admitted,0,0,0.0,0
2018-2019,2018,Non-urgent,3,Unknown,Pneumonia,Not Admitted,0,0,0.0,0
2018-2019,2018,Unknown,3,Unknown,Pneumonia,Not Admitted,0,0,0.0,0
2018-2019,2018,CTAS III - Urgent,3,Unknown,Trauma,Not Admitted,0,0,0.0,0
2018-2019,2018,Less urgent,3,Unknown,Trauma,Not Admitted,0,0,0.0,0
2018-2019,2018,Non-urgent,3,Unknown,Trauma,Not Admitted,0,0,0.0,0
2018-2019,2018,Unknown,3,Unknown,Trauma,Not Admitted,0,0,0.0,0
2018-2019,2018,CTAS III - Urgent,3,Unknown,Unintentional Falls,Not Admitted,0,0,0.0,0
2018-2019,2018,Less urgent,3,Unknown,Unintentional Falls,Not Admitted,0,0,0.0,0
2018-2019,2018,Non-urgent,3,Unknown,Unintentional Falls,Not Admitted,0,0,0.0,0
2018-2019,2018,Unknown,3,Unknown,Unintentional Falls,Not Admitted,0,0,0.0,0
2017-2018,2017,CTAS I - Resuscitation,1,Admitted,Acute Myocardial Infarction,Admitted,1346,96,1.6,1
2017-2018,2017,CTAS I - Resuscitation,1,Admitted,Any,Admitted,51741,372,6.2,1
2017-2018,2017,CTAS I - Resuscitation,1,Admitted,Asthma,Admitted,616,414,6.9,1
2017-2018,2017,CTAS I - Resuscitation,1,Admitted,Influenzal Pneumonia,Admitted,15,660,11.0,1
2017-2018,2017,CTAS I - Resuscitation,1,Admitted,Motor Vehicle Collisions,Admitted,2967,288,4.8,1
2017-2018,2017,CTAS I - Resuscitation,1,Admitted,Pneumonia,Admitted,1751,534,8.9,1
2017-2018,2017,CTAS I - Resuscitation,1,Admitted,Trauma,Admitted,7641,288,4.8,1
2017-2018,2017,CTAS I - Resuscitation,1,Admitted,Unintentional Falls,Admitted,1936,330,5.5,1
2017-2018,2017,CTAS I - Resuscitation,1,Death,Acute Myocardial Infarction,Not Admitted,373,30,0.5,0
2017-2018,2017,CTAS I - Resuscitation,1,Death,Any,Not Admitted,6991,36,0.6,0
2017-2018,2017,CTAS I - Resuscitation,1,Death,Asthma,Not Admitted,0,102,1.7,0
2017-2018,2017,CTAS I - Resuscitation,1,Death,Influenzal Pneumonia,Not Admitted,0,0,0.0,0
2017-2018,2017,CTAS I - Resuscitation,1,Death,Motor Vehicle Collisions,Not Admitted,238,30,0.5,0
2017-2018,2017,CTAS I - Resuscitation,1,Death,Pneumonia,Not Admitted,38,153,2.55,0
2017-2018,2017,CTAS I - Resuscitation,1,Death,Trauma,Not Admitted,661,30,0.5,0
2017-2018,2017,CTAS I - Resuscitation,1,Death,Unintentional Falls,Not Admitted,76,138,2.3,0
2017-2018,2017,CTAS I - Resuscitation,1,Discharged Home,Acute Myocardial Infarction,Not Admitted,31,162,2.7,0
2017-2018,2017,CTAS I - Resuscitation,1,Discharged Home,Any,Not Admitted,22652,264,4.4,0
2017-2018,2017,CTAS I - Resuscitation,1,Discharged Home,Asthma,Not Admitted,473,222,3.7,0
2017-2018,2017,CTAS I - Resuscitation,1,Discharged Home,Influenzal Pneumonia,Not Admitted,0,0,0.0,0
2017-2018,2017,CTAS I - Resuscitation,1,Discharged Home,Motor Vehicle Collisions,Not Admitted,711,276,4.6,0
2017-2018,2017,CTAS I - Resuscitation,1,Discharged Home,Pneumonia,Not Admitted,253,204,3.4,0
2017-2018,2017,CTAS I - Resuscitation,1,Discharged Home,Trauma,Not Admitted,3838,246,4.1,0
2017-2018,2017,CTAS I - Resuscitation,1,Discharged Home,Unintentional Falls,Not Admitted,636,267,4.45,0
2017-2018,2017,CTAS I - Resuscitation,1,Intra-Facility Transfer,Acute Myocardial Infarction,Not Admitted,8,51,0.85,0
2017-2018,2017,CTAS I - Resuscitation,1,Intra-Facility Transfer,Any,Not Admitted,286,204,3.4,0
2017-2018,2017,CTAS I - Resuscitation,1,Intra-Facility Transfer,Asthma,Not Admitted,0,165,2.75,0
2017-2018,2017,CTAS I - Resuscitation,1,Intra-Facility Transfer,Influenzal Pneumonia,Not Admitted,0,0,0.0,0
2017-2018,2017,CTAS I - Resuscitation,1,Intra-Facility Transfer,Motor Vehicle Collisions,Not Admitted,0,201,3.35,0
2017-2018,2017,CTAS I - Resuscitation,1,Intra-Facility Transfer,Pneumonia,Not Admitted,0,186,3.1,0
2017-2018,2017,CTAS I - Resuscitation,1,Intra-Facility Transfer,Trauma,Not Admitted,62,177,2.95,0
2017-2018,2017,CTAS I - Resuscitation,1,Intra-Facility Transfer,Unintentional Falls,Not Admitted,8,183,3.05,0
2017-2018,2017,CTAS I - Resuscitation,1,Not Seen Or Left,Acute Myocardial Infarction,Not Admitted,0,288,4.8,0
2017-2018,2017,CTAS I - Resuscitation,1,Not Seen Or Left,Any,Not Admitted,746,192,3.2,0
2017-2018,2017,CTAS I - Resuscitation,1,Not Seen Or Left,Asthma,Not Admitted,13,198,3.3,0
2017-2018,2017,CTAS I - Resuscitation,1,Not Seen Or Left,Influenzal Pneumonia,Not Admitted,0,0,0.0,0
2017-2018,2017,CTAS I - Resuscitation,1,Not Seen Or Left,Motor Vehicle Collisions,Not Admitted,17,264,4.4,0
2017-2018,2017,CTAS I - Resuscitation,1,Not Seen Or Left,Pneumonia,Not Admitted,5,306,5.1,0
2017-2018,2017,CTAS I - Resuscitation,1,Not Seen Or Left,Trauma,Not Admitted,88,210,3.5,0
2017-2018,2017,CTAS I - Resuscitation,1,Not Seen Or Left,Unintentional Falls,Not Admitted,11,330,5.5,0
2017-2018,2017,CTAS I - Resuscitation,1,Total,Acute Myocardial Infarction,Not Admitted,2496,78,1.3,0
2017-2018,2017,CTAS I - Resuscitation,1,Total,Any,Not Admitted,90789,282,4.7,0
2017-2018,2017,CTAS I - Resuscitation,1,Total,Asthma,Not Admitted,1182,300,5.0,0
2017-2018,2017,CTAS I - Resuscitation,1,Total,Influenzal Pneumonia,Not Admitted,15,600,10.0,0
2017-2018,2017,CTAS I - Resuscitation,1,Total,Motor Vehicle Collisions,Not Admitted,4534,246,4.1,0
2017-2018,2017,CTAS I - Resuscitation,1,Total,Pneumonia,Not Admitted,2197,429,7.15,0
2017-2018,2017,CTAS I - Resuscitation,1,Total,Trauma,Not Admitted,13859,240,4.0,0
2017-2018,2017,CTAS I - Resuscitation,1,Total,Unintentional Falls,Not Admitted,2976,282,4.7,0
2017-2018,2017,CTAS I - Resuscitation,1,Transferred,Acute Myocardial Infarction,Not Admitted,738,66,1.1,0
2017-2018,2017,CTAS I - Resuscitation,1,Transferred,Any,Not Admitted,8373,162,2.7,0
2017-2018,2017,CTAS I - Resuscitation,1,Transferred,Asthma,Not Admitted,80,222,3.7,0
2017-2018,2017,CTAS I - Resuscitation,1,Transferred,Influenzal Pneumonia,Not Admitted,0,138,2.3,0
2017-2018,2017,CTAS I - Resuscitation,1,Transferred,Motor Vehicle Collisions,Not Admitted,601,108,1.8,0
2017-2018,2017,CTAS I - Resuscitation,1,Transferred,Pneumonia,Not Admitted,150,222,3.7,0
2017-2018,2017,CTAS I - Resuscitation,1,Transferred,Trauma,Not Admitted,1569,126,2.1,0
2017-2018,2017,CTAS I - Resuscitation,1,Transferred,Unintentional Falls,Not Admitted,309,156,2.6,0
2017-2018,2017,CTAS I - Resuscitation,1,Unknown,Acute Myocardial Infarction,Not Admitted,0,0,0.0,0
2017-2018,2017,CTAS I - Resuscitation,1,Unknown,Any,Not Admitted,0,0,0.0,0
2017-2018,2017,CTAS I - Resuscitation,1,Unknown,Asthma,Not Admitted,0,0,0.0,0
2017-2018,2017,CTAS I - Resuscitation,1,Unknown,Influenzal Pneumonia,Not Admitted,0,0,0.0,0
2017-2018,2017,CTAS I - Resuscitation,1,Unknown,Motor Vehicle Collisions,Not Admitted,0,0,0.0,0
2017-2018,2017,CTAS I - Resuscitation,1,Unknown,Pneumonia,Not Admitted,0,0,0.0,0
2017-2018,2017,CTAS I - Resuscitation,1,Unknown,Trauma,Not Admitted,0,0,0.0,0
2017-2018,2017,CTAS I - Resuscitation,1,Unknown,Unintentional Falls,Not Admitted,0,0,0.0,0
2017-2018,2017,CTAS II - Emergent,2,Admitted,Acute Myocardial Infarction,Admitted,12596,522,8.7,1
2017-2018,2017,CTAS II - Emergent,2,Admitted,Any,Admitted,487849,660,11.0,1
2017-2018,2017,CTAS II - Emergent,2,Admitted,Asthma,Admitted,3882,528,8.8,1
2017-2018,2017,CTAS II - Emergent,2,Admitted,Influenzal Pneumonia,Admitted,186,1518,25.3,1
2017-2018,2017,CTAS II - Emergent,2,Admitted,Motor Vehicle Collisions,Admitted,4305,432,7.2,1
2017-2018,2017,CTAS II - Emergent,2,Admitted,Pneumonia,Admitted,19430,786,13.1,1
2017-2018,2017,CTAS II - Emergent,2,Admitted,Trauma,Admitted,27364,510,8.5,1
2017-2018,2017,CTAS II - Emergent,2,Admitted,Unintentional Falls,Admitted,15590,570,9.5,1
2017-2018,2017,CTAS II - Emergent,2,Death,Acute Myocardial Infarction,Not Admitted,94,156,2.6,0
2017-2018,2017,CTAS II - Emergent,2,Death,Any,Not Admitted,1477,252,4.2,0
2017-2018,2017,CTAS II - Emergent,2,Death,Asthma,Not Admitted,0,210,3.5,0
2017-2018,2017,CTAS II - Emergent,2,Death,Influenzal Pneumonia,Not Admitted,0,153,2.55,0
2017-2018,2017,CTAS II - Emergent,2,Death,Motor Vehicle Collisions,Not Admitted,6,108,1.8,0
2017-2018,2017,CTAS II - Emergent,2,Death,Pneumonia,Not Admitted,44,303,5.05,0
2017-2018,2017,CTAS II - Emergent,2,Death,Trauma,Not Admitted,50,267,4.45,0
2017-2018,2017,CTAS II - Emergent,2,Death,Unintentional Falls,Not Admitted,37,288,4.8,0
2017-2018,2017,CTAS II - Emergent,2,Discharged Home,Acute Myocardial Infarction,Not Admitted,532,336,5.6,0
2017-2018,2017,CTAS II - Emergent,2,Discharged Home,Any,Not Admitted,1404059,234,3.9,0
2017-2018,2017,CTAS II - Emergent,2,Discharged Home,Asthma,Not Admitted,14989,210,3.5,0
2017-2018,2017,CTAS II - Emergent,2,Discharged Home,Influenzal Pneumonia,Not Admitted,91,252,4.2,0
2017-2018,2017,CTAS II - Emergent,2,Discharged Home,Motor Vehicle Collisions,Not Admitted,26031,198,3.3,0
2017-2018,2017,CTAS II - Emergent,2,Discharged Home,Pneumonia,Not Admitted,18973,228,3.8,0
2017-2018,2017,CTAS II - Emergent,2,Discharged Home,Trauma,Not Admitted,168682,180,3.0,0
2017-2018,2017,CTAS II - Emergent,2,Discharged Home,Unintentional Falls,Not Admitted,54199,204,3.4,0
2017-2018,2017,CTAS II - Emergent,2,Intra-Facility Transfer,Acute Myocardial Infarction,Not Admitted,53,72,1.2,0
2017-2018,2017,CTAS II - Emergent,2,Intra-Facility Transfer,Any,Not Admitted,12711,222,3.7,0
2017-2018,2017,CTAS II - Emergent,2,Intra-Facility Transfer,Asthma,Not Admitted,68,198,3.3,0
2017-2018,2017,CTAS II - Emergent,2,Intra-Facility Transfer,Influenzal Pneumonia,Not Admitted,0,0,0.0,0
2017-2018,2017,CTAS II - Emergent,2,Intra-Facility Transfer,Motor Vehicle Collisions,Not Admitted,79,210,3.5,0
2017-2018,2017,CTAS II - Emergent,2,Intra-Facility Transfer,Pneumonia,Not Admitted,60,225,3.75,0
2017-2018,2017,CTAS II - Emergent,2,Intra-Facility Transfer,Trauma,Not Admitted,1271,204,3.4,0
2017-2018,2017,CTAS II - Emergent,2,Intra-Facility Transfer,Unintentional Falls,Not Admitted,241,222,3.7,0
2017-2018,2017,CTAS II - Emergent,2,Not Seen Or Left,Acute Myocardial Infarction,Not Admitted,68,333,5.55,0
2017-2018,2017,CTAS II - Emergent,2,Not Seen Or Left,Any,Not Admitted,53631,156,2.6,0
2017-2018,2017,CTAS II - Emergent,2,Not Seen Or Left,Asthma,Not Admitted,147,174,2.9,0
2017-2018,2017,CTAS II - Emergent,2,Not Seen Or Left,Influenzal Pneumonia,Not Admitted,0,0,0.0,0
2017-2018,2017,CTAS II - Emergent,2,Not Seen Or Left,Motor Vehicle Collisions,Not Admitted,571,162,2.7,0
2017-2018,2017,CTAS II - Emergent,2,Not Seen Or Left,Pneumonia,Not Admitted,115,288,4.8,0
2017-2018,2017,CTAS II - Emergent,2,Not Seen Or Left,Trauma,Not Admitted,4290,138,2.3,0
2017-2018,2017,CTAS II - Emergent,2,Not Seen Or Left,Unintentional Falls,Not Admitted,1030,162,2.7,0
2017-2018,2017,CTAS II - Emergent,2,Total,Acute Myocardial Infarction,Not Admitted,17783,384,6.4,0
2017-2018,2017,CTAS II - Emergent,2,Total,Any,Not Admitted,2018867,276,4.6,0
2017-2018,2017,CTAS II - Emergent,2,Total,Asthma,Not Admitted,19524,240,4.0,0
2017-2018,2017,CTAS II - Emergent,2,Total,Influenzal Pneumonia,Not Admitted,288,738,12.3,0
2017-2018,2017,CTAS II - Emergent,2,Total,Motor Vehicle Collisions,Not Admitted,33108,216,3.6,0
2017-2018,2017,CTAS II - Emergent,2,Total,Pneumonia,Not Admitted,39988,360,6.0,0
2017-2018,2017,CTAS II - Emergent,2,Total,Trauma,Not Admitted,210133,198,3.3,0
2017-2018,2017,CTAS II - Emergent,2,Total,Unintentional Falls,Not Admitted,74284,246,4.1,0
2017-2018,2017,CTAS II - Emergent,2,Transferred,Acute Myocardial Infarction,Not Admitted,4440,126,2.1,0
2017-2018,2017,CTAS II - Emergent,2,Transferred,Any,Not Admitted,59140,252,4.2,0
2017-2018,2017,CTAS II - Emergent,2,Transferred,Asthma,Not Admitted,438,300,5.0,0
2017-2018,2017,CTAS II - Emergent,2,Transferred,Influenzal Pneumonia,Not Admitted,11,564,9.4,0
2017-2018,2017,CTAS II - Emergent,2,Transferred,Motor Vehicle Collisions,Not Admitted,2116,204,3.4,0
2017-2018,2017,CTAS II - Emergent,2,Transferred,Pneumonia,Not Admitted,1366,270,4.5,0
2017-2018,2017,CTAS II - Emergent,2,Transferred,Trauma,Not Admitted,8476,204,3.4,0
2017-2018,2017,CTAS II - Emergent,2,Transferred,Unintentional Falls,Not Admitted,3187,228,3.8,0
2017-2018,2017,CTAS II - Emergent,2,Unknown,Acute Myocardial Infarction,Not Admitted,0,0,0.0,0
2017-2018,2017,CTAS II - Emergent,2,Unknown,Any,Not Admitted,0,0,0.0,0
2017-2018,2017,CTAS II - Emergent,2,Unknown,Asthma,Not Admitted,0,0,0.0,0
2017-2018,2017,CTAS II - Emergent,2,Unknown,Influenzal Pneumonia,Not Admitted,0,0,0.0,0
2017-2018,2017,CTAS II - Emergent,2,Unknown,Motor Vehicle Collisions,Not Admitted,0,0,0.0,0
2017-2018,2017,CTAS II - Emergent,2,Unknown,Pneumonia,Not Admitted,0,0,0.0,0
2017-2018,2017,CTAS II - Emergent,2,Unknown,Trauma,Not Admitted,0,0,0.0,0
2017-2018,2017,CTAS II - Emergent,2,Unknown,Unintentional Falls,Not Admitted,0,0,0.0,0
2017-2018,2017,CTAS III - Urgent,3,Admitted,Acute Myocardial Infarction,Admitted,4115,624,10.4,1
2017-2018,2017,Less urgent,3,Admitted,Acute Myocardial Infarction,Admitted,377,498,8.3,1
2017-2018,2017,Non-urgent,3,Admitted,Acute Myocardial Infarction,Admitted,34,465,7.75,1
2017-2018,2017,Unknown,3,Admitted,Acute Myocardial Infarction,Admitted,64,291,4.85,1
2017-2018,2017,CTAS III - Urgent,3,Admitted,Any,Admitted,523128,660,11.0,1
2017-2018,2017,Less urgent,3,Admitted,Any,Admitted,68741,522,8.7,1
2017-2018,2017,Non-urgent,3,Admitted,Any,Admitted,8358,444,7.4,1
2017-2018,2017,Unknown,3,Admitted,Any,Admitted,5616,228,3.8,1
2017-2018,2017,CTAS III - Urgent,3,Admitted,Asthma,Admitted,1421,618,10.3,1
2017-2018,2017,Less urgent,3,Admitted,Asthma,Admitted,83,354,5.9,1
2017-2018,2017,Non-urgent,3,Admitted,Asthma,Admitted,9,780,13.0,1
2017-2018,2017,Unknown,3,Admitted,Asthma,Admitted,17,294,4.9,1
2017-2018,2017,CTAS III - Urgent,3,Admitted,Influenzal Pneumonia,Admitted,138,1182,19.7,1
2017-2018,2017,Less urgent,3,Admitted,Influenzal Pneumonia,Admitted,23,648,10.8,1
2017-2018,2017,Non-urgent,3,Admitted,Influenzal Pneumonia,Admitted,0,1164,19.4,1
2017-2018,2017,Unknown,3,Admitted,Influenzal Pneumonia,Admitted,0,696,11.6,1
2017-2018,2017,CTAS III - Urgent,3,Admitted,Motor Vehicle Collisions,Admitted,2544,444,7.4,1
2017-2018,2017,Less urgent,3,Admitted,Motor Vehicle Collisions,Admitted,453,372,6.2,1
2017-2018,2017,Non-urgent,3,Admitted,Motor Vehicle Collisions,Admitted,49,264,4.4,1
2017-2018,2017,Unknown,3,Admitted,Motor Vehicle Collisions,Admitted,46,156,2.6,1
2017-2018,2017,CTAS III - Urgent,3,Admitted,Pneumonia,Admitted,15905,768,12.8,1
2017-2018,2017,Less urgent,3,Admitted,Pneumonia,Admitted,1511,462,7.7,1
2017-2018,2017,Non-urgent,3,Admitted,Pneumonia,Admitted,122,372,6.2,1
2017-2018,2017,Unknown,3,Admitted,Pneumonia,Admitted,269,207,3.45,1
2017-2018,2017,CTAS III - Urgent,3,Admitted,Trauma,Admitted,42260,534,8.9,1
2017-2018,2017,Less urgent,3,Admitted,Trauma,Admitted,7799,444,7.4,1
2017-2018,2017,Non-urgent,3,Admitted,Trauma,Admitted,841,336,5.6,1
2017-2018,2017,Unknown,3,Admitted,Trauma,Admitted,356,234,3.9,1
2017-2018,2017,CTAS III - Urgent,3,Admitted,Unintentional Falls,Admitted,31798,558,9.3,1
2017-2018,2017,Less urgent,3,Admitted,Unintentional Falls,Admitted,5272,474,7.9,1
2017-2018,2017,Non-urgent,3,Admitted,Unintentional Falls,Admitted,500,372,6.2,1
2017-2018,2017,Unknown,3,Admitted,Unintentional Falls,Admitted,222,252,4.2,1
2017-2018,2017,CTAS III - Urgent,3,Death,Acute Myocardial Infarction,Not Admitted,18,198,3.3,0
2017-2018,2017,Less urgent,3,Death,Acute Myocardial Infarction,Not Admitted,0,243,4.05,0
2017-2018,2017,Non-urgent,3,Death,Acute Myocardial Infarction,Not Admitted,0,132,2.2,0
2017-2018,2017,Unknown,3,Death,Acute Myocardial Infarction,Not Admitted,5,54,0.9,0
2017-2018,2017,CTAS III - Urgent,3,Death,Any,Not Admitted,528,288,4.8,0
2017-2018,2017,Less urgent,3,Death,Any,Not Admitted,67,261,4.35,0
2017-2018,2017,Non-urgent,3,Death,Any,Not Admitted,85,42,0.7,0
2017-2018,2017,Unknown,3,Death,Any,Not Admitted,103,24,0.4,0
2017-2018,2017,CTAS III - Urgent,3,Death,Asthma,Not Admitted,0,78,1.3,0
2017-2018,2017,Less urgent,3,Death,Asthma,Not Admitted,0,0,0.0,0
2017-2018,2017,Non-urgent,3,Death,Asthma,Not Admitted,0,0,0.0,0
2017-2018,2017,Unknown,3,Death,Asthma,Not Admitted,0,0,0.0,0
2017-2018,2017,CTAS III - Urgent,3,Death,Influenzal Pneumonia,Not Admitted,0,120,2.0,0
2017-2018,2017,Less urgent,3,Death,Influenzal Pneumonia,Not Admitted,0,0,0.0,0
2017-2018,2017,Non-urgent,3,Death,Influenzal Pneumonia,Not Admitted,0,0,0.0,0
2017-2018,2017,Unknown,3,Death,Influenzal Pneumonia,Not Admitted,0,0,0.0,0
2017-2018,2017,CTAS III - Urgent,3,Death,Motor Vehicle Collisions,Not Admitted,0,762,12.7,0
2017-2018,2017,Less urgent,3,Death,Motor Vehicle Collisions,Not Admitted,0,123,2.05,0
2017-2018,2017,Non-urgent,3,Death,Motor Vehicle Collisions,Not Admitted,0,0,0.0,0
2017-2018,2017,Unknown,3,Death,Motor Vehicle Collisions,Not Admitted,9,90,1.5,0
2017-2018,2017,CTAS III - Urgent,3,Death,Pneumonia,Not Admitted,12,384,6.4,0
2017-2018,2017,Less urgent,3,Death,Pneumonia,Not Admitted,0,144,2.4,0
2017-2018,2017,Non-urgent,3,Death,Pneumonia,Not Admitted,0,6,0.1,0
2017-2018,2017,Unknown,3,Death,Pneumonia,Not Admitted,0,762,12.7,0
2017-2018,2017,CTAS III - Urgent,3,Death,Trauma,Not Admitted,22,363,6.05,0
2017-2018,2017,Less urgent,3,Death,Trauma,Not Admitted,10,108,1.8,0
2017-2018,2017,Non-urgent,3,Death,Trauma,Not Admitted,7,18,0.3,0
2017-2018,2017,Unknown,3,Death,Trauma,Not Admitted,12,90,1.5,0
2017-2018,2017,CTAS III - Urgent,3,Death,Unintentional Falls,Not Admitted,13,378,6.3,0
2017-2018,2017,Less urgent,3,Death,Unintentional Falls,Not Admitted,0,825,13.75,0
2017-2018,2017,Non-urgent,3,Death,Unintentional Falls,Not Admitted,0,522,8.7,0
2017-2018,2017,Unknown,3,Death,Unintentional Falls,Not Admitted,0,0,0.0,0
2017-2018,2017,CTAS III - Urgent,3,Discharged Home,Acute Myocardial Infarction,Not Admitted,259,390,6.5,0
2017-2018,2017,Less urgent,3,Discharged Home,Acute Myocardial Infarction,Not Admitted,48,306,5.1,0
2017-2018,2017,Non-urgent,3,Discharged Home,Acute Myocardial Infarction,Not Admitted,15,84,1.4,0
2017-2018,2017,Unknown,3,Discharged Home,Acute Myocardial Infarction,Not Admitted,7,252,4.2,0
2017-2018,2017,CTAS III - Urgent,3,Discharged Home,Any,Not Admitted,4188730,186,3.1,0
2017-2018,2017,Less urgent,3,Discharged Home,Any,Not Admitted,3259824,114,1.9,0
2017-2018,2017,Non-urgent,3,Discharged Home,Any,Not Admitted,634473,90,1.5,0
2017-2018,2017,Unknown,3,Discharged Home,Any,Not Admitted,64329,72,1.2,0
2017-2018,2017,CTAS III - Urgent,3,Discharged Home,Asthma,Not Admitted,27843,168,2.8,0
2017-2018,2017,Less urgent,3,Discharged Home,Asthma,Not Admitted,12132,114,1.9,0
2017-2018,2017,Non-urgent,3,Discharged Home,Asthma,Not Admitted,1534,96,1.6,0
2017-2018,2017,Unknown,3,Discharged Home,Asthma,Not Admitted,306,90,1.5,0
2017-2018,2017,CTAS III - Urgent,3,Discharged Home,Influenzal Pneumonia,Not Admitted,260,216,3.6,0
2017-2018,2017,Less urgent,3,Discharged Home,Influenzal Pneumonia,Not Admitted,115,144,2.4,0
2017-2018,2017,Non-urgent,3,Discharged Home,Influenzal Pneumonia,Not Admitted,6,54,0.9,0
2017-2018,2017,Unknown,3,Discharged Home,Influenzal Pneumonia,Not Admitted,0,366,6.1,0
2017-2018,2017,CTAS III - Urgent,3,Discharged Home,Motor Vehicle Collisions,Not Admitted,71943,150,2.5,0
2017-2018,2017,Less urgent,3,Discharged Home,Motor Vehicle Collisions,Not Admitted,45471,120,2.0,0
2017-2018,2017,Non-urgent,3,Discharged Home,Motor Vehicle Collisions,Not Admitted,3670,108,1.8,0
2017-2018,2017,Unknown,3,Discharged Home,Motor Vehicle Collisions,Not Admitted,822,96,1.6,0
2017-2018,2017,CTAS III - Urgent,3,Discharged Home,Pneumonia,Not Admitted,50878,186,3.1,0
2017-2018,2017,Less urgent,3,Discharged Home,Pneumonia,Not Admitted,23463,132,2.2,0
2017-2018,2017,Non-urgent,3,Discharged Home,Pneumonia,Not Admitted,2286,126,2.1,0
2017-2018,2017,Unknown,3,Discharged Home,Pneumonia,Not Admitted,346,96,1.6,0
2017-2018,2017,CTAS III - Urgent,3,Discharged Home,Trauma,Not Admitted,703302,144,2.4,0
2017-2018,2017,Less urgent,3,Discharged Home,Trauma,Not Admitted,859985,114,1.9,0
2017-2018,2017,Non-urgent,3,Discharged Home,Trauma,Not Admitted,97710,96,1.6,0
2017-2018,2017,Unknown,3,Discharged Home,Trauma,Not Admitted,9484,72,1.2,0
2017-2018,2017,CTAS III - Urgent,3,Discharged Home,Unintentional Falls,Not Admitted,260034,162,2.7,0
2017-2018,2017,Less urgent,3,Discharged Home,Unintentional Falls,Not Admitted,245814,126,2.1,0
2017-2018,2017,Non-urgent,3,Discharged Home,Unintentional Falls,Not Admitted,19126,114,1.9,0
2017-2018,2017,Unknown,3,Discharged Home,Unintentional Falls,Not Admitted,2458,84,1.4,0
2017-2018,2017,CTAS III - Urgent,3,Intra-Facility Transfer,Acute Myocardial Infarction,Not Admitted,9,138,2.3,0
2017-2018,2017,Less urgent,3,Intra-Facility Transfer,Acute Myocardial Infarction,Not Admitted,0,0,0.0,0
2017-2018,2017,Non-urgent,3,Intra-Facility Transfer,Acute Myocardial Infarction,Not Admitted,0,0,0.0,0
2017-2018,2017,Unknown,3,Intra-Facility Transfer,Acute Myocardial Infarction,Not Admitted,0,0,0.0,0
2017-2018,2017,CTAS III - Urgent,3,Intra-Facility Transfer,Any,Not Admitted,17452,222,3.7,0
2017-2018,2017,Less urgent,3,Intra-Facility Transfer,Any,Not Admitted,7609,156,2.6,0
2017-2018,2017,Non-urgent,3,Intra-Facility Transfer,Any,Not Admitted,1532,90,1.5,0
2017-2018,2017,Unknown,3,Intra-Facility Transfer,Any,Not Admitted,154,42,0.7,0
2017-2018,2017,CTAS III - Urgent,3,Intra-Facility Transfer,Asthma,Not Admitted,20,177,2.95,0
2017-2018,2017,Less urgent,3,Intra-Facility Transfer,Asthma,Not Admitted,0,0,0.0,0
2017-2018,2017,Non-urgent,3,Intra-Facility Transfer,Asthma,Not Admitted,0,0,0.0,0
2017-2018,2017,Unknown,3,Intra-Facility Transfer,Asthma,Not Admitted,0,0,0.0,0
2017-2018,2017,CTAS III - Urgent,3,Intra-Facility Transfer,Influenzal Pneumonia,Not Admitted,0,0,0.0,0
2017-2018,2017,Less urgent,3,Intra-Facility Transfer,Influenzal Pneumonia,Not Admitted,0,0,0.0,0
2017-2018,2017,Non-urgent,3,Intra-Facility Transfer,Influenzal Pneumonia,Not Admitted,0,0,0.0,0
2017-2018,2017,Unknown,3,Intra-Facility Transfer,Influenzal Pneumonia,Not Admitted,0,0,0.0,0
2017-2018,2017,CTAS III - Urgent,3,Intra-Facility Transfer,Motor Vehicle Collisions,Not Admitted,137,204,3.4,0
2017-2018,2017,Less urgent,3,Intra-Facility Transfer,Motor Vehicle Collisions,Not Admitted,63,222,3.7,0
2017-2018,2017,Non-urgent,3,Intra-Facility Transfer,Motor Vehicle Collisions,Not Admitted,13,96,1.6,0
2017-2018,2017,Unknown,3,Intra-Facility Transfer,Motor Vehicle Collisions,Not Admitted,0,276,4.6,0
2017-2018,2017,CTAS III - Urgent,3,Intra-Facility Transfer,Pneumonia,Not Admitted,52,204,3.4,0
2017-2018,2017,Less urgent,3,Intra-Facility Transfer,Pneumonia,Not Admitted,7,114,1.9,0
2017-2018,2017,Non-urgent,3,Intra-Facility Transfer,Pneumonia,Not Admitted,0,0,0.0,0
2017-2018,2017,Unknown,3,Intra-Facility Transfer,Pneumonia,Not Admitted,0,0,0.0,0
2017-2018,2017,CTAS III - Urgent,3,Intra-Facility Transfer,Trauma,Not Admitted,2272,204,3.4,0
2017-2018,2017,Less urgent,3,Intra-Facility Transfer,Trauma,Not Admitted,1073,168,2.8,0
2017-2018,2017,Non-urgent,3,Intra-Facility Transfer,Trauma,Not Admitted,235,138,2.3,0
2017-2018,2017,Unknown,3,Intra-Facility Transfer,Trauma,Not Admitted,22,90,1.5,0
2017-2018,2017,CTAS III - Urgent,3,Intra-Facility Transfer,Unintentional Falls,Not Admitted,605,216,3.6,0
2017-2018,2017,Less urgent,3,Intra-Facility Transfer,Unintentional Falls,Not Admitted,332,156,2.6,0
2017-2018,2017,Non-urgent,3,Intra-Facility Transfer,Unintentional Falls,Not Admitted,50,111,1.85,0
2017-2018,2017,Unknown,3,Intra-Facility Transfer,Unintentional Falls,Not Admitted,9,78,1.3,0
2017-2018,2017,CTAS III - Urgent,3,Not Seen Or Left,Acute Myocardial Infarction,Not Admitted,38,315,5.25,0
2017-2018,2017,Less urgent,3,Not Seen Or Left,Acute Myocardial Infarction,Not Admitted,8,285,4.75,0
2017-2018,2017,Non-urgent,3,Not Seen Or Left,Acute Myocardial Infarction,Not Admitted,0,96,1.6,0
2017-2018,2017,Unknown,3,Not Seen Or Left,Acute Myocardial Infarction,Not Admitted,0,507,8.45,0
2017-2018,2017,CTAS III - Urgent,3,Not Seen Or Left,Any,Not Admitted,228586,144,2.4,0
2017-2018,2017,Less urgent,3,Not Seen Or Left,Any,Not Admitted,169222,126,2.1,0
2017-2018,2017,Non-urgent,3,Not Seen Or Left,Any,Not Admitted,42530,108,1.8,0
2017-2018,2017,Unknown,3,Not Seen Or Left,Any,Not Admitted,30505,36,0.6,0
2017-2018,2017,CTAS III - Urgent,3,Not Seen Or Left,Asthma,Not Admitted,304,144,2.4,0
2017-2018,2017,Less urgent,3,Not Seen Or Left,Asthma,Not Admitted,128,126,2.1,0
2017-2018,2017,Non-urgent,3,Not Seen Or Left,Asthma,Not Admitted,18,177,2.95,0
2017-2018,2017,Unknown,3,Not Seen Or Left,Asthma,Not Admitted,7,63,1.05,0
2017-2018,2017,CTAS III - Urgent,3,Not Seen Or Left,Influenzal Pneumonia,Not Admitted,0,0,0.0,0
2017-2018,2017,Less urgent,3,Not Seen Or Left,Influenzal Pneumonia,Not Admitted,0,0,0.0,0
2017-2018,2017,Non-urgent,3,Not Seen Or Left,Influenzal Pneumonia,Not Admitted,0,258,4.3,0
2017-2018,2017,Unknown,3,Not Seen Or Left,Influenzal Pneumonia,Not Admitted,0,0,0.0,0
2017-2018,2017,CTAS III - Urgent,3,Not Seen Or Left,Motor Vehicle Collisions,Not Admitted,2126,144,2.4,0
2017-2018,2017,Less urgent,3,Not Seen Or Left,Motor Vehicle Collisions,Not Admitted,1428,126,2.1,0
2017-2018,2017,Non-urgent,3,Not Seen Or Left,Motor Vehicle Collisions,Not Admitted,110,120,2.0,0
2017-2018,2017,Unknown,3,Not Seen Or Left,Motor Vehicle Collisions,Not Admitted,59,66,1.1,0
2017-2018,2017,CTAS III - Urgent,3,Not Seen Or Left,Pneumonia,Not Admitted,238,216,3.6,0
2017-2018,2017,Less urgent,3,Not Seen Or Left,Pneumonia,Not Admitted,78,180,3.0,0
2017-2018,2017,Non-urgent,3,Not Seen Or Left,Pneumonia,Not Admitted,19,147,2.45,0
2017-2018,2017,Unknown,3,Not Seen Or Left,Pneumonia,Not Admitted,12,153,2.55,0
2017-2018,2017,CTAS III - Urgent,3,Not Seen Or Left,Trauma,Not Admitted,23142,132,2.2,0
2017-2018,2017,Less urgent,3,Not Seen Or Left,Trauma,Not Admitted,29631,120,2.0,0
2017-2018,2017,Non-urgent,3,Not Seen Or Left,Trauma,Not Admitted,4838,102,1.7,0
2017-2018,2017,Unknown,3,Not Seen Or Left,Trauma,Not Admitted,1497,48,0.8,0
2017-2018,2017,CTAS III - Urgent,3,Not Seen Or Left,Unintentional Falls,Not Admitted,6569,144,2.4,0
2017-2018,2017,Less urgent,3,Not Seen Or Left,Unintentional Falls,Not Admitted,6845,126,2.1,0
2017-2018,2017,Non-urgent,3,Not Seen Or Left,Unintentional Falls,Not Admitted,675,114,1.9,0
2017-2018,2017,Unknown,3,Not Seen Or Left,Unintentional Falls,Not Admitted,171,36,0.6,0
2017-2018,2017,CTAS III - Urgent,3,Total,Acute Myocardial Infarction,Not Admitted,5499,498,8.3,0
2017-2018,2017,Less urgent,3,Total,Acute Myocardial Infarction,Not Admitted,531,390,6.5,0
2017-2018,2017,Non-urgent,3,Total,Acute Myocardial Infarction,Not Admitted,57,300,5.0,0
2017-2018,2017,Unknown,3,Total,Acute Myocardial Infarction,Not Admitted,121,186,3.1,0
2017-2018,2017,CTAS III - Urgent,3,Total,Any,Not Admitted,5020079,198,3.3,0
2017-2018,2017,Less urgent,3,Total,Any,Not Admitted,3520229,120,2.0,0
2017-2018,2017,Non-urgent,3,Total,Any,Not Admitted,689077,90,1.5,0
2017-2018,2017,Unknown,3,Total,Any,Not Admitted,102080,78,1.3,0
2017-2018,2017,CTAS III - Urgent,3,Total,Asthma,Not Admitted,29728,168,2.8,0
2017-2018,2017,Less urgent,3,Total,Asthma,Not Admitted,12358,120,2.0,0
2017-2018,2017,Non-urgent,3,Total,Asthma,Not Admitted,1561,96,1.6,0
2017-2018,2017,Unknown,3,Total,Asthma,Not Admitted,330,90,1.5,0
2017-2018,2017,CTAS III - Urgent,3,Total,Influenzal Pneumonia,Not Admitted,410,315,5.25,0
2017-2018,2017,Less urgent,3,Total,Influenzal Pneumonia,Not Admitted,138,162,2.7,0
2017-2018,2017,Non-urgent,3,Total,Influenzal Pneumonia,Not Admitted,6,150,2.5,0
2017-2018,2017,Unknown,3,Total,Influenzal Pneumonia,Not Admitted,0,534,8.9,0
2017-2018,2017,CTAS III - Urgent,3,Total,Motor Vehicle Collisions,Not Admitted,77973,156,2.6,0
2017-2018,2017,Less urgent,3,Total,Motor Vehicle Collisions,Not Admitted,47628,126,2.1,0
2017-2018,2017,Non-urgent,3,Total,Motor Vehicle Collisions,Not Admitted,3867,108,1.8,0
2017-2018,2017,Unknown,3,Total,Motor Vehicle Collisions,Not Admitted,1042,102,1.7,0
2017-2018,2017,CTAS III - Urgent,3,Total,Pneumonia,Not Admitted,68030,228,3.8,0
2017-2018,2017,Less urgent,3,Total,Pneumonia,Not Admitted,25185,138,2.3,0
2017-2018,2017,Non-urgent,3,Total,Pneumonia,Not Admitted,2443,132,2.2,0
2017-2018,2017,Unknown,3,Total,Pneumonia,Not Admitted,642,144,2.4,0
2017-2018,2017,CTAS III - Urgent,3,Total,Trauma,Not Admitted,781482,150,2.5,0
2017-2018,2017,Less urgent,3,Total,Trauma,Not Admitted,901372,114,1.9,0
2017-2018,2017,Non-urgent,3,Total,Trauma,Not Admitted,103910,102,1.7,0
2017-2018,2017,Unknown,3,Total,Trauma,Not Admitted,11698,78,1.3,0
2017-2018,2017,CTAS III - Urgent,3,Total,Unintentional Falls,Not Admitted,305087,180,3.0,0
2017-2018,2017,Less urgent,3,Total,Unintentional Falls,Not Admitted,259741,126,2.1,0
2017-2018,2017,Non-urgent,3,Total,Unintentional Falls,Not Admitted,20461,114,1.9,0
2017-2018,2017,Unknown,3,Total,Unintentional Falls,Not Admitted,2972,90,1.5,0
2017-2018,2017,CTAS III - Urgent,3,Transferred,Acute Myocardial Infarction,Not Admitted,1060,240,4.0,0
2017-2018,2017,Less urgent,3,Transferred,Acute Myocardial Infarction,Not Admitted,98,249,4.15,0
2017-2018,2017,Non-urgent,3,Transferred,Acute Myocardial Infarction,Not Admitted,8,261,4.35,0
2017-2018,2017,Unknown,3,Transferred,Acute Myocardial Infarction,Not Admitted,45,126,2.1,0
2017-2018,2017,CTAS III - Urgent,3,Transferred,Any,Not Admitted,61655,288,4.8,0
2017-2018,2017,Less urgent,3,Transferred,Any,Not Admitted,14766,234,3.9,0
2017-2018,2017,Non-urgent,3,Transferred,Any,Not Admitted,2099,198,3.3,0
2017-2018,2017,Unknown,3,Transferred,Any,Not Admitted,1373,168,2.8,0
2017-2018,2017,CTAS III - Urgent,3,Transferred,Asthma,Not Admitted,140,351,5.85,0
2017-2018,2017,Less urgent,3,Transferred,Asthma,Not Admitted,15,252,4.2,0
2017-2018,2017,Non-urgent,3,Transferred,Asthma,Not Admitted,0,258,4.3,0
2017-2018,2017,Unknown,3,Transferred,Asthma,Not Admitted,0,90,1.5,0
2017-2018,2017,CTAS III - Urgent,3,Transferred,Influenzal Pneumonia,Not Admitted,12,462,7.7,0
2017-2018,2017,Less urgent,3,Transferred,Influenzal Pneumonia,Not Admitted,0,462,7.7,0
2017-2018,2017,Non-urgent,3,Transferred,Influenzal Pneumonia,Not Admitted,0,0,0.0,0
2017-2018,2017,Unknown,3,Transferred,Influenzal Pneumonia,Not Admitted,0,0,0.0,0
2017-2018,2017,CTAS III - Urgent,3,Transferred,Motor Vehicle Collisions,Not Admitted,1223,222,3.7,0
2017-2018,2017,Less urgent,3,Transferred,Motor Vehicle Collisions,Not Admitted,213,237,3.95,0
2017-2018,2017,Non-urgent,3,Transferred,Motor Vehicle Collisions,Not Admitted,25,180,3.0,0
2017-2018,2017,Unknown,3,Transferred,Motor Vehicle Collisions,Not Admitted,106,156,2.6,0
2017-2018,2017,CTAS III - Urgent,3,Transferred,Pneumonia,Not Admitted,945,324,5.4,0
2017-2018,2017,Less urgent,3,Transferred,Pneumonia,Not Admitted,126,288,4.8,0
2017-2018,2017,Non-urgent,3,Transferred,Pneumonia,Not Admitted,16,312,5.2,0
2017-2018,2017,Unknown,3,Transferred,Pneumonia,Not Admitted,15,282,4.7,0
2017-2018,2017,CTAS III - Urgent,3,Transferred,Trauma,Not Admitted,10484,246,4.1,0
2017-2018,2017,Less urgent,3,Transferred,Trauma,Not Admitted,2874,216,3.6,0
2017-2018,2017,Non-urgent,3,Transferred,Trauma,Not Admitted,279,198,3.3,0
2017-2018,2017,Unknown,3,Transferred,Trauma,Not Admitted,327,162,2.7,0
2017-2018,2017,CTAS III - Urgent,3,Transferred,Unintentional Falls,Not Admitted,6068,282,4.7,0
2017-2018,2017,Less urgent,3,Transferred,Unintentional Falls,Not Admitted,1478,258,4.3,0
2017-2018,2017,Non-urgent,3,Transferred,Unintentional Falls,Not Admitted,110,228,3.8,0
2017-2018,2017,Unknown,3,Transferred,Unintentional Falls,Not Admitted,112,201,3.35,0
2017-2018,2017,CTAS III - Urgent,3,Unknown,Acute Myocardial Infarction,Not Admitted,0,0,0.0,0
2017-2018,2017,Less urgent,3,Unknown,Acute Myocardial Infarction,Not Admitted,0,0,0.0,0
2017-2018,2017,Non-urgent,3,Unknown,Acute Myocardial Infarction,Not Admitted,0,0,0.0,0
2017-2018,2017,Unknown,3,Unknown,Acute Myocardial Infarction,Not Admitted,0,0,0.0,0
2017-2018,2017,CTAS III - Urgent,3,Unknown,Any,Not Admitted,0,0,0.0,0
2017-2018,2017,Less urgent,3,Unknown,Any,Not Admitted,0,0,0.0,0
2017-2018,2017,Non-urgent,3,Unknown,Any,Not Admitted,0,0,0.0,0
2017-2018,2017,Unknown,3,Unknown,Any,Not Admitted,0,0,0.0,0
2017-2018,2017,CTAS III - Urgent,3,Unknown,Asthma,Not Admitted,0,0,0.0,0
2017-2018,2017,Less urgent,3,Unknown,Asthma,Not Admitted,0,0,0.0,0
2017-2018,2017,Non-urgent,3,Unknown,Asthma,Not Admitted,0,0,0.0,0
2017-2018,2017,Unknown,3,Unknown,Asthma,Not Admitted,0,0,0.0,0
2017-2018,2017,CTAS III - Urgent,3,Unknown,Influenzal Pneumonia,Not Admitted,0,0,0.0,0
2017-2018,2017,Less urgent,3,Unknown,Influenzal Pneumonia,Not Admitted,0,0,0.0,0
2017-2018,2017,Non-urgent,3,Unknown,Influenzal Pneumonia,Not Admitted,0,0,0.0,0
2017-2018,2017,Unknown,3,Unknown,Influenzal Pneumonia,Not Admitted,0,0,0.0,0
2017-2018,2017,CTAS III - Urgent,3,Unknown,Motor Vehicle Collisions,Not Admitted,0,0,0.0,0
2017-2018,2017,Less urgent,3,Unknown,Motor Vehicle Collisions,Not Admitted,0,0,0.0,0
2017-2018,2017,Non-urgent,3,Unknown,Motor Vehicle Collisions,Not Admitted,0,0,0.0,0
2017-2018,2017,Unknown,3,Unknown,Motor Vehicle Collisions,Not Admitted,0,0,0.0,0
2017-2018,2017,CTAS III - Urgent,3,Unknown,Pneumonia,Not Admitted,0,0,0.0,0
2017-2018,2017,Less urgent,3,Unknown,Pneumonia,Not Admitted,0,0,0.0,0
2017-2018,2017,Non-urgent,3,Unknown,Pneumonia,Not Admitted,0,0,0.0,0
2017-2018,2017,Unknown,3,Unknown,Pneumonia,Not Admitted,0,0,0.0,0
2017-2018,2017,CTAS III - Urgent,3,Unknown,Trauma,Not Admitted,0,0,0.0,0
2017-2018,2017,Less urgent,3,Unknown,Trauma,Not Admitted,0,0,0.0,0
2017-2018,2017,Non-urgent,3,Unknown,Trauma,Not Admitted,0,0,0.0,0
2017-2018,2017,Unknown,3,Unknown,Trauma,Not Admitted,0,0,0.0,0
2017-2018,2017,CTAS III - Urgent,3,Unknown,Unintentional Falls,Not Admitted,0,0,0.0,0
2017-2018,2017,Less urgent,3,Unknown,Unintentional Falls,Not Admitted,0,0,0.0,0
2017-2018,2017,Non-urgent,3,Unknown,Unintentional Falls,Not Admitted,0,0,0.0,0
2017-2018,2017,Unknown,3,Unknown,Unintentional Falls,Not Admitted,0,0,0.0,0
2016-2017,2016,CTAS I - Resuscitation,1,Admitted,Acute Myocardial Infarction,Admitted,1295,84,1.4,1
2016-2017,2016,CTAS I - Resuscitation,1,Admitted,Any,Admitted,48951,360,6.0,1
2016-2017,2016,CTAS I - Resuscitation,1,Admitted,Asthma,Admitted,602,408,6.8,1
2016-2017,2016,CTAS I - Resuscitation,1,Admitted,Influenzal Pneumonia,Admitted,9,624,10.4,1
2016-2017,2016,CTAS I - Resuscitation,1,Admitted,Motor Vehicle Collisions,Admitted,2690,270,4.5,1
2016-2017,2016,CTAS I - Resuscitation,1,Admitted,Pneumonia,Admitted,1552,534,8.9,1
2016-2017,2016,CTAS I - Resuscitation,1,Admitted,Trauma,Admitted,6747,270,4.5,1
2016-2017,2016,CTAS I - Resuscitation,1,Admitted,Unintentional Falls,Admitted,1694,330,5.5,1
2016-2017,2016,CTAS I - Resuscitation,1,Death,Acute Myocardial Infarction,Not Admitted,406,30,0.5,0
2016-2017,2016,CTAS I - Resuscitation,1,Death,Any,Not Admitted,6638,36,0.6,0
2016-2017,2016,CTAS I - Resuscitation,1,Death,Asthma,Not Admitted,0,12,0.2,0
2016-2017,2016,CTAS I - Resuscitation,1,Death,Influenzal Pneumonia,Not Admitted,0,0,0.0,0
2016-2017,2016,CTAS I - Resuscitation,1,Death,Motor Vehicle Collisions,Not Admitted,206,42,0.7,0
2016-2017,2016,CTAS I - Resuscitation,1,Death,Pneumonia,Not Admitted,41,156,2.6,0
2016-2017,2016,CTAS I - Resuscitation,1,Death,Trauma,Not Admitted,617,48,0.8,0
2016-2017,2016,CTAS I - Resuscitation,1,Death,Unintentional Falls,Not Admitted,97,168,2.8,0
2016-2017,2016,CTAS I - Resuscitation,1,Discharged Home,Acute Myocardial Infarction,Not Admitted,18,102,1.7,0
2016-2017,2016,CTAS I - Resuscitation,1,Discharged Home,Any,Not Admitted,21347,264,4.4,0
2016-2017,2016,CTAS I - Resuscitation,1,Discharged Home,Asthma,Not Admitted,409,228,3.8,0
2016-2017,2016,CTAS I - Resuscitation,1,Discharged Home,Influenzal Pneumonia,Not Admitted,0,189,3.15,0
2016-2017,2016,CTAS I - Resuscitation,1,Discharged Home,Motor Vehicle Collisions,Not Admitted,691,288,4.8,0
2016-2017,2016,CTAS I - Resuscitation,1,Discharged Home,Pneumonia,Not Admitted,211,222,3.7,0
2016-2017,2016,CTAS I - Resuscitation,1,Discharged Home,Trauma,Not Admitted,3692,246,4.1,0
2016-2017,2016,CTAS I - Resuscitation,1,Discharged Home,Unintentional Falls,Not Admitted,611,270,4.5,0
2016-2017,2016,CTAS I - Resuscitation,1,Intra-Facility Transfer,Acute Myocardial Infarction,Not Admitted,22,42,0.7,0
2016-2017,2016,CTAS I - Resuscitation,1,Intra-Facility Transfer,Any,Not Admitted,376,192,3.2,0
2016-2017,2016,CTAS I - Resuscitation,1,Intra-Facility Transfer,Asthma,Not Admitted,0,135,2.25,0
2016-2017,2016,CTAS I - Resuscitation,1,Intra-Facility Transfer,Influenzal Pneumonia,Not Admitted,0,0,0.0,0
2016-2017,2016,CTAS I - Resuscitation,1,Intra-Facility Transfer,Motor Vehicle Collisions,Not Admitted,10,132,2.2,0
2016-2017,2016,CTAS I - Resuscitation,1,Intra-Facility Transfer,Pneumonia,Not Admitted,0,0,0.0,0
2016-2017,2016,CTAS I - Resuscitation,1,Intra-Facility Transfer,Trauma,Not Admitted,81,174,2.9,0
2016-2017,2016,CTAS I - Resuscitation,1,Intra-Facility Transfer,Unintentional Falls,Not Admitted,13,138,2.3,0
2016-2017,2016,CTAS I - Resuscitation,1,Not Seen Or Left,Acute Myocardial Infarction,Not Admitted,0,195,3.25,0
2016-2017,2016,CTAS I - Resuscitation,1,Not Seen Or Left,Any,Not Admitted,612,204,3.4,0
2016-2017,2016,CTAS I - Resuscitation,1,Not Seen Or Left,Asthma,Not Admitted,7,252,4.2,0
2016-2017,2016,CTAS I - Resuscitation,1,Not Seen Or Left,Influenzal Pneumonia,Not Admitted,0,0,0.0,0
2016-2017,2016,CTAS I - Resuscitation,1,Not Seen Or Left,Motor Vehicle Collisions,Not Admitted,10,243,4.05,0
2016-2017,2016,CTAS I - Resuscitation,1,Not Seen Or Left,Pneumonia,Not Admitted,0,222,3.7,0
2016-2017,2016,CTAS I - Resuscitation,1,Not Seen Or Left,Trauma,Not Admitted,90,192,3.2,0
2016-2017,2016,CTAS I - Resuscitation,1,Not Seen Or Left,Unintentional Falls,Not Admitted,15,210,3.5,0
2016-2017,2016,CTAS I - Resuscitation,1,Total,Acute Myocardial Infarction,Not Admitted,2543,66,1.1,0
2016-2017,2016,CTAS I - Resuscitation,1,Total,Any,Not Admitted,85678,276,4.6,0
2016-2017,2016,CTAS I - Resuscitation,1,Total,Asthma,Not Admitted,1066,312,5.2,0
2016-2017,2016,CTAS I - Resuscitation,1,Total,Influenzal Pneumonia,Not Admitted,9,540,9.0,0
2016-2017,2016,CTAS I - Resuscitation,1,Total,Motor Vehicle Collisions,Not Admitted,4207,234,3.9,0
2016-2017,2016,CTAS I - Resuscitation,1,Total,Pneumonia,Not Admitted,1904,426,7.1,0
2016-2017,2016,CTAS I - Resuscitation,1,Total,Trauma,Not Admitted,12762,234,3.9,0
2016-2017,2016,CTAS I - Resuscitation,1,Total,Unintentional Falls,Not Admitted,2760,276,4.6,0
2016-2017,2016,CTAS I - Resuscitation,1,Transferred,Acute Myocardial Infarction,Not Admitted,802,60,1.0,0
2016-2017,2016,CTAS I - Resuscitation,1,Transferred,Any,Not Admitted,7754,156,2.6,0
2016-2017,2016,CTAS I - Resuscitation,1,Transferred,Asthma,Not Admitted,48,225,3.75,0
2016-2017,2016,CTAS I - Resuscitation,1,Transferred,Influenzal Pneumonia,Not Admitted,0,0,0.0,0
2016-2017,2016,CTAS I - Resuscitation,1,Transferred,Motor Vehicle Collisions,Not Admitted,600,120,2.0,0
2016-2017,2016,CTAS I - Resuscitation,1,Transferred,Pneumonia,Not Admitted,100,234,3.9,0
2016-2017,2016,CTAS I - Resuscitation,1,Transferred,Trauma,Not Admitted,1535,135,2.25,0
2016-2017,2016,CTAS I - Resuscitation,1,Transferred,Unintentional Falls,Not Admitted,330,168,2.8,0
2016-2017,2016,CTAS I - Resuscitation,1,Unknown,Acute Myocardial Infarction,Not Admitted,0,0,0.0,0
2016-2017,2016,CTAS I - Resuscitation,1,Unknown,Any,Not Admitted,0,0,0.0,0
2016-2017,2016,CTAS I - Resuscitation,1,Unknown,Asthma,Not Admitted,0,0,0.0,0
2016-2017,2016,CTAS I - Resuscitation,1,Unknown,Influenzal Pneumonia,Not Admitted,0,0,0.0,0
2016-2017,2016,CTAS I - Resuscitation,1,Unknown,Motor Vehicle Collisions,Not Admitted,0,0,0.0,0
2016-2017,2016,CTAS I - Resuscitation,1,Unknown,Pneumonia,Not Admitted,0,0,0.0,0
2016-2017,2016,CTAS I - Resuscitation,1,Unknown,Trauma,Not Admitted,0,0,0.0,0
2016-2017,2016,CTAS I - Resuscitation,1,Unknown,Unintentional Falls,Not Admitted,0,0,0.0,0
2016-2017,2016,CTAS II - Emergent,2,Admitted,Acute Myocardial Infarction,Admitted,12583,510,8.5,1
2016-2017,2016,CTAS II - Emergent,2,Admitted,Any,Admitted,473992,648,10.8,1
2016-2017,2016,CTAS II - Emergent,2,Admitted,Asthma,Admitted,3674,510,8.5,1
2016-2017,2016,CTAS II - Emergent,2,Admitted,Influenzal Pneumonia,Admitted,83,1116,18.6,1
2016-2017,2016,CTAS II - Emergent,2,Admitted,Motor Vehicle Collisions,Admitted,4485,426,7.1,1
2016-2017,2016,CTAS II - Emergent,2,Admitted,Pneumonia,Admitted,17961,732,12.2,1
2016-2017,2016,CTAS II - Emergent,2,Admitted,Trauma,Admitted,26800,492,8.2,1
2016-2017,2016,CTAS II - Emergent,2,Admitted,Unintentional Falls,Admitted,15270,546,9.1,1
2016-2017,2016,CTAS II - Emergent,2,Death,Acute Myocardial Infarction,Not Admitted,76,150,2.5,0
2016-2017,2016,CTAS II - Emergent,2,Death,Any,Not Admitted,1409,228,3.8,0
2016-2017,2016,CTAS II - Emergent,2,Death,Asthma,Not Admitted,0,0,0.0,0
2016-2017,2016,CTAS II - Emergent,2,Death,Influenzal Pneumonia,Not Admitted,0,0,0.0,0
2016-2017,2016,CTAS II - Emergent,2,Death,Motor Vehicle Collisions,Not Admitted,9,90,1.5,0
2016-2017,2016,CTAS II - Emergent,2,Death,Pneumonia,Not Admitted,38,294,4.9,0
2016-2017,2016,CTAS II - Emergent,2,Death,Trauma,Not Admitted,42,282,4.7,0
2016-2017,2016,CTAS II - Emergent,2,Death,Unintentional Falls,Not Admitted,22,315,5.25,0
2016-2017,2016,CTAS II - Emergent,2,Discharged Home,Acute Myocardial Infarction,Not Admitted,460,306,5.1,0
2016-2017,2016,CTAS II - Emergent,2,Discharged Home,Any,Not Admitted,1333328,228,3.8,0
2016-2017,2016,CTAS II - Emergent,2,Discharged Home,Asthma,Not Admitted,13833,204,3.4,0
2016-2017,2016,CTAS II - Emergent,2,Discharged Home,Influenzal Pneumonia,Not Admitted,45,282,4.7,0
2016-2017,2016,CTAS II - Emergent,2,Discharged Home,Motor Vehicle Collisions,Not Admitted,26219,192,3.2,0
2016-2017,2016,CTAS II - Emergent,2,Discharged Home,Pneumonia,Not Admitted,16131,222,3.7,0
2016-2017,2016,CTAS II - Emergent,2,Discharged Home,Trauma,Not Admitted,163083,174,2.9,0
2016-2017,2016,CTAS II - Emergent,2,Discharged Home,Unintentional Falls,Not Admitted,52271,204,3.4,0
2016-2017,2016,CTAS II - Emergent,2,Intra-Facility Transfer,Acute Myocardial Infarction,Not Admitted,74,87,1.45,0
2016-2017,2016,CTAS II - Emergent,2,Intra-Facility Transfer,Any,Not Admitted,12063,240,4.0,0
2016-2017,2016,CTAS II - Emergent,2,Intra-Facility Transfer,Asthma,Not Admitted,58,210,3.5,0
2016-2017,2016,CTAS II - Emergent,2,Intra-Facility Transfer,Influenzal Pneumonia,Not Admitted,0,0,0.0,0
2016-2017,2016,CTAS II - Emergent,2,Intra-Facility Transfer,Motor Vehicle Collisions,Not Admitted,68,198,3.3,0
2016-2017,2016,CTAS II - Emergent,2,Intra-Facility Transfer,Pneumonia,Not Admitted,72,282,4.7,0
2016-2017,2016,CTAS II - Emergent,2,Intra-Facility Transfer,Trauma,Not Admitted,1207,204,3.4,0
2016-2017,2016,CTAS II - Emergent,2,Intra-Facility Transfer,Unintentional Falls,Not Admitted,235,264,4.4,0
2016-2017,2016,CTAS II - Emergent,2,Not Seen Or Left,Acute Myocardial Infarction,Not Admitted,70,330,5.5,0
2016-2017,2016,CTAS II - Emergent,2,Not Seen Or Left,Any,Not Admitted,47310,156,2.6,0
2016-2017,2016,CTAS II - Emergent,2,Not Seen Or Left,Asthma,Not Admitted,149,159,2.65,0
2016-2017,2016,CTAS II - Emergent,2,Not Seen Or Left,Influenzal Pneumonia,Not Admitted,0,522,8.7,0
2016-2017,2016,CTAS II - Emergent,2,Not Seen Or Left,Motor Vehicle Collisions,Not Admitted,500,168,2.8,0
2016-2017,2016,CTAS II - Emergent,2,Not Seen Or Left,Pneumonia,Not Admitted,102,288,4.8,0
2016-2017,2016,CTAS II - Emergent,2,Not Seen Or Left,Trauma,Not Admitted,3848,144,2.4,0
2016-2017,2016,CTAS II - Emergent,2,Not Seen Or Left,Unintentional Falls,Not Admitted,952,162,2.7,0
2016-2017,2016,CTAS II - Emergent,2,Total,Acute Myocardial Infarction,Not Admitted,17504,384,6.4,0
2016-2017,2016,CTAS II - Emergent,2,Total,Any,Not Admitted,1924818,276,4.6,0
2016-2017,2016,CTAS II - Emergent,2,Total,Asthma,Not Admitted,18098,234,3.9,0
2016-2017,2016,CTAS II - Emergent,2,Total,Influenzal Pneumonia,Not Admitted,128,510,8.5,0
2016-2017,2016,CTAS II - Emergent,2,Total,Motor Vehicle Collisions,Not Admitted,33279,210,3.5,0
2016-2017,2016,CTAS II - Emergent,2,Total,Pneumonia,Not Admitted,35511,366,6.1,0
2016-2017,2016,CTAS II - Emergent,2,Total,Trauma,Not Admitted,203030,198,3.3,0
2016-2017,2016,CTAS II - Emergent,2,Total,Unintentional Falls,Not Admitted,71916,240,4.0,0
2016-2017,2016,CTAS II - Emergent,2,Transferred,Acute Myocardial Infarction,Not Admitted,4241,120,2.0,0
2016-2017,2016,CTAS II - Emergent,2,Transferred,Any,Not Admitted,56716,246,4.1,0
2016-2017,2016,CTAS II - Emergent,2,Transferred,Asthma,Not Admitted,384,288,4.8,0
2016-2017,2016,CTAS II - Emergent,2,Transferred,Influenzal Pneumonia,Not Admitted,0,270,4.5,0
2016-2017,2016,CTAS II - Emergent,2,Transferred,Motor Vehicle Collisions,Not Admitted,1998,204,3.4,0
2016-2017,2016,CTAS II - Emergent,2,Transferred,Pneumonia,Not Admitted,1207,258,4.3,0
2016-2017,2016,CTAS II - Emergent,2,Transferred,Trauma,Not Admitted,8050,198,3.3,0
2016-2017,2016,CTAS II - Emergent,2,Transferred,Unintentional Falls,Not Admitted,3166,222,3.7,0
2016-2017,2016,CTAS II - Emergent,2,Unknown,Acute Myocardial Infarction,Not Admitted,0,0,0.0,0
2016-2017,2016,CTAS II - Emergent,2,Unknown,Any,Not Admitted,0,0,0.0,0
2016-2017,2016,CTAS II - Emergent,2,Unknown,Asthma,Not Admitted,0,0,0.0,0
2016-2017,2016,CTAS II - Emergent,2,Unknown,Influenzal Pneumonia,Not Admitted,0,0,0.0,0
2016-2017,2016,CTAS II - Emergent,2,Unknown,Motor Vehicle Collisions,Not Admitted,0,0,0.0,0
2016-2017,2016,CTAS II - Emergent,2,Unknown,Pneumonia,Not Admitted,0,0,0.0,0
2016-2017,2016,CTAS II - Emergent,2,Unknown,Trauma,Not Admitted,0,0,0.0,0
2016-2017,2016,CTAS II - Emergent,2,Unknown,Unintentional Falls,Not Admitted,0,0,0.0,0
2016-2017,2016,CTAS III - Urgent,3,Admitted,Acute Myocardial Infarction,Admitted,4221,570,9.5,1
2016-2017,2016,Less urgent,3,Admitted,Acute Myocardial Infarction,Admitted,331,480,8.0,1
2016-2017,2016,Non-urgent,3,Admitted,Acute Myocardial Infarction,Admitted,32,387,6.45,1
2016-2017,2016,Unknown,3,Admitted,Acute Myocardial Infarction,Admitted,90,192,3.2,1
2016-2017,2016,CTAS III - Urgent,3,Admitted,Any,Admitted,513898,648,10.8,1
2016-2017,2016,Less urgent,3,Admitted,Any,Admitted,67853,510,8.5,1
2016-2017,2016,Non-urgent,3,Admitted,Any,Admitted,7581,432,7.2,1
2016-2017,2016,Unknown,3,Admitted,Any,Admitted,5263,204,3.4,1
2016-2017,2016,CTAS III - Urgent,3,Admitted,Asthma,Admitted,1441,564,9.4,1
2016-2017,2016,Less urgent,3,Admitted,Asthma,Admitted,94,459,7.65,1
2016-2017,2016,Non-urgent,3,Admitted,Asthma,Admitted,7,384,6.4,1
2016-2017,2016,Unknown,3,Admitted,Asthma,Admitted,20,234,3.9,1
2016-2017,2016,CTAS III - Urgent,3,Admitted,Influenzal Pneumonia,Admitted,81,1188,19.8,1
2016-2017,2016,Less urgent,3,Admitted,Influenzal Pneumonia,Admitted,14,822,13.7,1
2016-2017,2016,Non-urgent,3,Admitted,Influenzal Pneumonia,Admitted,0,0,0.0,1
2016-2017,2016,Unknown,3,Admitted,Influenzal Pneumonia,Admitted,0,120,2.0,1
2016-2017,2016,CTAS III - Urgent,3,Admitted,Motor Vehicle Collisions,Admitted,2556,426,7.1,1
2016-2017,2016,Less urgent,3,Admitted,Motor Vehicle Collisions,Admitted,447,348,5.8,1
2016-2017,2016,Non-urgent,3,Admitted,Motor Vehicle Collisions,Admitted,52,252,4.2,1
2016-2017,2016,Unknown,3,Admitted,Motor Vehicle Collisions,Admitted,45,276,4.6,1
2016-2017,2016,CTAS III - Urgent,3,Admitted,Pneumonia,Admitted,14529,702,11.7,1
2016-2017,2016,Less urgent,3,Admitted,Pneumonia,Admitted,1379,432,7.2,1
2016-2017,2016,Non-urgent,3,Admitted,Pneumonia,Admitted,101,402,6.7,1
2016-2017,2016,Unknown,3,Admitted,Pneumonia,Admitted,219,207,3.45,1
2016-2017,2016,CTAS III - Urgent,3,Admitted,Trauma,Admitted,41190,504,8.4,1
2016-2017,2016,Less urgent,3,Admitted,Trauma,Admitted,7253,426,7.1,1
2016-2017,2016,Non-urgent,3,Admitted,Trauma,Admitted,586,300,5.0,1
2016-2017,2016,Unknown,3,Admitted,Trauma,Admitted,326,219,3.65,1
2016-2017,2016,CTAS III - Urgent,3,Admitted,Unintentional Falls,Admitted,31036,522,8.7,1
2016-2017,2016,Less urgent,3,Admitted,Unintentional Falls,Admitted,4851,456,7.6,1
2016-2017,2016,Non-urgent,3,Admitted,Unintentional Falls,Admitted,324,324,5.4,1
2016-2017,2016,Unknown,3,Admitted,Unintentional Falls,Admitted,192,219,3.65,1
2016-2017,2016,CTAS III - Urgent,3,Death,Acute Myocardial Infarction,Not Admitted,24,357,5.95,0
2016-2017,2016,Less urgent,3,Death,Acute Myocardial Infarction,Not Admitted,0,0,0.0,0
2016-2017,2016,Non-urgent,3,Death,Acute Myocardial Infarction,Not Admitted,7,102,1.7,0
2016-2017,2016,Unknown,3,Death,Acute Myocardial Infarction,Not Admitted,7,42,0.7,0
2016-2017,2016,CTAS III - Urgent,3,Death,Any,Not Admitted,466,312,5.2,0
2016-2017,2016,Less urgent,3,Death,Any,Not Admitted,78,135,2.25,0
2016-2017,2016,Non-urgent,3,Death,Any,Not Admitted,78,30,0.5,0
2016-2017,2016,Unknown,3,Death,Any,Not Admitted,83,24,0.4,0
2016-2017,2016,CTAS III - Urgent,3,Death,Asthma,Not Admitted,0,0,0.0,0
2016-2017,2016,Less urgent,3,Death,Asthma,Not Admitted,0,0,0.0,0
2016-2017,2016,Non-urgent,3,Death,Asthma,Not Admitted,0,0,0.0,0
2016-2017,2016,Unknown,3,Death,Asthma,Not Admitted,0,0,0.0,0
2016-2017,2016,CTAS III - Urgent,3,Death,Influenzal Pneumonia,Not Admitted,0,0,0.0,0
2016-2017,2016,Less urgent,3,Death,Influenzal Pneumonia,Not Admitted,0,0,0.0,0
2016-2017,2016,Non-urgent,3,Death,Influenzal Pneumonia,Not Admitted,0,0,0.0,0
2016-2017,2016,Unknown,3,Death,Influenzal Pneumonia,Not Admitted,0,0,0.0,0
2016-2017,2016,CTAS III - Urgent,3,Death,Motor Vehicle Collisions,Not Admitted,0,138,2.3,0
2016-2017,2016,Less urgent,3,Death,Motor Vehicle Collisions,Not Admitted,0,291,4.85,0
2016-2017,2016,Non-urgent,3,Death,Motor Vehicle Collisions,Not Admitted,0,0,0.0,0
2016-2017,2016,Unknown,3,Death,Motor Vehicle Collisions,Not Admitted,0,54,0.9,0
2016-2017,2016,CTAS III - Urgent,3,Death,Pneumonia,Not Admitted,12,339,5.65,0
2016-2017,2016,Less urgent,3,Death,Pneumonia,Not Admitted,0,252,4.2,0
2016-2017,2016,Non-urgent,3,Death,Pneumonia,Not Admitted,0,69,1.15,0
2016-2017,2016,Unknown,3,Death,Pneumonia,Not Admitted,0,6,0.1,0
2016-2017,2016,CTAS III - Urgent,3,Death,Trauma,Not Admitted,21,360,6.0,0
2016-2017,2016,Less urgent,3,Death,Trauma,Not Admitted,12,147,2.45,0
2016-2017,2016,Non-urgent,3,Death,Trauma,Not Admitted,0,105,1.75,0
2016-2017,2016,Unknown,3,Death,Trauma,Not Admitted,6,42,0.7,0
2016-2017,2016,CTAS III - Urgent,3,Death,Unintentional Falls,Not Admitted,17,396,6.6,0
2016-2017,2016,Less urgent,3,Death,Unintentional Falls,Not Admitted,0,150,2.5,0
2016-2017,2016,Non-urgent,3,Death,Unintentional Falls,Not Admitted,0,0,0.0,0
2016-2017,2016,Unknown,3,Death,Unintentional Falls,Not Admitted,0,264,4.4,0
2016-2017,2016,CTAS III - Urgent,3,Discharged Home,Acute Myocardial Infarction,Not Admitted,245,420,7.0,0
2016-2017,2016,Less urgent,3,Discharged Home,Acute Myocardial Infarction,Not Admitted,50,264,4.4,0
2016-2017,2016,Non-urgent,3,Discharged Home,Acute Myocardial Infarction,Not Admitted,11,156,2.6,0
2016-2017,2016,Unknown,3,Discharged Home,Acute Myocardial Infarction,Not Admitted,6,444,7.4,0
2016-2017,2016,CTAS III - Urgent,3,Discharged Home,Any,Not Admitted,4064856,180,3.0,0
2016-2017,2016,Less urgent,3,Discharged Home,Any,Not Admitted,3314358,108,1.8,0
2016-2017,2016,Non-urgent,3,Discharged Home,Any,Not Admitted,588215,84,1.4,0
2016-2017,2016,Unknown,3,Discharged Home,Any,Not Admitted,71912,72,1.2,0
2016-2017,2016,CTAS III - Urgent,3,Discharged Home,Asthma,Not Admitted,27263,162,2.7,0
2016-2017,2016,Less urgent,3,Discharged Home,Asthma,Not Admitted,11937,114,1.9,0
2016-2017,2016,Non-urgent,3,Discharged Home,Asthma,Not Admitted,1348,84,1.4,0
2016-2017,2016,Unknown,3,Discharged Home,Asthma,Not Admitted,312,78,1.3,0
2016-2017,2016,CTAS III - Urgent,3,Discharged Home,Influenzal Pneumonia,Not Admitted,166,192,3.2,0
2016-2017,2016,Less urgent,3,Discharged Home,Influenzal Pneumonia,Not Admitted,81,111,1.85,0
2016-2017,2016,Non-urgent,3,Discharged Home,Influenzal Pneumonia,Not Admitted,9,90,1.5,0
2016-2017,2016,Unknown,3,Discharged Home,Influenzal Pneumonia,Not Admitted,0,270,4.5,0
2016-2017,2016,CTAS III - Urgent,3,Discharged Home,Motor Vehicle Collisions,Not Admitted,70656,150,2.5,0
2016-2017,2016,Less urgent,3,Discharged Home,Motor Vehicle Collisions,Not Admitted,45924,114,1.9,0
2016-2017,2016,Non-urgent,3,Discharged Home,Motor Vehicle Collisions,Not Admitted,2914,102,1.7,0
2016-2017,2016,Unknown,3,Discharged Home,Motor Vehicle Collisions,Not Admitted,821,90,1.5,0
2016-2017,2016,CTAS III - Urgent,3,Discharged Home,Pneumonia,Not Admitted,43849,180,3.0,0
2016-2017,2016,Less urgent,3,Discharged Home,Pneumonia,Not Admitted,21198,126,2.1,0
2016-2017,2016,Non-urgent,3,Discharged Home,Pneumonia,Not Admitted,1695,114,1.9,0
2016-2017,2016,Unknown,3,Discharged Home,Pneumonia,Not Admitted,392,108,1.8,0
2016-2017,2016,CTAS III - Urgent,3,Discharged Home,Trauma,Not Admitted,687984,138,2.3,0
2016-2017,2016,Less urgent,3,Discharged Home,Trauma,Not Admitted,880842,108,1.8,0
2016-2017,2016,Non-urgent,3,Discharged Home,Trauma,Not Admitted,77172,90,1.5,0
2016-2017,2016,Unknown,3,Discharged Home,Trauma,Not Admitted,10337,72,1.2,0
2016-2017,2016,CTAS III - Urgent,3,Discharged Home,Unintentional Falls,Not Admitted,256035,156,2.6,0
2016-2017,2016,Less urgent,3,Discharged Home,Unintentional Falls,Not Admitted,250805,120,2.0,0
2016-2017,2016,Non-urgent,3,Discharged Home,Unintentional Falls,Not Admitted,14537,108,1.8,0
2016-2017,2016,Unknown,3,Discharged Home,Unintentional Falls,Not Admitted,2572,78,1.3,0
2016-2017,2016,CTAS III - Urgent,3,Intra-Facility Transfer,Acute Myocardial Infarction,Not Admitted,0,138,2.3,0
2016-2017,2016,Less urgent,3,Intra-Facility Transfer,Acute Myocardial Infarction,Not Admitted,0,0,0.0,0
2016-2017,2016,Non-urgent,3,Intra-Facility Transfer,Acute Myocardial Infarction,Not Admitted,0,0,0.0,0
2016-2017,2016,Unknown,3,Intra-Facility Transfer,Acute Myocardial Infarction,Not Admitted,0,0,0.0,0
2016-2017,2016,CTAS III - Urgent,3,Intra-Facility Transfer,Any,Not Admitted,17133,222,3.7,0
2016-2017,2016,Less urgent,3,Intra-Facility Transfer,Any,Not Admitted,6995,162,2.7,0
2016-2017,2016,Non-urgent,3,Intra-Facility Transfer,Any,Not Admitted,1347,102,1.7,0
2016-2017,2016,Unknown,3,Intra-Facility Transfer,Any,Not Admitted,134,48,0.8,0
2016-2017,2016,CTAS III - Urgent,3,Intra-Facility Transfer,Asthma,Not Admitted,29,204,3.4,0
2016-2017,2016,Less urgent,3,Intra-Facility Transfer,Asthma,Not Admitted,0,18,0.3,0
2016-2017,2016,Non-urgent,3,Intra-Facility Transfer,Asthma,Not Admitted,0,0,0.0,0
2016-2017,2016,Unknown,3,Intra-Facility Transfer,Asthma,Not Admitted,0,0,0.0,0
2016-2017,2016,CTAS III - Urgent,3,Intra-Facility Transfer,Influenzal Pneumonia,Not Admitted,0,0,0.0,0
2016-2017,2016,Less urgent,3,Intra-Facility Transfer,Influenzal Pneumonia,Not Admitted,0,0,0.0,0
2016-2017,2016,Non-urgent,3,Intra-Facility Transfer,Influenzal Pneumonia,Not Admitted,0,0,0.0,0
2016-2017,2016,Unknown,3,Intra-Facility Transfer,Influenzal Pneumonia,Not Admitted,0,0,0.0,0
2016-2017,2016,CTAS III - Urgent,3,Intra-Facility Transfer,Motor Vehicle Collisions,Not Admitted,119,201,3.35,0
2016-2017,2016,Less urgent,3,Intra-Facility Transfer,Motor Vehicle Collisions,Not Admitted,62,210,3.5,0
2016-2017,2016,Non-urgent,3,Intra-Facility Transfer,Motor Vehicle Collisions,Not Admitted,6,81,1.35,0
2016-2017,2016,Unknown,3,Intra-Facility Transfer,Motor Vehicle Collisions,Not Admitted,0,252,4.2,0
2016-2017,2016,CTAS III - Urgent,3,Intra-Facility Transfer,Pneumonia,Not Admitted,63,240,4.0,0
2016-2017,2016,Less urgent,3,Intra-Facility Transfer,Pneumonia,Not Admitted,5,252,4.2,0
2016-2017,2016,Non-urgent,3,Intra-Facility Transfer,Pneumonia,Not Admitted,0,0,0.0,0
2016-2017,2016,Unknown,3,Intra-Facility Transfer,Pneumonia,Not Admitted,0,0,0.0,0
2016-2017,2016,CTAS III - Urgent,3,Intra-Facility Transfer,Trauma,Not Admitted,2388,198,3.3,0
2016-2017,2016,Less urgent,3,Intra-Facility Transfer,Trauma,Not Admitted,1027,156,2.6,0
2016-2017,2016,Non-urgent,3,Intra-Facility Transfer,Trauma,Not Admitted,178,120,2.0,0
2016-2017,2016,Unknown,3,Intra-Facility Transfer,Trauma,Not Admitted,16,90,1.5,0
2016-2017,2016,CTAS III - Urgent,3,Intra-Facility Transfer,Unintentional Falls,Not Admitted,652,210,3.5,0
2016-2017,2016,Less urgent,3,Intra-Facility Transfer,Unintentional Falls,Not Admitted,316,168,2.8,0
2016-2017,2016,Non-urgent,3,Intra-Facility Transfer,Unintentional Falls,Not Admitted,43,120,2.0,0
2016-2017,2016,Unknown,3,Intra-Facility Transfer,Unintentional Falls,Not Admitted,8,120,2.0,0
2016-2017,2016,CTAS III - Urgent,3,Not Seen Or Left,Acute Myocardial Infarction,Not Admitted,41,288,4.8,0
2016-2017,2016,Less urgent,3,Not Seen Or Left,Acute Myocardial Infarction,Not Admitted,0,126,2.1,0
2016-2017,2016,Non-urgent,3,Not Seen Or Left,Acute Myocardial Infarction,Not Admitted,0,378,6.3,0
2016-2017,2016,Unknown,3,Not Seen Or Left,Acute Myocardial Infarction,Not Admitted,0,252,4.2,0
2016-2017,2016,CTAS III - Urgent,3,Not Seen Or Left,Any,Not Admitted,205014,138,2.3,0
2016-2017,2016,Less urgent,3,Not Seen Or Left,Any,Not Admitted,157654,120,2.0,0
2016-2017,2016,Non-urgent,3,Not Seen Or Left,Any,Not Admitted,37580,102,1.7,0
2016-2017,2016,Unknown,3,Not Seen Or Left,Any,Not Admitted,25498,36,0.6,0
2016-2017,2016,CTAS III - Urgent,3,Not Seen Or Left,Asthma,Not Admitted,275,141,2.35,0
2016-2017,2016,Less urgent,3,Not Seen Or Left,Asthma,Not Admitted,97,123,2.05,0
2016-2017,2016,Non-urgent,3,Not Seen Or Left,Asthma,Not Admitted,19,120,2.0,0
2016-2017,2016,Unknown,3,Not Seen Or Left,Asthma,Not Admitted,7,84,1.4,0
2016-2017,2016,CTAS III - Urgent,3,Not Seen Or Left,Influenzal Pneumonia,Not Admitted,0,0,0.0,0
2016-2017,2016,Less urgent,3,Not Seen Or Left,Influenzal Pneumonia,Not Admitted,0,90,1.5,0
2016-2017,2016,Non-urgent,3,Not Seen Or Left,Influenzal Pneumonia,Not Admitted,0,0,0.0,0
2016-2017,2016,Unknown,3,Not Seen Or Left,Influenzal Pneumonia,Not Admitted,0,0,0.0,0
2016-2017,2016,CTAS III - Urgent,3,Not Seen Or Left,Motor Vehicle Collisions,Not Admitted,1887,138,2.3,0
2016-2017,2016,Less urgent,3,Not Seen Or Left,Motor Vehicle Collisions,Not Admitted,1282,120,2.0,0
2016-2017,2016,Non-urgent,3,Not Seen Or Left,Motor Vehicle Collisions,Not Admitted,110,96,1.6,0
2016-2017,2016,Unknown,3,Not Seen Or Left,Motor Vehicle Collisions,Not Admitted,37,75,1.25,0
2016-2017,2016,CTAS III - Urgent,3,Not Seen Or Left,Pneumonia,Not Admitted,186,240,4.0,0
2016-2017,2016,Less urgent,3,Not Seen Or Left,Pneumonia,Not Admitted,64,144,2.4,0
2016-2017,2016,Non-urgent,3,Not Seen Or Left,Pneumonia,Not Admitted,18,150,2.5,0
2016-2017,2016,Unknown,3,Not Seen Or Left,Pneumonia,Not Admitted,10,30,0.5,0
2016-2017,2016,CTAS III - Urgent,3,Not Seen Or Left,Trauma,Not Admitted,20318,132,2.2,0
2016-2017,2016,Less urgent,3,Not Seen Or Left,Trauma,Not Admitted,26582,114,1.9,0
2016-2017,2016,Non-urgent,3,Not Seen Or Left,Trauma,Not Admitted,3557,96,1.6,0
2016-2017,2016,Unknown,3,Not Seen Or Left,Trauma,Not Admitted,1080,42,0.7,0
2016-2017,2016,CTAS III - Urgent,3,Not Seen Or Left,Unintentional Falls,Not Admitted,5729,138,2.3,0
2016-2017,2016,Less urgent,3,Not Seen Or Left,Unintentional Falls,Not Admitted,5913,120,2.0,0
2016-2017,2016,Non-urgent,3,Not Seen Or Left,Unintentional Falls,Not Admitted,486,108,1.8,0
2016-2017,2016,Unknown,3,Not Seen Or Left,Unintentional Falls,Not Admitted,121,48,0.8,0
2016-2017,2016,CTAS III - Urgent,3,Total,Acute Myocardial Infarction,Not Admitted,5537,474,7.9,0
2016-2017,2016,Less urgent,3,Total,Acute Myocardial Infarction,Not Admitted,496,402,6.7,0
2016-2017,2016,Non-urgent,3,Total,Acute Myocardial Infarction,Not Admitted,67,348,5.8,0
2016-2017,2016,Unknown,3,Total,Acute Myocardial Infarction,Not Admitted,165,168,2.8,0
2016-2017,2016,CTAS III - Urgent,3,Total,Any,Not Admitted,4860294,192,3.2,0
2016-2017,2016,Less urgent,3,Total,Any,Not Admitted,3561446,114,1.9,0
2016-2017,2016,Non-urgent,3,Total,Any,Not Admitted,636950,84,1.4,0
2016-2017,2016,Unknown,3,Total,Any,Not Admitted,104206,72,1.2,0
2016-2017,2016,CTAS III - Urgent,3,Total,Asthma,Not Admitted,29158,168,2.8,0
2016-2017,2016,Less urgent,3,Total,Asthma,Not Admitted,12145,114,1.9,0
2016-2017,2016,Non-urgent,3,Total,Asthma,Not Admitted,1374,84,1.4,0
2016-2017,2016,Unknown,3,Total,Asthma,Not Admitted,339,84,1.4,0
2016-2017,2016,CTAS III - Urgent,3,Total,Influenzal Pneumonia,Not Admitted,253,276,4.6,0
2016-2017,2016,Less urgent,3,Total,Influenzal Pneumonia,Not Admitted,95,132,2.2,0
2016-2017,2016,Non-urgent,3,Total,Influenzal Pneumonia,Not Admitted,9,90,1.5,0
2016-2017,2016,Unknown,3,Total,Influenzal Pneumonia,Not Admitted,0,195,3.25,0
2016-2017,2016,CTAS III - Urgent,3,Total,Motor Vehicle Collisions,Not Admitted,76362,150,2.5,0
2016-2017,2016,Less urgent,3,Total,Motor Vehicle Collisions,Not Admitted,47944,120,2.0,0
2016-2017,2016,Non-urgent,3,Total,Motor Vehicle Collisions,Not Admitted,3097,102,1.7,0
2016-2017,2016,Unknown,3,Total,Motor Vehicle Collisions,Not Admitted,998,102,1.7,0
2016-2017,2016,CTAS III - Urgent,3,Total,Pneumonia,Not Admitted,59495,228,3.8,0
2016-2017,2016,Less urgent,3,Total,Pneumonia,Not Admitted,22766,132,2.2,0
2016-2017,2016,Non-urgent,3,Total,Pneumonia,Not Admitted,1823,120,2.0,0
2016-2017,2016,Unknown,3,Total,Pneumonia,Not Admitted,633,138,2.3,0
2016-2017,2016,CTAS III - Urgent,3,Total,Trauma,Not Admitted,762222,144,2.4,0
2016-2017,2016,Less urgent,3,Total,Trauma,Not Admitted,918556,108,1.8,0
2016-2017,2016,Non-urgent,3,Total,Trauma,Not Admitted,81732,96,1.6,0
2016-2017,2016,Unknown,3,Total,Trauma,Not Admitted,12049,72,1.2,0
2016-2017,2016,CTAS III - Urgent,3,Total,Unintentional Falls,Not Admitted,299557,174,2.9,0
2016-2017,2016,Less urgent,3,Total,Unintentional Falls,Not Admitted,263325,120,2.0,0
2016-2017,2016,Non-urgent,3,Total,Unintentional Falls,Not Admitted,15478,108,1.8,0
2016-2017,2016,Unknown,3,Total,Unintentional Falls,Not Admitted,2976,90,1.5,0
2016-2017,2016,CTAS III - Urgent,3,Transferred,Acute Myocardial Infarction,Not Admitted,1006,216,3.6,0
2016-2017,2016,Less urgent,3,Transferred,Acute Myocardial Infarction,Not Admitted,115,312,5.2,0
2016-2017,2016,Non-urgent,3,Transferred,Acute Myocardial Infarction,Not Admitted,17,246,4.1,0
2016-2017,2016,Unknown,3,Transferred,Acute Myocardial Infarction,Not Admitted,62,150,2.5,0
2016-2017,2016,CTAS III - Urgent,3,Transferred,Any,Not Admitted,58927,276,4.6,0
2016-2017,2016,Less urgent,3,Transferred,Any,Not Admitted,14508,228,3.8,0
2016-2017,2016,Non-urgent,3,Transferred,Any,Not Admitted,2149,180,3.0,0
2016-2017,2016,Unknown,3,Transferred,Any,Not Admitted,1316,162,2.7,0
2016-2017,2016,CTAS III - Urgent,3,Transferred,Asthma,Not Admitted,150,318,5.3,0
2016-2017,2016,Less urgent,3,Transferred,Asthma,Not Admitted,17,282,4.7,0
2016-2017,2016,Non-urgent,3,Transferred,Asthma,Not Admitted,0,183,3.05,0
2016-2017,2016,Unknown,3,Transferred,Asthma,Not Admitted,0,363,6.05,0
2016-2017,2016,CTAS III - Urgent,3,Transferred,Influenzal Pneumonia,Not Admitted,6,363,6.05,0
2016-2017,2016,Less urgent,3,Transferred,Influenzal Pneumonia,Not Admitted,0,0,0.0,0
2016-2017,2016,Non-urgent,3,Transferred,Influenzal Pneumonia,Not Admitted,0,0,0.0,0
2016-2017,2016,Unknown,3,Transferred,Influenzal Pneumonia,Not Admitted,0,0,0.0,0
2016-2017,2016,CTAS III - Urgent,3,Transferred,Motor Vehicle Collisions,Not Admitted,1144,222,3.7,0
2016-2017,2016,Less urgent,3,Transferred,Motor Vehicle Collisions,Not Admitted,229,204,3.4,0
2016-2017,2016,Non-urgent,3,Transferred,Motor Vehicle Collisions,Not Admitted,15,156,2.6,0
2016-2017,2016,Unknown,3,Transferred,Motor Vehicle Collisions,Not Admitted,95,156,2.6,0
2016-2017,2016,CTAS III - Urgent,3,Transferred,Pneumonia,Not Admitted,856,318,5.3,0
2016-2017,2016,Less urgent,3,Transferred,Pneumonia,Not Admitted,120,306,5.1,0
2016-2017,2016,Non-urgent,3,Transferred,Pneumonia,Not Admitted,9,372,6.2,0
2016-2017,2016,Unknown,3,Transferred,Pneumonia,Not Admitted,12,207,3.45,0
2016-2017,2016,CTAS III - Urgent,3,Transferred,Trauma,Not Admitted,10321,234,3.9,0
2016-2017,2016,Less urgent,3,Transferred,Trauma,Not Admitted,2840,210,3.5,0
2016-2017,2016,Non-urgent,3,Transferred,Trauma,Not Admitted,239,174,2.9,0
2016-2017,2016,Unknown,3,Transferred,Trauma,Not Admitted,284,162,2.7,0
2016-2017,2016,CTAS III - Urgent,3,Transferred,Unintentional Falls,Not Admitted,6088,264,4.4,0
2016-2017,2016,Less urgent,3,Transferred,Unintentional Falls,Not Admitted,1440,240,4.0,0
2016-2017,2016,Non-urgent,3,Transferred,Unintentional Falls,Not Admitted,88,267,4.45,0
2016-2017,2016,Unknown,3,Transferred,Unintentional Falls,Not Admitted,83,195,3.25,0
2016-2017,2016,CTAS III - Urgent,3,Unknown,Acute Myocardial Infarction,Not Admitted,0,0,0.0,0
2016-2017,2016,Less urgent,3,Unknown,Acute Myocardial Infarction,Not Admitted,0,0,0.0,0
2016-2017,2016,Non-urgent,3,Unknown,Acute Myocardial Infarction,Not Admitted,0,0,0.0,0
2016-2017,2016,Unknown,3,Unknown,Acute Myocardial Infarction,Not Admitted,0,0,0.0,0
2016-2017,2016,CTAS III - Urgent,3,Unknown,Any,Not Admitted,0,0,0.0,0
2016-2017,2016,Less urgent,3,Unknown,Any,Not Admitted,0,0,0.0,0
2016-2017,2016,Non-urgent,3,Unknown,Any,Not Admitted,0,0,0.0,0
2016-2017,2016,Unknown,3,Unknown,Any,Not Admitted,0,0,0.0,0
2016-2017,2016,CTAS III - Urgent,3,Unknown,Asthma,Not Admitted,0,0,0.0,0
2016-2017,2016,Less urgent,3,Unknown,Asthma,Not Admitted,0,0,0.0,0
2016-2017,2016,Non-urgent,3,Unknown,Asthma,Not Admitted,0,0,0.0,0
2016-2017,2016,Unknown,3,Unknown,Asthma,Not Admitted,0,0,0.0,0
2016-2017,2016,CTAS III - Urgent,3,Unknown,Influenzal Pneumonia,Not Admitted,0,0,0.0,0
2016-2017,2016,Less urgent,3,Unknown,Influenzal Pneumonia,Not Admitted,0,0,0.0,0
2016-2017,2016,Non-urgent,3,Unknown,Influenzal Pneumonia,Not Admitted,0,0,0.0,0
2016-2017,2016,Unknown,3,Unknown,Influenzal Pneumonia,Not Admitted,0,0,0.0,0
2016-2017,2016,CTAS III - Urgent,3,Unknown,Motor Vehicle Collisions,Not Admitted,0,0,0.0,0
2016-2017,2016,Less urgent,3,Unknown,Motor Vehicle Collisions,Not Admitted,0,0,0.0,0
2016-2017,2016,Non-urgent,3,Unknown,Motor Vehicle Collisions,Not Admitted,0,0,0.0,0
2016-2017,2016,Unknown,3,Unknown,Motor Vehicle Collisions,Not Admitted,0,0,0.0,0
2016-2017,2016,CTAS III - Urgent,3,Unknown,Pneumonia,Not Admitted,0,0,0.0,0
2016-2017,2016,Less urgent,3,Unknown,Pneumonia,Not Admitted,0,0,0.0,0
2016-2017,2016,Non-urgent,3,Unknown,Pneumonia,Not Admitted,0,0,0.0,0
2016-2017,2016,Unknown,3,Unknown,Pneumonia,Not Admitted,0,0,0.0,0
2016-2017,2016,CTAS III - Urgent,3,Unknown,Trauma,Not Admitted,0,0,0.0,0
2016-2017,2016,Less urgent,3,Unknown,Trauma,Not Admitted,0,0,0.0,0
2016-2017,2016,Non-urgent,3,Unknown,Trauma,Not Admitted,0,0,0.0,0
2016-2017,2016,Unknown,3,Unknown,Trauma,Not Admitted,0,0,0.0,0
2016-2017,2016,CTAS III - Urgent,3,Unknown,Unintentional Falls,Not Admitted,0,0,0.0,0
2016-2017,2016,Less urgent,3,Unknown,Unintentional Falls,Not Admitted,0,0,0.0,0
2016-2017,2016,Non-urgent,3,Unknown,Unintentional Falls,Not Admitted,0,0,0.0,0
2016-2017,2016,Unknown,3,Unknown,Unintentional Falls,Not Admitted,0,0,0.0,0
2015-2016,2015,CTAS I - Resuscitation,1,Admitted,Acute Myocardial Infarction,Admitted,1256,84,1.4,1
2015-2016,2015,CTAS I - Resuscitation,1,Admitted,Any,Admitted,47643,360,6.0,1
2015-2016,2015,CTAS I - Resuscitation,1,Admitted,Asthma,Admitted,539,408,6.8,1
2015-2016,2015,CTAS I - Resuscitation,1,Admitted,Influenzal Pneumonia,Admitted,5,330,5.5,1
2015-2016,2015,CTAS I - Resuscitation,1,Admitted,Motor Vehicle Collisions,Admitted,2630,276,4.6,1
2015-2016,2015,CTAS I - Resuscitation,1,Admitted,Pneumonia,Admitted,1522,516,8.6,1
2015-2016,2015,CTAS I - Resuscitation,1,Admitted,Trauma,Admitted,6542,270,4.5,1
2015-2016,2015,CTAS I - Resuscitation,1,Admitted,Unintentional Falls,Admitted,1681,324,5.4,1
2015-2016,2015,CTAS I - Resuscitation,1,Death,Acute Myocardial Infarction,Not Admitted,367,36,0.6,0
2015-2016,2015,CTAS I - Resuscitation,1,Death,Any,Not Admitted,6359,36,0.6,0
2015-2016,2015,CTAS I - Resuscitation,1,Death,Asthma,Not Admitted,0,90,1.5,0
2015-2016,2015,CTAS I - Resuscitation,1,Death,Influenzal Pneumonia,Not Admitted,0,0,0.0,0
2015-2016,2015,CTAS I - Resuscitation,1,Death,Motor Vehicle Collisions,Not Admitted,190,36,0.6,0
2015-2016,2015,CTAS I - Resuscitation,1,Death,Pneumonia,Not Admitted,38,183,3.05,0
2015-2016,2015,CTAS I - Resuscitation,1,Death,Trauma,Not Admitted,561,42,0.7,0
2015-2016,2015,CTAS I - Resuscitation,1,Death,Unintentional Falls,Not Admitted,91,132,2.2,0
2015-2016,2015,CTAS I - Resuscitation,1,Discharged Home,Acute Myocardial Infarction,Not Admitted,27,78,1.3,0
2015-2016,2015,CTAS I - Resuscitation,1,Discharged Home,Any,Not Admitted,20134,264,4.4,0
2015-2016,2015,CTAS I - Resuscitation,1,Discharged Home,Asthma,Not Admitted,383,228,3.8,0
2015-2016,2015,CTAS I - Resuscitation,1,Discharged Home,Influenzal Pneumonia,Not Admitted,0,0,0.0,0
2015-2016,2015,CTAS I - Resuscitation,1,Discharged Home,Motor Vehicle Collisions,Not Admitted,713,276,4.6,0
2015-2016,2015,CTAS I - Resuscitation,1,Discharged Home,Pneumonia,Not Admitted,213,225,3.75,0
2015-2016,2015,CTAS I - Resuscitation,1,Discharged Home,Trauma,Not Admitted,3677,252,4.2,0
2015-2016,2015,CTAS I - Resuscitation,1,Discharged Home,Unintentional Falls,Not Admitted,596,270,4.5,0
2015-2016,2015,CTAS I - Resuscitation,1,Intra-Facility Transfer,Acute Myocardial Infarction,Not Admitted,14,48,0.8,0
2015-2016,2015,CTAS I - Resuscitation,1,Intra-Facility Transfer,Any,Not Admitted,387,240,4.0,0
2015-2016,2015,CTAS I - Resuscitation,1,Intra-Facility Transfer,Asthma,Not Admitted,0,207,3.45,0
2015-2016,2015,CTAS I - Resuscitation,1,Intra-Facility Transfer,Influenzal Pneumonia,Not Admitted,0,0,0.0,0
2015-2016,2015,CTAS I - Resuscitation,1,Intra-Facility Transfer,Motor Vehicle Collisions,Not Admitted,10,309,5.15,0
2015-2016,2015,CTAS I - Resuscitation,1,Intra-Facility Transfer,Pneumonia,Not Admitted,0,228,3.8,0
2015-2016,2015,CTAS I - Resuscitation,1,Intra-Facility Transfer,Trauma,Not Admitted,65,210,3.5,0
2015-2016,2015,CTAS I - Resuscitation,1,Intra-Facility Transfer,Unintentional Falls,Not Admitted,7,384,6.4,0
2015-2016,2015,CTAS I - Resuscitation,1,Not Seen Or Left,Acute Myocardial Infarction,Not Admitted,0,132,2.2,0
2015-2016,2015,CTAS I - Resuscitation,1,Not Seen Or Left,Any,Not Admitted,585,192,3.2,0
2015-2016,2015,CTAS I - Resuscitation,1,Not Seen Or Left,Asthma,Not Admitted,10,168,2.8,0
2015-2016,2015,CTAS I - Resuscitation,1,Not Seen Or Left,Influenzal Pneumonia,Not Admitted,0,0,0.0,0
2015-2016,2015,CTAS I - Resuscitation,1,Not Seen Or Left,Motor Vehicle Collisions,Not Admitted,11,234,3.9,0
2015-2016,2015,CTAS I - Resuscitation,1,Not Seen Or Left,Pneumonia,Not Admitted,0,174,2.9,0
2015-2016,2015,CTAS I - Resuscitation,1,Not Seen Or Left,Trauma,Not Admitted,84,192,3.2,0
2015-2016,2015,CTAS I - Resuscitation,1,Not Seen Or Left,Unintentional Falls,Not Admitted,10,270,4.5,0
2015-2016,2015,CTAS I - Resuscitation,1,Total,Acute Myocardial Infarction,Not Admitted,2375,66,1.1,0
2015-2016,2015,CTAS I - Resuscitation,1,Total,Any,Not Admitted,82289,276,4.6,0
2015-2016,2015,CTAS I - Resuscitation,1,Total,Asthma,Not Admitted,997,312,5.2,0
2015-2016,2015,CTAS I - Resuscitation,1,Total,Influenzal Pneumonia,Not Admitted,5,336,5.6,0
2015-2016,2015,CTAS I - Resuscitation,1,Total,Motor Vehicle Collisions,Not Admitted,4137,240,4.0,0
2015-2016,2015,CTAS I - Resuscitation,1,Total,Pneumonia,Not Admitted,1869,423,7.05,0
2015-2016,2015,CTAS I - Resuscitation,1,Total,Trauma,Not Admitted,12442,234,3.9,0
2015-2016,2015,CTAS I - Resuscitation,1,Total,Unintentional Falls,Not Admitted,2684,276,4.6,0
2015-2016,2015,CTAS I - Resuscitation,1,Transferred,Acute Myocardial Infarction,Not Admitted,711,66,1.1,0
2015-2016,2015,CTAS I - Resuscitation,1,Transferred,Any,Not Admitted,7181,162,2.7,0
2015-2016,2015,CTAS I - Resuscitation,1,Transferred,Asthma,Not Admitted,65,186,3.1,0
2015-2016,2015,CTAS I - Resuscitation,1,Transferred,Influenzal Pneumonia,Not Admitted,0,666,11.1,0
2015-2016,2015,CTAS I - Resuscitation,1,Transferred,Motor Vehicle Collisions,Not Admitted,583,114,1.9,0
2015-2016,2015,CTAS I - Resuscitation,1,Transferred,Pneumonia,Not Admitted,96,237,3.95,0
2015-2016,2015,CTAS I - Resuscitation,1,Transferred,Trauma,Not Admitted,1513,138,2.3,0
2015-2016,2015,CTAS I - Resuscitation,1,Transferred,Unintentional Falls,Not Admitted,299,180,3.0,0
2015-2016,2015,CTAS I - Resuscitation,1,Unknown,Acute Myocardial Infarction,Not Admitted,0,0,0.0,0
2015-2016,2015,CTAS I - Resuscitation,1,Unknown,Any,Not Admitted,0,0,0.0,0
2015-2016,2015,CTAS I - Resuscitation,1,Unknown,Asthma,Not Admitted,0,0,0.0,0
2015-2016,2015,CTAS I - Resuscitation,1,Unknown,Influenzal Pneumonia,Not Admitted,0,0,0.0,0
2015-2016,2015,CTAS I - Resuscitation,1,Unknown,Motor Vehicle Collisions,Not Admitted,0,0,0.0,0
2015-2016,2015,CTAS I - Resuscitation,1,Unknown,Pneumonia,Not Admitted,0,0,0.0,0
2015-2016,2015,CTAS I - Resuscitation,1,Unknown,Trauma,Not Admitted,0,0,0.0,0
2015-2016,2015,CTAS I - Resuscitation,1,Unknown,Unintentional Falls,Not Admitted,0,0,0.0,0
2015-2016,2015,CTAS II - Emergent,2,Admitted,Acute Myocardial Infarction,Admitted,11965,486,8.1,1
2015-2016,2015,CTAS II - Emergent,2,Admitted,Any,Admitted,465490,612,10.2,1
2015-2016,2015,CTAS II - Emergent,2,Admitted,Asthma,Admitted,3553,528,8.8,1
2015-2016,2015,CTAS II - Emergent,2,Admitted,Influenzal Pneumonia,Admitted,121,564,9.4,1
2015-2016,2015,CTAS II - Emergent,2,Admitted,Motor Vehicle Collisions,Admitted,4411,420,7.0,1
2015-2016,2015,CTAS II - Emergent,2,Admitted,Pneumonia,Admitted,17560,678,11.3,1
2015-2016,2015,CTAS II - Emergent,2,Admitted,Trauma,Admitted,25788,480,8.0,1
2015-2016,2015,CTAS II - Emergent,2,Admitted,Unintentional Falls,Admitted,14532,528,8.8,1
2015-2016,2015,CTAS II - Emergent,2,Death,Acute Myocardial Infarction,Not Admitted,87,162,2.7,0
2015-2016,2015,CTAS II - Emergent,2,Death,Any,Not Admitted,1191,234,3.9,0
2015-2016,2015,CTAS II - Emergent,2,Death,Asthma,Not Admitted,0,618,10.3,0
2015-2016,2015,CTAS II - Emergent,2,Death,Influenzal Pneumonia,Not Admitted,0,0,0.0,0
2015-2016,2015,CTAS II - Emergent,2,Death,Motor Vehicle Collisions,Not Admitted,0,0,0.0,0
2015-2016,2015,CTAS II - Emergent,2,Death,Pneumonia,Not Admitted,43,270,4.5,0
2015-2016,2015,CTAS II - Emergent,2,Death,Trauma,Not Admitted,40,252,4.2,0
2015-2016,2015,CTAS II - Emergent,2,Death,Unintentional Falls,Not Admitted,29,264,4.4,0
2015-2016,2015,CTAS II - Emergent,2,Discharged Home,Acute Myocardial Infarction,Not Admitted,466,306,5.1,0
2015-2016,2015,CTAS II - Emergent,2,Discharged Home,Any,Not Admitted,1271056,228,3.8,0
2015-2016,2015,CTAS II - Emergent,2,Discharged Home,Asthma,Not Admitted,13829,198,3.3,0
2015-2016,2015,CTAS II - Emergent,2,Discharged Home,Influenzal Pneumonia,Not Admitted,139,240,4.0,0
2015-2016,2015,CTAS II - Emergent,2,Discharged Home,Motor Vehicle Collisions,Not Admitted,25635,192,3.2,0
2015-2016,2015,CTAS II - Emergent,2,Discharged Home,Pneumonia,Not Admitted,15858,222,3.7,0
2015-2016,2015,CTAS II - Emergent,2,Discharged Home,Trauma,Not Admitted,154665,174,2.9,0
2015-2016,2015,CTAS II - Emergent,2,Discharged Home,Unintentional Falls,Not Admitted,48166,204,3.4,0
2015-2016,2015,CTAS II - Emergent,2,Intra-Facility Transfer,Acute Myocardial Infarction,Not Admitted,85,72,1.2,0
2015-2016,2015,CTAS II - Emergent,2,Intra-Facility Transfer,Any,Not Admitted,11705,240,4.0,0
2015-2016,2015,CTAS II - Emergent,2,Intra-Facility Transfer,Asthma,Not Admitted,90,201,3.35,0
2015-2016,2015,CTAS II - Emergent,2,Intra-Facility Transfer,Influenzal Pneumonia,Not Admitted,0,0,0.0,0
2015-2016,2015,CTAS II - Emergent,2,Intra-Facility Transfer,Motor Vehicle Collisions,Not Admitted,103,216,3.6,0
2015-2016,2015,CTAS II - Emergent,2,Intra-Facility Transfer,Pneumonia,Not Admitted,90,249,4.15,0
2015-2016,2015,CTAS II - Emergent,2,Intra-Facility Transfer,Trauma,Not Admitted,1165,204,3.4,0
2015-2016,2015,CTAS II - Emergent,2,Intra-Facility Transfer,Unintentional Falls,Not Admitted,244,228,3.8,0
2015-2016,2015,CTAS II - Emergent,2,Not Seen Or Left,Acute Myocardial Infarction,Not Admitted,87,330,5.5,0
2015-2016,2015,CTAS II - Emergent,2,Not Seen Or Left,Any,Not Admitted,43044,150,2.5,0
2015-2016,2015,CTAS II - Emergent,2,Not Seen Or Left,Asthma,Not Admitted,145,189,3.15,0
2015-2016,2015,CTAS II - Emergent,2,Not Seen Or Left,Influenzal Pneumonia,Not Admitted,0,372,6.2,0
2015-2016,2015,CTAS II - Emergent,2,Not Seen Or Left,Motor Vehicle Collisions,Not Admitted,440,156,2.6,0
2015-2016,2015,CTAS II - Emergent,2,Not Seen Or Left,Pneumonia,Not Admitted,125,270,4.5,0
2015-2016,2015,CTAS II - Emergent,2,Not Seen Or Left,Trauma,Not Admitted,3379,138,2.3,0
2015-2016,2015,CTAS II - Emergent,2,Not Seen Or Left,Unintentional Falls,Not Admitted,809,156,2.6,0
2015-2016,2015,CTAS II - Emergent,2,Total,Acute Myocardial Infarction,Not Admitted,16810,366,6.1,0
2015-2016,2015,CTAS II - Emergent,2,Total,Any,Not Admitted,1846797,276,4.6,0
2015-2016,2015,CTAS II - Emergent,2,Total,Asthma,Not Admitted,18009,228,3.8,0
2015-2016,2015,CTAS II - Emergent,2,Total,Influenzal Pneumonia,Not Admitted,269,336,5.6,0
2015-2016,2015,CTAS II - Emergent,2,Total,Motor Vehicle Collisions,Not Admitted,32571,210,3.5,0
2015-2016,2015,CTAS II - Emergent,2,Total,Pneumonia,Not Admitted,34820,360,6.0,0
2015-2016,2015,CTAS II - Emergent,2,Total,Trauma,Not Admitted,192976,198,3.3,0
2015-2016,2015,CTAS II - Emergent,2,Total,Unintentional Falls,Not Admitted,66839,240,4.0,0
2015-2016,2015,CTAS II - Emergent,2,Transferred,Acute Myocardial Infarction,Not Admitted,4120,114,1.9,0
2015-2016,2015,CTAS II - Emergent,2,Transferred,Any,Not Admitted,54311,246,4.1,0
2015-2016,2015,CTAS II - Emergent,2,Transferred,Asthma,Not Admitted,392,291,4.85,0
2015-2016,2015,CTAS II - Emergent,2,Transferred,Influenzal Pneumonia,Not Admitted,9,330,5.5,0
2015-2016,2015,CTAS II - Emergent,2,Transferred,Motor Vehicle Collisions,Not Admitted,1982,204,3.4,0
2015-2016,2015,CTAS II - Emergent,2,Transferred,Pneumonia,Not Admitted,1144,258,4.3,0
2015-2016,2015,CTAS II - Emergent,2,Transferred,Trauma,Not Admitted,7939,198,3.3,0
2015-2016,2015,CTAS II - Emergent,2,Transferred,Unintentional Falls,Not Admitted,3059,228,3.8,0
2015-2016,2015,CTAS II - Emergent,2,Unknown,Acute Myocardial Infarction,Not Admitted,0,0,0.0,0
2015-2016,2015,CTAS II - Emergent,2,Unknown,Any,Not Admitted,0,0,0.0,0
2015-2016,2015,CTAS II - Emergent,2,Unknown,Asthma,Not Admitted,0,0,0.0,0
2015-2016,2015,CTAS II - Emergent,2,Unknown,Influenzal Pneumonia,Not Admitted,0,0,0.0,0
2015-2016,2015,CTAS II - Emergent,2,Unknown,Motor Vehicle Collisions,Not Admitted,0,0,0.0,0
2015-2016,2015,CTAS II - Emergent,2,Unknown,Pneumonia,Not Admitted,0,0,0.0,0
2015-2016,2015,CTAS II - Emergent,2,Unknown,Trauma,Not Admitted,0,0,0.0,0
2015-2016,2015,CTAS II - Emergent,2,Unknown,Unintentional Falls,Not Admitted,0,0,0.0,0
2015-2016,2015,CTAS III - Urgent,3,Admitted,Acute Myocardial Infarction,Admitted,4124,540,9.0,1
2015-2016,2015,Less urgent,3,Admitted,Acute Myocardial Infarction,Admitted,327,474,7.9,1
2015-2016,2015,Non-urgent,3,Admitted,Acute Myocardial Infarction,Admitted,33,330,5.5,1
2015-2016,2015,Unknown,3,Admitted,Acute Myocardial Infarction,Admitted,82,147,2.45,1
2015-2016,2015,CTAS III - Urgent,3,Admitted,Any,Admitted,507800,606,10.1,1
2015-2016,2015,Less urgent,3,Admitted,Any,Admitted,69052,474,7.9,1
2015-2016,2015,Non-urgent,3,Admitted,Any,Admitted,7944,396,6.6,1
2015-2016,2015,Unknown,3,Admitted,Any,Admitted,5314,192,3.2,1
2015-2016,2015,CTAS III - Urgent,3,Admitted,Asthma,Admitted,1522,534,8.9,1
2015-2016,2015,Less urgent,3,Admitted,Asthma,Admitted,97,396,6.6,1
2015-2016,2015,Non-urgent,3,Admitted,Asthma,Admitted,11,420,7.0,1
2015-2016,2015,Unknown,3,Admitted,Asthma,Admitted,17,252,4.2,1
2015-2016,2015,CTAS III - Urgent,3,Admitted,Influenzal Pneumonia,Admitted,89,822,13.7,1
2015-2016,2015,Less urgent,3,Admitted,Influenzal Pneumonia,Admitted,10,849,14.15,1
2015-2016,2015,Non-urgent,3,Admitted,Influenzal Pneumonia,Admitted,0,0,0.0,1
2015-2016,2015,Unknown,3,Admitted,Influenzal Pneumonia,Admitted,0,225,3.75,1
2015-2016,2015,CTAS III - Urgent,3,Admitted,Motor Vehicle Collisions,Admitted,2496,408,6.8,1
2015-2016,2015,Less urgent,3,Admitted,Motor Vehicle Collisions,Admitted,459,366,6.1,1
2015-2016,2015,Non-urgent,3,Admitted,Motor Vehicle Collisions,Admitted,36,297,4.95,1
2015-2016,2015,Unknown,3,Admitted,Motor Vehicle Collisions,Admitted,50,204,3.4,1
2015-2016,2015,CTAS III - Urgent,3,Admitted,Pneumonia,Admitted,14294,624,10.4,1
2015-2016,2015,Less urgent,3,Admitted,Pneumonia,Admitted,1434,396,6.6,1
2015-2016,2015,Non-urgent,3,Admitted,Pneumonia,Admitted,98,471,7.85,1
2015-2016,2015,Unknown,3,Admitted,Pneumonia,Admitted,210,192,3.2,1
2015-2016,2015,CTAS III - Urgent,3,Admitted,Trauma,Admitted,38778,486,8.1,1
2015-2016,2015,Less urgent,3,Admitted,Trauma,Admitted,6641,405,6.75,1
2015-2016,2015,Non-urgent,3,Admitted,Trauma,Admitted,453,312,5.2,1
2015-2016,2015,Unknown,3,Admitted,Trauma,Admitted,332,198,3.3,1
2015-2016,2015,CTAS III - Urgent,3,Admitted,Unintentional Falls,Admitted,28732,510,8.5,1
2015-2016,2015,Less urgent,3,Admitted,Unintentional Falls,Admitted,4223,438,7.3,1
2015-2016,2015,Non-urgent,3,Admitted,Unintentional Falls,Admitted,223,351,5.85,1
2015-2016,2015,Unknown,3,Admitted,Unintentional Falls,Admitted,201,222,3.7,1
2015-2016,2015,CTAS III - Urgent,3,Death,Acute Myocardial Infarction,Not Admitted,26,174,2.9,0
2015-2016,2015,Less urgent,3,Death,Acute Myocardial Infarction,Not Admitted,0,165,2.75,0
2015-2016,2015,Non-urgent,3,Death,Acute Myocardial Infarction,Not Admitted,0,0,0.0,0
2015-2016,2015,Unknown,3,Death,Acute Myocardial Infarction,Not Admitted,10,51,0.85,0
2015-2016,2015,CTAS III - Urgent,3,Death,Any,Not Admitted,438,294,4.9,0
2015-2016,2015,Less urgent,3,Death,Any,Not Admitted,98,150,2.5,0
2015-2016,2015,Non-urgent,3,Death,Any,Not Admitted,68,36,0.6,0
2015-2016,2015,Unknown,3,Death,Any,Not Admitted,105,30,0.5,0
2015-2016,2015,CTAS III - Urgent,3,Death,Asthma,Not Admitted,0,0,0.0,0
2015-2016,2015,Less urgent,3,Death,Asthma,Not Admitted,0,0,0.0,0
2015-2016,2015,Non-urgent,3,Death,Asthma,Not Admitted,0,102,1.7,0
2015-2016,2015,Unknown,3,Death,Asthma,Not Admitted,0,0,0.0,0
2015-2016,2015,CTAS III - Urgent,3,Death,Influenzal Pneumonia,Not Admitted,0,0,0.0,0
2015-2016,2015,Less urgent,3,Death,Influenzal Pneumonia,Not Admitted,0,0,0.0,0
2015-2016,2015,Non-urgent,3,Death,Influenzal Pneumonia,Not Admitted,0,0,0.0,0
2015-2016,2015,Unknown,3,Death,Influenzal Pneumonia,Not Admitted,0,0,0.0,0
2015-2016,2015,CTAS III - Urgent,3,Death,Motor Vehicle Collisions,Not Admitted,0,48,0.8,0
2015-2016,2015,Less urgent,3,Death,Motor Vehicle Collisions,Not Admitted,0,99,1.65,0
2015-2016,2015,Non-urgent,3,Death,Motor Vehicle Collisions,Not Admitted,0,0,0.0,0
2015-2016,2015,Unknown,3,Death,Motor Vehicle Collisions,Not Admitted,6,12,0.2,0
2015-2016,2015,CTAS III - Urgent,3,Death,Pneumonia,Not Admitted,8,630,10.5,0
2015-2016,2015,Less urgent,3,Death,Pneumonia,Not Admitted,0,588,9.8,0
2015-2016,2015,Non-urgent,3,Death,Pneumonia,Not Admitted,0,0,0.0,0
2015-2016,2015,Unknown,3,Death,Pneumonia,Not Admitted,0,84,1.4,0
2015-2016,2015,CTAS III - Urgent,3,Death,Trauma,Not Admitted,28,324,5.4,0
2015-2016,2015,Less urgent,3,Death,Trauma,Not Admitted,17,66,1.1,0
2015-2016,2015,Non-urgent,3,Death,Trauma,Not Admitted,0,120,2.0,0
2015-2016,2015,Unknown,3,Death,Trauma,Not Admitted,9,12,0.2,0
2015-2016,2015,CTAS III - Urgent,3,Death,Unintentional Falls,Not Admitted,20,360,6.0,0
2015-2016,2015,Less urgent,3,Death,Unintentional Falls,Not Admitted,7,84,1.4,0
2015-2016,2015,Non-urgent,3,Death,Unintentional Falls,Not Admitted,0,0,0.0,0
2015-2016,2015,Unknown,3,Death,Unintentional Falls,Not Admitted,0,0,0.0,0
2015-2016,2015,CTAS III - Urgent,3,Discharged Home,Acute Myocardial Infarction,Not Admitted,228,348,5.8,0
2015-2016,2015,Less urgent,3,Discharged Home,Acute Myocardial Infarction,Not Admitted,37,264,4.4,0
2015-2016,2015,Non-urgent,3,Discharged Home,Acute Myocardial Infarction,Not Admitted,8,90,1.5,0
2015-2016,2015,Unknown,3,Discharged Home,Acute Myocardial Infarction,Not Admitted,0,474,7.9,0
2015-2016,2015,CTAS III - Urgent,3,Discharged Home,Any,Not Admitted,3978836,174,2.9,0
2015-2016,2015,Less urgent,3,Discharged Home,Any,Not Admitted,3367344,108,1.8,0
2015-2016,2015,Non-urgent,3,Discharged Home,Any,Not Admitted,622417,78,1.3,0
2015-2016,2015,Unknown,3,Discharged Home,Any,Not Admitted,84119,66,1.1,0
2015-2016,2015,CTAS III - Urgent,3,Discharged Home,Asthma,Not Admitted,28641,156,2.6,0
2015-2016,2015,Less urgent,3,Discharged Home,Asthma,Not Admitted,13189,108,1.8,0
2015-2016,2015,Non-urgent,3,Discharged Home,Asthma,Not Admitted,1522,78,1.3,0
2015-2016,2015,Unknown,3,Discharged Home,Asthma,Not Admitted,386,72,1.2,0
2015-2016,2015,CTAS III - Urgent,3,Discharged Home,Influenzal Pneumonia,Not Admitted,433,192,3.2,0
2015-2016,2015,Less urgent,3,Discharged Home,Influenzal Pneumonia,Not Admitted,242,138,2.3,0
2015-2016,2015,Non-urgent,3,Discharged Home,Influenzal Pneumonia,Not Admitted,21,156,2.6,0
2015-2016,2015,Unknown,3,Discharged Home,Influenzal Pneumonia,Not Admitted,5,72,1.2,0
2015-2016,2015,CTAS III - Urgent,3,Discharged Home,Motor Vehicle Collisions,Not Admitted,68163,144,2.4,0
2015-2016,2015,Less urgent,3,Discharged Home,Motor Vehicle Collisions,Not Admitted,46958,114,1.9,0
2015-2016,2015,Non-urgent,3,Discharged Home,Motor Vehicle Collisions,Not Admitted,3012,96,1.6,0
2015-2016,2015,Unknown,3,Discharged Home,Motor Vehicle Collisions,Not Admitted,901,84,1.4,0
2015-2016,2015,CTAS III - Urgent,3,Discharged Home,Pneumonia,Not Admitted,46391,180,3.0,0
2015-2016,2015,Less urgent,3,Discharged Home,Pneumonia,Not Admitted,23843,126,2.1,0
2015-2016,2015,Non-urgent,3,Discharged Home,Pneumonia,Not Admitted,1899,114,1.9,0
2015-2016,2015,Unknown,3,Discharged Home,Pneumonia,Not Admitted,476,102,1.7,0
2015-2016,2015,CTAS III - Urgent,3,Discharged Home,Trauma,Not Admitted,648107,138,2.3,0
2015-2016,2015,Less urgent,3,Discharged Home,Trauma,Not Admitted,871123,108,1.8,0
2015-2016,2015,Non-urgent,3,Discharged Home,Trauma,Not Admitted,76457,90,1.5,0
2015-2016,2015,Unknown,3,Discharged Home,Trauma,Not Admitted,11178,72,1.2,0
2015-2016,2015,CTAS III - Urgent,3,Discharged Home,Unintentional Falls,Not Admitted,231291,156,2.6,0
2015-2016,2015,Less urgent,3,Discharged Home,Unintentional Falls,Not Admitted,237011,114,1.9,0
2015-2016,2015,Non-urgent,3,Discharged Home,Unintentional Falls,Not Admitted,14247,102,1.7,0
2015-2016,2015,Unknown,3,Discharged Home,Unintentional Falls,Not Admitted,2800,84,1.4,0
2015-2016,2015,CTAS III - Urgent,3,Intra-Facility Transfer,Acute Myocardial Infarction,Not Admitted,14,165,2.75,0
2015-2016,2015,Less urgent,3,Intra-Facility Transfer,Acute Myocardial Infarction,Not Admitted,0,24,0.4,0
2015-2016,2015,Non-urgent,3,Intra-Facility Transfer,Acute Myocardial Infarction,Not Admitted,0,0,0.0,0
2015-2016,2015,Unknown,3,Intra-Facility Transfer,Acute Myocardial Infarction,Not Admitted,0,6,0.1,0
2015-2016,2015,CTAS III - Urgent,3,Intra-Facility Transfer,Any,Not Admitted,16760,216,3.6,0
2015-2016,2015,Less urgent,3,Intra-Facility Transfer,Any,Not Admitted,7306,156,2.6,0
2015-2016,2015,Non-urgent,3,Intra-Facility Transfer,Any,Not Admitted,1423,102,1.7,0
2015-2016,2015,Unknown,3,Intra-Facility Transfer,Any,Not Admitted,149,54,0.9,0
2015-2016,2015,CTAS III - Urgent,3,Intra-Facility Transfer,Asthma,Not Admitted,31,210,3.5,0
2015-2016,2015,Less urgent,3,Intra-Facility Transfer,Asthma,Not Admitted,0,159,2.65,0
2015-2016,2015,Non-urgent,3,Intra-Facility Transfer,Asthma,Not Admitted,0,0,0.0,0
2015-2016,2015,Unknown,3,Intra-Facility Transfer,Asthma,Not Admitted,0,0,0.0,0
2015-2016,2015,CTAS III - Urgent,3,Intra-Facility Transfer,Influenzal Pneumonia,Not Admitted,0,0,0.0,0
2015-2016,2015,Less urgent,3,Intra-Facility Transfer,Influenzal Pneumonia,Not Admitted,0,0,0.0,0
2015-2016,2015,Non-urgent,3,Intra-Facility Transfer,Influenzal Pneumonia,Not Admitted,0,0,0.0,0
2015-2016,2015,Unknown,3,Intra-Facility Transfer,Influenzal Pneumonia,Not Admitted,0,0,0.0,0
2015-2016,2015,CTAS III - Urgent,3,Intra-Facility Transfer,Motor Vehicle Collisions,Not Admitted,118,189,3.15,0
2015-2016,2015,Less urgent,3,Intra-Facility Transfer,Motor Vehicle Collisions,Not Admitted,52,225,3.75,0
2015-2016,2015,Non-urgent,3,Intra-Facility Transfer,Motor Vehicle Collisions,Not Admitted,5,78,1.3,0
2015-2016,2015,Unknown,3,Intra-Facility Transfer,Motor Vehicle Collisions,Not Admitted,0,228,3.8,0
2015-2016,2015,CTAS III - Urgent,3,Intra-Facility Transfer,Pneumonia,Not Admitted,70,216,3.6,0
2015-2016,2015,Less urgent,3,Intra-Facility Transfer,Pneumonia,Not Admitted,7,306,5.1,0
2015-2016,2015,Non-urgent,3,Intra-Facility Transfer,Pneumonia,Not Admitted,0,0,0.0,0
2015-2016,2015,Unknown,3,Intra-Facility Transfer,Pneumonia,Not Admitted,0,0,0.0,0
2015-2016,2015,CTAS III - Urgent,3,Intra-Facility Transfer,Trauma,Not Admitted,2083,204,3.4,0
2015-2016,2015,Less urgent,3,Intra-Facility Transfer,Trauma,Not Admitted,1026,159,2.65,0
2015-2016,2015,Non-urgent,3,Intra-Facility Transfer,Trauma,Not Admitted,119,96,1.6,0
2015-2016,2015,Unknown,3,Intra-Facility Transfer,Trauma,Not Admitted,24,180,3.0,0
2015-2016,2015,CTAS III - Urgent,3,Intra-Facility Transfer,Unintentional Falls,Not Admitted,566,192,3.2,0
2015-2016,2015,Less urgent,3,Intra-Facility Transfer,Unintentional Falls,Not Admitted,312,162,2.7,0
2015-2016,2015,Non-urgent,3,Intra-Facility Transfer,Unintentional Falls,Not Admitted,24,114,1.9,0
2015-2016,2015,Unknown,3,Intra-Facility Transfer,Unintentional Falls,Not Admitted,7,216,3.6,0
2015-2016,2015,CTAS III - Urgent,3,Not Seen Or Left,Acute Myocardial Infarction,Not Admitted,30,291,4.85,0
2015-2016,2015,Less urgent,3,Not Seen Or Left,Acute Myocardial Infarction,Not Admitted,0,180,3.0,0
2015-2016,2015,Non-urgent,3,Not Seen Or Left,Acute Myocardial Infarction,Not Admitted,0,156,2.6,0
2015-2016,2015,Unknown,3,Not Seen Or Left,Acute Myocardial Infarction,Not Admitted,0,0,0.0,0
2015-2016,2015,CTAS III - Urgent,3,Not Seen Or Left,Any,Not Admitted,192537,138,2.3,0
2015-2016,2015,Less urgent,3,Not Seen Or Left,Any,Not Admitted,155094,120,2.0,0
2015-2016,2015,Non-urgent,3,Not Seen Or Left,Any,Not Admitted,35582,96,1.6,0
2015-2016,2015,Unknown,3,Not Seen Or Left,Any,Not Admitted,26154,36,0.6,0
2015-2016,2015,CTAS III - Urgent,3,Not Seen Or Left,Asthma,Not Admitted,330,138,2.3,0
2015-2016,2015,Less urgent,3,Not Seen Or Left,Asthma,Not Admitted,97,126,2.1,0
2015-2016,2015,Non-urgent,3,Not Seen Or Left,Asthma,Not Admitted,13,69,1.15,0
2015-2016,2015,Unknown,3,Not Seen Or Left,Asthma,Not Admitted,10,165,2.75,0
2015-2016,2015,CTAS III - Urgent,3,Not Seen Or Left,Influenzal Pneumonia,Not Admitted,0,222,3.7,0
2015-2016,2015,Less urgent,3,Not Seen Or Left,Influenzal Pneumonia,Not Admitted,0,48,0.8,0
2015-2016,2015,Non-urgent,3,Not Seen Or Left,Influenzal Pneumonia,Not Admitted,0,0,0.0,0
2015-2016,2015,Unknown,3,Not Seen Or Left,Influenzal Pneumonia,Not Admitted,0,0,0.0,0
2015-2016,2015,CTAS III - Urgent,3,Not Seen Or Left,Motor Vehicle Collisions,Not Admitted,1699,132,2.2,0
2015-2016,2015,Less urgent,3,Not Seen Or Left,Motor Vehicle Collisions,Not Admitted,1302,120,2.0,0
2015-2016,2015,Non-urgent,3,Not Seen Or Left,Motor Vehicle Collisions,Not Admitted,89,120,2.0,0
2015-2016,2015,Unknown,3,Not Seen Or Left,Motor Vehicle Collisions,Not Admitted,33,120,2.0,0
2015-2016,2015,CTAS III - Urgent,3,Not Seen Or Left,Pneumonia,Not Admitted,175,210,3.5,0
2015-2016,2015,Less urgent,3,Not Seen Or Left,Pneumonia,Not Admitted,70,192,3.2,0
2015-2016,2015,Non-urgent,3,Not Seen Or Left,Pneumonia,Not Admitted,9,84,1.4,0
2015-2016,2015,Unknown,3,Not Seen Or Left,Pneumonia,Not Admitted,5,36,0.6,0
2015-2016,2015,CTAS III - Urgent,3,Not Seen Or Left,Trauma,Not Admitted,18689,126,2.1,0
2015-2016,2015,Less urgent,3,Not Seen Or Left,Trauma,Not Admitted,26281,114,1.9,0
2015-2016,2015,Non-urgent,3,Not Seen Or Left,Trauma,Not Admitted,3065,90,1.5,0
2015-2016,2015,Unknown,3,Not Seen Or Left,Trauma,Not Admitted,1172,42,0.7,0
2015-2016,2015,CTAS III - Urgent,3,Not Seen Or Left,Unintentional Falls,Not Admitted,5004,132,2.2,0
2015-2016,2015,Less urgent,3,Not Seen Or Left,Unintentional Falls,Not Admitted,5597,114,1.9,0
2015-2016,2015,Non-urgent,3,Not Seen Or Left,Unintentional Falls,Not Admitted,361,102,1.7,0
2015-2016,2015,Unknown,3,Not Seen Or Left,Unintentional Falls,Not Admitted,140,45,0.75,0
2015-2016,2015,CTAS III - Urgent,3,Total,Acute Myocardial Infarction,Not Admitted,5459,456,7.6,0
2015-2016,2015,Less urgent,3,Total,Acute Myocardial Infarction,Not Admitted,470,384,6.4,0
2015-2016,2015,Non-urgent,3,Total,Acute Myocardial Infarction,Not Admitted,53,309,5.15,0
2015-2016,2015,Unknown,3,Total,Acute Myocardial Infarction,Not Admitted,161,138,2.3,0
2015-2016,2015,CTAS III - Urgent,3,Total,Any,Not Admitted,4754163,192,3.2,0
2015-2016,2015,Less urgent,3,Total,Any,Not Admitted,3613185,108,1.8,0
2015-2016,2015,Non-urgent,3,Total,Any,Not Admitted,669562,84,1.4,0
2015-2016,2015,Unknown,3,Total,Any,Not Admitted,117215,72,1.2,0
2015-2016,2015,CTAS III - Urgent,3,Total,Asthma,Not Admitted,30685,162,2.7,0
2015-2016,2015,Less urgent,3,Total,Asthma,Not Admitted,13396,108,1.8,0
2015-2016,2015,Non-urgent,3,Total,Asthma,Not Admitted,1546,84,1.4,0
2015-2016,2015,Unknown,3,Total,Asthma,Not Admitted,413,78,1.3,0
2015-2016,2015,CTAS III - Urgent,3,Total,Influenzal Pneumonia,Not Admitted,522,222,3.7,0
2015-2016,2015,Less urgent,3,Total,Influenzal Pneumonia,Not Admitted,252,144,2.4,0
2015-2016,2015,Non-urgent,3,Total,Influenzal Pneumonia,Not Admitted,21,156,2.6,0
2015-2016,2015,Unknown,3,Total,Influenzal Pneumonia,Not Admitted,5,108,1.8,0
2015-2016,2015,CTAS III - Urgent,3,Total,Motor Vehicle Collisions,Not Admitted,73712,150,2.5,0
2015-2016,2015,Less urgent,3,Total,Motor Vehicle Collisions,Not Admitted,48991,114,1.9,0
2015-2016,2015,Non-urgent,3,Total,Motor Vehicle Collisions,Not Admitted,3153,96,1.6,0
2015-2016,2015,Unknown,3,Total,Motor Vehicle Collisions,Not Admitted,1079,90,1.5,0
2015-2016,2015,CTAS III - Urgent,3,Total,Pneumonia,Not Admitted,61868,222,3.7,0
2015-2016,2015,Less urgent,3,Total,Pneumonia,Not Admitted,25499,132,2.2,0
2015-2016,2015,Non-urgent,3,Total,Pneumonia,Not Admitted,2016,114,1.9,0
2015-2016,2015,Unknown,3,Total,Pneumonia,Not Admitted,711,117,1.95,0
2015-2016,2015,CTAS III - Urgent,3,Total,Trauma,Not Admitted,717512,144,2.4,0
2015-2016,2015,Less urgent,3,Total,Trauma,Not Admitted,907714,108,1.8,0
2015-2016,2015,Non-urgent,3,Total,Trauma,Not Admitted,80299,90,1.5,0
2015-2016,2015,Unknown,3,Total,Trauma,Not Admitted,13031,72,1.2,0
2015-2016,2015,CTAS III - Urgent,3,Total,Unintentional Falls,Not Admitted,271177,174,2.9,0
2015-2016,2015,Less urgent,3,Total,Unintentional Falls,Not Admitted,248433,120,2.0,0
2015-2016,2015,Non-urgent,3,Total,Unintentional Falls,Not Admitted,14932,102,1.7,0
2015-2016,2015,Unknown,3,Total,Unintentional Falls,Not Admitted,3267,90,1.5,0
2015-2016,2015,CTAS III - Urgent,3,Transferred,Acute Myocardial Infarction,Not Admitted,1037,234,3.9,0
2015-2016,2015,Less urgent,3,Transferred,Acute Myocardial Infarction,Not Admitted,106,261,4.35,0
2015-2016,2015,Non-urgent,3,Transferred,Acute Myocardial Infarction,Not Admitted,12,279,4.65,0
2015-2016,2015,Unknown,3,Transferred,Acute Myocardial Infarction,Not Admitted,69,141,2.35,0
2015-2016,2015,CTAS III - Urgent,3,Transferred,Any,Not Admitted,57792,270,4.5,0
2015-2016,2015,Less urgent,3,Transferred,Any,Not Admitted,14291,228,3.8,0
2015-2016,2015,Non-urgent,3,Transferred,Any,Not Admitted,2128,174,2.9,0
2015-2016,2015,Unknown,3,Transferred,Any,Not Admitted,1374,168,2.8,0
2015-2016,2015,CTAS III - Urgent,3,Transferred,Asthma,Not Admitted,161,336,5.6,0
2015-2016,2015,Less urgent,3,Transferred,Asthma,Not Admitted,13,240,4.0,0
2015-2016,2015,Non-urgent,3,Transferred,Asthma,Not Admitted,0,36,0.6,0
2015-2016,2015,Unknown,3,Transferred,Asthma,Not Admitted,0,732,12.2,0
2015-2016,2015,CTAS III - Urgent,3,Transferred,Influenzal Pneumonia,Not Admitted,0,462,7.7,0
2015-2016,2015,Less urgent,3,Transferred,Influenzal Pneumonia,Not Admitted,0,432,7.2,0
2015-2016,2015,Non-urgent,3,Transferred,Influenzal Pneumonia,Not Admitted,0,0,0.0,0
2015-2016,2015,Unknown,3,Transferred,Influenzal Pneumonia,Not Admitted,0,0,0.0,0
2015-2016,2015,CTAS III - Urgent,3,Transferred,Motor Vehicle Collisions,Not Admitted,1236,216,3.6,0
2015-2016,2015,Less urgent,3,Transferred,Motor Vehicle Collisions,Not Admitted,220,192,3.2,0
2015-2016,2015,Non-urgent,3,Transferred,Motor Vehicle Collisions,Not Admitted,11,123,2.05,0
2015-2016,2015,Unknown,3,Transferred,Motor Vehicle Collisions,Not Admitted,89,126,2.1,0
2015-2016,2015,CTAS III - Urgent,3,Transferred,Pneumonia,Not Admitted,930,288,4.8,0
2015-2016,2015,Less urgent,3,Transferred,Pneumonia,Not Admitted,145,264,4.4,0
2015-2016,2015,Non-urgent,3,Transferred,Pneumonia,Not Admitted,10,321,5.35,0
2015-2016,2015,Unknown,3,Transferred,Pneumonia,Not Admitted,20,195,3.25,0
2015-2016,2015,CTAS III - Urgent,3,Transferred,Trauma,Not Admitted,9827,234,3.9,0
2015-2016,2015,Less urgent,3,Transferred,Trauma,Not Admitted,2626,198,3.3,0
2015-2016,2015,Non-urgent,3,Transferred,Trauma,Not Admitted,205,174,2.9,0
2015-2016,2015,Unknown,3,Transferred,Trauma,Not Admitted,316,150,2.5,0
2015-2016,2015,CTAS III - Urgent,3,Transferred,Unintentional Falls,Not Admitted,5564,270,4.5,0
2015-2016,2015,Less urgent,3,Transferred,Unintentional Falls,Not Admitted,1283,234,3.9,0
2015-2016,2015,Non-urgent,3,Transferred,Unintentional Falls,Not Admitted,77,252,4.2,0
2015-2016,2015,Unknown,3,Transferred,Unintentional Falls,Not Admitted,119,174,2.9,0
2015-2016,2015,CTAS III - Urgent,3,Unknown,Acute Myocardial Infarction,Not Admitted,0,0,0.0,0
2015-2016,2015,Less urgent,3,Unknown,Acute Myocardial Infarction,Not Admitted,0,0,0.0,0
2015-2016,2015,Non-urgent,3,Unknown,Acute Myocardial Infarction,Not Admitted,0,0,0.0,0
2015-2016,2015,Unknown,3,Unknown,Acute Myocardial Infarction,Not Admitted,0,0,0.0,0
2015-2016,2015,CTAS III - Urgent,3,Unknown,Any,Not Admitted,0,0,0.0,0
2015-2016,2015,Less urgent,3,Unknown,Any,Not Admitted,0,0,0.0,0
2015-2016,2015,Non-urgent,3,Unknown,Any,Not Admitted,0,0,0.0,0
2015-2016,2015,Unknown,3,Unknown,Any,Not Admitted,0,0,0.0,0
2015-2016,2015,CTAS III - Urgent,3,Unknown,Asthma,Not Admitted,0,0,0.0,0
2015-2016,2015,Less urgent,3,Unknown,Asthma,Not Admitted,0,0,0.0,0
2015-2016,2015,Non-urgent,3,Unknown,Asthma,Not Admitted,0,0,0.0,0
2015-2016,2015,Unknown,3,Unknown,Asthma,Not Admitted,0,0,0.0,0
2015-2016,2015,CTAS III - Urgent,3,Unknown,Influenzal Pneumonia,Not Admitted,0,0,0.0,0
2015-2016,2015,Less urgent,3,Unknown,Influenzal Pneumonia,Not Admitted,0,0,0.0,0
2015-2016,2015,Non-urgent,3,Unknown,Influenzal Pneumonia,Not Admitted,0,0,0.0,0
2015-2016,2015,Unknown,3,Unknown,Influenzal Pneumonia,Not Admitted,0,0,0.0,0
2015-2016,2015,CTAS III - Urgent,3,Unknown,Motor Vehicle Collisions,Not Admitted,0,0,0.0,0
2015-2016,2015,Less urgent,3,Unknown,Motor Vehicle Collisions,Not Admitted,0,0,0.0,0
2015-2016,2015,Non-urgent,3,Unknown,Motor Vehicle Collisions,Not Admitted,0,0,0.0,0
2015-2016,2015,Unknown,3,Unknown,Motor Vehicle Collisions,Not Admitted,0,0,0.0,0
2015-2016,2015,CTAS III - Urgent,3,Unknown,Pneumonia,Not Admitted,0,0,0.0,0
2015-2016,2015,Less urgent,3,Unknown,Pneumonia,Not Admitted,0,0,0.0,0
2015-2016,2015,Non-urgent,3,Unknown,Pneumonia,Not Admitted,0,0,0.0,0
2015-2016,2015,Unknown,3,Unknown,Pneumonia,Not Admitted,0,0,0.0,0
2015-2016,2015,CTAS III - Urgent,3,Unknown,Trauma,Not Admitted,0,0,0.0,0
2015-2016,2015,Less urgent,3,Unknown,Trauma,Not Admitted,0,0,0.0,0
2015-2016,2015,Non-urgent,3,Unknown,Trauma,Not Admitted,0,0,0.0,0
2015-2016,2015,Unknown,3,Unknown,Trauma,Not Admitted,0,0,0.0,0
2015-2016,2015,CTAS III - Urgent,3,Unknown,Unintentional Falls,Not Admitted,0,0,0.0,0
2015-2016,2015,Less urgent,3,Unknown,Unintentional Falls,Not Admitted,0,0,0.0,0
2015-2016,2015,Non-urgent,3,Unknown,Unintentional Falls,Not Admitted,0,0,0.0,0
2015-2016,2015,Unknown,3,Unknown,Unintentional Falls,Not Admitted,0,0,0.0,0
2014-2015,2014,CTAS I - Resuscitation,1,Admitted,Acute Myocardial Infarction,Admitted,1196,90,1.5,1
2014-2015,2014,CTAS I - Resuscitation,1,Admitted,Any,Admitted,44351,360,6.0,1
2014-2015,2014,CTAS I - Resuscitation,1,Admitted,Asthma,Admitted,616,429,7.15,1
2014-2015,2014,CTAS I - Resuscitation,1,Admitted,Influenzal Pneumonia,Admitted,13,546,9.1,1
2014-2015,2014,CTAS I - Resuscitation,1,Admitted,Motor Vehicle Collisions,Admitted,2318,258,4.3,1
2014-2015,2014,CTAS I - Resuscitation,1,Admitted,Pneumonia,Admitted,1430,534,8.9,1
2014-2015,2014,CTAS I - Resuscitation,1,Admitted,Trauma,Admitted,5927,264,4.4,1
2014-2015,2014,CTAS I - Resuscitation,1,Admitted,Unintentional Falls,Admitted,1619,318,5.3,1
2014-2015,2014,CTAS I - Resuscitation,1,Death,Acute Myocardial Infarction,Not Admitted,370,24,0.4,0
2014-2015,2014,CTAS I - Resuscitation,1,Death,Any,Not Admitted,6250,36,0.6,0
2014-2015,2014,CTAS I - Resuscitation,1,Death,Asthma,Not Admitted,0,54,0.9,0
2014-2015,2014,CTAS I - Resuscitation,1,Death,Influenzal Pneumonia,Not Admitted,0,0,0.0,0
2014-2015,2014,CTAS I - Resuscitation,1,Death,Motor Vehicle Collisions,Not Admitted,170,30,0.5,0
2014-2015,2014,CTAS I - Resuscitation,1,Death,Pneumonia,Not Admitted,41,156,2.6,0
2014-2015,2014,CTAS I - Resuscitation,1,Death,Trauma,Not Admitted,535,36,0.6,0
2014-2015,2014,CTAS I - Resuscitation,1,Death,Unintentional Falls,Not Admitted,85,144,2.4,0
2014-2015,2014,CTAS I - Resuscitation,1,Discharged Home,Acute Myocardial Infarction,Not Admitted,19,168,2.8,0
2014-2015,2014,CTAS I - Resuscitation,1,Discharged Home,Any,Not Admitted,18218,264,4.4,0
2014-2015,2014,CTAS I - Resuscitation,1,Discharged Home,Asthma,Not Admitted,392,222,3.7,0
2014-2015,2014,CTAS I - Resuscitation,1,Discharged Home,Influenzal Pneumonia,Not Admitted,0,297,4.95,0
2014-2015,2014,CTAS I - Resuscitation,1,Discharged Home,Motor Vehicle Collisions,Not Admitted,525,270,4.5,0
2014-2015,2014,CTAS I - Resuscitation,1,Discharged Home,Pneumonia,Not Admitted,158,210,3.5,0
2014-2015,2014,CTAS I - Resuscitation,1,Discharged Home,Trauma,Not Admitted,3325,246,4.1,0
2014-2015,2014,CTAS I - Resuscitation,1,Discharged Home,Unintentional Falls,Not Admitted,608,264,4.4,0
2014-2015,2014,CTAS I - Resuscitation,1,Intra-Facility Transfer,Acute Myocardial Infarction,Not Admitted,65,30,0.5,0
2014-2015,2014,CTAS I - Resuscitation,1,Intra-Facility Transfer,Any,Not Admitted,409,210,3.5,0
2014-2015,2014,CTAS I - Resuscitation,1,Intra-Facility Transfer,Asthma,Not Admitted,0,375,6.25,0
2014-2015,2014,CTAS I - Resuscitation,1,Intra-Facility Transfer,Influenzal Pneumonia,Not Admitted,0,0,0.0,0
2014-2015,2014,CTAS I - Resuscitation,1,Intra-Facility Transfer,Motor Vehicle Collisions,Not Admitted,8,258,4.3,0
2014-2015,2014,CTAS I - Resuscitation,1,Intra-Facility Transfer,Pneumonia,Not Admitted,0,0,0.0,0
2014-2015,2014,CTAS I - Resuscitation,1,Intra-Facility Transfer,Trauma,Not Admitted,59,234,3.9,0
2014-2015,2014,CTAS I - Resuscitation,1,Intra-Facility Transfer,Unintentional Falls,Not Admitted,11,234,3.9,0
2014-2015,2014,CTAS I - Resuscitation,1,Not Seen Or Left,Acute Myocardial Infarction,Not Admitted,0,540,9.0,0
2014-2015,2014,CTAS I - Resuscitation,1,Not Seen Or Left,Any,Not Admitted,495,204,3.4,0
2014-2015,2014,CTAS I - Resuscitation,1,Not Seen Or Left,Asthma,Not Admitted,10,198,3.3,0
2014-2015,2014,CTAS I - Resuscitation,1,Not Seen Or Left,Influenzal Pneumonia,Not Admitted,0,0,0.0,0
2014-2015,2014,CTAS I - Resuscitation,1,Not Seen Or Left,Motor Vehicle Collisions,Not Admitted,8,222,3.7,0
2014-2015,2014,CTAS I - Resuscitation,1,Not Seen Or Left,Pneumonia,Not Admitted,0,369,6.15,0
2014-2015,2014,CTAS I - Resuscitation,1,Not Seen Or Left,Trauma,Not Admitted,66,198,3.3,0
2014-2015,2014,CTAS I - Resuscitation,1,Not Seen Or Left,Unintentional Falls,Not Admitted,12,276,4.6,0
2014-2015,2014,CTAS I - Resuscitation,1,Total,Acute Myocardial Infarction,Not Admitted,2347,66,1.1,0
2014-2015,2014,CTAS I - Resuscitation,1,Total,Any,Not Admitted,76305,276,4.6,0
2014-2015,2014,CTAS I - Resuscitation,1,Total,Asthma,Not Admitted,1077,312,5.2,0
2014-2015,2014,CTAS I - Resuscitation,1,Total,Influenzal Pneumonia,Not Admitted,13,486,8.1,0
2014-2015,2014,CTAS I - Resuscitation,1,Total,Motor Vehicle Collisions,Not Admitted,3606,228,3.8,0
2014-2015,2014,CTAS I - Resuscitation,1,Total,Pneumonia,Not Admitted,1712,456,7.6,0
2014-2015,2014,CTAS I - Resuscitation,1,Total,Trauma,Not Admitted,11352,228,3.8,0
2014-2015,2014,CTAS I - Resuscitation,1,Total,Unintentional Falls,Not Admitted,2641,264,4.4,0
2014-2015,2014,CTAS I - Resuscitation,1,Transferred,Acute Myocardial Infarction,Not Admitted,697,60,1.0,0
2014-2015,2014,CTAS I - Resuscitation,1,Transferred,Any,Not Admitted,6582,156,2.6,0
2014-2015,2014,CTAS I - Resuscitation,1,Transferred,Asthma,Not Admitted,59,216,3.6,0
2014-2015,2014,CTAS I - Resuscitation,1,Transferred,Influenzal Pneumonia,Not Admitted,0,0,0.0,0
2014-2015,2014,CTAS I - Resuscitation,1,Transferred,Motor Vehicle Collisions,Not Admitted,577,120,2.0,0
2014-2015,2014,CTAS I - Resuscitation,1,Transferred,Pneumonia,Not Admitted,83,246,4.1,0
2014-2015,2014,CTAS I - Resuscitation,1,Transferred,Trauma,Not Admitted,1440,132,2.2,0
2014-2015,2014,CTAS I - Resuscitation,1,Transferred,Unintentional Falls,Not Admitted,306,156,2.6,0
2014-2015,2014,CTAS I - Resuscitation,1,Unknown,Acute Myocardial Infarction,Not Admitted,0,0,0.0,0
2014-2015,2014,CTAS I - Resuscitation,1,Unknown,Any,Not Admitted,0,0,0.0,0
2014-2015,2014,CTAS I - Resuscitation,1,Unknown,Asthma,Not Admitted,0,0,0.0,0
2014-2015,2014,CTAS I - Resuscitation,1,Unknown,Influenzal Pneumonia,Not Admitted,0,0,0.0,0
2014-2015,2014,CTAS I - Resuscitation,1,Unknown,Motor Vehicle Collisions,Not Admitted,0,0,0.0,0
2014-2015,2014,CTAS I - Resuscitation,1,Unknown,Pneumonia,Not Admitted,0,0,0.0,0
2014-2015,2014,CTAS I - Resuscitation,1,Unknown,Trauma,Not Admitted,0,0,0.0,0
2014-2015,2014,CTAS I - Resuscitation,1,Unknown,Unintentional Falls,Not Admitted,0,0,0.0,0
2014-2015,2014,CTAS II - Emergent,2,Admitted,Acute Myocardial Infarction,Admitted,11274,510,8.5,1
2014-2015,2014,CTAS II - Emergent,2,Admitted,Any,Admitted,449667,630,10.5,1
2014-2015,2014,CTAS II - Emergent,2,Admitted,Asthma,Admitted,3829,510,8.5,1
2014-2015,2014,CTAS II - Emergent,2,Admitted,Influenzal Pneumonia,Admitted,149,1110,18.5,1
2014-2015,2014,CTAS II - Emergent,2,Admitted,Motor Vehicle Collisions,Admitted,4386,432,7.2,1
2014-2015,2014,CTAS II - Emergent,2,Admitted,Pneumonia,Admitted,17702,744,12.4,1
2014-2015,2014,CTAS II - Emergent,2,Admitted,Trauma,Admitted,24963,486,8.1,1
2014-2015,2014,CTAS II - Emergent,2,Admitted,Unintentional Falls,Admitted,14035,540,9.0,1
2014-2015,2014,CTAS II - Emergent,2,Death,Acute Myocardial Infarction,Not Admitted,102,144,2.4,0
2014-2015,2014,CTAS II - Emergent,2,Death,Any,Not Admitted,1309,234,3.9,0
2014-2015,2014,CTAS II - Emergent,2,Death,Asthma,Not Admitted,0,0,0.0,0
2014-2015,2014,CTAS II - Emergent,2,Death,Influenzal Pneumonia,Not Admitted,0,504,8.4,0
2014-2015,2014,CTAS II - Emergent,2,Death,Motor Vehicle Collisions,Not Admitted,7,120,2.0,0
2014-2015,2014,CTAS II - Emergent,2,Death,Pneumonia,Not Admitted,35,252,4.2,0
2014-2015,2014,CTAS II - Emergent,2,Death,Trauma,Not Admitted,41,288,4.8,0
2014-2015,2014,CTAS II - Emergent,2,Death,Unintentional Falls,Not Admitted,21,372,6.2,0
2014-2015,2014,CTAS II - Emergent,2,Discharged Home,Acute Myocardial Infarction,Not Admitted,440,342,5.7,0
2014-2015,2014,CTAS II - Emergent,2,Discharged Home,Any,Not Admitted,1192543,228,3.8,0
2014-2015,2014,CTAS II - Emergent,2,Discharged Home,Asthma,Not Admitted,14807,204,3.4,0
2014-2015,2014,CTAS II - Emergent,2,Discharged Home,Influenzal Pneumonia,Not Admitted,105,222,3.7,0
2014-2015,2014,CTAS II - Emergent,2,Discharged Home,Motor Vehicle Collisions,Not Admitted,25389,186,3.1,0
2014-2015,2014,CTAS II - Emergent,2,Discharged Home,Pneumonia,Not Admitted,15153,222,3.7,0
2014-2015,2014,CTAS II - Emergent,2,Discharged Home,Trauma,Not Admitted,148437,174,2.9,0
2014-2015,2014,CTAS II - Emergent,2,Discharged Home,Unintentional Falls,Not Admitted,46445,198,3.3,0
2014-2015,2014,CTAS II - Emergent,2,Intra-Facility Transfer,Acute Myocardial Infarction,Not Admitted,131,78,1.3,0
2014-2015,2014,CTAS II - Emergent,2,Intra-Facility Transfer,Any,Not Admitted,10498,252,4.2,0
2014-2015,2014,CTAS II - Emergent,2,Intra-Facility Transfer,Asthma,Not Admitted,119,198,3.3,0
2014-2015,2014,CTAS II - Emergent,2,Intra-Facility Transfer,Influenzal Pneumonia,Not Admitted,0,0,0.0,0
2014-2015,2014,CTAS II - Emergent,2,Intra-Facility Transfer,Motor Vehicle Collisions,Not Admitted,52,174,2.9,0
2014-2015,2014,CTAS II - Emergent,2,Intra-Facility Transfer,Pneumonia,Not Admitted,89,288,4.8,0
2014-2015,2014,CTAS II - Emergent,2,Intra-Facility Transfer,Trauma,Not Admitted,1046,222,3.7,0
2014-2015,2014,CTAS II - Emergent,2,Intra-Facility Transfer,Unintentional Falls,Not Admitted,212,249,4.15,0
2014-2015,2014,CTAS II - Emergent,2,Not Seen Or Left,Acute Myocardial Infarction,Not Admitted,65,312,5.2,0
2014-2015,2014,CTAS II - Emergent,2,Not Seen Or Left,Any,Not Admitted,40853,156,2.6,0
2014-2015,2014,CTAS II - Emergent,2,Not Seen Or Left,Asthma,Not Admitted,151,180,3.0,0
2014-2015,2014,CTAS II - Emergent,2,Not Seen Or Left,Influenzal Pneumonia,Not Admitted,0,0,0.0,0
2014-2015,2014,CTAS II - Emergent,2,Not Seen Or Left,Motor Vehicle Collisions,Not Admitted,413,150,2.5,0
2014-2015,2014,CTAS II - Emergent,2,Not Seen Or Left,Pneumonia,Not Admitted,86,285,4.75,0
2014-2015,2014,CTAS II - Emergent,2,Not Seen Or Left,Trauma,Not Admitted,3125,132,2.2,0
2014-2015,2014,CTAS II - Emergent,2,Not Seen Or Left,Unintentional Falls,Not Admitted,698,144,2.4,0
2014-2015,2014,CTAS II - Emergent,2,Total,Acute Myocardial Infarction,Not Admitted,15864,372,6.2,0
2014-2015,2014,CTAS II - Emergent,2,Total,Any,Not Admitted,1745269,282,4.7,0
2014-2015,2014,CTAS II - Emergent,2,Total,Asthma,Not Admitted,19338,234,3.9,0
2014-2015,2014,CTAS II - Emergent,2,Total,Influenzal Pneumonia,Not Admitted,254,501,8.35,0
2014-2015,2014,CTAS II - Emergent,2,Total,Motor Vehicle Collisions,Not Admitted,32111,204,3.4,0
2014-2015,2014,CTAS II - Emergent,2,Total,Pneumonia,Not Admitted,34172,372,6.2,0
2014-2015,2014,CTAS II - Emergent,2,Total,Trauma,Not Admitted,185128,192,3.2,0
2014-2015,2014,CTAS II - Emergent,2,Total,Unintentional Falls,Not Admitted,64294,240,4.0,0
2014-2015,2014,CTAS II - Emergent,2,Transferred,Acute Myocardial Infarction,Not Admitted,3852,114,1.9,0
2014-2015,2014,CTAS II - Emergent,2,Transferred,Any,Not Admitted,50399,246,4.1,0
2014-2015,2014,CTAS II - Emergent,2,Transferred,Asthma,Not Admitted,432,288,4.8,0
2014-2015,2014,CTAS II - Emergent,2,Transferred,Influenzal Pneumonia,Not Admitted,0,270,4.5,0
2014-2015,2014,CTAS II - Emergent,2,Transferred,Motor Vehicle Collisions,Not Admitted,1864,204,3.4,0
2014-2015,2014,CTAS II - Emergent,2,Transferred,Pneumonia,Not Admitted,1107,258,4.3,0
2014-2015,2014,CTAS II - Emergent,2,Transferred,Trauma,Not Admitted,7516,198,3.3,0
2014-2015,2014,CTAS II - Emergent,2,Transferred,Unintentional Falls,Not Admitted,2883,222,3.7,0
2014-2015,2014,CTAS II - Emergent,2,Unknown,Acute Myocardial Infarction,Not Admitted,0,0,0.0,0
2014-2015,2014,CTAS II - Emergent,2,Unknown,Any,Not Admitted,0,0,0.0,0
2014-2015,2014,CTAS II - Emergent,2,Unknown,Asthma,Not Admitted,0,0,0.0,0
2014-2015,2014,CTAS II - Emergent,2,Unknown,Influenzal Pneumonia,Not Admitted,0,0,0.0,0
2014-2015,2014,CTAS II - Emergent,2,Unknown,Motor Vehicle Collisions,Not Admitted,0,0,0.0,0
2014-2015,2014,CTAS II - Emergent,2,Unknown,Pneumonia,Not Admitted,0,0,0.0,0
2014-2015,2014,CTAS II - Emergent,2,Unknown,Trauma,Not Admitted,0,0,0.0,0
2014-2015,2014,CTAS II - Emergent,2,Unknown,Unintentional Falls,Not Admitted,0,0,0.0,0
2014-2015,2014,CTAS III - Urgent,3,Admitted,Acute Myocardial Infarction,Admitted,4339,558,9.3,1
2014-2015,2014,Less urgent,3,Admitted,Acute Myocardial Infarction,Admitted,361,459,7.65,1
2014-2015,2014,Non-urgent,3,Admitted,Acute Myocardial Infarction,Admitted,51,438,7.3,1
2014-2015,2014,Unknown,3,Admitted,Acute Myocardial Infarction,Admitted,118,252,4.2,1
2014-2015,2014,CTAS III - Urgent,3,Admitted,Any,Admitted,501775,618,10.3,1
2014-2015,2014,Less urgent,3,Admitted,Any,Admitted,71664,456,7.6,1
2014-2015,2014,Non-urgent,3,Admitted,Any,Admitted,9200,372,6.2,1
2014-2015,2014,Unknown,3,Admitted,Any,Admitted,7404,222,3.7,1
2014-2015,2014,CTAS III - Urgent,3,Admitted,Asthma,Admitted,1632,570,9.5,1
2014-2015,2014,Less urgent,3,Admitted,Asthma,Admitted,141,384,6.4,1
2014-2015,2014,Non-urgent,3,Admitted,Asthma,Admitted,10,399,6.65,1
2014-2015,2014,Unknown,3,Admitted,Asthma,Admitted,22,234,3.9,1
2014-2015,2014,CTAS III - Urgent,3,Admitted,Influenzal Pneumonia,Admitted,137,876,14.6,1
2014-2015,2014,Less urgent,3,Admitted,Influenzal Pneumonia,Admitted,12,381,6.35,1
2014-2015,2014,Non-urgent,3,Admitted,Influenzal Pneumonia,Admitted,0,0,0.0,1
2014-2015,2014,Unknown,3,Admitted,Influenzal Pneumonia,Admitted,0,1410,23.5,1
2014-2015,2014,CTAS III - Urgent,3,Admitted,Motor Vehicle Collisions,Admitted,2472,411,6.85,1
2014-2015,2014,Less urgent,3,Admitted,Motor Vehicle Collisions,Admitted,409,366,6.1,1
2014-2015,2014,Non-urgent,3,Admitted,Motor Vehicle Collisions,Admitted,42,243,4.05,1
2014-2015,2014,Unknown,3,Admitted,Motor Vehicle Collisions,Admitted,65,156,2.6,1
2014-2015,2014,CTAS III - Urgent,3,Admitted,Pneumonia,Admitted,15131,684,11.4,1
2014-2015,2014,Less urgent,3,Admitted,Pneumonia,Admitted,1683,366,6.1,1
2014-2015,2014,Non-urgent,3,Admitted,Pneumonia,Admitted,128,312,5.2,1
2014-2015,2014,Unknown,3,Admitted,Pneumonia,Admitted,252,192,3.2,1
2014-2015,2014,CTAS III - Urgent,3,Admitted,Trauma,Admitted,38106,492,8.2,1
2014-2015,2014,Less urgent,3,Admitted,Trauma,Admitted,6909,396,6.6,1
2014-2015,2014,Non-urgent,3,Admitted,Trauma,Admitted,528,294,4.9,1
2014-2015,2014,Unknown,3,Admitted,Trauma,Admitted,427,180,3.0,1
2014-2015,2014,CTAS III - Urgent,3,Admitted,Unintentional Falls,Admitted,28052,516,8.6,1
2014-2015,2014,Less urgent,3,Admitted,Unintentional Falls,Admitted,4483,414,6.9,1
2014-2015,2014,Non-urgent,3,Admitted,Unintentional Falls,Admitted,257,300,5.0,1
2014-2015,2014,Unknown,3,Admitted,Unintentional Falls,Admitted,232,186,3.1,1
2014-2015,2014,CTAS III - Urgent,3,Death,Acute Myocardial Infarction,Not Admitted,26,186,3.1,0
2014-2015,2014,Less urgent,3,Death,Acute Myocardial Infarction,Not Admitted,0,312,5.2,0
2014-2015,2014,Non-urgent,3,Death,Acute Myocardial Infarction,Not Admitted,0,150,2.5,0
2014-2015,2014,Unknown,3,Death,Acute Myocardial Infarction,Not Admitted,0,18,0.3,0
2014-2015,2014,CTAS III - Urgent,3,Death,Any,Not Admitted,446,315,5.25,0
2014-2015,2014,Less urgent,3,Death,Any,Not Admitted,68,141,2.35,0
2014-2015,2014,Non-urgent,3,Death,Any,Not Admitted,81,51,0.85,0
2014-2015,2014,Unknown,3,Death,Any,Not Admitted,121,36,0.6,0
2014-2015,2014,CTAS III - Urgent,3,Death,Asthma,Not Admitted,0,0,0.0,0
2014-2015,2014,Less urgent,3,Death,Asthma,Not Admitted,0,90,1.5,0
2014-2015,2014,Non-urgent,3,Death,Asthma,Not Admitted,0,0,0.0,0
2014-2015,2014,Unknown,3,Death,Asthma,Not Admitted,0,30,0.5,0
2014-2015,2014,CTAS III - Urgent,3,Death,Influenzal Pneumonia,Not Admitted,0,240,4.0,0
2014-2015,2014,Less urgent,3,Death,Influenzal Pneumonia,Not Admitted,0,0,0.0,0
2014-2015,2014,Non-urgent,3,Death,Influenzal Pneumonia,Not Admitted,0,0,0.0,0
2014-2015,2014,Unknown,3,Death,Influenzal Pneumonia,Not Admitted,0,0,0.0,0
2014-2015,2014,CTAS III - Urgent,3,Death,Motor Vehicle Collisions,Not Admitted,0,0,0.0,0
2014-2015,2014,Less urgent,3,Death,Motor Vehicle Collisions,Not Admitted,0,0,0.0,0
2014-2015,2014,Non-urgent,3,Death,Motor Vehicle Collisions,Not Admitted,0,18,0.3,0
2014-2015,2014,Unknown,3,Death,Motor Vehicle Collisions,Not Admitted,0,0,0.0,0
2014-2015,2014,CTAS III - Urgent,3,Death,Pneumonia,Not Admitted,15,276,4.6,0
2014-2015,2014,Less urgent,3,Death,Pneumonia,Not Admitted,0,270,4.5,0
2014-2015,2014,Non-urgent,3,Death,Pneumonia,Not Admitted,0,0,0.0,0
2014-2015,2014,Unknown,3,Death,Pneumonia,Not Admitted,0,0,0.0,0
2014-2015,2014,CTAS III - Urgent,3,Death,Trauma,Not Admitted,21,372,6.2,0
2014-2015,2014,Less urgent,3,Death,Trauma,Not Admitted,7,84,1.4,0
2014-2015,2014,Non-urgent,3,Death,Trauma,Not Admitted,5,36,0.6,0
2014-2015,2014,Unknown,3,Death,Trauma,Not Admitted,10,6,0.1,0
2014-2015,2014,CTAS III - Urgent,3,Death,Unintentional Falls,Not Admitted,16,351,5.85,0
2014-2015,2014,Less urgent,3,Death,Unintentional Falls,Not Admitted,0,84,1.4,0
2014-2015,2014,Non-urgent,3,Death,Unintentional Falls,Not Admitted,0,174,2.9,0
2014-2015,2014,Unknown,3,Death,Unintentional Falls,Not Admitted,0,0,0.0,0
2014-2015,2014,CTAS III - Urgent,3,Discharged Home,Acute Myocardial Infarction,Not Admitted,241,366,6.1,0
2014-2015,2014,Less urgent,3,Discharged Home,Acute Myocardial Infarction,Not Admitted,47,135,2.25,0
2014-2015,2014,Non-urgent,3,Discharged Home,Acute Myocardial Infarction,Not Admitted,12,174,2.9,0
2014-2015,2014,Unknown,3,Discharged Home,Acute Myocardial Infarction,Not Admitted,8,228,3.8,0
2014-2015,2014,CTAS III - Urgent,3,Discharged Home,Any,Not Admitted,3808898,174,2.9,0
2014-2015,2014,Less urgent,3,Discharged Home,Any,Not Admitted,3372732,108,1.8,0
2014-2015,2014,Non-urgent,3,Discharged Home,Any,Not Admitted,658670,78,1.3,0
2014-2015,2014,Unknown,3,Discharged Home,Any,Not Admitted,103203,72,1.2,0
2014-2015,2014,CTAS III - Urgent,3,Discharged Home,Asthma,Not Admitted,30536,156,2.6,0
2014-2015,2014,Less urgent,3,Discharged Home,Asthma,Not Admitted,14651,108,1.8,0
2014-2015,2014,Non-urgent,3,Discharged Home,Asthma,Not Admitted,1757,78,1.3,0
2014-2015,2014,Unknown,3,Discharged Home,Asthma,Not Admitted,515,84,1.4,0
2014-2015,2014,CTAS III - Urgent,3,Discharged Home,Influenzal Pneumonia,Not Admitted,332,180,3.0,0
2014-2015,2014,Less urgent,3,Discharged Home,Influenzal Pneumonia,Not Admitted,190,126,2.1,0
2014-2015,2014,Non-urgent,3,Discharged Home,Influenzal Pneumonia,Not Admitted,23,81,1.35,0
2014-2015,2014,Unknown,3,Discharged Home,Influenzal Pneumonia,Not Admitted,8,66,1.1,0
2014-2015,2014,CTAS III - Urgent,3,Discharged Home,Motor Vehicle Collisions,Not Admitted,64579,144,2.4,0
2014-2015,2014,Less urgent,3,Discharged Home,Motor Vehicle Collisions,Not Admitted,46621,114,1.9,0
2014-2015,2014,Non-urgent,3,Discharged Home,Motor Vehicle Collisions,Not Admitted,3349,96,1.6,0
2014-2015,2014,Unknown,3,Discharged Home,Motor Vehicle Collisions,Not Admitted,1034,84,1.4,0
2014-2015,2014,CTAS III - Urgent,3,Discharged Home,Pneumonia,Not Admitted,45149,180,3.0,0
2014-2015,2014,Less urgent,3,Discharged Home,Pneumonia,Not Admitted,22965,126,2.1,0
2014-2015,2014,Non-urgent,3,Discharged Home,Pneumonia,Not Admitted,1972,102,1.7,0
2014-2015,2014,Unknown,3,Discharged Home,Pneumonia,Not Admitted,592,96,1.6,0
2014-2015,2014,CTAS III - Urgent,3,Discharged Home,Trauma,Not Admitted,622674,138,2.3,0
2014-2015,2014,Less urgent,3,Discharged Home,Trauma,Not Admitted,859371,108,1.8,0
2014-2015,2014,Non-urgent,3,Discharged Home,Trauma,Not Admitted,79348,90,1.5,0
2014-2015,2014,Unknown,3,Discharged Home,Trauma,Not Admitted,12462,72,1.2,0
2014-2015,2014,CTAS III - Urgent,3,Discharged Home,Unintentional Falls,Not Admitted,222969,156,2.6,0
2014-2015,2014,Less urgent,3,Discharged Home,Unintentional Falls,Not Admitted,235364,120,2.0,0
2014-2015,2014,Non-urgent,3,Discharged Home,Unintentional Falls,Not Admitted,14919,102,1.7,0
2014-2015,2014,Unknown,3,Discharged Home,Unintentional Falls,Not Admitted,3070,84,1.4,0
2014-2015,2014,CTAS III - Urgent,3,Intra-Facility Transfer,Acute Myocardial Infarction,Not Admitted,17,123,2.05,0
2014-2015,2014,Less urgent,3,Intra-Facility Transfer,Acute Myocardial Infarction,Not Admitted,0,933,15.55,0
2014-2015,2014,Non-urgent,3,Intra-Facility Transfer,Acute Myocardial Infarction,Not Admitted,0,0,0.0,0
2014-2015,2014,Unknown,3,Intra-Facility Transfer,Acute Myocardial Infarction,Not Admitted,5,18,0.3,0
2014-2015,2014,CTAS III - Urgent,3,Intra-Facility Transfer,Any,Not Admitted,15333,222,3.7,0
2014-2015,2014,Less urgent,3,Intra-Facility Transfer,Any,Not Admitted,6765,156,2.6,0
2014-2015,2014,Non-urgent,3,Intra-Facility Transfer,Any,Not Admitted,1488,90,1.5,0
2014-2015,2014,Unknown,3,Intra-Facility Transfer,Any,Not Admitted,210,60,1.0,0
2014-2015,2014,CTAS III - Urgent,3,Intra-Facility Transfer,Asthma,Not Admitted,36,189,3.15,0
2014-2015,2014,Less urgent,3,Intra-Facility Transfer,Asthma,Not Admitted,0,138,2.3,0
2014-2015,2014,Non-urgent,3,Intra-Facility Transfer,Asthma,Not Admitted,0,0,0.0,0
2014-2015,2014,Unknown,3,Intra-Facility Transfer,Asthma,Not Admitted,0,0,0.0,0
2014-2015,2014,CTAS III - Urgent,3,Intra-Facility Transfer,Influenzal Pneumonia,Not Admitted,0,0,0.0,0
2014-2015,2014,Less urgent,3,Intra-Facility Transfer,Influenzal Pneumonia,Not Admitted,0,0,0.0,0
2014-2015,2014,Non-urgent,3,Intra-Facility Transfer,Influenzal Pneumonia,Not Admitted,0,0,0.0,0
2014-2015,2014,Unknown,3,Intra-Facility Transfer,Influenzal Pneumonia,Not Admitted,0,0,0.0,0
2014-2015,2014,CTAS III - Urgent,3,Intra-Facility Transfer,Motor Vehicle Collisions,Not Admitted,112,207,3.45,0
2014-2015,2014,Less urgent,3,Intra-Facility Transfer,Motor Vehicle Collisions,Not Admitted,53,174,2.9,0
2014-2015,2014,Non-urgent,3,Intra-Facility Transfer,Motor Vehicle Collisions,Not Admitted,10,171,2.85,0
2014-2015,2014,Unknown,3,Intra-Facility Transfer,Motor Vehicle Collisions,Not Admitted,0,66,1.1,0
2014-2015,2014,CTAS III - Urgent,3,Intra-Facility Transfer,Pneumonia,Not Admitted,63,264,4.4,0
2014-2015,2014,Less urgent,3,Intra-Facility Transfer,Pneumonia,Not Admitted,0,228,3.8,0
2014-2015,2014,Non-urgent,3,Intra-Facility Transfer,Pneumonia,Not Admitted,0,0,0.0,0
2014-2015,2014,Unknown,3,Intra-Facility Transfer,Pneumonia,Not Admitted,0,0,0.0,0
2014-2015,2014,CTAS III - Urgent,3,Intra-Facility Transfer,Trauma,Not Admitted,1903,204,3.4,0
2014-2015,2014,Less urgent,3,Intra-Facility Transfer,Trauma,Not Admitted,988,162,2.7,0
2014-2015,2014,Non-urgent,3,Intra-Facility Transfer,Trauma,Not Admitted,163,108,1.8,0
2014-2015,2014,Unknown,3,Intra-Facility Transfer,Trauma,Not Admitted,32,102,1.7,0
2014-2015,2014,CTAS III - Urgent,3,Intra-Facility Transfer,Unintentional Falls,Not Admitted,509,222,3.7,0
2014-2015,2014,Less urgent,3,Intra-Facility Transfer,Unintentional Falls,Not Admitted,298,156,2.6,0
2014-2015,2014,Non-urgent,3,Intra-Facility Transfer,Unintentional Falls,Not Admitted,50,102,1.7,0
2014-2015,2014,Unknown,3,Intra-Facility Transfer,Unintentional Falls,Not Admitted,13,84,1.4,0
2014-2015,2014,CTAS III - Urgent,3,Not Seen Or Left,Acute Myocardial Infarction,Not Admitted,38,243,4.05,0
2014-2015,2014,Less urgent,3,Not Seen Or Left,Acute Myocardial Infarction,Not Admitted,7,288,4.8,0
2014-2015,2014,Non-urgent,3,Not Seen Or Left,Acute Myocardial Infarction,Not Admitted,0,252,4.2,0
2014-2015,2014,Unknown,3,Not Seen Or Left,Acute Myocardial Infarction,Not Admitted,0,0,0.0,0
2014-2015,2014,CTAS III - Urgent,3,Not Seen Or Left,Any,Not Admitted,185788,138,2.3,0
2014-2015,2014,Less urgent,3,Not Seen Or Left,Any,Not Admitted,156947,120,2.0,0
2014-2015,2014,Non-urgent,3,Not Seen Or Left,Any,Not Admitted,36722,96,1.6,0
2014-2015,2014,Unknown,3,Not Seen Or Left,Any,Not Admitted,26323,54,0.9,0
2014-2015,2014,CTAS III - Urgent,3,Not Seen Or Left,Asthma,Not Admitted,380,138,2.3,0
2014-2015,2014,Less urgent,3,Not Seen Or Left,Asthma,Not Admitted,131,120,2.0,0
2014-2015,2014,Non-urgent,3,Not Seen Or Left,Asthma,Not Admitted,14,51,0.85,0
2014-2015,2014,Unknown,3,Not Seen Or Left,Asthma,Not Admitted,5,30,0.5,0
2014-2015,2014,CTAS III - Urgent,3,Not Seen Or Left,Influenzal Pneumonia,Not Admitted,0,78,1.3,0
2014-2015,2014,Less urgent,3,Not Seen Or Left,Influenzal Pneumonia,Not Admitted,0,0,0.0,0
2014-2015,2014,Non-urgent,3,Not Seen Or Left,Influenzal Pneumonia,Not Admitted,0,24,0.4,0
2014-2015,2014,Unknown,3,Not Seen Or Left,Influenzal Pneumonia,Not Admitted,0,0,0.0,0
2014-2015,2014,CTAS III - Urgent,3,Not Seen Or Left,Motor Vehicle Collisions,Not Admitted,1660,132,2.2,0
2014-2015,2014,Less urgent,3,Not Seen Or Left,Motor Vehicle Collisions,Not Admitted,1434,120,2.0,0
2014-2015,2014,Non-urgent,3,Not Seen Or Left,Motor Vehicle Collisions,Not Admitted,108,108,1.8,0
2014-2015,2014,Unknown,3,Not Seen Or Left,Motor Vehicle Collisions,Not Admitted,35,84,1.4,0
2014-2015,2014,CTAS III - Urgent,3,Not Seen Or Left,Pneumonia,Not Admitted,158,234,3.9,0
2014-2015,2014,Less urgent,3,Not Seen Or Left,Pneumonia,Not Admitted,67,168,2.8,0
2014-2015,2014,Non-urgent,3,Not Seen Or Left,Pneumonia,Not Admitted,8,180,3.0,0
2014-2015,2014,Unknown,3,Not Seen Or Left,Pneumonia,Not Admitted,6,33,0.55,0
2014-2015,2014,CTAS III - Urgent,3,Not Seen Or Left,Trauma,Not Admitted,17600,126,2.1,0
2014-2015,2014,Less urgent,3,Not Seen Or Left,Trauma,Not Admitted,27065,114,1.9,0
2014-2015,2014,Non-urgent,3,Not Seen Or Left,Trauma,Not Admitted,3304,90,1.5,0
2014-2015,2014,Unknown,3,Not Seen Or Left,Trauma,Not Admitted,1028,48,0.8,0
2014-2015,2014,CTAS III - Urgent,3,Not Seen Or Left,Unintentional Falls,Not Admitted,4728,138,2.3,0
2014-2015,2014,Less urgent,3,Not Seen Or Left,Unintentional Falls,Not Admitted,5901,120,2.0,0
2014-2015,2014,Non-urgent,3,Not Seen Or Left,Unintentional Falls,Not Admitted,435,90,1.5,0
2014-2015,2014,Unknown,3,Not Seen Or Left,Unintentional Falls,Not Admitted,128,69,1.15,0
2014-2015,2014,CTAS III - Urgent,3,Total,Acute Myocardial Infarction,Not Admitted,5650,474,7.9,0
2014-2015,2014,Less urgent,3,Total,Acute Myocardial Infarction,Not Admitted,533,384,6.4,0
2014-2015,2014,Non-urgent,3,Total,Acute Myocardial Infarction,Not Admitted,81,318,5.3,0
2014-2015,2014,Unknown,3,Total,Acute Myocardial Infarction,Not Admitted,199,180,3.0,0
2014-2015,2014,CTAS III - Urgent,3,Total,Any,Not Admitted,4567020,192,3.2,0
2014-2015,2014,Less urgent,3,Total,Any,Not Admitted,3622110,108,1.8,0
2014-2015,2014,Non-urgent,3,Total,Any,Not Admitted,708275,84,1.4,0
2014-2015,2014,Unknown,3,Total,Any,Not Admitted,138868,78,1.3,0
2014-2015,2014,CTAS III - Urgent,3,Total,Asthma,Not Admitted,32776,162,2.7,0
2014-2015,2014,Less urgent,3,Total,Asthma,Not Admitted,14940,108,1.8,0
2014-2015,2014,Non-urgent,3,Total,Asthma,Not Admitted,1781,78,1.3,0
2014-2015,2014,Unknown,3,Total,Asthma,Not Admitted,542,84,1.4,0
2014-2015,2014,CTAS III - Urgent,3,Total,Influenzal Pneumonia,Not Admitted,469,240,4.0,0
2014-2015,2014,Less urgent,3,Total,Influenzal Pneumonia,Not Admitted,202,132,2.2,0
2014-2015,2014,Non-urgent,3,Total,Influenzal Pneumonia,Not Admitted,23,78,1.3,0
2014-2015,2014,Unknown,3,Total,Influenzal Pneumonia,Not Admitted,8,81,1.35,0
2014-2015,2014,CTAS III - Urgent,3,Total,Motor Vehicle Collisions,Not Admitted,70098,150,2.5,0
2014-2015,2014,Less urgent,3,Total,Motor Vehicle Collisions,Not Admitted,48759,114,1.9,0
2014-2015,2014,Non-urgent,3,Total,Motor Vehicle Collisions,Not Admitted,3533,102,1.7,0
2014-2015,2014,Unknown,3,Total,Motor Vehicle Collisions,Not Admitted,1249,90,1.5,0
2014-2015,2014,CTAS III - Urgent,3,Total,Pneumonia,Not Admitted,61426,228,3.8,0
2014-2015,2014,Less urgent,3,Total,Pneumonia,Not Admitted,24840,132,2.2,0
2014-2015,2014,Non-urgent,3,Total,Pneumonia,Not Admitted,2125,114,1.9,0
2014-2015,2014,Unknown,3,Total,Pneumonia,Not Admitted,865,114,1.9,0
2014-2015,2014,CTAS III - Urgent,3,Total,Trauma,Not Admitted,689801,144,2.4,0
2014-2015,2014,Less urgent,3,Total,Trauma,Not Admitted,896935,108,1.8,0
2014-2015,2014,Non-urgent,3,Total,Trauma,Not Admitted,83564,90,1.5,0
2014-2015,2014,Unknown,3,Total,Trauma,Not Admitted,14295,72,1.2,0
2014-2015,2014,CTAS III - Urgent,3,Total,Unintentional Falls,Not Admitted,261616,168,2.8,0
2014-2015,2014,Less urgent,3,Total,Unintentional Falls,Not Admitted,247320,120,2.0,0
2014-2015,2014,Non-urgent,3,Total,Unintentional Falls,Not Admitted,15735,102,1.7,0
2014-2015,2014,Unknown,3,Total,Unintentional Falls,Not Admitted,3557,84,1.4,0
2014-2015,2014,CTAS III - Urgent,3,Transferred,Acute Myocardial Infarction,Not Admitted,989,222,3.7,0
2014-2015,2014,Less urgent,3,Transferred,Acute Myocardial Infarction,Not Admitted,118,276,4.6,0
2014-2015,2014,Non-urgent,3,Transferred,Acute Myocardial Infarction,Not Admitted,18,309,5.15,0
2014-2015,2014,Unknown,3,Transferred,Acute Myocardial Infarction,Not Admitted,68,108,1.8,0
2014-2015,2014,CTAS III - Urgent,3,Transferred,Any,Not Admitted,54780,276,4.6,0
2014-2015,2014,Less urgent,3,Transferred,Any,Not Admitted,13934,234,3.9,0
2014-2015,2014,Non-urgent,3,Transferred,Any,Not Admitted,2114,174,2.9,0
2014-2015,2014,Unknown,3,Transferred,Any,Not Admitted,1607,156,2.6,0
2014-2015,2014,CTAS III - Urgent,3,Transferred,Asthma,Not Admitted,192,330,5.5,0
2014-2015,2014,Less urgent,3,Transferred,Asthma,Not Admitted,17,288,4.8,0
2014-2015,2014,Non-urgent,3,Transferred,Asthma,Not Admitted,0,426,7.1,0
2014-2015,2014,Unknown,3,Transferred,Asthma,Not Admitted,0,222,3.7,0
2014-2015,2014,CTAS III - Urgent,3,Transferred,Influenzal Pneumonia,Not Admitted,0,450,7.5,0
2014-2015,2014,Less urgent,3,Transferred,Influenzal Pneumonia,Not Admitted,0,0,0.0,0
2014-2015,2014,Non-urgent,3,Transferred,Influenzal Pneumonia,Not Admitted,0,0,0.0,0
2014-2015,2014,Unknown,3,Transferred,Influenzal Pneumonia,Not Admitted,0,0,0.0,0
2014-2015,2014,CTAS III - Urgent,3,Transferred,Motor Vehicle Collisions,Not Admitted,1275,204,3.4,0
2014-2015,2014,Less urgent,3,Transferred,Motor Vehicle Collisions,Not Admitted,242,216,3.6,0
2014-2015,2014,Non-urgent,3,Transferred,Motor Vehicle Collisions,Not Admitted,24,210,3.5,0
2014-2015,2014,Unknown,3,Transferred,Motor Vehicle Collisions,Not Admitted,115,168,2.8,0
2014-2015,2014,CTAS III - Urgent,3,Transferred,Pneumonia,Not Admitted,910,306,5.1,0
2014-2015,2014,Less urgent,3,Transferred,Pneumonia,Not Admitted,125,336,5.6,0
2014-2015,2014,Non-urgent,3,Transferred,Pneumonia,Not Admitted,17,312,5.2,0
2014-2015,2014,Unknown,3,Transferred,Pneumonia,Not Admitted,15,234,3.9,0
2014-2015,2014,CTAS III - Urgent,3,Transferred,Trauma,Not Admitted,9497,234,3.9,0
2014-2015,2014,Less urgent,3,Transferred,Trauma,Not Admitted,2595,210,3.5,0
2014-2015,2014,Non-urgent,3,Transferred,Trauma,Not Admitted,216,153,2.55,0
2014-2015,2014,Unknown,3,Transferred,Trauma,Not Admitted,336,159,2.65,0
2014-2015,2014,CTAS III - Urgent,3,Transferred,Unintentional Falls,Not Admitted,5342,270,4.5,0
2014-2015,2014,Less urgent,3,Transferred,Unintentional Falls,Not Admitted,1274,240,4.0,0
2014-2015,2014,Non-urgent,3,Transferred,Unintentional Falls,Not Admitted,74,186,3.1,0
2014-2015,2014,Unknown,3,Transferred,Unintentional Falls,Not Admitted,114,168,2.8,0
2014-2015,2014,CTAS III - Urgent,3,Unknown,Acute Myocardial Infarction,Not Admitted,0,0,0.0,0
2014-2015,2014,Less urgent,3,Unknown,Acute Myocardial Infarction,Not Admitted,0,0,0.0,0
2014-2015,2014,Non-urgent,3,Unknown,Acute Myocardial Infarction,Not Admitted,0,0,0.0,0
2014-2015,2014,Unknown,3,Unknown,Acute Myocardial Infarction,Not Admitted,0,0,0.0,0
2014-2015,2014,CTAS III - Urgent,3,Unknown,Any,Not Admitted,0,0,0.0,0
2014-2015,2014,Less urgent,3,Unknown,Any,Not Admitted,0,0,0.0,0
2014-2015,2014,Non-urgent,3,Unknown,Any,Not Admitted,0,0,0.0,0
2014-2015,2014,Unknown,3,Unknown,Any,Not Admitted,0,0,0.0,0
2014-2015,2014,CTAS III - Urgent,3,Unknown,Asthma,Not Admitted,0,0,0.0,0
2014-2015,2014,Less urgent,3,Unknown,Asthma,Not Admitted,0,0,0.0,0
2014-2015,2014,Non-urgent,3,Unknown,Asthma,Not Admitted,0,0,0.0,0
2014-2015,2014,Unknown,3,Unknown,Asthma,Not Admitted,0,0,0.0,0
2014-2015,2014,CTAS III - Urgent,3,Unknown,Influenzal Pneumonia,Not Admitted,0,0,0.0,0
2014-2015,2014,Less urgent,3,Unknown,Influenzal Pneumonia,Not Admitted,0,0,0.0,0
2014-2015,2014,Non-urgent,3,Unknown,Influenzal Pneumonia,Not Admitted,0,0,0.0,0
2014-2015,2014,Unknown,3,Unknown,Influenzal Pneumonia,Not Admitted,0,0,0.0,0
2014-2015,2014,CTAS III - Urgent,3,Unknown,Motor Vehicle Collisions,Not Admitted,0,0,0.0,0
2014-2015,2014,Less urgent,3,Unknown,Motor Vehicle Collisions,Not Admitted,0,0,0.0,0
2014-2015,2014,Non-urgent,3,Unknown,Motor Vehicle Collisions,Not Admitted,0,0,0.0,0
2014-2015,2014,Unknown,3,Unknown,Motor Vehicle Collisions,Not Admitted,0,0,0.0,0
2014-2015,2014,CTAS III - Urgent,3,Unknown,Pneumonia,Not Admitted,0,0,0.0,0
2014-2015,2014,Less urgent,3,Unknown,Pneumonia,Not Admitted,0,0,0.0,0
2014-2015,2014,Non-urgent,3,Unknown,Pneumonia,Not Admitted,0,0,0.0,0
2014-2015,2014,Unknown,3,Unknown,Pneumonia,Not Admitted,0,0,0.0,0
2014-2015,2014,CTAS III - Urgent,3,Unknown,Trauma,Not Admitted,0,0,0.0,0
2014-2015,2014,Less urgent,3,Unknown,Trauma,Not Admitted,0,0,0.0,0
2014-2015,2014,Non-urgent,3,Unknown,Trauma,Not Admitted,0,0,0.0,0
2014-2015,2014,Unknown,3,Unknown,Trauma,Not Admitted,0,0,0.0,0
2014-2015,2014,CTAS III - Urgent,3,Unknown,Unintentional Falls,Not Admitted,0,0,0.0,0
2014-2015,2014,Less urgent,3,Unknown,Unintentional Falls,Not Admitted,0,0,0.0,0
2014-2015,2014,Non-urgent,3,Unknown,Unintentional Falls,Not Admitted,0,0,0.0,0
2014-2015,2014,Unknown,3,Unknown,Unintentional Falls,Not Admitted,0,0,0.0,0
2013-2014,2013,CTAS I - Resuscitation,1,Admitted,Acute Myocardial Infarction,Admitted,1148,96,1.6,1
2013-2014,2013,CTAS I - Resuscitation,1,Admitted,Any,Admitted,39466,354,5.9,1
2013-2014,2013,CTAS I - Resuscitation,1,Admitted,Asthma,Admitted,459,408,6.8,1
2013-2014,2013,CTAS I - Resuscitation,1,Admitted,Influenzal Pneumonia,Admitted,11,210,3.5,1
2013-2014,2013,CTAS I - Resuscitation,1,Admitted,Motor Vehicle Collisions,Admitted,2238,258,4.3,1
2013-2014,2013,CTAS I - Resuscitation,1,Admitted,Pneumonia,Admitted,1243,516,8.6,1
2013-2014,2013,CTAS I - Resuscitation,1,Admitted,Trauma,Admitted,5594,258,4.3,1
2013-2014,2013,CTAS I - Resuscitation,1,Admitted,Unintentional Falls,Admitted,1443,306,5.1,1
2013-2014,2013,CTAS I - Resuscitation,1,Death,Acute Myocardial Infarction,Not Admitted,407,30,0.5,0
2013-2014,2013,CTAS I - Resuscitation,1,Death,Any,Not Admitted,5987,36,0.6,0
2013-2014,2013,CTAS I - Resuscitation,1,Death,Asthma,Not Admitted,0,36,0.6,0
2013-2014,2013,CTAS I - Resuscitation,1,Death,Influenzal Pneumonia,Not Admitted,0,0,0.0,0
2013-2014,2013,CTAS I - Resuscitation,1,Death,Motor Vehicle Collisions,Not Admitted,202,30,0.5,0
2013-2014,2013,CTAS I - Resuscitation,1,Death,Pneumonia,Not Admitted,32,192,3.2,0
2013-2014,2013,CTAS I - Resuscitation,1,Death,Trauma,Not Admitted,559,42,0.7,0
2013-2014,2013,CTAS I - Resuscitation,1,Death,Unintentional Falls,Not Admitted,95,168,2.8,0
2013-2014,2013,CTAS I - Resuscitation,1,Discharged Home,Acute Myocardial Infarction,Not Admitted,25,54,0.9,0
2013-2014,2013,CTAS I - Resuscitation,1,Discharged Home,Any,Not Admitted,15552,264,4.4,0
2013-2014,2013,CTAS I - Resuscitation,1,Discharged Home,Asthma,Not Admitted,362,216,3.6,0
2013-2014,2013,CTAS I - Resuscitation,1,Discharged Home,Influenzal Pneumonia,Not Admitted,0,0,0.0,0
2013-2014,2013,CTAS I - Resuscitation,1,Discharged Home,Motor Vehicle Collisions,Not Admitted,559,270,4.5,0
2013-2014,2013,CTAS I - Resuscitation,1,Discharged Home,Pneumonia,Not Admitted,134,222,3.7,0
2013-2014,2013,CTAS I - Resuscitation,1,Discharged Home,Trauma,Not Admitted,3178,246,4.1,0
2013-2014,2013,CTAS I - Resuscitation,1,Discharged Home,Unintentional Falls,Not Admitted,549,258,4.3,0
2013-2014,2013,CTAS I - Resuscitation,1,Intra-Facility Transfer,Acute Myocardial Infarction,Not Admitted,76,30,0.5,0
2013-2014,2013,CTAS I - Resuscitation,1,Intra-Facility Transfer,Any,Not Admitted,422,192,3.2,0
2013-2014,2013,CTAS I - Resuscitation,1,Intra-Facility Transfer,Asthma,Not Admitted,0,156,2.6,0
2013-2014,2013,CTAS I - Resuscitation,1,Intra-Facility Transfer,Influenzal Pneumonia,Not Admitted,0,0,0.0,0
2013-2014,2013,CTAS I - Resuscitation,1,Intra-Facility Transfer,Motor Vehicle Collisions,Not Admitted,0,162,2.7,0
2013-2014,2013,CTAS I - Resuscitation,1,Intra-Facility Transfer,Pneumonia,Not Admitted,0,258,4.3,0
2013-2014,2013,CTAS I - Resuscitation,1,Intra-Facility Transfer,Trauma,Not Admitted,55,180,3.0,0
2013-2014,2013,CTAS I - Resuscitation,1,Intra-Facility Transfer,Unintentional Falls,Not Admitted,10,201,3.35,0
2013-2014,2013,CTAS I - Resuscitation,1,Not Seen Or Left,Acute Myocardial Infarction,Not Admitted,0,330,5.5,0
2013-2014,2013,CTAS I - Resuscitation,1,Not Seen Or Left,Any,Not Admitted,447,198,3.3,0
2013-2014,2013,CTAS I - Resuscitation,1,Not Seen Or Left,Asthma,Not Admitted,11,342,5.7,0
2013-2014,2013,CTAS I - Resuscitation,1,Not Seen Or Left,Influenzal Pneumonia,Not Admitted,0,0,0.0,0
2013-2014,2013,CTAS I - Resuscitation,1,Not Seen Or Left,Motor Vehicle Collisions,Not Admitted,12,213,3.55,0
2013-2014,2013,CTAS I - Resuscitation,1,Not Seen Or Left,Pneumonia,Not Admitted,0,219,3.65,0
2013-2014,2013,CTAS I - Resuscitation,1,Not Seen Or Left,Trauma,Not Admitted,57,186,3.1,0
2013-2014,2013,CTAS I - Resuscitation,1,Not Seen Or Left,Unintentional Falls,Not Admitted,5,354,5.9,0
2013-2014,2013,CTAS I - Resuscitation,1,Total,Acute Myocardial Infarction,Not Admitted,2348,60,1.0,0
2013-2014,2013,CTAS I - Resuscitation,1,Total,Any,Not Admitted,67810,270,4.5,0
2013-2014,2013,CTAS I - Resuscitation,1,Total,Asthma,Not Admitted,872,288,4.8,0
2013-2014,2013,CTAS I - Resuscitation,1,Total,Influenzal Pneumonia,Not Admitted,11,210,3.5,0
2013-2014,2013,CTAS I - Resuscitation,1,Total,Motor Vehicle Collisions,Not Admitted,3544,222,3.7,0
2013-2014,2013,CTAS I - Resuscitation,1,Total,Pneumonia,Not Admitted,1483,438,7.3,0
2013-2014,2013,CTAS I - Resuscitation,1,Total,Trauma,Not Admitted,10786,228,3.8,0
2013-2014,2013,CTAS I - Resuscitation,1,Total,Unintentional Falls,Not Admitted,2395,264,4.4,0
2013-2014,2013,CTAS I - Resuscitation,1,Transferred,Acute Myocardial Infarction,Not Admitted,692,54,0.9,0
2013-2014,2013,CTAS I - Resuscitation,1,Transferred,Any,Not Admitted,5936,156,2.6,0
2013-2014,2013,CTAS I - Resuscitation,1,Transferred,Asthma,Not Admitted,40,192,3.2,0
2013-2014,2013,CTAS I - Resuscitation,1,Transferred,Influenzal Pneumonia,Not Admitted,0,0,0.0,0
2013-2014,2013,CTAS I - Resuscitation,1,Transferred,Motor Vehicle Collisions,Not Admitted,533,114,1.9,0
2013-2014,2013,CTAS I - Resuscitation,1,Transferred,Pneumonia,Not Admitted,74,222,3.7,0
2013-2014,2013,CTAS I - Resuscitation,1,Transferred,Trauma,Not Admitted,1343,132,2.2,0
2013-2014,2013,CTAS I - Resuscitation,1,Transferred,Unintentional Falls,Not Admitted,293,156,2.6,0
2013-2014,2013,CTAS I - Resuscitation,1,Unknown,Acute Myocardial Infarction,Not Admitted,0,0,0.0,0
2013-2014,2013,CTAS I - Resuscitation,1,Unknown,Any,Not Admitted,0,0,0.0,0
2013-2014,2013,CTAS I - Resuscitation,1,Unknown,Asthma,Not Admitted,0,0,0.0,0
2013-2014,2013,CTAS I - Resuscitation,1,Unknown,Influenzal Pneumonia,Not Admitted,0,0,0.0,0
2013-2014,2013,CTAS I - Resuscitation,1,Unknown,Motor Vehicle Collisions,Not Admitted,0,0,0.0,0
2013-2014,2013,CTAS I - Resuscitation,1,Unknown,Pneumonia,Not Admitted,0,0,0.0,0
2013-2014,2013,CTAS I - Resuscitation,1,Unknown,Trauma,Not Admitted,0,0,0.0,0
2013-2014,2013,CTAS I - Resuscitation,1,Unknown,Unintentional Falls,Not Admitted,0,0,0.0,0
2013-2014,2013,CTAS II - Emergent,2,Admitted,Acute Myocardial Infarction,Admitted,10831,486,8.1,1
2013-2014,2013,CTAS II - Emergent,2,Admitted,Any,Admitted,422984,588,9.8,1
2013-2014,2013,CTAS II - Emergent,2,Admitted,Asthma,Admitted,3281,498,8.3,1
2013-2014,2013,CTAS II - Emergent,2,Admitted,Influenzal Pneumonia,Admitted,84,873,14.55,1
2013-2014,2013,CTAS II - Emergent,2,Admitted,Motor Vehicle Collisions,Admitted,4379,408,6.8,1
2013-2014,2013,CTAS II - Emergent,2,Admitted,Pneumonia,Admitted,15700,666,11.1,1
2013-2014,2013,CTAS II - Emergent,2,Admitted,Trauma,Admitted,24256,456,7.6,1
2013-2014,2013,CTAS II - Emergent,2,Admitted,Unintentional Falls,Admitted,13554,504,8.4,1
2013-2014,2013,CTAS II - Emergent,2,Death,Acute Myocardial Infarction,Not Admitted,87,162,2.7,0
2013-2014,2013,CTAS II - Emergent,2,Death,Any,Not Admitted,1209,222,3.7,0
2013-2014,2013,CTAS II - Emergent,2,Death,Asthma,Not Admitted,0,0,0.0,0
2013-2014,2013,CTAS II - Emergent,2,Death,Influenzal Pneumonia,Not Admitted,0,0,0.0,0
2013-2014,2013,CTAS II - Emergent,2,Death,Motor Vehicle Collisions,Not Admitted,9,114,1.9,0
2013-2014,2013,CTAS II - Emergent,2,Death,Pneumonia,Not Admitted,45,270,4.5,0
2013-2014,2013,CTAS II - Emergent,2,Death,Trauma,Not Admitted,43,210,3.5,0
2013-2014,2013,CTAS II - Emergent,2,Death,Unintentional Falls,Not Admitted,22,291,4.85,0
2013-2014,2013,CTAS II - Emergent,2,Discharged Home,Acute Myocardial Infarction,Not Admitted,420,342,5.7,0
2013-2014,2013,CTAS II - Emergent,2,Discharged Home,Any,Not Admitted,1086555,228,3.8,0
2013-2014,2013,CTAS II - Emergent,2,Discharged Home,Asthma,Not Admitted,12951,198,3.3,0
2013-2014,2013,CTAS II - Emergent,2,Discharged Home,Influenzal Pneumonia,Not Admitted,111,240,4.0,0
2013-2014,2013,CTAS II - Emergent,2,Discharged Home,Motor Vehicle Collisions,Not Admitted,24685,180,3.0,0
2013-2014,2013,CTAS II - Emergent,2,Discharged Home,Pneumonia,Not Admitted,12412,228,3.8,0
2013-2014,2013,CTAS II - Emergent,2,Discharged Home,Trauma,Not Admitted,140961,168,2.8,0
2013-2014,2013,CTAS II - Emergent,2,Discharged Home,Unintentional Falls,Not Admitted,44495,198,3.3,0
2013-2014,2013,CTAS II - Emergent,2,Intra-Facility Transfer,Acute Myocardial Infarction,Not Admitted,161,66,1.1,0
2013-2014,2013,CTAS II - Emergent,2,Intra-Facility Transfer,Any,Not Admitted,9993,246,4.1,0
2013-2014,2013,CTAS II - Emergent,2,Intra-Facility Transfer,Asthma,Not Admitted,103,198,3.3,0
2013-2014,2013,CTAS II - Emergent,2,Intra-Facility Transfer,Influenzal Pneumonia,Not Admitted,0,0,0.0,0
2013-2014,2013,CTAS II - Emergent,2,Intra-Facility Transfer,Motor Vehicle Collisions,Not Admitted,82,216,3.6,0
2013-2014,2013,CTAS II - Emergent,2,Intra-Facility Transfer,Pneumonia,Not Admitted,68,282,4.7,0
2013-2014,2013,CTAS II - Emergent,2,Intra-Facility Transfer,Trauma,Not Admitted,1041,216,3.6,0
2013-2014,2013,CTAS II - Emergent,2,Intra-Facility Transfer,Unintentional Falls,Not Admitted,231,249,4.15,0
2013-2014,2013,CTAS II - Emergent,2,Not Seen Or Left,Acute Myocardial Infarction,Not Admitted,53,354,5.9,0
2013-2014,2013,CTAS II - Emergent,2,Not Seen Or Left,Any,Not Admitted,34910,162,2.7,0
2013-2014,2013,CTAS II - Emergent,2,Not Seen Or Left,Asthma,Not Admitted,184,162,2.7,0
2013-2014,2013,CTAS II - Emergent,2,Not Seen Or Left,Influenzal Pneumonia,Not Admitted,0,0,0.0,0
2013-2014,2013,CTAS II - Emergent,2,Not Seen Or Left,Motor Vehicle Collisions,Not Admitted,358,144,2.4,0
2013-2014,2013,CTAS II - Emergent,2,Not Seen Or Left,Pneumonia,Not Admitted,83,264,4.4,0
2013-2014,2013,CTAS II - Emergent,2,Not Seen Or Left,Trauma,Not Admitted,2835,138,2.3,0
2013-2014,2013,CTAS II - Emergent,2,Not Seen Or Left,Unintentional Falls,Not Admitted,704,165,2.75,0
2013-2014,2013,CTAS II - Emergent,2,Total,Acute Myocardial Infarction,Not Admitted,15230,360,6.0,0
2013-2014,2013,CTAS II - Emergent,2,Total,Any,Not Admitted,1601999,276,4.6,0
2013-2014,2013,CTAS II - Emergent,2,Total,Asthma,Not Admitted,16852,222,3.7,0
2013-2014,2013,CTAS II - Emergent,2,Total,Influenzal Pneumonia,Not Admitted,206,357,5.95,0
2013-2014,2013,CTAS II - Emergent,2,Total,Motor Vehicle Collisions,Not Admitted,31354,198,3.3,0
2013-2014,2013,CTAS II - Emergent,2,Total,Pneumonia,Not Admitted,29238,378,6.3,0
2013-2014,2013,CTAS II - Emergent,2,Total,Trauma,Not Admitted,176262,192,3.2,0
2013-2014,2013,CTAS II - Emergent,2,Total,Unintentional Falls,Not Admitted,61704,234,3.9,0
2013-2014,2013,CTAS II - Emergent,2,Transferred,Acute Myocardial Infarction,Not Admitted,3678,114,1.9,0
2013-2014,2013,CTAS II - Emergent,2,Transferred,Any,Not Admitted,46348,240,4.0,0
2013-2014,2013,CTAS II - Emergent,2,Transferred,Asthma,Not Admitted,333,258,4.3,0
2013-2014,2013,CTAS II - Emergent,2,Transferred,Influenzal Pneumonia,Not Admitted,11,222,3.7,0
2013-2014,2013,CTAS II - Emergent,2,Transferred,Motor Vehicle Collisions,Not Admitted,1841,198,3.3,0
2013-2014,2013,CTAS II - Emergent,2,Transferred,Pneumonia,Not Admitted,930,252,4.2,0
2013-2014,2013,CTAS II - Emergent,2,Transferred,Trauma,Not Admitted,7126,192,3.2,0
2013-2014,2013,CTAS II - Emergent,2,Transferred,Unintentional Falls,Not Admitted,2698,222,3.7,0
2013-2014,2013,CTAS II - Emergent,2,Unknown,Acute Myocardial Infarction,Not Admitted,0,0,0.0,0
2013-2014,2013,CTAS II - Emergent,2,Unknown,Any,Not Admitted,0,0,0.0,0
2013-2014,2013,CTAS II - Emergent,2,Unknown,Asthma,Not Admitted,0,0,0.0,0
2013-2014,2013,CTAS II - Emergent,2,Unknown,Influenzal Pneumonia,Not Admitted,0,0,0.0,0
2013-2014,2013,CTAS II - Emergent,2,Unknown,Motor Vehicle Collisions,Not Admitted,0,0,0.0,0
2013-2014,2013,CTAS II - Emergent,2,Unknown,Pneumonia,Not Admitted,0,0,0.0,0
2013-2014,2013,CTAS II - Emergent,2,Unknown,Trauma,Not Admitted,0,0,0.0,0
2013-2014,2013,CTAS II - Emergent,2,Unknown,Unintentional Falls,Not Admitted,0,0,0.0,0
2013-2014,2013,CTAS III - Urgent,3,Admitted,Acute Myocardial Infarction,Admitted,4190,558,9.3,1
2013-2014,2013,Less urgent,3,Admitted,Acute Myocardial Infarction,Admitted,393,453,7.55,1
2013-2014,2013,Non-urgent,3,Admitted,Acute Myocardial Infarction,Admitted,97,354,5.9,1
2013-2014,2013,Unknown,3,Admitted,Acute Myocardial Infarction,Admitted,115,162,2.7,1
2013-2014,2013,CTAS III - Urgent,3,Admitted,Any,Admitted,487389,576,9.6,1
2013-2014,2013,Less urgent,3,Admitted,Any,Admitted,73363,438,7.3,1
2013-2014,2013,Non-urgent,3,Admitted,Any,Admitted,10500,366,6.1,1
2013-2014,2013,Unknown,3,Admitted,Any,Admitted,7569,192,3.2,1
2013-2014,2013,CTAS III - Urgent,3,Admitted,Asthma,Admitted,1505,522,8.7,1
2013-2014,2013,Less urgent,3,Admitted,Asthma,Admitted,123,348,5.8,1
2013-2014,2013,Non-urgent,3,Admitted,Asthma,Admitted,12,792,13.2,1
2013-2014,2013,Unknown,3,Admitted,Asthma,Admitted,26,177,2.95,1
2013-2014,2013,CTAS III - Urgent,3,Admitted,Influenzal Pneumonia,Admitted,92,624,10.4,1
2013-2014,2013,Less urgent,3,Admitted,Influenzal Pneumonia,Admitted,11,552,9.2,1
2013-2014,2013,Non-urgent,3,Admitted,Influenzal Pneumonia,Admitted,0,378,6.3,1
2013-2014,2013,Unknown,3,Admitted,Influenzal Pneumonia,Admitted,0,0,0.0,1
2013-2014,2013,CTAS III - Urgent,3,Admitted,Motor Vehicle Collisions,Admitted,2438,384,6.4,1
2013-2014,2013,Less urgent,3,Admitted,Motor Vehicle Collisions,Admitted,489,348,5.8,1
2013-2014,2013,Non-urgent,3,Admitted,Motor Vehicle Collisions,Admitted,53,330,5.5,1
2013-2014,2013,Unknown,3,Admitted,Motor Vehicle Collisions,Admitted,74,168,2.8,1
2013-2014,2013,CTAS III - Urgent,3,Admitted,Pneumonia,Admitted,13906,600,10.0,1
2013-2014,2013,Less urgent,3,Admitted,Pneumonia,Admitted,1596,360,6.0,1
2013-2014,2013,Non-urgent,3,Admitted,Pneumonia,Admitted,168,354,5.9,1
2013-2014,2013,Unknown,3,Admitted,Pneumonia,Admitted,217,174,2.9,1
2013-2014,2013,CTAS III - Urgent,3,Admitted,Trauma,Admitted,38587,462,7.7,1
2013-2014,2013,Less urgent,3,Admitted,Trauma,Admitted,7482,378,6.3,1
2013-2014,2013,Non-urgent,3,Admitted,Trauma,Admitted,755,306,5.1,1
2013-2014,2013,Unknown,3,Admitted,Trauma,Admitted,424,162,2.7,1
2013-2014,2013,CTAS III - Urgent,3,Admitted,Unintentional Falls,Admitted,28556,486,8.1,1
2013-2014,2013,Less urgent,3,Admitted,Unintentional Falls,Admitted,4742,402,6.7,1
2013-2014,2013,Non-urgent,3,Admitted,Unintentional Falls,Admitted,405,330,5.5,1
2013-2014,2013,Unknown,3,Admitted,Unintentional Falls,Admitted,215,162,2.7,1
2013-2014,2013,CTAS III - Urgent,3,Death,Acute Myocardial Infarction,Not Admitted,22,309,5.15,0
2013-2014,2013,Less urgent,3,Death,Acute Myocardial Infarction,Not Admitted,7,204,3.4,0
2013-2014,2013,Non-urgent,3,Death,Acute Myocardial Infarction,Not Admitted,0,54,0.9,0
2013-2014,2013,Unknown,3,Death,Acute Myocardial Infarction,Not Admitted,5,24,0.4,0
2013-2014,2013,CTAS III - Urgent,3,Death,Any,Not Admitted,422,312,5.2,0
2013-2014,2013,Less urgent,3,Death,Any,Not Admitted,109,150,2.5,0
2013-2014,2013,Non-urgent,3,Death,Any,Not Admitted,68,18,0.3,0
2013-2014,2013,Unknown,3,Death,Any,Not Admitted,116,18,0.3,0
2013-2014,2013,CTAS III - Urgent,3,Death,Asthma,Not Admitted,0,204,3.4,0
2013-2014,2013,Less urgent,3,Death,Asthma,Not Admitted,0,114,1.9,0
2013-2014,2013,Non-urgent,3,Death,Asthma,Not Admitted,0,0,0.0,0
2013-2014,2013,Unknown,3,Death,Asthma,Not Admitted,0,0,0.0,0
2013-2014,2013,CTAS III - Urgent,3,Death,Influenzal Pneumonia,Not Admitted,0,0,0.0,0
2013-2014,2013,Less urgent,3,Death,Influenzal Pneumonia,Not Admitted,0,0,0.0,0
2013-2014,2013,Non-urgent,3,Death,Influenzal Pneumonia,Not Admitted,0,0,0.0,0
2013-2014,2013,Unknown,3,Death,Influenzal Pneumonia,Not Admitted,0,0,0.0,0
2013-2014,2013,CTAS III - Urgent,3,Death,Motor Vehicle Collisions,Not Admitted,0,72,1.2,0
2013-2014,2013,Less urgent,3,Death,Motor Vehicle Collisions,Not Admitted,0,33,0.55,0
2013-2014,2013,Non-urgent,3,Death,Motor Vehicle Collisions,Not Admitted,0,0,0.0,0
2013-2014,2013,Unknown,3,Death,Motor Vehicle Collisions,Not Admitted,0,6,0.1,0
2013-2014,2013,CTAS III - Urgent,3,Death,Pneumonia,Not Admitted,10,378,6.3,0
2013-2014,2013,Less urgent,3,Death,Pneumonia,Not Admitted,0,240,4.0,0
2013-2014,2013,Non-urgent,3,Death,Pneumonia,Not Admitted,0,0,0.0,0
2013-2014,2013,Unknown,3,Death,Pneumonia,Not Admitted,0,0,0.0,0
2013-2014,2013,CTAS III - Urgent,3,Death,Trauma,Not Admitted,21,360,6.0,0
2013-2014,2013,Less urgent,3,Death,Trauma,Not Admitted,9,66,1.1,0
2013-2014,2013,Non-urgent,3,Death,Trauma,Not Admitted,0,33,0.55,0
2013-2014,2013,Unknown,3,Death,Trauma,Not Admitted,12,27,0.45,0
2013-2014,2013,CTAS III - Urgent,3,Death,Unintentional Falls,Not Admitted,13,402,6.7,0
2013-2014,2013,Less urgent,3,Death,Unintentional Falls,Not Admitted,0,63,1.05,0
2013-2014,2013,Non-urgent,3,Death,Unintentional Falls,Not Admitted,0,12,0.2,0
2013-2014,2013,Unknown,3,Death,Unintentional Falls,Not Admitted,0,0,0.0,0
2013-2014,2013,CTAS III - Urgent,3,Discharged Home,Acute Myocardial Infarction,Not Admitted,230,390,6.5,0
2013-2014,2013,Less urgent,3,Discharged Home,Acute Myocardial Infarction,Not Admitted,47,207,3.45,0
2013-2014,2013,Non-urgent,3,Discharged Home,Acute Myocardial Infarction,Not Admitted,12,102,1.7,0
2013-2014,2013,Unknown,3,Discharged Home,Acute Myocardial Infarction,Not Admitted,12,279,4.65,0
2013-2014,2013,CTAS III - Urgent,3,Discharged Home,Any,Not Admitted,3538720,174,2.9,0
2013-2014,2013,Less urgent,3,Discharged Home,Any,Not Admitted,3321987,102,1.7,0
2013-2014,2013,Non-urgent,3,Discharged Home,Any,Not Admitted,697109,78,1.3,0
2013-2014,2013,Unknown,3,Discharged Home,Any,Not Admitted,100907,66,1.1,0
2013-2014,2013,CTAS III - Urgent,3,Discharged Home,Asthma,Not Admitted,28764,156,2.6,0
2013-2014,2013,Less urgent,3,Discharged Home,Asthma,Not Admitted,14475,102,1.7,0
2013-2014,2013,Non-urgent,3,Discharged Home,Asthma,Not Admitted,2170,78,1.3,0
2013-2014,2013,Unknown,3,Discharged Home,Asthma,Not Admitted,519,78,1.3,0
2013-2014,2013,CTAS III - Urgent,3,Discharged Home,Influenzal Pneumonia,Not Admitted,411,192,3.2,0
2013-2014,2013,Less urgent,3,Discharged Home,Influenzal Pneumonia,Not Admitted,336,132,2.2,0
2013-2014,2013,Non-urgent,3,Discharged Home,Influenzal Pneumonia,Not Admitted,48,87,1.45,0
2013-2014,2013,Unknown,3,Discharged Home,Influenzal Pneumonia,Not Admitted,23,66,1.1,0
2013-2014,2013,CTAS III - Urgent,3,Discharged Home,Motor Vehicle Collisions,Not Admitted,64041,144,2.4,0
2013-2014,2013,Less urgent,3,Discharged Home,Motor Vehicle Collisions,Not Admitted,49149,114,1.9,0
2013-2014,2013,Non-urgent,3,Discharged Home,Motor Vehicle Collisions,Not Admitted,4086,96,1.6,0
2013-2014,2013,Unknown,3,Discharged Home,Motor Vehicle Collisions,Not Admitted,1217,84,1.4,0
2013-2014,2013,CTAS III - Urgent,3,Discharged Home,Pneumonia,Not Admitted,39037,180,3.0,0
2013-2014,2013,Less urgent,3,Discharged Home,Pneumonia,Not Admitted,20761,120,2.0,0
2013-2014,2013,Non-urgent,3,Discharged Home,Pneumonia,Not Admitted,2114,114,1.9,0
2013-2014,2013,Unknown,3,Discharged Home,Pneumonia,Not Admitted,540,96,1.6,0
2013-2014,2013,CTAS III - Urgent,3,Discharged Home,Trauma,Not Admitted,600510,132,2.2,0
2013-2014,2013,Less urgent,3,Discharged Home,Trauma,Not Admitted,881094,108,1.8,0
2013-2014,2013,Non-urgent,3,Discharged Home,Trauma,Not Admitted,91815,90,1.5,0
2013-2014,2013,Unknown,3,Discharged Home,Trauma,Not Admitted,12865,66,1.1,0
2013-2014,2013,CTAS III - Urgent,3,Discharged Home,Unintentional Falls,Not Admitted,217669,150,2.5,0
2013-2014,2013,Less urgent,3,Discharged Home,Unintentional Falls,Not Admitted,247135,114,1.9,0
2013-2014,2013,Non-urgent,3,Discharged Home,Unintentional Falls,Not Admitted,18176,102,1.7,0
2013-2014,2013,Unknown,3,Discharged Home,Unintentional Falls,Not Admitted,3203,78,1.3,0
2013-2014,2013,CTAS III - Urgent,3,Intra-Facility Transfer,Acute Myocardial Infarction,Not Admitted,15,246,4.1,0
2013-2014,2013,Less urgent,3,Intra-Facility Transfer,Acute Myocardial Infarction,Not Admitted,0,891,14.85,0
2013-2014,2013,Non-urgent,3,Intra-Facility Transfer,Acute Myocardial Infarction,Not Admitted,0,246,4.1,0
2013-2014,2013,Unknown,3,Intra-Facility Transfer,Acute Myocardial Infarction,Not Admitted,0,0,0.0,0
2013-2014,2013,CTAS III - Urgent,3,Intra-Facility Transfer,Any,Not Admitted,15206,228,3.8,0
2013-2014,2013,Less urgent,3,Intra-Facility Transfer,Any,Not Admitted,6490,156,2.6,0
2013-2014,2013,Non-urgent,3,Intra-Facility Transfer,Any,Not Admitted,1632,60,1.0,0
2013-2014,2013,Unknown,3,Intra-Facility Transfer,Any,Not Admitted,218,48,0.8,0
2013-2014,2013,CTAS III - Urgent,3,Intra-Facility Transfer,Asthma,Not Admitted,30,207,3.45,0
2013-2014,2013,Less urgent,3,Intra-Facility Transfer,Asthma,Not Admitted,0,0,0.0,0
2013-2014,2013,Non-urgent,3,Intra-Facility Transfer,Asthma,Not Admitted,0,75,1.25,0
2013-2014,2013,Unknown,3,Intra-Facility Transfer,Asthma,Not Admitted,0,0,0.0,0
2013-2014,2013,CTAS III - Urgent,3,Intra-Facility Transfer,Influenzal Pneumonia,Not Admitted,0,0,0.0,0
2013-2014,2013,Less urgent,3,Intra-Facility Transfer,Influenzal Pneumonia,Not Admitted,0,0,0.0,0
2013-2014,2013,Non-urgent,3,Intra-Facility Transfer,Influenzal Pneumonia,Not Admitted,0,0,0.0,0
2013-2014,2013,Unknown,3,Intra-Facility Transfer,Influenzal Pneumonia,Not Admitted,0,0,0.0,0
2013-2014,2013,CTAS III - Urgent,3,Intra-Facility Transfer,Motor Vehicle Collisions,Not Admitted,134,180,3.0,0
2013-2014,2013,Less urgent,3,Intra-Facility Transfer,Motor Vehicle Collisions,Not Admitted,63,174,2.9,0
2013-2014,2013,Non-urgent,3,Intra-Facility Transfer,Motor Vehicle Collisions,Not Admitted,14,183,3.05,0
2013-2014,2013,Unknown,3,Intra-Facility Transfer,Motor Vehicle Collisions,Not Admitted,0,51,0.85,0
2013-2014,2013,CTAS III - Urgent,3,Intra-Facility Transfer,Pneumonia,Not Admitted,55,264,4.4,0
2013-2014,2013,Less urgent,3,Intra-Facility Transfer,Pneumonia,Not Admitted,0,102,1.7,0
2013-2014,2013,Non-urgent,3,Intra-Facility Transfer,Pneumonia,Not Admitted,0,0,0.0,0
2013-2014,2013,Unknown,3,Intra-Facility Transfer,Pneumonia,Not Admitted,0,0,0.0,0
2013-2014,2013,CTAS III - Urgent,3,Intra-Facility Transfer,Trauma,Not Admitted,2059,204,3.4,0
2013-2014,2013,Less urgent,3,Intra-Facility Transfer,Trauma,Not Admitted,1071,168,2.8,0
2013-2014,2013,Non-urgent,3,Intra-Facility Transfer,Trauma,Not Admitted,167,126,2.1,0
2013-2014,2013,Unknown,3,Intra-Facility Transfer,Trauma,Not Admitted,28,108,1.8,0
2013-2014,2013,CTAS III - Urgent,3,Intra-Facility Transfer,Unintentional Falls,Not Admitted,596,222,3.7,0
2013-2014,2013,Less urgent,3,Intra-Facility Transfer,Unintentional Falls,Not Admitted,321,174,2.9,0
2013-2014,2013,Non-urgent,3,Intra-Facility Transfer,Unintentional Falls,Not Admitted,46,150,2.5,0
2013-2014,2013,Unknown,3,Intra-Facility Transfer,Unintentional Falls,Not Admitted,12,198,3.3,0
2013-2014,2013,CTAS III - Urgent,3,Not Seen Or Left,Acute Myocardial Infarction,Not Admitted,34,354,5.9,0
2013-2014,2013,Less urgent,3,Not Seen Or Left,Acute Myocardial Infarction,Not Admitted,6,177,2.95,0
2013-2014,2013,Non-urgent,3,Not Seen Or Left,Acute Myocardial Infarction,Not Admitted,0,0,0.0,0
2013-2014,2013,Unknown,3,Not Seen Or Left,Acute Myocardial Infarction,Not Admitted,0,0,0.0,0
2013-2014,2013,CTAS III - Urgent,3,Not Seen Or Left,Any,Not Admitted,161263,138,2.3,0
2013-2014,2013,Less urgent,3,Not Seen Or Left,Any,Not Admitted,141117,120,2.0,0
2013-2014,2013,Non-urgent,3,Not Seen Or Left,Any,Not Admitted,33558,90,1.5,0
2013-2014,2013,Unknown,3,Not Seen Or Left,Any,Not Admitted,25817,66,1.1,0
2013-2014,2013,CTAS III - Urgent,3,Not Seen Or Left,Asthma,Not Admitted,396,126,2.1,0
2013-2014,2013,Less urgent,3,Not Seen Or Left,Asthma,Not Admitted,154,108,1.8,0
2013-2014,2013,Non-urgent,3,Not Seen Or Left,Asthma,Not Admitted,13,42,0.7,0
2013-2014,2013,Unknown,3,Not Seen Or Left,Asthma,Not Admitted,7,72,1.2,0
2013-2014,2013,CTAS III - Urgent,3,Not Seen Or Left,Influenzal Pneumonia,Not Admitted,7,222,3.7,0
2013-2014,2013,Less urgent,3,Not Seen Or Left,Influenzal Pneumonia,Not Admitted,0,156,2.6,0
2013-2014,2013,Non-urgent,3,Not Seen Or Left,Influenzal Pneumonia,Not Admitted,0,45,0.75,0
2013-2014,2013,Unknown,3,Not Seen Or Left,Influenzal Pneumonia,Not Admitted,0,0,0.0,0
2013-2014,2013,CTAS III - Urgent,3,Not Seen Or Left,Motor Vehicle Collisions,Not Admitted,1467,138,2.3,0
2013-2014,2013,Less urgent,3,Not Seen Or Left,Motor Vehicle Collisions,Not Admitted,1328,120,2.0,0
2013-2014,2013,Non-urgent,3,Not Seen Or Left,Motor Vehicle Collisions,Not Admitted,126,90,1.5,0
2013-2014,2013,Unknown,3,Not Seen Or Left,Motor Vehicle Collisions,Not Admitted,22,30,0.5,0
2013-2014,2013,CTAS III - Urgent,3,Not Seen Or Left,Pneumonia,Not Admitted,153,222,3.7,0
2013-2014,2013,Less urgent,3,Not Seen Or Left,Pneumonia,Not Admitted,81,132,2.2,0
2013-2014,2013,Non-urgent,3,Not Seen Or Left,Pneumonia,Not Admitted,9,69,1.15,0
2013-2014,2013,Unknown,3,Not Seen Or Left,Pneumonia,Not Admitted,9,54,0.9,0
2013-2014,2013,CTAS III - Urgent,3,Not Seen Or Left,Trauma,Not Admitted,16186,126,2.1,0
2013-2014,2013,Less urgent,3,Not Seen Or Left,Trauma,Not Admitted,25469,114,1.9,0
2013-2014,2013,Non-urgent,3,Not Seen Or Left,Trauma,Not Admitted,3506,90,1.5,0
2013-2014,2013,Unknown,3,Not Seen Or Left,Trauma,Not Admitted,924,42,0.7,0
2013-2014,2013,CTAS III - Urgent,3,Not Seen Or Left,Unintentional Falls,Not Admitted,4516,132,2.2,0
2013-2014,2013,Less urgent,3,Not Seen Or Left,Unintentional Falls,Not Admitted,5802,114,1.9,0
2013-2014,2013,Non-urgent,3,Not Seen Or Left,Unintentional Falls,Not Admitted,528,102,1.7,0
2013-2014,2013,Unknown,3,Not Seen Or Left,Unintentional Falls,Not Admitted,115,36,0.6,0
2013-2014,2013,CTAS III - Urgent,3,Total,Acute Myocardial Infarction,Not Admitted,5449,468,7.8,0
2013-2014,2013,Less urgent,3,Total,Acute Myocardial Infarction,Not Admitted,583,369,6.15,0
2013-2014,2013,Non-urgent,3,Total,Acute Myocardial Infarction,Not Admitted,119,303,5.05,0
2013-2014,2013,Unknown,3,Total,Acute Myocardial Infarction,Not Admitted,217,162,2.7,0
2013-2014,2013,CTAS III - Urgent,3,Total,Any,Not Admitted,4254967,192,3.2,0
2013-2014,2013,Less urgent,3,Total,Any,Not Admitted,3557029,108,1.8,0
2013-2014,2013,Non-urgent,3,Total,Any,Not Admitted,744852,78,1.3,0
2013-2014,2013,Unknown,3,Total,Any,Not Admitted,136303,72,1.2,0
2013-2014,2013,CTAS III - Urgent,3,Total,Asthma,Not Admitted,30817,156,2.6,0
2013-2014,2013,Less urgent,3,Total,Asthma,Not Admitted,14769,102,1.7,0
2013-2014,2013,Non-urgent,3,Total,Asthma,Not Admitted,2195,78,1.3,0
2013-2014,2013,Unknown,3,Total,Asthma,Not Admitted,557,78,1.3,0
2013-2014,2013,CTAS III - Urgent,3,Total,Influenzal Pneumonia,Not Admitted,523,222,3.7,0
2013-2014,2013,Less urgent,3,Total,Influenzal Pneumonia,Not Admitted,347,138,2.3,0
2013-2014,2013,Non-urgent,3,Total,Influenzal Pneumonia,Not Admitted,48,93,1.55,0
2013-2014,2013,Unknown,3,Total,Influenzal Pneumonia,Not Admitted,23,66,1.1,0
2013-2014,2013,CTAS III - Urgent,3,Total,Motor Vehicle Collisions,Not Admitted,69288,144,2.4,0
2013-2014,2013,Less urgent,3,Total,Motor Vehicle Collisions,Not Admitted,51249,114,1.9,0
2013-2014,2013,Non-urgent,3,Total,Motor Vehicle Collisions,Not Admitted,4299,102,1.7,0
2013-2014,2013,Unknown,3,Total,Motor Vehicle Collisions,Not Admitted,1425,90,1.5,0
2013-2014,2013,CTAS III - Urgent,3,Total,Pneumonia,Not Admitted,53969,222,3.7,0
2013-2014,2013,Less urgent,3,Total,Pneumonia,Not Admitted,22591,132,2.2,0
2013-2014,2013,Non-urgent,3,Total,Pneumonia,Not Admitted,2304,120,2.0,0
2013-2014,2013,Unknown,3,Total,Pneumonia,Not Admitted,787,120,2.0,0
2013-2014,2013,CTAS III - Urgent,3,Total,Trauma,Not Admitted,666571,144,2.4,0
2013-2014,2013,Less urgent,3,Total,Trauma,Not Admitted,917913,108,1.8,0
2013-2014,2013,Non-urgent,3,Total,Trauma,Not Admitted,96467,90,1.5,0
2013-2014,2013,Unknown,3,Total,Trauma,Not Admitted,14654,72,1.2,0
2013-2014,2013,CTAS III - Urgent,3,Total,Unintentional Falls,Not Admitted,256483,168,2.8,0
2013-2014,2013,Less urgent,3,Total,Unintentional Falls,Not Admitted,259376,120,2.0,0
2013-2014,2013,Non-urgent,3,Total,Unintentional Falls,Not Admitted,19245,102,1.7,0
2013-2014,2013,Unknown,3,Total,Unintentional Falls,Not Admitted,3713,84,1.4,0
2013-2014,2013,CTAS III - Urgent,3,Transferred,Acute Myocardial Infarction,Not Admitted,958,204,3.4,0
2013-2014,2013,Less urgent,3,Transferred,Acute Myocardial Infarction,Not Admitted,130,264,4.4,0
2013-2014,2013,Non-urgent,3,Transferred,Acute Myocardial Infarction,Not Admitted,10,168,2.8,0
2013-2014,2013,Unknown,3,Transferred,Acute Myocardial Infarction,Not Admitted,85,162,2.7,0
2013-2014,2013,CTAS III - Urgent,3,Transferred,Any,Not Admitted,51967,270,4.5,0
2013-2014,2013,Less urgent,3,Transferred,Any,Not Admitted,13963,228,3.8,0
2013-2014,2013,Non-urgent,3,Transferred,Any,Not Admitted,1985,192,3.2,0
2013-2014,2013,Unknown,3,Transferred,Any,Not Admitted,1676,156,2.6,0
2013-2014,2013,CTAS III - Urgent,3,Transferred,Asthma,Not Admitted,122,300,5.0,0
2013-2014,2013,Less urgent,3,Transferred,Asthma,Not Admitted,17,318,5.3,0
2013-2014,2013,Non-urgent,3,Transferred,Asthma,Not Admitted,0,474,7.9,0
2013-2014,2013,Unknown,3,Transferred,Asthma,Not Admitted,5,180,3.0,0
2013-2014,2013,CTAS III - Urgent,3,Transferred,Influenzal Pneumonia,Not Admitted,13,420,7.0,0
2013-2014,2013,Less urgent,3,Transferred,Influenzal Pneumonia,Not Admitted,0,720,12.0,0
2013-2014,2013,Non-urgent,3,Transferred,Influenzal Pneumonia,Not Admitted,0,0,0.0,0
2013-2014,2013,Unknown,3,Transferred,Influenzal Pneumonia,Not Admitted,0,0,0.0,0
2013-2014,2013,CTAS III - Urgent,3,Transferred,Motor Vehicle Collisions,Not Admitted,1208,210,3.5,0
2013-2014,2013,Less urgent,3,Transferred,Motor Vehicle Collisions,Not Admitted,220,198,3.3,0
2013-2014,2013,Non-urgent,3,Transferred,Motor Vehicle Collisions,Not Admitted,20,282,4.7,0
2013-2014,2013,Unknown,3,Transferred,Motor Vehicle Collisions,Not Admitted,112,126,2.1,0
2013-2014,2013,CTAS III - Urgent,3,Transferred,Pneumonia,Not Admitted,808,288,4.8,0
2013-2014,2013,Less urgent,3,Transferred,Pneumonia,Not Admitted,153,276,4.6,0
2013-2014,2013,Non-urgent,3,Transferred,Pneumonia,Not Admitted,13,198,3.3,0
2013-2014,2013,Unknown,3,Transferred,Pneumonia,Not Admitted,21,219,3.65,0
2013-2014,2013,CTAS III - Urgent,3,Transferred,Trauma,Not Admitted,9208,222,3.7,0
2013-2014,2013,Less urgent,3,Transferred,Trauma,Not Admitted,2788,198,3.3,0
2013-2014,2013,Non-urgent,3,Transferred,Trauma,Not Admitted,224,192,3.2,0
2013-2014,2013,Unknown,3,Transferred,Trauma,Not Admitted,401,138,2.3,0
2013-2014,2013,CTAS III - Urgent,3,Transferred,Unintentional Falls,Not Admitted,5133,252,4.2,0
2013-2014,2013,Less urgent,3,Transferred,Unintentional Falls,Not Admitted,1376,234,3.9,0
2013-2014,2013,Non-urgent,3,Transferred,Unintentional Falls,Not Admitted,90,249,4.15,0
2013-2014,2013,Unknown,3,Transferred,Unintentional Falls,Not Admitted,168,159,2.65,0
2013-2014,2013,CTAS III - Urgent,3,Unknown,Acute Myocardial Infarction,Not Admitted,0,0,0.0,0
2013-2014,2013,Less urgent,3,Unknown,Acute Myocardial Infarction,Not Admitted,0,0,0.0,0
2013-2014,2013,Non-urgent,3,Unknown,Acute Myocardial Infarction,Not Admitted,0,0,0.0,0
2013-2014,2013,Unknown,3,Unknown,Acute Myocardial Infarction,Not Admitted,0,0,0.0,0
2013-2014,2013,CTAS III - Urgent,3,Unknown,Any,Not Admitted,0,0,0.0,0
2013-2014,2013,Less urgent,3,Unknown,Any,Not Admitted,0,0,0.0,0
2013-2014,2013,Non-urgent,3,Unknown,Any,Not Admitted,0,0,0.0,0
2013-2014,2013,Unknown,3,Unknown,Any,Not Admitted,0,0,0.0,0
2013-2014,2013,CTAS III - Urgent,3,Unknown,Asthma,Not Admitted,0,0,0.0,0
2013-2014,2013,Less urgent,3,Unknown,Asthma,Not Admitted,0,0,0.0,0
2013-2014,2013,Non-urgent,3,Unknown,Asthma,Not Admitted,0,0,0.0,0
2013-2014,2013,Unknown,3,Unknown,Asthma,Not Admitted,0,0,0.0,0
2013-2014,2013,CTAS III - Urgent,3,Unknown,Influenzal Pneumonia,Not Admitted,0,0,0.0,0
2013-2014,2013,Less urgent,3,Unknown,Influenzal Pneumonia,Not Admitted,0,0,0.0,0
2013-2014,2013,Non-urgent,3,Unknown,Influenzal Pneumonia,Not Admitted,0,0,0.0,0
2013-2014,2013,Unknown,3,Unknown,Influenzal Pneumonia,Not Admitted,0,0,0.0,0
2013-2014,2013,CTAS III - Urgent,3,Unknown,Motor Vehicle Collisions,Not Admitted,0,0,0.0,0
2013-2014,2013,Less urgent,3,Unknown,Motor Vehicle Collisions,Not Admitted,0,0,0.0,0
2013-2014,2013,Non-urgent,3,Unknown,Motor Vehicle Collisions,Not Admitted,0,0,0.0,0
2013-2014,2013,Unknown,3,Unknown,Motor Vehicle Collisions,Not Admitted,0,0,0.0,0
2013-2014,2013,CTAS III - Urgent,3,Unknown,Pneumonia,Not Admitted,0,0,0.0,0
2013-2014,2013,Less urgent,3,Unknown,Pneumonia,Not Admitted,0,0,0.0,0
2013-2014,2013,Non-urgent,3,Unknown,Pneumonia,Not Admitted,0,0,0.0,0
2013-2014,2013,Unknown,3,Unknown,Pneumonia,Not Admitted,0,0,0.0,0
2013-2014,2013,CTAS III - Urgent,3,Unknown,Trauma,Not Admitted,0,0,0.0,0
2013-2014,2013,Less urgent,3,Unknown,Trauma,Not Admitted,0,0,0.0,0
2013-2014,2013,Non-urgent,3,Unknown,Trauma,Not Admitted,0,0,0.0,0
2013-2014,2013,Unknown,3,Unknown,Trauma,Not Admitted,0,0,0.0,0
2013-2014,2013,CTAS III - Urgent,3,Unknown,Unintentional Falls,Not Admitted,0,0,0.0,0
2013-2014,2013,Less urgent,3,Unknown,Unintentional Falls,Not Admitted,0,0,0.0,0
2013-2014,2013,Non-urgent,3,Unknown,Unintentional Falls,Not Admitted,0,0,0.0,0
2013-2014,2013,Unknown,3,Unknown,Unintentional Falls,Not Admitted,0,0,0.0,0
2012-2013,2012,CTAS I - Resuscitation,1,Admitted,Acute Myocardial Infarction,Admitted,1062,72,1.2,1
2012-2013,2012,CTAS I - Resuscitation,1,Admitted,Any,Admitted,34854,339,5.65,1
2012-2013,2012,CTAS I - Resuscitation,1,Admitted,Asthma,Admitted,462,400,6.67,1
2012-2013,2012,CTAS I - Resuscitation,1,Admitted,Influenzal Pneumonia,Admitted,0,338,5.63,1
2012-2013,2012,CTAS I - Resuscitation,1,Admitted,Motor Vehicle Collisions,Admitted,2057,256,4.27,1
2012-2013,2012,CTAS I - Resuscitation,1,Admitted,Pneumonia,Admitted,1192,502,8.37,1
2012-2013,2012,CTAS I - Resuscitation,1,Admitted,Trauma,Admitted,5122,253,4.22,1
2012-2013,2012,CTAS I - Resuscitation,1,Admitted,Unintentional Falls,Admitted,1252,300,5.0,1
2012-2013,2012,CTAS I - Resuscitation,1,Death,Acute Myocardial Infarction,Not Admitted,460,27,0.45,0
2012-2013,2012,CTAS I - Resuscitation,1,Death,Any,Not Admitted,5987,33,0.55,0
2012-2013,2012,CTAS I - Resuscitation,1,Death,Asthma,Not Admitted,0,34,0.57,0
2012-2013,2012,CTAS I - Resuscitation,1,Death,Influenzal Pneumonia,Not Admitted,0,0,0.0,0
2012-2013,2012,CTAS I - Resuscitation,1,Death,Motor Vehicle Collisions,Not Admitted,217,40,0.67,0
2012-2013,2012,CTAS I - Resuscitation,1,Death,Pneumonia,Not Admitted,37,172,2.87,0
2012-2013,2012,CTAS I - Resuscitation,1,Death,Trauma,Not Admitted,559,39,0.65,0
2012-2013,2012,CTAS I - Resuscitation,1,Death,Unintentional Falls,Not Admitted,82,152,2.53,0
2012-2013,2012,CTAS I - Resuscitation,1,Discharged Home,Acute Myocardial Infarction,Not Admitted,16,57,0.95,0
2012-2013,2012,CTAS I - Resuscitation,1,Discharged Home,Any,Not Admitted,13248,260,4.33,0
2012-2013,2012,CTAS I - Resuscitation,1,Discharged Home,Asthma,Not Admitted,359,222,3.7,0
2012-2013,2012,CTAS I - Resuscitation,1,Discharged Home,Influenzal Pneumonia,Not Admitted,0,228,3.8,0
2012-2013,2012,CTAS I - Resuscitation,1,Discharged Home,Motor Vehicle Collisions,Not Admitted,481,260,4.33,0
2012-2013,2012,CTAS I - Resuscitation,1,Discharged Home,Pneumonia,Not Admitted,146,236,3.93,0
2012-2013,2012,CTAS I - Resuscitation,1,Discharged Home,Trauma,Not Admitted,2692,242,4.03,0
2012-2013,2012,CTAS I - Resuscitation,1,Discharged Home,Unintentional Falls,Not Admitted,483,250,4.17,0
2012-2013,2012,CTAS I - Resuscitation,1,Intra-Facility Transfer,Acute Myocardial Infarction,Not Admitted,43,24,0.4,0
2012-2013,2012,CTAS I - Resuscitation,1,Intra-Facility Transfer,Any,Not Admitted,292,180,3.0,0
2012-2013,2012,CTAS I - Resuscitation,1,Intra-Facility Transfer,Asthma,Not Admitted,5,122,2.03,0
2012-2013,2012,CTAS I - Resuscitation,1,Intra-Facility Transfer,Influenzal Pneumonia,Not Admitted,0,0,0.0,0
2012-2013,2012,CTAS I - Resuscitation,1,Intra-Facility Transfer,Motor Vehicle Collisions,Not Admitted,10,221,3.68,0
2012-2013,2012,CTAS I - Resuscitation,1,Intra-Facility Transfer,Pneumonia,Not Admitted,0,243,4.05,0
2012-2013,2012,CTAS I - Resuscitation,1,Intra-Facility Transfer,Trauma,Not Admitted,52,214,3.57,0
2012-2013,2012,CTAS I - Resuscitation,1,Intra-Facility Transfer,Unintentional Falls,Not Admitted,6,858,14.3,0
2012-2013,2012,CTAS I - Resuscitation,1,Not Seen Or Left,Acute Myocardial Infarction,Not Admitted,0,330,5.5,0
2012-2013,2012,CTAS I - Resuscitation,1,Not Seen Or Left,Any,Not Admitted,403,209,3.48,0
2012-2013,2012,CTAS I - Resuscitation,1,Not Seen Or Left,Asthma,Not Admitted,7,236,3.93,0
2012-2013,2012,CTAS I - Resuscitation,1,Not Seen Or Left,Influenzal Pneumonia,Not Admitted,0,0,0.0,0
2012-2013,2012,CTAS I - Resuscitation,1,Not Seen Or Left,Motor Vehicle Collisions,Not Admitted,6,214,3.57,0
2012-2013,2012,CTAS I - Resuscitation,1,Not Seen Or Left,Pneumonia,Not Admitted,0,141,2.35,0
2012-2013,2012,CTAS I - Resuscitation,1,Not Seen Or Left,Trauma,Not Admitted,53,211,3.52,0
2012-2013,2012,CTAS I - Resuscitation,1,Not Seen Or Left,Unintentional Falls,Not Admitted,10,256,4.27,0
2012-2013,2012,CTAS I - Resuscitation,1,Total,Acute Myocardial Infarction,Not Admitted,2242,56,0.93,0
2012-2013,2012,CTAS I - Resuscitation,1,Total,Any,Not Admitted,60290,261,4.35,0
2012-2013,2012,CTAS I - Resuscitation,1,Total,Asthma,Not Admitted,874,302,5.03,0
2012-2013,2012,CTAS I - Resuscitation,1,Total,Influenzal Pneumonia,Not Admitted,0,288,4.8,0
2012-2013,2012,CTAS I - Resuscitation,1,Total,Motor Vehicle Collisions,Not Admitted,3300,221,3.68,0
2012-2013,2012,CTAS I - Resuscitation,1,Total,Pneumonia,Not Admitted,1443,427,7.12,0
2012-2013,2012,CTAS I - Resuscitation,1,Total,Trauma,Not Admitted,9780,220,3.67,0
2012-2013,2012,CTAS I - Resuscitation,1,Total,Unintentional Falls,Not Admitted,2107,259,4.32,0
2012-2013,2012,CTAS I - Resuscitation,1,Transferred,Acute Myocardial Infarction,Not Admitted,661,58,0.97,0
2012-2013,2012,CTAS I - Resuscitation,1,Transferred,Any,Not Admitted,5506,160,2.67,0
2012-2013,2012,CTAS I - Resuscitation,1,Transferred,Asthma,Not Admitted,41,215,3.58,0
2012-2013,2012,CTAS I - Resuscitation,1,Transferred,Influenzal Pneumonia,Not Admitted,0,2583,43.05,0
2012-2013,2012,CTAS I - Resuscitation,1,Transferred,Motor Vehicle Collisions,Not Admitted,529,125,2.08,0
2012-2013,2012,CTAS I - Resuscitation,1,Transferred,Pneumonia,Not Admitted,68,224,3.73,0
2012-2013,2012,CTAS I - Resuscitation,1,Transferred,Trauma,Not Admitted,1302,130,2.17,0
2012-2013,2012,CTAS I - Resuscitation,1,Transferred,Unintentional Falls,Not Admitted,274,152,2.53,0
2012-2013,2012,CTAS I - Resuscitation,1,Unknown,Acute Myocardial Infarction,Not Admitted,0,0,0.0,0
2012-2013,2012,CTAS I - Resuscitation,1,Unknown,Any,Not Admitted,0,0,0.0,0
2012-2013,2012,CTAS I - Resuscitation,1,Unknown,Asthma,Not Admitted,0,0,0.0,0
2012-2013,2012,CTAS I - Resuscitation,1,Unknown,Influenzal Pneumonia,Not Admitted,0,0,0.0,0
2012-2013,2012,CTAS I - Resuscitation,1,Unknown,Motor Vehicle Collisions,Not Admitted,0,0,0.0,0
2012-2013,2012,CTAS I - Resuscitation,1,Unknown,Pneumonia,Not Admitted,0,0,0.0,0
2012-2013,2012,CTAS I - Resuscitation,1,Unknown,Trauma,Not Admitted,0,0,0.0,0
2012-2013,2012,CTAS I - Resuscitation,1,Unknown,Unintentional Falls,Not Admitted,0,0,0.0,0
2012-2013,2012,CTAS II - Emergent,2,Admitted,Acute Myocardial Infarction,Admitted,10352,493,8.22,1
2012-2013,2012,CTAS II - Emergent,2,Admitted,Any,Admitted,384957,562,9.37,1
2012-2013,2012,CTAS II - Emergent,2,Admitted,Asthma,Admitted,3461,480,8.0,1
2012-2013,2012,CTAS II - Emergent,2,Admitted,Influenzal Pneumonia,Admitted,77,724,12.07,1
2012-2013,2012,CTAS II - Emergent,2,Admitted,Motor Vehicle Collisions,Admitted,4392,409,6.82,1
2012-2013,2012,CTAS II - Emergent,2,Admitted,Pneumonia,Admitted,15789,687,11.45,1
2012-2013,2012,CTAS II - Emergent,2,Admitted,Trauma,Admitted,22797,454,7.57,1
2012-2013,2012,CTAS II - Emergent,2,Admitted,Unintentional Falls,Admitted,12320,498,8.3,1
2012-2013,2012,CTAS II - Emergent,2,Death,Acute Myocardial Infarction,Not Admitted,103,142,2.37,0
2012-2013,2012,CTAS II - Emergent,2,Death,Any,Not Admitted,1205,212,3.53,0
2012-2013,2012,CTAS II - Emergent,2,Death,Asthma,Not Admitted,0,0,0.0,0
2012-2013,2012,CTAS II - Emergent,2,Death,Influenzal Pneumonia,Not Admitted,0,794,13.23,0
2012-2013,2012,CTAS II - Emergent,2,Death,Motor Vehicle Collisions,Not Admitted,10,117,1.95,0
2012-2013,2012,CTAS II - Emergent,2,Death,Pneumonia,Not Admitted,51,291,4.85,0
2012-2013,2012,CTAS II - Emergent,2,Death,Trauma,Not Admitted,43,206,3.43,0
2012-2013,2012,CTAS II - Emergent,2,Death,Unintentional Falls,Not Admitted,23,350,5.83,0
2012-2013,2012,CTAS II - Emergent,2,Discharged Home,Acute Myocardial Infarction,Not Admitted,375,326,5.43,0
2012-2013,2012,CTAS II - Emergent,2,Discharged Home,Any,Not Admitted,961082,230,3.83,0
2012-2013,2012,CTAS II - Emergent,2,Discharged Home,Asthma,Not Admitted,13645,195,3.25,0
2012-2013,2012,CTAS II - Emergent,2,Discharged Home,Influenzal Pneumonia,Not Admitted,73,218,3.63,0
2012-2013,2012,CTAS II - Emergent,2,Discharged Home,Motor Vehicle Collisions,Not Admitted,22152,183,3.05,0
2012-2013,2012,CTAS II - Emergent,2,Discharged Home,Pneumonia,Not Admitted,12137,226,3.77,0
2012-2013,2012,CTAS II - Emergent,2,Discharged Home,Trauma,Not Admitted,124236,171,2.85,0
2012-2013,2012,CTAS II - Emergent,2,Discharged Home,Unintentional Falls,Not Admitted,37221,197,3.28,0
2012-2013,2012,CTAS II - Emergent,2,Intra-Facility Transfer,Acute Myocardial Infarction,Not Admitted,92,89,1.48,0
2012-2013,2012,CTAS II - Emergent,2,Intra-Facility Transfer,Any,Not Admitted,7810,240,4.0,0
2012-2013,2012,CTAS II - Emergent,2,Intra-Facility Transfer,Asthma,Not Admitted,83,166,2.77,0
2012-2013,2012,CTAS II - Emergent,2,Intra-Facility Transfer,Influenzal Pneumonia,Not Admitted,0,0,0.0,0
2012-2013,2012,CTAS II - Emergent,2,Intra-Facility Transfer,Motor Vehicle Collisions,Not Admitted,63,186,3.1,0
2012-2013,2012,CTAS II - Emergent,2,Intra-Facility Transfer,Pneumonia,Not Admitted,55,223,3.72,0
2012-2013,2012,CTAS II - Emergent,2,Intra-Facility Transfer,Trauma,Not Admitted,838,220,3.67,0
2012-2013,2012,CTAS II - Emergent,2,Intra-Facility Transfer,Unintentional Falls,Not Admitted,166,242,4.03,0
2012-2013,2012,CTAS II - Emergent,2,Not Seen Or Left,Acute Myocardial Infarction,Not Admitted,56,330,5.5,0
2012-2013,2012,CTAS II - Emergent,2,Not Seen Or Left,Any,Not Admitted,33009,164,2.73,0
2012-2013,2012,CTAS II - Emergent,2,Not Seen Or Left,Asthma,Not Admitted,151,188,3.13,0
2012-2013,2012,CTAS II - Emergent,2,Not Seen Or Left,Influenzal Pneumonia,Not Admitted,0,0,0.0,0
2012-2013,2012,CTAS II - Emergent,2,Not Seen Or Left,Motor Vehicle Collisions,Not Admitted,300,158,2.63,0
2012-2013,2012,CTAS II - Emergent,2,Not Seen Or Left,Pneumonia,Not Admitted,72,296,4.93,0
2012-2013,2012,CTAS II - Emergent,2,Not Seen Or Left,Trauma,Not Admitted,2473,135,2.25,0
2012-2013,2012,CTAS II - Emergent,2,Not Seen Or Left,Unintentional Falls,Not Admitted,627,156,2.6,0
2012-2013,2012,CTAS II - Emergent,2,Total,Acute Myocardial Infarction,Not Admitted,14491,365,6.08,0
2012-2013,2012,CTAS II - Emergent,2,Total,Any,Not Admitted,1430437,279,4.65,0
2012-2013,2012,CTAS II - Emergent,2,Total,Asthma,Not Admitted,17687,225,3.75,0
2012-2013,2012,CTAS II - Emergent,2,Total,Influenzal Pneumonia,Not Admitted,155,368,6.13,0
2012-2013,2012,CTAS II - Emergent,2,Total,Motor Vehicle Collisions,Not Admitted,28729,202,3.37,0
2012-2013,2012,CTAS II - Emergent,2,Total,Pneumonia,Not Admitted,29082,379,6.32,0
2012-2013,2012,CTAS II - Emergent,2,Total,Trauma,Not Admitted,157047,192,3.2,0
2012-2013,2012,CTAS II - Emergent,2,Total,Unintentional Falls,Not Admitted,52785,238,3.97,0
2012-2013,2012,CTAS II - Emergent,2,Transferred,Acute Myocardial Infarction,Not Admitted,3513,114,1.9,0
2012-2013,2012,CTAS II - Emergent,2,Transferred,Any,Not Admitted,42374,237,3.95,0
2012-2013,2012,CTAS II - Emergent,2,Transferred,Asthma,Not Admitted,347,277,4.62,0
2012-2013,2012,CTAS II - Emergent,2,Transferred,Influenzal Pneumonia,Not Admitted,5,173,2.88,0
2012-2013,2012,CTAS II - Emergent,2,Transferred,Motor Vehicle Collisions,Not Admitted,1812,199,3.32,0
2012-2013,2012,CTAS II - Emergent,2,Transferred,Pneumonia,Not Admitted,978,247,4.12,0
2012-2013,2012,CTAS II - Emergent,2,Transferred,Trauma,Not Admitted,6660,191,3.18,0
2012-2013,2012,CTAS II - Emergent,2,Transferred,Unintentional Falls,Not Admitted,2428,224,3.73,0
2012-2013,2012,CTAS II - Emergent,2,Unknown,Acute Myocardial Infarction,Not Admitted,0,0,0.0,0
2012-2013,2012,CTAS II - Emergent,2,Unknown,Any,Not Admitted,0,0,0.0,0
2012-2013,2012,CTAS II - Emergent,2,Unknown,Asthma,Not Admitted,0,0,0.0,0
2012-2013,2012,CTAS II - Emergent,2,Unknown,Influenzal Pneumonia,Not Admitted,0,0,0.0,0
2012-2013,2012,CTAS II - Emergent,2,Unknown,Motor Vehicle Collisions,Not Admitted,0,0,0.0,0
2012-2013,2012,CTAS II - Emergent,2,Unknown,Pneumonia,Not Admitted,0,0,0.0,0
2012-2013,2012,CTAS II - Emergent,2,Unknown,Trauma,Not Admitted,0,0,0.0,0
2012-2013,2012,CTAS II - Emergent,2,Unknown,Unintentional Falls,Not Admitted,0,0,0.0,0
2012-2013,2012,CTAS III - Urgent,3,Admitted,Acute Myocardial Infarction,Admitted,4368,567,9.45,1
2012-2013,2012,Less urgent,3,Admitted,Acute Myocardial Infarction,Admitted,385,418,6.97,1
2012-2013,2012,Non-urgent,3,Admitted,Acute Myocardial Infarction,Admitted,90,356,5.93,1
2012-2013,2012,Unknown,3,Admitted,Acute Myocardial Infarction,Admitted,95,204,3.4,1
2012-2013,2012,CTAS III - Urgent,3,Admitted,Any,Admitted,470914,545,9.08,1
2012-2013,2012,Less urgent,3,Admitted,Any,Admitted,73936,400,6.67,1
2012-2013,2012,Non-urgent,3,Admitted,Any,Admitted,9571,319,5.32,1
2012-2013,2012,Unknown,3,Admitted,Any,Admitted,8956,154,2.57,1
2012-2013,2012,CTAS III - Urgent,3,Admitted,Asthma,Admitted,1778,523,8.72,1
2012-2013,2012,Less urgent,3,Admitted,Asthma,Admitted,153,312,5.2,1
2012-2013,2012,Non-urgent,3,Admitted,Asthma,Admitted,12,292,4.87,1
2012-2013,2012,Unknown,3,Admitted,Asthma,Admitted,36,164,2.73,1
2012-2013,2012,CTAS III - Urgent,3,Admitted,Influenzal Pneumonia,Admitted,80,912,15.2,1
2012-2013,2012,Less urgent,3,Admitted,Influenzal Pneumonia,Admitted,11,395,6.58,1
2012-2013,2012,Non-urgent,3,Admitted,Influenzal Pneumonia,Admitted,0,379,6.32,1
2012-2013,2012,Unknown,3,Admitted,Influenzal Pneumonia,Admitted,0,0,0.0,1
2012-2013,2012,CTAS III - Urgent,3,Admitted,Motor Vehicle Collisions,Admitted,2854,372,6.2,1
2012-2013,2012,Less urgent,3,Admitted,Motor Vehicle Collisions,Admitted,467,336,5.6,1
2012-2013,2012,Non-urgent,3,Admitted,Motor Vehicle Collisions,Admitted,38,246,4.1,1
2012-2013,2012,Unknown,3,Admitted,Motor Vehicle Collisions,Admitted,68,192,3.2,1
2012-2013,2012,CTAS III - Urgent,3,Admitted,Pneumonia,Admitted,15514,634,10.57,1
2012-2013,2012,Less urgent,3,Admitted,Pneumonia,Admitted,1889,353,5.88,1
2012-2013,2012,Non-urgent,3,Admitted,Pneumonia,Admitted,175,238,3.97,1
2012-2013,2012,Unknown,3,Admitted,Pneumonia,Admitted,262,178,2.97,1
2012-2013,2012,CTAS III - Urgent,3,Admitted,Trauma,Admitted,38076,458,7.63,1
2012-2013,2012,Less urgent,3,Admitted,Trauma,Admitted,7428,368,6.13,1
2012-2013,2012,Non-urgent,3,Admitted,Trauma,Admitted,513,260,4.33,1
2012-2013,2012,Unknown,3,Admitted,Trauma,Admitted,461,180,3.0,1
2012-2013,2012,CTAS III - Urgent,3,Admitted,Unintentional Falls,Admitted,27291,481,8.02,1
2012-2013,2012,Less urgent,3,Admitted,Unintentional Falls,Admitted,4762,391,6.52,1
2012-2013,2012,Non-urgent,3,Admitted,Unintentional Falls,Admitted,242,289,4.82,1
2012-2013,2012,Unknown,3,Admitted,Unintentional Falls,Admitted,267,181,3.02,1
2012-2013,2012,CTAS III - Urgent,3,Death,Acute Myocardial Infarction,Not Admitted,26,336,5.6,0
2012-2013,2012,Less urgent,3,Death,Acute Myocardial Infarction,Not Admitted,0,574,9.57,0
2012-2013,2012,Non-urgent,3,Death,Acute Myocardial Infarction,Not Admitted,0,246,4.1,0
2012-2013,2012,Unknown,3,Death,Acute Myocardial Infarction,Not Admitted,9,10,0.17,0
2012-2013,2012,CTAS III - Urgent,3,Death,Any,Not Admitted,458,309,5.15,0
2012-2013,2012,Less urgent,3,Death,Any,Not Admitted,88,110,1.83,0
2012-2013,2012,Non-urgent,3,Death,Any,Not Admitted,116,50,0.83,0
2012-2013,2012,Unknown,3,Death,Any,Not Admitted,146,20,0.33,0
2012-2013,2012,CTAS III - Urgent,3,Death,Asthma,Not Admitted,0,0,0.0,0
2012-2013,2012,Less urgent,3,Death,Asthma,Not Admitted,0,0,0.0,0
2012-2013,2012,Non-urgent,3,Death,Asthma,Not Admitted,0,0,0.0,0
2012-2013,2012,Unknown,3,Death,Asthma,Not Admitted,0,0,0.0,0
2012-2013,2012,CTAS III - Urgent,3,Death,Influenzal Pneumonia,Not Admitted,0,0,0.0,0
2012-2013,2012,Less urgent,3,Death,Influenzal Pneumonia,Not Admitted,0,0,0.0,0
2012-2013,2012,Non-urgent,3,Death,Influenzal Pneumonia,Not Admitted,0,0,0.0,0
2012-2013,2012,Unknown,3,Death,Influenzal Pneumonia,Not Admitted,0,0,0.0,0
2012-2013,2012,CTAS III - Urgent,3,Death,Motor Vehicle Collisions,Not Admitted,0,15,0.25,0
2012-2013,2012,Less urgent,3,Death,Motor Vehicle Collisions,Not Admitted,0,0,0.0,0
2012-2013,2012,Non-urgent,3,Death,Motor Vehicle Collisions,Not Admitted,0,75,1.25,0
2012-2013,2012,Unknown,3,Death,Motor Vehicle Collisions,Not Admitted,5,18,0.3,0
2012-2013,2012,CTAS III - Urgent,3,Death,Pneumonia,Not Admitted,17,368,6.13,0
2012-2013,2012,Less urgent,3,Death,Pneumonia,Not Admitted,0,91,1.52,0
2012-2013,2012,Non-urgent,3,Death,Pneumonia,Not Admitted,0,0,0.0,0
2012-2013,2012,Unknown,3,Death,Pneumonia,Not Admitted,0,0,0.0,0
2012-2013,2012,CTAS III - Urgent,3,Death,Trauma,Not Admitted,26,236,3.93,0
2012-2013,2012,Less urgent,3,Death,Trauma,Not Admitted,11,162,2.7,0
2012-2013,2012,Non-urgent,3,Death,Trauma,Not Admitted,8,56,0.93,0
2012-2013,2012,Unknown,3,Death,Trauma,Not Admitted,9,23,0.38,0
2012-2013,2012,CTAS III - Urgent,3,Death,Unintentional Falls,Not Admitted,18,344,5.73,0
2012-2013,2012,Less urgent,3,Death,Unintentional Falls,Not Admitted,0,162,2.7,0
2012-2013,2012,Non-urgent,3,Death,Unintentional Falls,Not Admitted,0,14,0.23,0
2012-2013,2012,Unknown,3,Death,Unintentional Falls,Not Admitted,0,0,0.0,0
2012-2013,2012,CTAS III - Urgent,3,Discharged Home,Acute Myocardial Infarction,Not Admitted,271,340,5.67,0
2012-2013,2012,Less urgent,3,Discharged Home,Acute Myocardial Infarction,Not Admitted,43,245,4.08,0
2012-2013,2012,Non-urgent,3,Discharged Home,Acute Myocardial Infarction,Not Admitted,10,109,1.82,0
2012-2013,2012,Unknown,3,Discharged Home,Acute Myocardial Infarction,Not Admitted,9,112,1.87,0
2012-2013,2012,CTAS III - Urgent,3,Discharged Home,Any,Not Admitted,3327049,174,2.9,0
2012-2013,2012,Less urgent,3,Discharged Home,Any,Not Admitted,3344575,104,1.73,0
2012-2013,2012,Non-urgent,3,Discharged Home,Any,Not Admitted,719891,73,1.22,0
2012-2013,2012,Unknown,3,Discharged Home,Any,Not Admitted,124436,66,1.1,0
2012-2013,2012,CTAS III - Urgent,3,Discharged Home,Asthma,Not Admitted,31184,154,2.57,0
2012-2013,2012,Less urgent,3,Discharged Home,Asthma,Not Admitted,16001,103,1.72,0
2012-2013,2012,Non-urgent,3,Discharged Home,Asthma,Not Admitted,2363,76,1.27,0
2012-2013,2012,Unknown,3,Discharged Home,Asthma,Not Admitted,621,75,1.25,0
2012-2013,2012,CTAS III - Urgent,3,Discharged Home,Influenzal Pneumonia,Not Admitted,299,189,3.15,0
2012-2013,2012,Less urgent,3,Discharged Home,Influenzal Pneumonia,Not Admitted,221,108,1.8,0
2012-2013,2012,Non-urgent,3,Discharged Home,Influenzal Pneumonia,Not Admitted,26,61,1.02,0
2012-2013,2012,Unknown,3,Discharged Home,Influenzal Pneumonia,Not Admitted,14,70,1.17,0
2012-2013,2012,CTAS III - Urgent,3,Discharged Home,Motor Vehicle Collisions,Not Admitted,62130,144,2.4,0
2012-2013,2012,Less urgent,3,Discharged Home,Motor Vehicle Collisions,Not Admitted,51671,114,1.9,0
2012-2013,2012,Non-urgent,3,Discharged Home,Motor Vehicle Collisions,Not Admitted,4031,91,1.52,0
2012-2013,2012,Unknown,3,Discharged Home,Motor Vehicle Collisions,Not Admitted,1323,81,1.35,0
2012-2013,2012,CTAS III - Urgent,3,Discharged Home,Pneumonia,Not Admitted,41032,181,3.02,0
2012-2013,2012,Less urgent,3,Discharged Home,Pneumonia,Not Admitted,23513,121,2.02,0
2012-2013,2012,Non-urgent,3,Discharged Home,Pneumonia,Not Admitted,2423,100,1.67,0
2012-2013,2012,Unknown,3,Discharged Home,Pneumonia,Not Admitted,610,95,1.58,0
2012-2013,2012,CTAS III - Urgent,3,Discharged Home,Trauma,Not Admitted,564474,135,2.25,0
2012-2013,2012,Less urgent,3,Discharged Home,Trauma,Not Admitted,886056,106,1.77,0
2012-2013,2012,Non-urgent,3,Discharged Home,Trauma,Not Admitted,92348,84,1.4,0
2012-2013,2012,Unknown,3,Discharged Home,Trauma,Not Admitted,16996,70,1.17,0
2012-2013,2012,CTAS III - Urgent,3,Discharged Home,Unintentional Falls,Not Admitted,196724,154,2.57,0
2012-2013,2012,Less urgent,3,Discharged Home,Unintentional Falls,Not Admitted,243220,115,1.92,0
2012-2013,2012,Non-urgent,3,Discharged Home,Unintentional Falls,Not Admitted,18448,93,1.55,0
2012-2013,2012,Unknown,3,Discharged Home,Unintentional Falls,Not Admitted,3594,76,1.27,0
2012-2013,2012,CTAS III - Urgent,3,Intra-Facility Transfer,Acute Myocardial Infarction,Not Admitted,14,159,2.65,0
2012-2013,2012,Less urgent,3,Intra-Facility Transfer,Acute Myocardial Infarction,Not Admitted,0,454,7.57,0
2012-2013,2012,Non-urgent,3,Intra-Facility Transfer,Acute Myocardial Infarction,Not Admitted,0,0,0.0,0
2012-2013,2012,Unknown,3,Intra-Facility Transfer,Acute Myocardial Infarction,Not Admitted,0,786,13.1,0
2012-2013,2012,CTAS III - Urgent,3,Intra-Facility Transfer,Any,Not Admitted,13717,233,3.88,0
2012-2013,2012,Less urgent,3,Intra-Facility Transfer,Any,Not Admitted,6103,162,2.7,0
2012-2013,2012,Non-urgent,3,Intra-Facility Transfer,Any,Not Admitted,1550,65,1.08,0
2012-2013,2012,Unknown,3,Intra-Facility Transfer,Any,Not Admitted,197,72,1.2,0
2012-2013,2012,CTAS III - Urgent,3,Intra-Facility Transfer,Asthma,Not Admitted,48,176,2.93,0
2012-2013,2012,Less urgent,3,Intra-Facility Transfer,Asthma,Not Admitted,0,280,4.67,0
2012-2013,2012,Non-urgent,3,Intra-Facility Transfer,Asthma,Not Admitted,0,178,2.97,0
2012-2013,2012,Unknown,3,Intra-Facility Transfer,Asthma,Not Admitted,0,0,0.0,0
2012-2013,2012,CTAS III - Urgent,3,Intra-Facility Transfer,Influenzal Pneumonia,Not Admitted,0,585,9.75,0
2012-2013,2012,Less urgent,3,Intra-Facility Transfer,Influenzal Pneumonia,Not Admitted,0,0,0.0,0
2012-2013,2012,Non-urgent,3,Intra-Facility Transfer,Influenzal Pneumonia,Not Admitted,0,0,0.0,0
2012-2013,2012,Unknown,3,Intra-Facility Transfer,Influenzal Pneumonia,Not Admitted,0,0,0.0,0
2012-2013,2012,CTAS III - Urgent,3,Intra-Facility Transfer,Motor Vehicle Collisions,Not Admitted,103,198,3.3,0
2012-2013,2012,Less urgent,3,Intra-Facility Transfer,Motor Vehicle Collisions,Not Admitted,59,134,2.23,0
2012-2013,2012,Non-urgent,3,Intra-Facility Transfer,Motor Vehicle Collisions,Not Admitted,12,98,1.63,0
2012-2013,2012,Unknown,3,Intra-Facility Transfer,Motor Vehicle Collisions,Not Admitted,0,134,2.23,0
2012-2013,2012,CTAS III - Urgent,3,Intra-Facility Transfer,Pneumonia,Not Admitted,42,200,3.33,0
2012-2013,2012,Less urgent,3,Intra-Facility Transfer,Pneumonia,Not Admitted,8,166,2.77,0
2012-2013,2012,Non-urgent,3,Intra-Facility Transfer,Pneumonia,Not Admitted,0,14,0.23,0
2012-2013,2012,Unknown,3,Intra-Facility Transfer,Pneumonia,Not Admitted,0,0,0.0,0
2012-2013,2012,CTAS III - Urgent,3,Intra-Facility Transfer,Trauma,Not Admitted,1862,198,3.3,0
2012-2013,2012,Less urgent,3,Intra-Facility Transfer,Trauma,Not Admitted,1042,152,2.53,0
2012-2013,2012,Non-urgent,3,Intra-Facility Transfer,Trauma,Not Admitted,184,92,1.53,0
2012-2013,2012,Unknown,3,Intra-Facility Transfer,Trauma,Not Admitted,40,84,1.4,0
2012-2013,2012,CTAS III - Urgent,3,Intra-Facility Transfer,Unintentional Falls,Not Admitted,522,210,3.5,0
2012-2013,2012,Less urgent,3,Intra-Facility Transfer,Unintentional Falls,Not Admitted,325,143,2.38,0
2012-2013,2012,Non-urgent,3,Intra-Facility Transfer,Unintentional Falls,Not Admitted,51,93,1.55,0
2012-2013,2012,Unknown,3,Intra-Facility Transfer,Unintentional Falls,Not Admitted,16,88,1.47,0
2012-2013,2012,CTAS III - Urgent,3,Not Seen Or Left,Acute Myocardial Infarction,Not Admitted,24,263,4.38,0
2012-2013,2012,Less urgent,3,Not Seen Or Left,Acute Myocardial Infarction,Not Admitted,0,315,5.25,0
2012-2013,2012,Non-urgent,3,Not Seen Or Left,Acute Myocardial Infarction,Not Admitted,0,460,7.67,0
2012-2013,2012,Unknown,3,Not Seen Or Left,Acute Myocardial Infarction,Not Admitted,0,0,0.0,0
2012-2013,2012,CTAS III - Urgent,3,Not Seen Or Left,Any,Not Admitted,165963,140,2.33,0
2012-2013,2012,Less urgent,3,Not Seen Or Left,Any,Not Admitted,153768,120,2.0,0
2012-2013,2012,Non-urgent,3,Not Seen Or Left,Any,Not Admitted,35136,92,1.53,0
2012-2013,2012,Unknown,3,Not Seen Or Left,Any,Not Admitted,23779,39,0.65,0
2012-2013,2012,CTAS III - Urgent,3,Not Seen Or Left,Asthma,Not Admitted,387,128,2.13,0
2012-2013,2012,Less urgent,3,Not Seen Or Left,Asthma,Not Admitted,145,99,1.65,0
2012-2013,2012,Non-urgent,3,Not Seen Or Left,Asthma,Not Admitted,25,115,1.92,0
2012-2013,2012,Unknown,3,Not Seen Or Left,Asthma,Not Admitted,14,38,0.63,0
2012-2013,2012,CTAS III - Urgent,3,Not Seen Or Left,Influenzal Pneumonia,Not Admitted,0,126,2.1,0
2012-2013,2012,Less urgent,3,Not Seen Or Left,Influenzal Pneumonia,Not Admitted,0,194,3.23,0
2012-2013,2012,Non-urgent,3,Not Seen Or Left,Influenzal Pneumonia,Not Admitted,0,0,0.0,0
2012-2013,2012,Unknown,3,Not Seen Or Left,Influenzal Pneumonia,Not Admitted,0,0,0.0,0
2012-2013,2012,CTAS III - Urgent,3,Not Seen Or Left,Motor Vehicle Collisions,Not Admitted,1657,132,2.2,0
2012-2013,2012,Less urgent,3,Not Seen Or Left,Motor Vehicle Collisions,Not Admitted,1507,121,2.02,0
2012-2013,2012,Non-urgent,3,Not Seen Or Left,Motor Vehicle Collisions,Not Admitted,148,96,1.6,0
2012-2013,2012,Unknown,3,Not Seen Or Left,Motor Vehicle Collisions,Not Admitted,24,46,0.77,0
2012-2013,2012,CTAS III - Urgent,3,Not Seen Or Left,Pneumonia,Not Admitted,165,230,3.83,0
2012-2013,2012,Less urgent,3,Not Seen Or Left,Pneumonia,Not Admitted,97,184,3.07,0
2012-2013,2012,Non-urgent,3,Not Seen Or Left,Pneumonia,Not Admitted,7,85,1.42,0
2012-2013,2012,Unknown,3,Not Seen Or Left,Pneumonia,Not Admitted,7,37,0.62,0
2012-2013,2012,CTAS III - Urgent,3,Not Seen Or Left,Trauma,Not Admitted,16786,125,2.08,0
2012-2013,2012,Less urgent,3,Not Seen Or Left,Trauma,Not Admitted,27397,112,1.87,0
2012-2013,2012,Non-urgent,3,Not Seen Or Left,Trauma,Not Admitted,3452,89,1.48,0
2012-2013,2012,Unknown,3,Not Seen Or Left,Trauma,Not Admitted,804,24,0.4,0
2012-2013,2012,CTAS III - Urgent,3,Not Seen Or Left,Unintentional Falls,Not Admitted,4493,135,2.25,0
2012-2013,2012,Less urgent,3,Not Seen Or Left,Unintentional Falls,Not Admitted,5940,113,1.88,0
2012-2013,2012,Non-urgent,3,Not Seen Or Left,Unintentional Falls,Not Admitted,524,90,1.5,0
2012-2013,2012,Unknown,3,Not Seen Or Left,Unintentional Falls,Not Admitted,87,40,0.67,0
2012-2013,2012,CTAS III - Urgent,3,Total,Acute Myocardial Infarction,Not Admitted,5717,467,7.78,0
2012-2013,2012,Less urgent,3,Total,Acute Myocardial Infarction,Not Admitted,540,362,6.03,0
2012-2013,2012,Non-urgent,3,Total,Acute Myocardial Infarction,Not Admitted,109,272,4.53,0
2012-2013,2012,Unknown,3,Total,Acute Myocardial Infarction,Not Admitted,187,155,2.58,0
2012-2013,2012,CTAS III - Urgent,3,Total,Any,Not Admitted,4030793,191,3.18,0
2012-2013,2012,Less urgent,3,Total,Any,Not Admitted,3593170,107,1.78,0
2012-2013,2012,Non-urgent,3,Total,Any,Not Admitted,768247,74,1.23,0
2012-2013,2012,Unknown,3,Total,Any,Not Admitted,159252,66,1.1,0
2012-2013,2012,CTAS III - Urgent,3,Total,Asthma,Not Admitted,33595,160,2.67,0
2012-2013,2012,Less urgent,3,Total,Asthma,Not Admitted,16317,103,1.72,0
2012-2013,2012,Non-urgent,3,Total,Asthma,Not Admitted,2400,76,1.27,0
2012-2013,2012,Unknown,3,Total,Asthma,Not Admitted,671,76,1.27,0
2012-2013,2012,CTAS III - Urgent,3,Total,Influenzal Pneumonia,Not Admitted,385,230,3.83,0
2012-2013,2012,Less urgent,3,Total,Influenzal Pneumonia,Not Admitted,232,114,1.9,0
2012-2013,2012,Non-urgent,3,Total,Influenzal Pneumonia,Not Admitted,26,62,1.03,0
2012-2013,2012,Unknown,3,Total,Influenzal Pneumonia,Not Admitted,14,70,1.17,0
2012-2013,2012,CTAS III - Urgent,3,Total,Motor Vehicle Collisions,Not Admitted,68128,149,2.48,0
2012-2013,2012,Less urgent,3,Total,Motor Vehicle Collisions,Not Admitted,54022,115,1.92,0
2012-2013,2012,Non-urgent,3,Total,Motor Vehicle Collisions,Not Admitted,4251,92,1.53,0
2012-2013,2012,Unknown,3,Total,Motor Vehicle Collisions,Not Admitted,1554,89,1.48,0
2012-2013,2012,CTAS III - Urgent,3,Total,Pneumonia,Not Admitted,57711,229,3.82,0
2012-2013,2012,Less urgent,3,Total,Pneumonia,Not Admitted,25703,128,2.13,0
2012-2013,2012,Non-urgent,3,Total,Pneumonia,Not Admitted,2622,104,1.73,0
2012-2013,2012,Unknown,3,Total,Pneumonia,Not Admitted,890,113,1.88,0
2012-2013,2012,CTAS III - Urgent,3,Total,Trauma,Not Admitted,630669,143,2.38,0
2012-2013,2012,Less urgent,3,Total,Trauma,Not Admitted,925002,107,1.78,0
2012-2013,2012,Non-urgent,3,Total,Trauma,Not Admitted,96716,85,1.42,0
2012-2013,2012,Unknown,3,Total,Trauma,Not Admitted,18714,71,1.18,0
2012-2013,2012,CTAS III - Urgent,3,Total,Unintentional Falls,Not Admitted,234094,171,2.85,0
2012-2013,2012,Less urgent,3,Total,Unintentional Falls,Not Admitted,255750,117,1.95,0
2012-2013,2012,Non-urgent,3,Total,Unintentional Falls,Not Admitted,19350,93,1.55,0
2012-2013,2012,Unknown,3,Total,Unintentional Falls,Not Admitted,4107,82,1.37,0
2012-2013,2012,CTAS III - Urgent,3,Transferred,Acute Myocardial Infarction,Not Admitted,1014,201,3.35,0
2012-2013,2012,Less urgent,3,Transferred,Acute Myocardial Infarction,Not Admitted,112,255,4.25,0
2012-2013,2012,Non-urgent,3,Transferred,Acute Myocardial Infarction,Not Admitted,9,172,2.87,0
2012-2013,2012,Unknown,3,Transferred,Acute Myocardial Infarction,Not Admitted,74,136,2.27,0
2012-2013,2012,CTAS III - Urgent,3,Transferred,Any,Not Admitted,52692,262,4.37,0
2012-2013,2012,Less urgent,3,Transferred,Any,Not Admitted,14700,215,3.58,0
2012-2013,2012,Non-urgent,3,Transferred,Any,Not Admitted,1983,164,2.73,0
2012-2013,2012,Unknown,3,Transferred,Any,Not Admitted,1738,146,2.43,0
2012-2013,2012,CTAS III - Urgent,3,Transferred,Asthma,Not Admitted,198,296,4.93,0
2012-2013,2012,Less urgent,3,Transferred,Asthma,Not Admitted,18,248,4.13,0
2012-2013,2012,Non-urgent,3,Transferred,Asthma,Not Admitted,0,153,2.55,0
2012-2013,2012,Unknown,3,Transferred,Asthma,Not Admitted,0,102,1.7,0
2012-2013,2012,CTAS III - Urgent,3,Transferred,Influenzal Pneumonia,Not Admitted,6,202,3.37,0
2012-2013,2012,Less urgent,3,Transferred,Influenzal Pneumonia,Not Admitted,0,274,4.57,0
2012-2013,2012,Non-urgent,3,Transferred,Influenzal Pneumonia,Not Admitted,0,0,0.0,0
2012-2013,2012,Unknown,3,Transferred,Influenzal Pneumonia,Not Admitted,0,0,0.0,0
2012-2013,2012,CTAS III - Urgent,3,Transferred,Motor Vehicle Collisions,Not Admitted,1384,205,3.42,0
2012-2013,2012,Less urgent,3,Transferred,Motor Vehicle Collisions,Not Admitted,318,186,3.1,0
2012-2013,2012,Non-urgent,3,Transferred,Motor Vehicle Collisions,Not Admitted,22,128,2.13,0
2012-2013,2012,Unknown,3,Transferred,Motor Vehicle Collisions,Not Admitted,134,137,2.28,0
2012-2013,2012,CTAS III - Urgent,3,Transferred,Pneumonia,Not Admitted,941,296,4.93,0
2012-2013,2012,Less urgent,3,Transferred,Pneumonia,Not Admitted,196,305,5.08,0
2012-2013,2012,Non-urgent,3,Transferred,Pneumonia,Not Admitted,17,168,2.8,0
2012-2013,2012,Unknown,3,Transferred,Pneumonia,Not Admitted,11,189,3.15,0
2012-2013,2012,CTAS III - Urgent,3,Transferred,Trauma,Not Admitted,9445,215,3.58,0
2012-2013,2012,Less urgent,3,Transferred,Trauma,Not Admitted,3068,191,3.18,0
2012-2013,2012,Non-urgent,3,Transferred,Trauma,Not Admitted,211,159,2.65,0
2012-2013,2012,Unknown,3,Transferred,Trauma,Not Admitted,404,132,2.2,0
2012-2013,2012,CTAS III - Urgent,3,Transferred,Unintentional Falls,Not Admitted,5046,242,4.03,0
2012-2013,2012,Less urgent,3,Transferred,Unintentional Falls,Not Admitted,1503,225,3.75,0
2012-2013,2012,Non-urgent,3,Transferred,Unintentional Falls,Not Admitted,85,160,2.67,0
2012-2013,2012,Unknown,3,Transferred,Unintentional Falls,Not Admitted,143,161,2.68,0
2012-2013,2012,CTAS III - Urgent,3,Unknown,Acute Myocardial Infarction,Not Admitted,0,0,0.0,0
2012-2013,2012,Less urgent,3,Unknown,Acute Myocardial Infarction,Not Admitted,0,0,0.0,0
2012-2013,2012,Non-urgent,3,Unknown,Acute Myocardial Infarction,Not Admitted,0,0,0.0,0
2012-2013,2012,Unknown,3,Unknown,Acute Myocardial Infarction,Not Admitted,0,0,0.0,0
2012-2013,2012,CTAS III - Urgent,3,Unknown,Any,Not Admitted,0,0,0.0,0
2012-2013,2012,Less urgent,3,Unknown,Any,Not Admitted,0,0,0.0,0
2012-2013,2012,Non-urgent,3,Unknown,Any,Not Admitted,0,0,0.0,0
2012-2013,2012,Unknown,3,Unknown,Any,Not Admitted,0,0,0.0,0
2012-2013,2012,CTAS III - Urgent,3,Unknown,Asthma,Not Admitted,0,0,0.0,0
2012-2013,2012,Less urgent,3,Unknown,Asthma,Not Admitted,0,0,0.0,0
2012-2013,2012,Non-urgent,3,Unknown,Asthma,Not Admitted,0,0,0.0,0
2012-2013,2012,Unknown,3,Unknown,Asthma,Not Admitted,0,0,0.0,0
2012-2013,2012,CTAS III - Urgent,3,Unknown,Influenzal Pneumonia,Not Admitted,0,0,0.0,0
2012-2013,2012,Less urgent,3,Unknown,Influenzal Pneumonia,Not Admitted,0,0,0.0,0
2012-2013,2012,Non-urgent,3,Unknown,Influenzal Pneumonia,Not Admitted,0,0,0.0,0
2012-2013,2012,Unknown,3,Unknown,Influenzal Pneumonia,Not Admitted,0,0,0.0,0
2012-2013,2012,CTAS III - Urgent,3,Unknown,Motor Vehicle Collisions,Not Admitted,0,0,0.0,0
2012-2013,2012,Less urgent,3,Unknown,Motor Vehicle Collisions,Not Admitted,0,0,0.0,0
2012-2013,2012,Non-urgent,3,Unknown,Motor Vehicle Collisions,Not Admitted,0,0,0.0,0
2012-2013,2012,Unknown,3,Unknown,Motor Vehicle Collisions,Not Admitted,0,0,0.0,0
2012-2013,2012,CTAS III - Urgent,3,Unknown,Pneumonia,Not Admitted,0,0,0.0,0
2012-2013,2012,Less urgent,3,Unknown,Pneumonia,Not Admitted,0,0,0.0,0
2012-2013,2012,Non-urgent,3,Unknown,Pneumonia,Not Admitted,0,0,0.0,0
2012-2013,2012,Unknown,3,Unknown,Pneumonia,Not Admitted,0,0,0.0,0
2012-2013,2012,CTAS III - Urgent,3,Unknown,Trauma,Not Admitted,0,0,0.0,0
2012-2013,2012,Less urgent,3,Unknown,Trauma,Not Admitted,0,0,0.0,0
2012-2013,2012,Non-urgent,3,Unknown,Trauma,Not Admitted,0,0,0.0,0
2012-2013,2012,Unknown,3,Unknown,Trauma,Not Admitted,0,0,0.0,0
2012-2013,2012,CTAS III - Urgent,3,Unknown,Unintentional Falls,Not Admitted,0,0,0.0,0
2012-2013,2012,Less urgent,3,Unknown,Unintentional Falls,Not Admitted,0,0,0.0,0
2012-2013,2012,Non-urgent,3,Unknown,Unintentional Falls,Not Admitted,0,0,0.0,0
2012-2013,2012,Unknown,3,Unknown,Unintentional Falls,Not Admitted,0,0,0.0,0
2011-2012,2011,CTAS I - Resuscitation,1,Admitted,Acute Myocardial Infarction,Admitted,896,103,1.72,1
2011-2012,2011,CTAS I - Resuscitation,1,Admitted,Any,Admitted,29816,355,5.92,1
2011-2012,2011,CTAS I - Resuscitation,1,Admitted,Asthma,Admitted,430,436,7.27,1
2011-2012,2011,CTAS I - Resuscitation,1,Admitted,Influenzal Pneumonia,Admitted,0,563,9.38,1
2011-2012,2011,CTAS I - Resuscitation,1,Admitted,Motor Vehicle Collisions,Admitted,1970,253,4.22,1
2011-2012,2011,CTAS I - Resuscitation,1,Admitted,Pneumonia,Admitted,1062,488,8.13,1
2011-2012,2011,CTAS I - Resuscitation,1,Admitted,Trauma,Admitted,4882,253,4.22,1
2011-2012,2011,CTAS I - Resuscitation,1,Admitted,Unintentional Falls,Admitted,1209,306,5.1,1
2011-2012,2011,CTAS I - Resuscitation,1,Death,Acute Myocardial Infarction,Not Admitted,519,29,0.48,0
2011-2012,2011,CTAS I - Resuscitation,1,Death,Any,Not Admitted,5861,31,0.52,0
2011-2012,2011,CTAS I - Resuscitation,1,Death,Asthma,Not Admitted,0,23,0.38,0
2011-2012,2011,CTAS I - Resuscitation,1,Death,Influenzal Pneumonia,Not Admitted,0,0,0.0,0
2011-2012,2011,CTAS I - Resuscitation,1,Death,Motor Vehicle Collisions,Not Admitted,228,46,0.77,0
2011-2012,2011,CTAS I - Resuscitation,1,Death,Pneumonia,Not Admitted,38,169,2.82,0
2011-2012,2011,CTAS I - Resuscitation,1,Death,Trauma,Not Admitted,586,40,0.67,0
2011-2012,2011,CTAS I - Resuscitation,1,Death,Unintentional Falls,Not Admitted,79,230,3.83,0
2011-2012,2011,CTAS I - Resuscitation,1,Discharged Home,Acute Myocardial Infarction,Not Admitted,21,173,2.88,0
2011-2012,2011,CTAS I - Resuscitation,1,Discharged Home,Any,Not Admitted,11640,266,4.43,0
2011-2012,2011,CTAS I - Resuscitation,1,Discharged Home,Asthma,Not Admitted,334,224,3.73,0
2011-2012,2011,CTAS I - Resuscitation,1,Discharged Home,Influenzal Pneumonia,Not Admitted,0,0,0.0,0
2011-2012,2011,CTAS I - Resuscitation,1,Discharged Home,Motor Vehicle Collisions,Not Admitted,421,263,4.38,0
2011-2012,2011,CTAS I - Resuscitation,1,Discharged Home,Pneumonia,Not Admitted,109,239,3.98,0
2011-2012,2011,CTAS I - Resuscitation,1,Discharged Home,Trauma,Not Admitted,2418,243,4.05,0
2011-2012,2011,CTAS I - Resuscitation,1,Discharged Home,Unintentional Falls,Not Admitted,404,261,4.35,0
2011-2012,2011,CTAS I - Resuscitation,1,Intra-Facility Transfer,Acute Myocardial Infarction,Not Admitted,25,13,0.22,0
2011-2012,2011,CTAS I - Resuscitation,1,Intra-Facility Transfer,Any,Not Admitted,205,170,2.83,0
2011-2012,2011,CTAS I - Resuscitation,1,Intra-Facility Transfer,Asthma,Not Admitted,0,147,2.45,0
2011-2012,2011,CTAS I - Resuscitation,1,Intra-Facility Transfer,Influenzal Pneumonia,Not Admitted,0,0,0.0,0
2011-2012,2011,CTAS I - Resuscitation,1,Intra-Facility Transfer,Motor Vehicle Collisions,Not Admitted,8,272,4.53,0
2011-2012,2011,CTAS I - Resuscitation,1,Intra-Facility Transfer,Pneumonia,Not Admitted,0,180,3.0,0
2011-2012,2011,CTAS I - Resuscitation,1,Intra-Facility Transfer,Trauma,Not Admitted,46,208,3.47,0
2011-2012,2011,CTAS I - Resuscitation,1,Intra-Facility Transfer,Unintentional Falls,Not Admitted,0,154,2.57,0
2011-2012,2011,CTAS I - Resuscitation,1,Not Seen Or Left,Acute Myocardial Infarction,Not Admitted,0,404,6.73,0
2011-2012,2011,CTAS I - Resuscitation,1,Not Seen Or Left,Any,Not Admitted,290,217,3.62,0
2011-2012,2011,CTAS I - Resuscitation,1,Not Seen Or Left,Asthma,Not Admitted,6,170,2.83,0
2011-2012,2011,CTAS I - Resuscitation,1,Not Seen Or Left,Influenzal Pneumonia,Not Admitted,0,0,0.0,0
2011-2012,2011,CTAS I - Resuscitation,1,Not Seen Or Left,Motor Vehicle Collisions,Not Admitted,5,320,5.33,0
2011-2012,2011,CTAS I - Resuscitation,1,Not Seen Or Left,Pneumonia,Not Admitted,0,0,0.0,0
2011-2012,2011,CTAS I - Resuscitation,1,Not Seen Or Left,Trauma,Not Admitted,43,274,4.57,0
2011-2012,2011,CTAS I - Resuscitation,1,Not Seen Or Left,Unintentional Falls,Not Admitted,0,301,5.02,0
2011-2012,2011,CTAS I - Resuscitation,1,Total,Acute Myocardial Infarction,Not Admitted,2073,66,1.1,0
2011-2012,2011,CTAS I - Resuscitation,1,Total,Any,Not Admitted,52891,265,4.42,0
2011-2012,2011,CTAS I - Resuscitation,1,Total,Asthma,Not Admitted,818,292,4.87,0
2011-2012,2011,CTAS I - Resuscitation,1,Total,Influenzal Pneumonia,Not Admitted,0,563,9.38,0
2011-2012,2011,CTAS I - Resuscitation,1,Total,Motor Vehicle Collisions,Not Admitted,3130,218,3.63,0
2011-2012,2011,CTAS I - Resuscitation,1,Total,Pneumonia,Not Admitted,1271,426,7.1,0
2011-2012,2011,CTAS I - Resuscitation,1,Total,Trauma,Not Admitted,9194,221,3.68,0
2011-2012,2011,CTAS I - Resuscitation,1,Total,Unintentional Falls,Not Admitted,1947,267,4.45,0
2011-2012,2011,CTAS I - Resuscitation,1,Transferred,Acute Myocardial Infarction,Not Admitted,612,74,1.23,0
2011-2012,2011,CTAS I - Resuscitation,1,Transferred,Any,Not Admitted,5079,161,2.68,0
2011-2012,2011,CTAS I - Resuscitation,1,Transferred,Asthma,Not Admitted,48,198,3.3,0
2011-2012,2011,CTAS I - Resuscitation,1,Transferred,Influenzal Pneumonia,Not Admitted,0,0,0.0,0
2011-2012,2011,CTAS I - Resuscitation,1,Transferred,Motor Vehicle Collisions,Not Admitted,498,126,2.1,0
2011-2012,2011,CTAS I - Resuscitation,1,Transferred,Pneumonia,Not Admitted,62,241,4.02,0
2011-2012,2011,CTAS I - Resuscitation,1,Transferred,Trauma,Not Admitted,1219,136,2.27,0
2011-2012,2011,CTAS I - Resuscitation,1,Transferred,Unintentional Falls,Not Admitted,255,177,2.95,0
2011-2012,2011,CTAS I - Resuscitation,1,Unknown,Acute Myocardial Infarction,Not Admitted,0,0,0.0,0
2011-2012,2011,CTAS I - Resuscitation,1,Unknown,Any,Not Admitted,0,0,0.0,0
2011-2012,2011,CTAS I - Resuscitation,1,Unknown,Asthma,Not Admitted,0,0,0.0,0
2011-2012,2011,CTAS I - Resuscitation,1,Unknown,Influenzal Pneumonia,Not Admitted,0,0,0.0,0
2011-2012,2011,CTAS I - Resuscitation,1,Unknown,Motor Vehicle Collisions,Not Admitted,0,0,0.0,0
2011-2012,2011,CTAS I - Resuscitation,1,Unknown,Pneumonia,Not Admitted,0,0,0.0,0
2011-2012,2011,CTAS I - Resuscitation,1,Unknown,Trauma,Not Admitted,0,0,0.0,0
2011-2012,2011,CTAS I - Resuscitation,1,Unknown,Unintentional Falls,Not Admitted,0,0,0.0,0
2011-2012,2011,CTAS II - Emergent,2,Admitted,Acute Myocardial Infarction,Admitted,9805,482,8.03,1
2011-2012,2011,CTAS II - Emergent,2,Admitted,Any,Admitted,325405,597,9.95,1
2011-2012,2011,CTAS II - Emergent,2,Admitted,Asthma,Admitted,3176,498,8.3,1
2011-2012,2011,CTAS II - Emergent,2,Admitted,Influenzal Pneumonia,Admitted,12,544,9.07,1
2011-2012,2011,CTAS II - Emergent,2,Admitted,Motor Vehicle Collisions,Admitted,4471,408,6.8,1
2011-2012,2011,CTAS II - Emergent,2,Admitted,Pneumonia,Admitted,14562,676,11.27,1
2011-2012,2011,CTAS II - Emergent,2,Admitted,Trauma,Admitted,21553,456,7.6,1
2011-2012,2011,CTAS II - Emergent,2,Admitted,Unintentional Falls,Admitted,11145,509,8.48,1
2011-2012,2011,CTAS II - Emergent,2,Death,Acute Myocardial Infarction,Not Admitted,107,150,2.5,0
2011-2012,2011,CTAS II - Emergent,2,Death,Any,Not Admitted,1108,208,3.47,0
2011-2012,2011,CTAS II - Emergent,2,Death,Asthma,Not Admitted,0,0,0.0,0
2011-2012,2011,CTAS II - Emergent,2,Death,Influenzal Pneumonia,Not Admitted,0,117,1.95,0
2011-2012,2011,CTAS II - Emergent,2,Death,Motor Vehicle Collisions,Not Admitted,8,187,3.12,0
2011-2012,2011,CTAS II - Emergent,2,Death,Pneumonia,Not Admitted,45,274,4.57,0
2011-2012,2011,CTAS II - Emergent,2,Death,Trauma,Not Admitted,45,262,4.37,0
2011-2012,2011,CTAS II - Emergent,2,Death,Unintentional Falls,Not Admitted,25,319,5.32,0
2011-2012,2011,CTAS II - Emergent,2,Discharged Home,Acute Myocardial Infarction,Not Admitted,375,342,5.7,0
2011-2012,2011,CTAS II - Emergent,2,Discharged Home,Any,Not Admitted,822896,234,3.9,0
2011-2012,2011,CTAS II - Emergent,2,Discharged Home,Asthma,Not Admitted,12985,192,3.2,0
2011-2012,2011,CTAS II - Emergent,2,Discharged Home,Influenzal Pneumonia,Not Admitted,31,243,4.05,0
2011-2012,2011,CTAS II - Emergent,2,Discharged Home,Motor Vehicle Collisions,Not Admitted,21188,184,3.07,0
2011-2012,2011,CTAS II - Emergent,2,Discharged Home,Pneumonia,Not Admitted,11866,225,3.75,0
2011-2012,2011,CTAS II - Emergent,2,Discharged Home,Trauma,Not Admitted,116786,170,2.83,0
2011-2012,2011,CTAS II - Emergent,2,Discharged Home,Unintentional Falls,Not Admitted,33973,198,3.3,0
2011-2012,2011,CTAS II - Emergent,2,Intra-Facility Transfer,Acute Myocardial Infarction,Not Admitted,97,59,0.98,0
2011-2012,2011,CTAS II - Emergent,2,Intra-Facility Transfer,Any,Not Admitted,6141,248,4.13,0
2011-2012,2011,CTAS II - Emergent,2,Intra-Facility Transfer,Asthma,Not Admitted,66,179,2.98,0
2011-2012,2011,CTAS II - Emergent,2,Intra-Facility Transfer,Influenzal Pneumonia,Not Admitted,0,0,0.0,0
2011-2012,2011,CTAS II - Emergent,2,Intra-Facility Transfer,Motor Vehicle Collisions,Not Admitted,50,206,3.43,0
2011-2012,2011,CTAS II - Emergent,2,Intra-Facility Transfer,Pneumonia,Not Admitted,53,220,3.67,0
2011-2012,2011,CTAS II - Emergent,2,Intra-Facility Transfer,Trauma,Not Admitted,759,206,3.43,0
2011-2012,2011,CTAS II - Emergent,2,Intra-Facility Transfer,Unintentional Falls,Not Admitted,135,244,4.07,0
2011-2012,2011,CTAS II - Emergent,2,Not Seen Or Left,Acute Myocardial Infarction,Not Admitted,51,345,5.75,0
2011-2012,2011,CTAS II - Emergent,2,Not Seen Or Left,Any,Not Admitted,29912,164,2.73,0
2011-2012,2011,CTAS II - Emergent,2,Not Seen Or Left,Asthma,Not Admitted,144,160,2.67,0
2011-2012,2011,CTAS II - Emergent,2,Not Seen Or Left,Influenzal Pneumonia,Not Admitted,0,0,0.0,0
2011-2012,2011,CTAS II - Emergent,2,Not Seen Or Left,Motor Vehicle Collisions,Not Admitted,316,152,2.53,0
2011-2012,2011,CTAS II - Emergent,2,Not Seen Or Left,Pneumonia,Not Admitted,80,289,4.82,0
2011-2012,2011,CTAS II - Emergent,2,Not Seen Or Left,Trauma,Not Admitted,2389,136,2.27,0
2011-2012,2011,CTAS II - Emergent,2,Not Seen Or Left,Unintentional Falls,Not Admitted,587,160,2.67,0
2011-2012,2011,CTAS II - Emergent,2,Total,Acute Myocardial Infarction,Not Admitted,13771,351,5.85,0
2011-2012,2011,CTAS II - Emergent,2,Total,Any,Not Admitted,1225039,286,4.77,0
2011-2012,2011,CTAS II - Emergent,2,Total,Asthma,Not Admitted,16689,220,3.67,0
2011-2012,2011,CTAS II - Emergent,2,Total,Influenzal Pneumonia,Not Admitted,43,301,5.02,0
2011-2012,2011,CTAS II - Emergent,2,Total,Motor Vehicle Collisions,Not Admitted,27810,205,3.42,0
2011-2012,2011,CTAS II - Emergent,2,Total,Pneumonia,Not Admitted,27555,366,6.1,0
2011-2012,2011,CTAS II - Emergent,2,Total,Trauma,Not Admitted,147857,191,3.18,0
2011-2012,2011,CTAS II - Emergent,2,Total,Unintentional Falls,Not Admitted,48104,239,3.98,0
2011-2012,2011,CTAS II - Emergent,2,Transferred,Acute Myocardial Infarction,Not Admitted,3336,116,1.93,0
2011-2012,2011,CTAS II - Emergent,2,Transferred,Any,Not Admitted,39577,235,3.92,0
2011-2012,2011,CTAS II - Emergent,2,Transferred,Asthma,Not Admitted,318,256,4.27,0
2011-2012,2011,CTAS II - Emergent,2,Transferred,Influenzal Pneumonia,Not Admitted,0,227,3.78,0
2011-2012,2011,CTAS II - Emergent,2,Transferred,Motor Vehicle Collisions,Not Admitted,1777,200,3.33,0
2011-2012,2011,CTAS II - Emergent,2,Transferred,Pneumonia,Not Admitted,949,244,4.07,0
2011-2012,2011,CTAS II - Emergent,2,Transferred,Trauma,Not Admitted,6325,194,3.23,0
2011-2012,2011,CTAS II - Emergent,2,Transferred,Unintentional Falls,Not Admitted,2239,223,3.72,0
2011-2012,2011,CTAS II - Emergent,2,Unknown,Acute Myocardial Infarction,Not Admitted,0,0,0.0,0
2011-2012,2011,CTAS II - Emergent,2,Unknown,Any,Not Admitted,0,0,0.0,0
2011-2012,2011,CTAS II - Emergent,2,Unknown,Asthma,Not Admitted,0,0,0.0,0
2011-2012,2011,CTAS II - Emergent,2,Unknown,Influenzal Pneumonia,Not Admitted,0,0,0.0,0
2011-2012,2011,CTAS II - Emergent,2,Unknown,Motor Vehicle Collisions,Not Admitted,0,0,0.0,0
2011-2012,2011,CTAS II - Emergent,2,Unknown,Pneumonia,Not Admitted,0,0,0.0,0
2011-2012,2011,CTAS II - Emergent,2,Unknown,Trauma,Not Admitted,0,0,0.0,0
2011-2012,2011,CTAS II - Emergent,2,Unknown,Unintentional Falls,Not Admitted,0,0,0.0,0
2011-2012,2011,CTAS III - Urgent,3,Admitted,Acute Myocardial Infarction,Admitted,3980,534,8.9,1
2011-2012,2011,Less urgent,3,Admitted,Acute Myocardial Infarction,Admitted,399,420,7.0,1
2011-2012,2011,Non-urgent,3,Admitted,Acute Myocardial Infarction,Admitted,48,297,4.95,1
2011-2012,2011,Unknown,3,Admitted,Acute Myocardial Infarction,Admitted,76,192,3.2,1
2011-2012,2011,CTAS III - Urgent,3,Admitted,Any,Admitted,402602,567,9.45,1
2011-2012,2011,Less urgent,3,Admitted,Any,Admitted,68370,395,6.58,1
2011-2012,2011,Non-urgent,3,Admitted,Any,Admitted,8859,299,4.98,1
2011-2012,2011,Unknown,3,Admitted,Any,Admitted,7381,151,2.52,1
2011-2012,2011,CTAS III - Urgent,3,Admitted,Asthma,Admitted,1692,511,8.52,1
2011-2012,2011,Less urgent,3,Admitted,Asthma,Admitted,161,305,5.08,1
2011-2012,2011,Non-urgent,3,Admitted,Asthma,Admitted,20,202,3.37,1
2011-2012,2011,Unknown,3,Admitted,Asthma,Admitted,24,110,1.83,1
2011-2012,2011,CTAS III - Urgent,3,Admitted,Influenzal Pneumonia,Admitted,11,523,8.72,1
2011-2012,2011,Less urgent,3,Admitted,Influenzal Pneumonia,Admitted,0,1182,19.7,1
2011-2012,2011,Non-urgent,3,Admitted,Influenzal Pneumonia,Admitted,0,0,0.0,1
2011-2012,2011,Unknown,3,Admitted,Influenzal Pneumonia,Admitted,0,0,0.0,1
2011-2012,2011,CTAS III - Urgent,3,Admitted,Motor Vehicle Collisions,Admitted,2776,384,6.4,1
2011-2012,2011,Less urgent,3,Admitted,Motor Vehicle Collisions,Admitted,524,312,5.2,1
2011-2012,2011,Non-urgent,3,Admitted,Motor Vehicle Collisions,Admitted,41,183,3.05,1
2011-2012,2011,Unknown,3,Admitted,Motor Vehicle Collisions,Admitted,76,178,2.97,1
2011-2012,2011,CTAS III - Urgent,3,Admitted,Pneumonia,Admitted,14664,601,10.02,1
2011-2012,2011,Less urgent,3,Admitted,Pneumonia,Admitted,1832,313,5.22,1
2011-2012,2011,Non-urgent,3,Admitted,Pneumonia,Admitted,176,238,3.97,1
2011-2012,2011,Unknown,3,Admitted,Pneumonia,Admitted,254,160,2.67,1
2011-2012,2011,CTAS III - Urgent,3,Admitted,Trauma,Admitted,35873,457,7.62,1
2011-2012,2011,Less urgent,3,Admitted,Trauma,Admitted,7513,370,6.17,1
2011-2012,2011,Non-urgent,3,Admitted,Trauma,Admitted,579,246,4.1,1
2011-2012,2011,Unknown,3,Admitted,Trauma,Admitted,465,163,2.72,1
2011-2012,2011,CTAS III - Urgent,3,Admitted,Unintentional Falls,Admitted,25348,484,8.07,1
2011-2012,2011,Less urgent,3,Admitted,Unintentional Falls,Admitted,4759,396,6.6,1
2011-2012,2011,Non-urgent,3,Admitted,Unintentional Falls,Admitted,261,263,4.38,1
2011-2012,2011,Unknown,3,Admitted,Unintentional Falls,Admitted,269,163,2.72,1
2011-2012,2011,CTAS III - Urgent,3,Death,Acute Myocardial Infarction,Not Admitted,34,214,3.57,0
2011-2012,2011,Less urgent,3,Death,Acute Myocardial Infarction,Not Admitted,0,1173,19.55,0
2011-2012,2011,Non-urgent,3,Death,Acute Myocardial Infarction,Not Admitted,0,54,0.9,0
2011-2012,2011,Unknown,3,Death,Acute Myocardial Infarction,Not Admitted,11,14,0.23,0
2011-2012,2011,CTAS III - Urgent,3,Death,Any,Not Admitted,452,304,5.07,0
2011-2012,2011,Less urgent,3,Death,Any,Not Admitted,97,119,1.98,0
2011-2012,2011,Non-urgent,3,Death,Any,Not Admitted,104,28,0.47,0
2011-2012,2011,Unknown,3,Death,Any,Not Admitted,191,13,0.22,0
2011-2012,2011,CTAS III - Urgent,3,Death,Asthma,Not Admitted,0,0,0.0,0
2011-2012,2011,Less urgent,3,Death,Asthma,Not Admitted,0,0,0.0,0
2011-2012,2011,Non-urgent,3,Death,Asthma,Not Admitted,0,0,0.0,0
2011-2012,2011,Unknown,3,Death,Asthma,Not Admitted,0,0,0.0,0
2011-2012,2011,CTAS III - Urgent,3,Death,Influenzal Pneumonia,Not Admitted,0,0,0.0,0
2011-2012,2011,Less urgent,3,Death,Influenzal Pneumonia,Not Admitted,0,0,0.0,0
2011-2012,2011,Non-urgent,3,Death,Influenzal Pneumonia,Not Admitted,0,0,0.0,0
2011-2012,2011,Unknown,3,Death,Influenzal Pneumonia,Not Admitted,0,0,0.0,0
2011-2012,2011,CTAS III - Urgent,3,Death,Motor Vehicle Collisions,Not Admitted,0,0,0.0,0
2011-2012,2011,Less urgent,3,Death,Motor Vehicle Collisions,Not Admitted,0,0,0.0,0
2011-2012,2011,Non-urgent,3,Death,Motor Vehicle Collisions,Not Admitted,0,232,3.87,0
2011-2012,2011,Unknown,3,Death,Motor Vehicle Collisions,Not Admitted,0,38,0.63,0
2011-2012,2011,CTAS III - Urgent,3,Death,Pneumonia,Not Admitted,16,385,6.42,0
2011-2012,2011,Less urgent,3,Death,Pneumonia,Not Admitted,0,125,2.08,0
2011-2012,2011,Non-urgent,3,Death,Pneumonia,Not Admitted,0,39,0.65,0
2011-2012,2011,Unknown,3,Death,Pneumonia,Not Admitted,0,0,0.0,0
2011-2012,2011,CTAS III - Urgent,3,Death,Trauma,Not Admitted,12,254,4.23,0
2011-2012,2011,Less urgent,3,Death,Trauma,Not Admitted,7,45,0.75,0
2011-2012,2011,Non-urgent,3,Death,Trauma,Not Admitted,9,71,1.18,0
2011-2012,2011,Unknown,3,Death,Trauma,Not Admitted,11,34,0.57,0
2011-2012,2011,CTAS III - Urgent,3,Death,Unintentional Falls,Not Admitted,8,246,4.1,0
2011-2012,2011,Less urgent,3,Death,Unintentional Falls,Not Admitted,0,223,3.72,0
2011-2012,2011,Non-urgent,3,Death,Unintentional Falls,Not Admitted,0,0,0.0,0
2011-2012,2011,Unknown,3,Death,Unintentional Falls,Not Admitted,0,102,1.7,0
2011-2012,2011,CTAS III - Urgent,3,Discharged Home,Acute Myocardial Infarction,Not Admitted,212,394,6.57,0
2011-2012,2011,Less urgent,3,Discharged Home,Acute Myocardial Infarction,Not Admitted,32,286,4.77,0
2011-2012,2011,Non-urgent,3,Discharged Home,Acute Myocardial Infarction,Not Admitted,8,158,2.63,0
2011-2012,2011,Unknown,3,Discharged Home,Acute Myocardial Infarction,Not Admitted,21,77,1.28,0
2011-2012,2011,CTAS III - Urgent,3,Discharged Home,Any,Not Admitted,2877205,177,2.95,0
2011-2012,2011,Less urgent,3,Discharged Home,Any,Not Admitted,3127635,105,1.75,0
2011-2012,2011,Non-urgent,3,Discharged Home,Any,Not Admitted,720579,71,1.18,0
2011-2012,2011,Unknown,3,Discharged Home,Any,Not Admitted,127675,66,1.1,0
2011-2012,2011,CTAS III - Urgent,3,Discharged Home,Asthma,Not Admitted,30619,153,2.55,0
2011-2012,2011,Less urgent,3,Discharged Home,Asthma,Not Admitted,16287,103,1.72,0
2011-2012,2011,Non-urgent,3,Discharged Home,Asthma,Not Admitted,2450,73,1.22,0
2011-2012,2011,Unknown,3,Discharged Home,Asthma,Not Admitted,780,69,1.15,0
2011-2012,2011,CTAS III - Urgent,3,Discharged Home,Influenzal Pneumonia,Not Admitted,126,164,2.73,0
2011-2012,2011,Less urgent,3,Discharged Home,Influenzal Pneumonia,Not Admitted,62,124,2.07,0
2011-2012,2011,Non-urgent,3,Discharged Home,Influenzal Pneumonia,Not Admitted,9,66,1.1,0
2011-2012,2011,Unknown,3,Discharged Home,Influenzal Pneumonia,Not Admitted,0,50,0.83,0
2011-2012,2011,CTAS III - Urgent,3,Discharged Home,Motor Vehicle Collisions,Not Admitted,59660,146,2.43,0
2011-2012,2011,Less urgent,3,Discharged Home,Motor Vehicle Collisions,Not Admitted,53745,115,1.92,0
2011-2012,2011,Non-urgent,3,Discharged Home,Motor Vehicle Collisions,Not Admitted,4354,90,1.5,0
2011-2012,2011,Unknown,3,Discharged Home,Motor Vehicle Collisions,Not Admitted,1322,81,1.35,0
2011-2012,2011,CTAS III - Urgent,3,Discharged Home,Pneumonia,Not Admitted,41237,181,3.02,0
2011-2012,2011,Less urgent,3,Discharged Home,Pneumonia,Not Admitted,25175,123,2.05,0
2011-2012,2011,Non-urgent,3,Discharged Home,Pneumonia,Not Admitted,2536,97,1.62,0
2011-2012,2011,Unknown,3,Discharged Home,Pneumonia,Not Admitted,771,95,1.58,0
2011-2012,2011,CTAS III - Urgent,3,Discharged Home,Trauma,Not Admitted,533192,137,2.28,0
2011-2012,2011,Less urgent,3,Discharged Home,Trauma,Not Admitted,897291,108,1.8,0
2011-2012,2011,Non-urgent,3,Discharged Home,Trauma,Not Admitted,96422,83,1.38,0
2011-2012,2011,Unknown,3,Discharged Home,Trauma,Not Admitted,19238,69,1.15,0
2011-2012,2011,CTAS III - Urgent,3,Discharged Home,Unintentional Falls,Not Admitted,183346,156,2.6,0
2011-2012,2011,Less urgent,3,Discharged Home,Unintentional Falls,Not Admitted,244412,118,1.97,0
2011-2012,2011,Non-urgent,3,Discharged Home,Unintentional Falls,Not Admitted,19227,92,1.53,0
2011-2012,2011,Unknown,3,Discharged Home,Unintentional Falls,Not Admitted,3747,74,1.23,0
2011-2012,2011,CTAS III - Urgent,3,Intra-Facility Transfer,Acute Myocardial Infarction,Not Admitted,10,226,3.77,0
2011-2012,2011,Less urgent,3,Intra-Facility Transfer,Acute Myocardial Infarction,Not Admitted,0,101,1.68,0
2011-2012,2011,Non-urgent,3,Intra-Facility Transfer,Acute Myocardial Infarction,Not Admitted,0,6,0.1,0
2011-2012,2011,Unknown,3,Intra-Facility Transfer,Acute Myocardial Infarction,Not Admitted,0,0,0.0,0
2011-2012,2011,CTAS III - Urgent,3,Intra-Facility Transfer,Any,Not Admitted,11787,239,3.98,0
2011-2012,2011,Less urgent,3,Intra-Facility Transfer,Any,Not Admitted,5683,166,2.77,0
2011-2012,2011,Non-urgent,3,Intra-Facility Transfer,Any,Not Admitted,1350,77,1.28,0
2011-2012,2011,Unknown,3,Intra-Facility Transfer,Any,Not Admitted,189,100,1.67,0
2011-2012,2011,CTAS III - Urgent,3,Intra-Facility Transfer,Asthma,Not Admitted,39,156,2.6,0
2011-2012,2011,Less urgent,3,Intra-Facility Transfer,Asthma,Not Admitted,0,76,1.27,0
2011-2012,2011,Non-urgent,3,Intra-Facility Transfer,Asthma,Not Admitted,0,0,0.0,0
2011-2012,2011,Unknown,3,Intra-Facility Transfer,Asthma,Not Admitted,0,0,0.0,0
2011-2012,2011,CTAS III - Urgent,3,Intra-Facility Transfer,Influenzal Pneumonia,Not Admitted,0,0,0.0,0
2011-2012,2011,Less urgent,3,Intra-Facility Transfer,Influenzal Pneumonia,Not Admitted,0,0,0.0,0
2011-2012,2011,Non-urgent,3,Intra-Facility Transfer,Influenzal Pneumonia,Not Admitted,0,0,0.0,0
2011-2012,2011,Unknown,3,Intra-Facility Transfer,Influenzal Pneumonia,Not Admitted,0,0,0.0,0
2011-2012,2011,CTAS III - Urgent,3,Intra-Facility Transfer,Motor Vehicle Collisions,Not Admitted,95,194,3.23,0
2011-2012,2011,Less urgent,3,Intra-Facility Transfer,Motor Vehicle Collisions,Not Admitted,65,134,2.23,0
2011-2012,2011,Non-urgent,3,Intra-Facility Transfer,Motor Vehicle Collisions,Not Admitted,9,80,1.33,0
2011-2012,2011,Unknown,3,Intra-Facility Transfer,Motor Vehicle Collisions,Not Admitted,6,150,2.5,0
2011-2012,2011,CTAS III - Urgent,3,Intra-Facility Transfer,Pneumonia,Not Admitted,54,265,4.42,0
2011-2012,2011,Less urgent,3,Intra-Facility Transfer,Pneumonia,Not Admitted,6,604,10.07,0
2011-2012,2011,Non-urgent,3,Intra-Facility Transfer,Pneumonia,Not Admitted,0,51,0.85,0
2011-2012,2011,Unknown,3,Intra-Facility Transfer,Pneumonia,Not Admitted,0,0,0.0,0
2011-2012,2011,CTAS III - Urgent,3,Intra-Facility Transfer,Trauma,Not Admitted,1817,209,3.48,0
2011-2012,2011,Less urgent,3,Intra-Facility Transfer,Trauma,Not Admitted,1056,153,2.55,0
2011-2012,2011,Non-urgent,3,Intra-Facility Transfer,Trauma,Not Admitted,226,106,1.77,0
2011-2012,2011,Unknown,3,Intra-Facility Transfer,Trauma,Not Admitted,44,93,1.55,0
2011-2012,2011,CTAS III - Urgent,3,Intra-Facility Transfer,Unintentional Falls,Not Admitted,510,222,3.7,0
2011-2012,2011,Less urgent,3,Intra-Facility Transfer,Unintentional Falls,Not Admitted,321,164,2.73,0
2011-2012,2011,Non-urgent,3,Intra-Facility Transfer,Unintentional Falls,Not Admitted,69,110,1.83,0
2011-2012,2011,Unknown,3,Intra-Facility Transfer,Unintentional Falls,Not Admitted,11,65,1.08,0
2011-2012,2011,CTAS III - Urgent,3,Not Seen Or Left,Acute Myocardial Infarction,Not Admitted,34,370,6.17,0
2011-2012,2011,Less urgent,3,Not Seen Or Left,Acute Myocardial Infarction,Not Admitted,6,180,3.0,0
2011-2012,2011,Non-urgent,3,Not Seen Or Left,Acute Myocardial Infarction,Not Admitted,0,193,3.22,0
2011-2012,2011,Unknown,3,Not Seen Or Left,Acute Myocardial Infarction,Not Admitted,0,186,3.1,0
2011-2012,2011,CTAS III - Urgent,3,Not Seen Or Left,Any,Not Admitted,153964,142,2.37,0
2011-2012,2011,Less urgent,3,Not Seen Or Left,Any,Not Admitted,150070,120,2.0,0
2011-2012,2011,Non-urgent,3,Not Seen Or Left,Any,Not Admitted,34174,91,1.52,0
2011-2012,2011,Unknown,3,Not Seen Or Left,Any,Not Admitted,19708,56,0.93,0
2011-2012,2011,CTAS III - Urgent,3,Not Seen Or Left,Asthma,Not Admitted,461,126,2.1,0
2011-2012,2011,Less urgent,3,Not Seen Or Left,Asthma,Not Admitted,185,92,1.53,0
2011-2012,2011,Non-urgent,3,Not Seen Or Left,Asthma,Not Admitted,18,127,2.12,0
2011-2012,2011,Unknown,3,Not Seen Or Left,Asthma,Not Admitted,5,61,1.02,0
2011-2012,2011,CTAS III - Urgent,3,Not Seen Or Left,Influenzal Pneumonia,Not Admitted,0,0,0.0,0
2011-2012,2011,Less urgent,3,Not Seen Or Left,Influenzal Pneumonia,Not Admitted,0,30,0.5,0
2011-2012,2011,Non-urgent,3,Not Seen Or Left,Influenzal Pneumonia,Not Admitted,0,0,0.0,0
2011-2012,2011,Unknown,3,Not Seen Or Left,Influenzal Pneumonia,Not Admitted,0,0,0.0,0
2011-2012,2011,CTAS III - Urgent,3,Not Seen Or Left,Motor Vehicle Collisions,Not Admitted,1574,136,2.27,0
2011-2012,2011,Less urgent,3,Not Seen Or Left,Motor Vehicle Collisions,Not Admitted,1709,123,2.05,0
2011-2012,2011,Non-urgent,3,Not Seen Or Left,Motor Vehicle Collisions,Not Admitted,137,85,1.42,0
2011-2012,2011,Unknown,3,Not Seen Or Left,Motor Vehicle Collisions,Not Admitted,30,39,0.65,0
2011-2012,2011,CTAS III - Urgent,3,Not Seen Or Left,Pneumonia,Not Admitted,156,236,3.93,0
2011-2012,2011,Less urgent,3,Not Seen Or Left,Pneumonia,Not Admitted,77,158,2.63,0
2011-2012,2011,Non-urgent,3,Not Seen Or Left,Pneumonia,Not Admitted,9,171,2.85,0
2011-2012,2011,Unknown,3,Not Seen Or Left,Pneumonia,Not Admitted,0,37,0.62,0
2011-2012,2011,CTAS III - Urgent,3,Not Seen Or Left,Trauma,Not Admitted,16518,127,2.12,0
2011-2012,2011,Less urgent,3,Not Seen Or Left,Trauma,Not Admitted,29453,113,1.88,0
2011-2012,2011,Non-urgent,3,Not Seen Or Left,Trauma,Not Admitted,3656,92,1.53,0
2011-2012,2011,Unknown,3,Not Seen Or Left,Trauma,Not Admitted,876,24,0.4,0
2011-2012,2011,CTAS III - Urgent,3,Not Seen Or Left,Unintentional Falls,Not Admitted,4369,135,2.25,0
2011-2012,2011,Less urgent,3,Not Seen Or Left,Unintentional Falls,Not Admitted,6235,116,1.93,0
2011-2012,2011,Non-urgent,3,Not Seen Or Left,Unintentional Falls,Not Admitted,548,93,1.55,0
2011-2012,2011,Unknown,3,Not Seen Or Left,Unintentional Falls,Not Admitted,96,48,0.8,0
2011-2012,2011,CTAS III - Urgent,3,Total,Acute Myocardial Infarction,Not Admitted,5136,463,7.72,0
2011-2012,2011,Less urgent,3,Total,Acute Myocardial Infarction,Not Admitted,526,366,6.1,0
2011-2012,2011,Non-urgent,3,Total,Acute Myocardial Infarction,Not Admitted,62,222,3.7,0
2011-2012,2011,Unknown,3,Total,Acute Myocardial Infarction,Not Admitted,174,155,2.58,0
2011-2012,2011,CTAS III - Urgent,3,Total,Any,Not Admitted,3497379,194,3.23,0
2011-2012,2011,Less urgent,3,Total,Any,Not Admitted,3366258,108,1.8,0
2011-2012,2011,Non-urgent,3,Total,Any,Not Admitted,767033,73,1.22,0
2011-2012,2011,Unknown,3,Total,Any,Not Admitted,156678,68,1.13,0
2011-2012,2011,CTAS III - Urgent,3,Total,Asthma,Not Admitted,32967,159,2.65,0
2011-2012,2011,Less urgent,3,Total,Asthma,Not Admitted,16647,103,1.72,0
2011-2012,2011,Non-urgent,3,Total,Asthma,Not Admitted,2488,74,1.23,0
2011-2012,2011,Unknown,3,Total,Asthma,Not Admitted,809,70,1.17,0
2011-2012,2011,CTAS III - Urgent,3,Total,Influenzal Pneumonia,Not Admitted,137,182,3.03,0
2011-2012,2011,Less urgent,3,Total,Influenzal Pneumonia,Not Admitted,62,124,2.07,0
2011-2012,2011,Non-urgent,3,Total,Influenzal Pneumonia,Not Admitted,9,66,1.1,0
2011-2012,2011,Unknown,3,Total,Influenzal Pneumonia,Not Admitted,0,50,0.83,0
2011-2012,2011,CTAS III - Urgent,3,Total,Motor Vehicle Collisions,Not Admitted,65462,151,2.52,0
2011-2012,2011,Less urgent,3,Total,Motor Vehicle Collisions,Not Admitted,56311,117,1.95,0
2011-2012,2011,Non-urgent,3,Total,Motor Vehicle Collisions,Not Admitted,4565,91,1.52,0
2011-2012,2011,Unknown,3,Total,Motor Vehicle Collisions,Not Admitted,1520,86,1.43,0
2011-2012,2011,CTAS III - Urgent,3,Total,Pneumonia,Not Admitted,57043,227,3.78,0
2011-2012,2011,Less urgent,3,Total,Pneumonia,Not Admitted,27261,129,2.15,0
2011-2012,2011,Non-urgent,3,Total,Pneumonia,Not Admitted,2734,103,1.72,0
2011-2012,2011,Unknown,3,Total,Pneumonia,Not Admitted,1046,110,1.83,0
2011-2012,2011,CTAS III - Urgent,3,Total,Trauma,Not Admitted,596568,145,2.42,0
2011-2012,2011,Less urgent,3,Total,Trauma,Not Admitted,938392,109,1.82,0
2011-2012,2011,Non-urgent,3,Total,Trauma,Not Admitted,101101,84,1.4,0
2011-2012,2011,Unknown,3,Total,Trauma,Not Admitted,21003,70,1.17,0
2011-2012,2011,CTAS III - Urgent,3,Total,Unintentional Falls,Not Admitted,218364,174,2.9,0
2011-2012,2011,Less urgent,3,Total,Unintentional Falls,Not Admitted,257218,120,2.0,0
2011-2012,2011,Non-urgent,3,Total,Unintentional Falls,Not Admitted,20188,93,1.55,0
2011-2012,2011,Unknown,3,Total,Unintentional Falls,Not Admitted,4278,79,1.32,0
2011-2012,2011,CTAS III - Urgent,3,Transferred,Acute Myocardial Infarction,Not Admitted,866,204,3.4,0
2011-2012,2011,Less urgent,3,Transferred,Acute Myocardial Infarction,Not Admitted,89,261,4.35,0
2011-2012,2011,Non-urgent,3,Transferred,Acute Myocardial Infarction,Not Admitted,6,204,3.4,0
2011-2012,2011,Unknown,3,Transferred,Acute Myocardial Infarction,Not Admitted,66,143,2.38,0
2011-2012,2011,CTAS III - Urgent,3,Transferred,Any,Not Admitted,51369,265,4.42,0
2011-2012,2011,Less urgent,3,Transferred,Any,Not Admitted,14403,218,3.63,0
2011-2012,2011,Non-urgent,3,Transferred,Any,Not Admitted,1967,169,2.82,0
2011-2012,2011,Unknown,3,Transferred,Any,Not Admitted,1534,145,2.42,0
2011-2012,2011,CTAS III - Urgent,3,Transferred,Asthma,Not Admitted,156,321,5.35,0
2011-2012,2011,Less urgent,3,Transferred,Asthma,Not Admitted,14,314,5.23,0
2011-2012,2011,Non-urgent,3,Transferred,Asthma,Not Admitted,0,0,0.0,0
2011-2012,2011,Unknown,3,Transferred,Asthma,Not Admitted,0,186,3.1,0
2011-2012,2011,CTAS III - Urgent,3,Transferred,Influenzal Pneumonia,Not Admitted,0,0,0.0,0
2011-2012,2011,Less urgent,3,Transferred,Influenzal Pneumonia,Not Admitted,0,143,2.38,0
2011-2012,2011,Non-urgent,3,Transferred,Influenzal Pneumonia,Not Admitted,0,0,0.0,0
2011-2012,2011,Unknown,3,Transferred,Influenzal Pneumonia,Not Admitted,0,0,0.0,0
2011-2012,2011,CTAS III - Urgent,3,Transferred,Motor Vehicle Collisions,Not Admitted,1357,198,3.3,0
2011-2012,2011,Less urgent,3,Transferred,Motor Vehicle Collisions,Not Admitted,268,192,3.2,0
2011-2012,2011,Non-urgent,3,Transferred,Motor Vehicle Collisions,Not Admitted,24,139,2.32,0
2011-2012,2011,Unknown,3,Transferred,Motor Vehicle Collisions,Not Admitted,86,152,2.53,0
2011-2012,2011,CTAS III - Urgent,3,Transferred,Pneumonia,Not Admitted,916,288,4.8,0
2011-2012,2011,Less urgent,3,Transferred,Pneumonia,Not Admitted,171,262,4.37,0
2011-2012,2011,Non-urgent,3,Transferred,Pneumonia,Not Admitted,13,285,4.75,0
2011-2012,2011,Unknown,3,Transferred,Pneumonia,Not Admitted,21,192,3.2,0
2011-2012,2011,CTAS III - Urgent,3,Transferred,Trauma,Not Admitted,9156,215,3.58,0
2011-2012,2011,Less urgent,3,Transferred,Trauma,Not Admitted,3072,190,3.17,0
2011-2012,2011,Non-urgent,3,Transferred,Trauma,Not Admitted,209,140,2.33,0
2011-2012,2011,Unknown,3,Transferred,Trauma,Not Admitted,369,150,2.5,0
2011-2012,2011,CTAS III - Urgent,3,Transferred,Unintentional Falls,Not Admitted,4783,247,4.12,0
2011-2012,2011,Less urgent,3,Transferred,Unintentional Falls,Not Admitted,1491,229,3.82,0
2011-2012,2011,Non-urgent,3,Transferred,Unintentional Falls,Not Admitted,83,150,2.5,0
2011-2012,2011,Unknown,3,Transferred,Unintentional Falls,Not Admitted,155,165,2.75,0
2011-2012,2011,CTAS III - Urgent,3,Unknown,Acute Myocardial Infarction,Not Admitted,0,0,0.0,0
2011-2012,2011,Less urgent,3,Unknown,Acute Myocardial Infarction,Not Admitted,0,0,0.0,0
2011-2012,2011,Non-urgent,3,Unknown,Acute Myocardial Infarction,Not Admitted,0,0,0.0,0
2011-2012,2011,Unknown,3,Unknown,Acute Myocardial Infarction,Not Admitted,0,0,0.0,0
2011-2012,2011,CTAS III - Urgent,3,Unknown,Any,Not Admitted,0,0,0.0,0
2011-2012,2011,Less urgent,3,Unknown,Any,Not Admitted,0,0,0.0,0
2011-2012,2011,Non-urgent,3,Unknown,Any,Not Admitted,0,0,0.0,0
2011-2012,2011,Unknown,3,Unknown,Any,Not Admitted,0,0,0.0,0
2011-2012,2011,CTAS III - Urgent,3,Unknown,Asthma,Not Admitted,0,0,0.0,0
2011-2012,2011,Less urgent,3,Unknown,Asthma,Not Admitted,0,0,0.0,0
2011-2012,2011,Non-urgent,3,Unknown,Asthma,Not Admitted,0,0,0.0,0
2011-2012,2011,Unknown,3,Unknown,Asthma,Not Admitted,0,0,0.0,0
2011-2012,2011,CTAS III - Urgent,3,Unknown,Influenzal Pneumonia,Not Admitted,0,0,0.0,0
2011-2012,2011,Less urgent,3,Unknown,Influenzal Pneumonia,Not Admitted,0,0,0.0,0
2011-2012,2011,Non-urgent,3,Unknown,Influenzal Pneumonia,Not Admitted,0,0,0.0,0
2011-2012,2011,Unknown,3,Unknown,Influenzal Pneumonia,Not Admitted,0,0,0.0,0
2011-2012,2011,CTAS III - Urgent,3,Unknown,Motor Vehicle Collisions,Not Admitted,0,0,0.0,0
2011-2012,2011,Less urgent,3,Unknown,Motor Vehicle Collisions,Not Admitted,0,0,0.0,0
2011-2012,2011,Non-urgent,3,Unknown,Motor Vehicle Collisions,Not Admitted,0,0,0.0,0
2011-2012,2011,Unknown,3,Unknown,Motor Vehicle Collisions,Not Admitted,0,0,0.0,0
2011-2012,2011,CTAS III - Urgent,3,Unknown,Pneumonia,Not Admitted,0,0,0.0,0
2011-2012,2011,Less urgent,3,Unknown,Pneumonia,Not Admitted,0,0,0.0,0
2011-2012,2011,Non-urgent,3,Unknown,Pneumonia,Not Admitted,0,0,0.0,0
2011-2012,2011,Unknown,3,Unknown,Pneumonia,Not Admitted,0,0,0.0,0
2011-2012,2011,CTAS III - Urgent,3,Unknown,Trauma,Not Admitted,0,0,0.0,0
2011-2012,2011,Less urgent,3,Unknown,Trauma,Not Admitted,0,0,0.0,0
2011-2012,2011,Non-urgent,3,Unknown,Trauma,Not Admitted,0,0,0.0,0
2011-2012,2011,Unknown,3,Unknown,Trauma,Not Admitted,0,0,0.0,0
2011-2012,2011,CTAS III - Urgent,3,Unknown,Unintentional Falls,Not Admitted,0,0,0.0,0
2011-2012,2011,Less urgent,3,Unknown,Unintentional Falls,Not Admitted,0,0,0.0,0
2011-2012,2011,Non-urgent,3,Unknown,Unintentional Falls,Not Admitted,0,0,0.0,0
2011-2012,2011,Unknown,3,Unknown,Unintentional Falls,Not Admitted,0,0,0.0,0
2010-2011,2010,CTAS I - Resuscitation,1,Admitted,Acute Myocardial Infarction,Admitted,896,110,1.83,1
2010-2011,2010,CTAS I - Resuscitation,1,Admitted,Any,Admitted,25391,353,5.88,1
2010-2011,2010,CTAS I - Resuscitation,1,Admitted,Asthma,Admitted,410,411,6.85,1
2010-2011,2010,CTAS I - Resuscitation,1,Admitted,Influenzal Pneumonia,Admitted,0,1578,26.3,1
2010-2011,2010,CTAS I - Resuscitation,1,Admitted,Motor Vehicle Collisions,Admitted,1936,260,4.33,1
2010-2011,2010,CTAS I - Resuscitation,1,Admitted,Pneumonia,Admitted,923,508,8.47,1
2010-2011,2010,CTAS I - Resuscitation,1,Admitted,Trauma,Admitted,4559,262,4.37,1
2010-2011,2010,CTAS I - Resuscitation,1,Admitted,Unintentional Falls,Admitted,1031,322,5.37,1
2010-2011,2010,CTAS I - Resuscitation,1,Death,Acute Myocardial Infarction,Not Admitted,539,25,0.42,0
2010-2011,2010,CTAS I - Resuscitation,1,Death,Any,Not Admitted,5883,30,0.5,0
2010-2011,2010,CTAS I - Resuscitation,1,Death,Asthma,Not Admitted,0,28,0.47,0
2010-2011,2010,CTAS I - Resuscitation,1,Death,Influenzal Pneumonia,Not Admitted,0,0,0.0,0
2010-2011,2010,CTAS I - Resuscitation,1,Death,Motor Vehicle Collisions,Not Admitted,193,28,0.47,0
2010-2011,2010,CTAS I - Resuscitation,1,Death,Pneumonia,Not Admitted,26,120,2.0,0
2010-2011,2010,CTAS I - Resuscitation,1,Death,Trauma,Not Admitted,537,38,0.63,0
2010-2011,2010,CTAS I - Resuscitation,1,Death,Unintentional Falls,Not Admitted,89,165,2.75,0
2010-2011,2010,CTAS I - Resuscitation,1,Discharged Home,Acute Myocardial Infarction,Not Admitted,10,67,1.12,0
2010-2011,2010,CTAS I - Resuscitation,1,Discharged Home,Any,Not Admitted,9704,262,4.37,0
2010-2011,2010,CTAS I - Resuscitation,1,Discharged Home,Asthma,Not Admitted,363,223,3.72,0
2010-2011,2010,CTAS I - Resuscitation,1,Discharged Home,Influenzal Pneumonia,Not Admitted,0,0,0.0,0
2010-2011,2010,CTAS I - Resuscitation,1,Discharged Home,Motor Vehicle Collisions,Not Admitted,430,255,4.25,0
2010-2011,2010,CTAS I - Resuscitation,1,Discharged Home,Pneumonia,Not Admitted,110,213,3.55,0
2010-2011,2010,CTAS I - Resuscitation,1,Discharged Home,Trauma,Not Admitted,2247,247,4.12,0
2010-2011,2010,CTAS I - Resuscitation,1,Discharged Home,Unintentional Falls,Not Admitted,422,269,4.48,0
2010-2011,2010,CTAS I - Resuscitation,1,Intra-Facility Transfer,Acute Myocardial Infarction,Not Admitted,20,11,0.18,0
2010-2011,2010,CTAS I - Resuscitation,1,Intra-Facility Transfer,Any,Not Admitted,155,174,2.9,0
2010-2011,2010,CTAS I - Resuscitation,1,Intra-Facility Transfer,Asthma,Not Admitted,0,190,3.17,0
2010-2011,2010,CTAS I - Resuscitation,1,Intra-Facility Transfer,Influenzal Pneumonia,Not Admitted,0,0,0.0,0
2010-2011,2010,CTAS I - Resuscitation,1,Intra-Facility Transfer,Motor Vehicle Collisions,Not Admitted,0,80,1.33,0
2010-2011,2010,CTAS I - Resuscitation,1,Intra-Facility Transfer,Pneumonia,Not Admitted,0,217,3.62,0
2010-2011,2010,CTAS I - Resuscitation,1,Intra-Facility Transfer,Trauma,Not Admitted,37,180,3.0,0
2010-2011,2010,CTAS I - Resuscitation,1,Intra-Facility Transfer,Unintentional Falls,Not Admitted,5,125,2.08,0
2010-2011,2010,CTAS I - Resuscitation,1,Not Seen Or Left,Acute Myocardial Infarction,Not Admitted,0,1667,27.78,0
2010-2011,2010,CTAS I - Resuscitation,1,Not Seen Or Left,Any,Not Admitted,222,220,3.67,0
2010-2011,2010,CTAS I - Resuscitation,1,Not Seen Or Left,Asthma,Not Admitted,0,136,2.27,0
2010-2011,2010,CTAS I - Resuscitation,1,Not Seen Or Left,Influenzal Pneumonia,Not Admitted,0,0,0.0,0
2010-2011,2010,CTAS I - Resuscitation,1,Not Seen Or Left,Motor Vehicle Collisions,Not Admitted,6,314,5.23,0
2010-2011,2010,CTAS I - Resuscitation,1,Not Seen Or Left,Pneumonia,Not Admitted,0,259,4.32,0
2010-2011,2010,CTAS I - Resuscitation,1,Not Seen Or Left,Trauma,Not Admitted,31,225,3.75,0
2010-2011,2010,CTAS I - Resuscitation,1,Not Seen Or Left,Unintentional Falls,Not Admitted,0,273,4.55,0
2010-2011,2010,CTAS I - Resuscitation,1,Total,Acute Myocardial Infarction,Not Admitted,2024,74,1.23,0
2010-2011,2010,CTAS I - Resuscitation,1,Total,Any,Not Admitted,45883,258,4.3,0
2010-2011,2010,CTAS I - Resuscitation,1,Total,Asthma,Not Admitted,810,300,5.0,0
2010-2011,2010,CTAS I - Resuscitation,1,Total,Influenzal Pneumonia,Not Admitted,0,1578,26.3,0
2010-2011,2010,CTAS I - Resuscitation,1,Total,Motor Vehicle Collisions,Not Admitted,3024,226,3.77,0
2010-2011,2010,CTAS I - Resuscitation,1,Total,Pneumonia,Not Admitted,1110,427,7.12,0
2010-2011,2010,CTAS I - Resuscitation,1,Total,Trauma,Not Admitted,8557,226,3.77,0
2010-2011,2010,CTAS I - Resuscitation,1,Total,Unintentional Falls,Not Admitted,1772,272,4.53,0
2010-2011,2010,CTAS I - Resuscitation,1,Transferred,Acute Myocardial Infarction,Not Admitted,559,78,1.3,0
2010-2011,2010,CTAS I - Resuscitation,1,Transferred,Any,Not Admitted,4528,160,2.67,0
2010-2011,2010,CTAS I - Resuscitation,1,Transferred,Asthma,Not Admitted,37,207,3.45,0
2010-2011,2010,CTAS I - Resuscitation,1,Transferred,Influenzal Pneumonia,Not Admitted,0,0,0.0,0
2010-2011,2010,CTAS I - Resuscitation,1,Transferred,Motor Vehicle Collisions,Not Admitted,459,125,2.08,0
2010-2011,2010,CTAS I - Resuscitation,1,Transferred,Pneumonia,Not Admitted,51,215,3.58,0
2010-2011,2010,CTAS I - Resuscitation,1,Transferred,Trauma,Not Admitted,1146,140,2.33,0
2010-2011,2010,CTAS I - Resuscitation,1,Transferred,Unintentional Falls,Not Admitted,225,178,2.97,0
2010-2011,2010,CTAS I - Resuscitation,1,Unknown,Acute Myocardial Infarction,Not Admitted,0,0,0.0,0
2010-2011,2010,CTAS I - Resuscitation,1,Unknown,Any,Not Admitted,0,0,0.0,0
2010-2011,2010,CTAS I - Resuscitation,1,Unknown,Asthma,Not Admitted,0,0,0.0,0
2010-2011,2010,CTAS I - Resuscitation,1,Unknown,Influenzal Pneumonia,Not Admitted,0,0,0.0,0
2010-2011,2010,CTAS I - Resuscitation,1,Unknown,Motor Vehicle Collisions,Not Admitted,0,0,0.0,0
2010-2011,2010,CTAS I - Resuscitation,1,Unknown,Pneumonia,Not Admitted,0,0,0.0,0
2010-2011,2010,CTAS I - Resuscitation,1,Unknown,Trauma,Not Admitted,0,0,0.0,0
2010-2011,2010,CTAS I - Resuscitation,1,Unknown,Unintentional Falls,Not Admitted,0,0,0.0,0
2010-2011,2010,CTAS II - Emergent,2,Admitted,Acute Myocardial Infarction,Admitted,9441,494,8.23,1
2010-2011,2010,CTAS II - Emergent,2,Admitted,Any,Admitted,283885,629,10.48,1
2010-2011,2010,CTAS II - Emergent,2,Admitted,Asthma,Admitted,3274,495,8.25,1
2010-2011,2010,CTAS II - Emergent,2,Admitted,Influenzal Pneumonia,Admitted,31,820,13.67,1
2010-2011,2010,CTAS II - Emergent,2,Admitted,Motor Vehicle Collisions,Admitted,4300,417,6.95,1
2010-2011,2010,CTAS II - Emergent,2,Admitted,Pneumonia,Admitted,13901,794,13.23,1
2010-2011,2010,CTAS II - Emergent,2,Admitted,Trauma,Admitted,20534,464,7.73,1
2010-2011,2010,CTAS II - Emergent,2,Admitted,Unintentional Falls,Admitted,10559,525,8.75,1
2010-2011,2010,CTAS II - Emergent,2,Death,Acute Myocardial Infarction,Not Admitted,109,150,2.5,0
2010-2011,2010,CTAS II - Emergent,2,Death,Any,Not Admitted,1153,205,3.42,0
2010-2011,2010,CTAS II - Emergent,2,Death,Asthma,Not Admitted,0,0,0.0,0
2010-2011,2010,CTAS II - Emergent,2,Death,Influenzal Pneumonia,Not Admitted,0,0,0.0,0
2010-2011,2010,CTAS II - Emergent,2,Death,Motor Vehicle Collisions,Not Admitted,8,150,2.5,0
2010-2011,2010,CTAS II - Emergent,2,Death,Pneumonia,Not Admitted,63,215,3.58,0
2010-2011,2010,CTAS II - Emergent,2,Death,Trauma,Not Admitted,42,196,3.27,0
2010-2011,2010,CTAS II - Emergent,2,Death,Unintentional Falls,Not Admitted,24,298,4.97,0
2010-2011,2010,CTAS II - Emergent,2,Discharged Home,Acute Myocardial Infarction,Not Admitted,400,406,6.77,0
2010-2011,2010,CTAS II - Emergent,2,Discharged Home,Any,Not Admitted,708158,238,3.97,0
2010-2011,2010,CTAS II - Emergent,2,Discharged Home,Asthma,Not Admitted,13473,193,3.22,0
2010-2011,2010,CTAS II - Emergent,2,Discharged Home,Influenzal Pneumonia,Not Admitted,44,208,3.47,0
2010-2011,2010,CTAS II - Emergent,2,Discharged Home,Motor Vehicle Collisions,Not Admitted,21278,185,3.08,0
2010-2011,2010,CTAS II - Emergent,2,Discharged Home,Pneumonia,Not Admitted,10289,231,3.85,0
2010-2011,2010,CTAS II - Emergent,2,Discharged Home,Trauma,Not Admitted,109089,171,2.85,0
2010-2011,2010,CTAS II - Emergent,2,Discharged Home,Unintentional Falls,Not Admitted,31241,199,3.32,0
2010-2011,2010,CTAS II - Emergent,2,Intra-Facility Transfer,Acute Myocardial Infarction,Not Admitted,72,53,0.88,0
2010-2011,2010,CTAS II - Emergent,2,Intra-Facility Transfer,Any,Not Admitted,4192,232,3.87,0
2010-2011,2010,CTAS II - Emergent,2,Intra-Facility Transfer,Asthma,Not Admitted,55,143,2.38,0
2010-2011,2010,CTAS II - Emergent,2,Intra-Facility Transfer,Influenzal Pneumonia,Not Admitted,0,0,0.0,0
2010-2011,2010,CTAS II - Emergent,2,Intra-Facility Transfer,Motor Vehicle Collisions,Not Admitted,49,174,2.9,0
2010-2011,2010,CTAS II - Emergent,2,Intra-Facility Transfer,Pneumonia,Not Admitted,42,262,4.37,0
2010-2011,2010,CTAS II - Emergent,2,Intra-Facility Transfer,Trauma,Not Admitted,708,208,3.47,0
2010-2011,2010,CTAS II - Emergent,2,Intra-Facility Transfer,Unintentional Falls,Not Admitted,128,230,3.83,0
2010-2011,2010,CTAS II - Emergent,2,Not Seen Or Left,Acute Myocardial Infarction,Not Admitted,36,443,7.38,0
2010-2011,2010,CTAS II - Emergent,2,Not Seen Or Left,Any,Not Admitted,26041,164,2.73,0
2010-2011,2010,CTAS II - Emergent,2,Not Seen Or Left,Asthma,Not Admitted,182,172,2.87,0
2010-2011,2010,CTAS II - Emergent,2,Not Seen Or Left,Influenzal Pneumonia,Not Admitted,0,0,0.0,0
2010-2011,2010,CTAS II - Emergent,2,Not Seen Or Left,Motor Vehicle Collisions,Not Admitted,311,157,2.62,0
2010-2011,2010,CTAS II - Emergent,2,Not Seen Or Left,Pneumonia,Not Admitted,64,293,4.88,0
2010-2011,2010,CTAS II - Emergent,2,Not Seen Or Left,Trauma,Not Admitted,2193,138,2.3,0
2010-2011,2010,CTAS II - Emergent,2,Not Seen Or Left,Unintentional Falls,Not Admitted,526,154,2.57,0
2010-2011,2010,CTAS II - Emergent,2,Total,Acute Myocardial Infarction,Not Admitted,13121,356,5.93,0
2010-2011,2010,CTAS II - Emergent,2,Total,Any,Not Admitted,1056757,290,4.83,0
2010-2011,2010,CTAS II - Emergent,2,Total,Asthma,Not Admitted,17329,222,3.7,0
2010-2011,2010,CTAS II - Emergent,2,Total,Influenzal Pneumonia,Not Admitted,75,308,5.13,0
2010-2011,2010,CTAS II - Emergent,2,Total,Motor Vehicle Collisions,Not Admitted,27581,205,3.42,0
2010-2011,2010,CTAS II - Emergent,2,Total,Pneumonia,Not Admitted,25209,400,6.67,0
2010-2011,2010,CTAS II - Emergent,2,Total,Trauma,Not Admitted,138272,193,3.22,0
2010-2011,2010,CTAS II - Emergent,2,Total,Unintentional Falls,Not Admitted,44490,241,4.02,0
2010-2011,2010,CTAS II - Emergent,2,Transferred,Acute Myocardial Infarction,Not Admitted,3063,116,1.93,0
2010-2011,2010,CTAS II - Emergent,2,Transferred,Any,Not Admitted,33328,231,3.85,0
2010-2011,2010,CTAS II - Emergent,2,Transferred,Asthma,Not Admitted,345,286,4.77,0
2010-2011,2010,CTAS II - Emergent,2,Transferred,Influenzal Pneumonia,Not Admitted,0,688,11.47,0
2010-2011,2010,CTAS II - Emergent,2,Transferred,Motor Vehicle Collisions,Not Admitted,1635,198,3.3,0
2010-2011,2010,CTAS II - Emergent,2,Transferred,Pneumonia,Not Admitted,850,256,4.27,0
2010-2011,2010,CTAS II - Emergent,2,Transferred,Trauma,Not Admitted,5706,191,3.18,0
2010-2011,2010,CTAS II - Emergent,2,Transferred,Unintentional Falls,Not Admitted,2012,223,3.72,0
2010-2011,2010,CTAS II - Emergent,2,Unknown,Acute Myocardial Infarction,Not Admitted,0,0,0.0,0
2010-2011,2010,CTAS II - Emergent,2,Unknown,Any,Not Admitted,0,0,0.0,0
2010-2011,2010,CTAS II - Emergent,2,Unknown,Asthma,Not Admitted,0,0,0.0,0
2010-2011,2010,CTAS II - Emergent,2,Unknown,Influenzal Pneumonia,Not Admitted,0,0,0.0,0
2010-2011,2010,CTAS II - Emergent,2,Unknown,Motor Vehicle Collisions,Not Admitted,0,0,0.0,0
2010-2011,2010,CTAS II - Emergent,2,Unknown,Pneumonia,Not Admitted,0,0,0.0,0
2010-2011,2010,CTAS II - Emergent,2,Unknown,Trauma,Not Admitted,0,0,0.0,0
2010-2011,2010,CTAS II - Emergent,2,Unknown,Unintentional Falls,Not Admitted,0,0,0.0,0
2010-2011,2010,CTAS III - Urgent,3,Admitted,Acute Myocardial Infarction,Admitted,4018,591,9.85,1
2010-2011,2010,Less urgent,3,Admitted,Acute Myocardial Infarction,Admitted,391,430,7.17,1
2010-2011,2010,Non-urgent,3,Admitted,Acute Myocardial Infarction,Admitted,22,352,5.87,1
2010-2011,2010,Unknown,3,Admitted,Acute Myocardial Infarction,Admitted,74,216,3.6,1
2010-2011,2010,CTAS III - Urgent,3,Admitted,Any,Admitted,351882,595,9.92,1
2010-2011,2010,Less urgent,3,Admitted,Any,Admitted,63916,373,6.22,1
2010-2011,2010,Non-urgent,3,Admitted,Any,Admitted,7248,255,4.25,1
2010-2011,2010,Unknown,3,Admitted,Any,Admitted,7699,137,2.28,1
2010-2011,2010,CTAS III - Urgent,3,Admitted,Asthma,Admitted,1774,530,8.83,1
2010-2011,2010,Less urgent,3,Admitted,Asthma,Admitted,176,238,3.97,1
2010-2011,2010,Non-urgent,3,Admitted,Asthma,Admitted,18,98,1.63,1
2010-2011,2010,Unknown,3,Admitted,Asthma,Admitted,41,130,2.17,1
2010-2011,2010,CTAS III - Urgent,3,Admitted,Influenzal Pneumonia,Admitted,37,932,15.53,1
2010-2011,2010,Less urgent,3,Admitted,Influenzal Pneumonia,Admitted,7,183,3.05,1
2010-2011,2010,Non-urgent,3,Admitted,Influenzal Pneumonia,Admitted,0,0,0.0,1
2010-2011,2010,Unknown,3,Admitted,Influenzal Pneumonia,Admitted,0,0,0.0,1
2010-2011,2010,CTAS III - Urgent,3,Admitted,Motor Vehicle Collisions,Admitted,2826,373,6.22,1
2010-2011,2010,Less urgent,3,Admitted,Motor Vehicle Collisions,Admitted,536,342,5.7,1
2010-2011,2010,Non-urgent,3,Admitted,Motor Vehicle Collisions,Admitted,51,189,3.15,1
2010-2011,2010,Unknown,3,Admitted,Motor Vehicle Collisions,Admitted,87,129,2.15,1
2010-2011,2010,CTAS III - Urgent,3,Admitted,Pneumonia,Admitted,14310,685,11.42,1
2010-2011,2010,Less urgent,3,Admitted,Pneumonia,Admitted,1958,324,5.4,1
2010-2011,2010,Non-urgent,3,Admitted,Pneumonia,Admitted,179,190,3.17,1
2010-2011,2010,Unknown,3,Admitted,Pneumonia,Admitted,279,147,2.45,1
2010-2011,2010,CTAS III - Urgent,3,Admitted,Trauma,Admitted,35975,480,8.0,1
2010-2011,2010,Less urgent,3,Admitted,Trauma,Admitted,8310,365,6.08,1
2010-2011,2010,Non-urgent,3,Admitted,Trauma,Admitted,560,260,4.33,1
2010-2011,2010,Unknown,3,Admitted,Trauma,Admitted,515,155,2.58,1
2010-2011,2010,CTAS III - Urgent,3,Admitted,Unintentional Falls,Admitted,25527,512,8.53,1
2010-2011,2010,Less urgent,3,Admitted,Unintentional Falls,Admitted,5330,387,6.45,1
2010-2011,2010,Non-urgent,3,Admitted,Unintentional Falls,Admitted,259,252,4.2,1
2010-2011,2010,Unknown,3,Admitted,Unintentional Falls,Admitted,277,169,2.82,1
2010-2011,2010,CTAS III - Urgent,3,Death,Acute Myocardial Infarction,Not Admitted,34,164,2.73,0
2010-2011,2010,Less urgent,3,Death,Acute Myocardial Infarction,Not Admitted,7,97,1.62,0
2010-2011,2010,Non-urgent,3,Death,Acute Myocardial Infarction,Not Admitted,8,9,0.15,0
2010-2011,2010,Unknown,3,Death,Acute Myocardial Infarction,Not Admitted,10,116,1.93,0
2010-2011,2010,CTAS III - Urgent,3,Death,Any,Not Admitted,467,286,4.77,0
2010-2011,2010,Less urgent,3,Death,Any,Not Admitted,140,105,1.75,0
2010-2011,2010,Non-urgent,3,Death,Any,Not Admitted,169,15,0.25,0
2010-2011,2010,Unknown,3,Death,Any,Not Admitted,199,15,0.25,0
2010-2011,2010,CTAS III - Urgent,3,Death,Asthma,Not Admitted,0,64,1.07,0
2010-2011,2010,Less urgent,3,Death,Asthma,Not Admitted,0,0,0.0,0
2010-2011,2010,Non-urgent,3,Death,Asthma,Not Admitted,0,0,0.0,0
2010-2011,2010,Unknown,3,Death,Asthma,Not Admitted,0,0,0.0,0
2010-2011,2010,CTAS III - Urgent,3,Death,Influenzal Pneumonia,Not Admitted,0,0,0.0,0
2010-2011,2010,Less urgent,3,Death,Influenzal Pneumonia,Not Admitted,0,0,0.0,0
2010-2011,2010,Non-urgent,3,Death,Influenzal Pneumonia,Not Admitted,0,0,0.0,0
2010-2011,2010,Unknown,3,Death,Influenzal Pneumonia,Not Admitted,0,0,0.0,0
2010-2011,2010,CTAS III - Urgent,3,Death,Motor Vehicle Collisions,Not Admitted,0,114,1.9,0
2010-2011,2010,Less urgent,3,Death,Motor Vehicle Collisions,Not Admitted,0,105,1.75,0
2010-2011,2010,Non-urgent,3,Death,Motor Vehicle Collisions,Not Admitted,0,17,0.28,0
2010-2011,2010,Unknown,3,Death,Motor Vehicle Collisions,Not Admitted,16,17,0.28,0
2010-2011,2010,CTAS III - Urgent,3,Death,Pneumonia,Not Admitted,21,260,4.33,0
2010-2011,2010,Less urgent,3,Death,Pneumonia,Not Admitted,0,333,5.55,0
2010-2011,2010,Non-urgent,3,Death,Pneumonia,Not Admitted,0,25,0.42,0
2010-2011,2010,Unknown,3,Death,Pneumonia,Not Admitted,0,0,0.0,0
2010-2011,2010,CTAS III - Urgent,3,Death,Trauma,Not Admitted,27,252,4.2,0
2010-2011,2010,Less urgent,3,Death,Trauma,Not Admitted,16,70,1.17,0
2010-2011,2010,Non-urgent,3,Death,Trauma,Not Admitted,12,26,0.43,0
2010-2011,2010,Unknown,3,Death,Trauma,Not Admitted,25,8,0.13,0
2010-2011,2010,CTAS III - Urgent,3,Death,Unintentional Falls,Not Admitted,14,314,5.23,0
2010-2011,2010,Less urgent,3,Death,Unintentional Falls,Not Admitted,0,126,2.1,0
2010-2011,2010,Non-urgent,3,Death,Unintentional Falls,Not Admitted,0,122,2.03,0
2010-2011,2010,Unknown,3,Death,Unintentional Falls,Not Admitted,0,0,0.0,0
2010-2011,2010,CTAS III - Urgent,3,Discharged Home,Acute Myocardial Infarction,Not Admitted,232,347,5.78,0
2010-2011,2010,Less urgent,3,Discharged Home,Acute Myocardial Infarction,Not Admitted,45,180,3.0,0
2010-2011,2010,Non-urgent,3,Discharged Home,Acute Myocardial Infarction,Not Admitted,15,69,1.15,0
2010-2011,2010,Unknown,3,Discharged Home,Acute Myocardial Infarction,Not Admitted,17,156,2.6,0
2010-2011,2010,CTAS III - Urgent,3,Discharged Home,Any,Not Admitted,2518348,178,2.97,0
2010-2011,2010,Less urgent,3,Discharged Home,Any,Not Admitted,2870321,105,1.75,0
2010-2011,2010,Non-urgent,3,Discharged Home,Any,Not Admitted,695121,69,1.15,0
2010-2011,2010,Unknown,3,Discharged Home,Any,Not Admitted,147888,64,1.07,0
2010-2011,2010,CTAS III - Urgent,3,Discharged Home,Asthma,Not Admitted,31549,156,2.6,0
2010-2011,2010,Less urgent,3,Discharged Home,Asthma,Not Admitted,17255,100,1.67,0
2010-2011,2010,Non-urgent,3,Discharged Home,Asthma,Not Admitted,2701,70,1.17,0
2010-2011,2010,Unknown,3,Discharged Home,Asthma,Not Admitted,920,71,1.18,0
2010-2011,2010,CTAS III - Urgent,3,Discharged Home,Influenzal Pneumonia,Not Admitted,166,175,2.92,0
2010-2011,2010,Less urgent,3,Discharged Home,Influenzal Pneumonia,Not Admitted,129,122,2.03,0
2010-2011,2010,Non-urgent,3,Discharged Home,Influenzal Pneumonia,Not Admitted,10,117,1.95,0
2010-2011,2010,Unknown,3,Discharged Home,Influenzal Pneumonia,Not Admitted,8,72,1.2,0
2010-2011,2010,CTAS III - Urgent,3,Discharged Home,Motor Vehicle Collisions,Not Admitted,58900,147,2.45,0
2010-2011,2010,Less urgent,3,Discharged Home,Motor Vehicle Collisions,Not Admitted,55537,117,1.95,0
2010-2011,2010,Non-urgent,3,Discharged Home,Motor Vehicle Collisions,Not Admitted,4833,88,1.47,0
2010-2011,2010,Unknown,3,Discharged Home,Motor Vehicle Collisions,Not Admitted,1551,84,1.4,0
2010-2011,2010,CTAS III - Urgent,3,Discharged Home,Pneumonia,Not Admitted,36124,190,3.17,0
2010-2011,2010,Less urgent,3,Discharged Home,Pneumonia,Not Admitted,22739,126,2.1,0
2010-2011,2010,Non-urgent,3,Discharged Home,Pneumonia,Not Admitted,2294,86,1.43,0
2010-2011,2010,Unknown,3,Discharged Home,Pneumonia,Not Admitted,827,89,1.48,0
2010-2011,2010,CTAS III - Urgent,3,Discharged Home,Trauma,Not Admitted,503221,139,2.32,0
2010-2011,2010,Less urgent,3,Discharged Home,Trauma,Not Admitted,888244,109,1.82,0
2010-2011,2010,Non-urgent,3,Discharged Home,Trauma,Not Admitted,100200,82,1.37,0
2010-2011,2010,Unknown,3,Discharged Home,Trauma,Not Admitted,21287,72,1.2,0
2010-2011,2010,CTAS III - Urgent,3,Discharged Home,Unintentional Falls,Not Admitted,173548,158,2.63,0
2010-2011,2010,Less urgent,3,Discharged Home,Unintentional Falls,Not Admitted,244229,120,2.0,0
2010-2011,2010,Non-urgent,3,Discharged Home,Unintentional Falls,Not Admitted,19744,90,1.5,0
2010-2011,2010,Unknown,3,Discharged Home,Unintentional Falls,Not Admitted,4135,78,1.3,0
2010-2011,2010,CTAS III - Urgent,3,Intra-Facility Transfer,Acute Myocardial Infarction,Not Admitted,6,541,9.02,0
2010-2011,2010,Less urgent,3,Intra-Facility Transfer,Acute Myocardial Infarction,Not Admitted,0,159,2.65,0
2010-2011,2010,Non-urgent,3,Intra-Facility Transfer,Acute Myocardial Infarction,Not Admitted,0,0,0.0,0
2010-2011,2010,Unknown,3,Intra-Facility Transfer,Acute Myocardial Infarction,Not Admitted,0,0,0.0,0
2010-2011,2010,CTAS III - Urgent,3,Intra-Facility Transfer,Any,Not Admitted,9263,244,4.07,0
2010-2011,2010,Less urgent,3,Intra-Facility Transfer,Any,Not Admitted,4429,155,2.58,0
2010-2011,2010,Non-urgent,3,Intra-Facility Transfer,Any,Not Admitted,1267,67,1.12,0
2010-2011,2010,Unknown,3,Intra-Facility Transfer,Any,Not Admitted,184,85,1.42,0
2010-2011,2010,CTAS III - Urgent,3,Intra-Facility Transfer,Asthma,Not Admitted,36,176,2.93,0
2010-2011,2010,Less urgent,3,Intra-Facility Transfer,Asthma,Not Admitted,0,68,1.13,0
2010-2011,2010,Non-urgent,3,Intra-Facility Transfer,Asthma,Not Admitted,0,0,0.0,0
2010-2011,2010,Unknown,3,Intra-Facility Transfer,Asthma,Not Admitted,0,0,0.0,0
2010-2011,2010,CTAS III - Urgent,3,Intra-Facility Transfer,Influenzal Pneumonia,Not Admitted,0,0,0.0,0
2010-2011,2010,Less urgent,3,Intra-Facility Transfer,Influenzal Pneumonia,Not Admitted,0,0,0.0,0
2010-2011,2010,Non-urgent,3,Intra-Facility Transfer,Influenzal Pneumonia,Not Admitted,0,0,0.0,0
2010-2011,2010,Unknown,3,Intra-Facility Transfer,Influenzal Pneumonia,Not Admitted,0,0,0.0,0
2010-2011,2010,CTAS III - Urgent,3,Intra-Facility Transfer,Motor Vehicle Collisions,Not Admitted,127,150,2.5,0
2010-2011,2010,Less urgent,3,Intra-Facility Transfer,Motor Vehicle Collisions,Not Admitted,83,145,2.42,0
2010-2011,2010,Non-urgent,3,Intra-Facility Transfer,Motor Vehicle Collisions,Not Admitted,8,69,1.15,0
2010-2011,2010,Unknown,3,Intra-Facility Transfer,Motor Vehicle Collisions,Not Admitted,0,152,2.53,0
2010-2011,2010,CTAS III - Urgent,3,Intra-Facility Transfer,Pneumonia,Not Admitted,46,225,3.75,0
2010-2011,2010,Less urgent,3,Intra-Facility Transfer,Pneumonia,Not Admitted,10,416,6.93,0
2010-2011,2010,Non-urgent,3,Intra-Facility Transfer,Pneumonia,Not Admitted,0,0,0.0,0
2010-2011,2010,Unknown,3,Intra-Facility Transfer,Pneumonia,Not Admitted,0,406,6.77,0
2010-2011,2010,CTAS III - Urgent,3,Intra-Facility Transfer,Trauma,Not Admitted,1794,204,3.4,0
2010-2011,2010,Less urgent,3,Intra-Facility Transfer,Trauma,Not Admitted,1285,140,2.33,0
2010-2011,2010,Non-urgent,3,Intra-Facility Transfer,Trauma,Not Admitted,234,114,1.9,0
2010-2011,2010,Unknown,3,Intra-Facility Transfer,Trauma,Not Admitted,55,102,1.7,0
2010-2011,2010,CTAS III - Urgent,3,Intra-Facility Transfer,Unintentional Falls,Not Admitted,520,219,3.65,0
2010-2011,2010,Less urgent,3,Intra-Facility Transfer,Unintentional Falls,Not Admitted,428,144,2.4,0
2010-2011,2010,Non-urgent,3,Intra-Facility Transfer,Unintentional Falls,Not Admitted,58,114,1.9,0
2010-2011,2010,Unknown,3,Intra-Facility Transfer,Unintentional Falls,Not Admitted,14,79,1.32,0
2010-2011,2010,CTAS III - Urgent,3,Not Seen Or Left,Acute Myocardial Infarction,Not Admitted,26,293,4.88,0
2010-2011,2010,Less urgent,3,Not Seen Or Left,Acute Myocardial Infarction,Not Admitted,0,143,2.38,0
2010-2011,2010,Non-urgent,3,Not Seen Or Left,Acute Myocardial Infarction,Not Admitted,0,160,2.67,0
2010-2011,2010,Unknown,3,Not Seen Or Left,Acute Myocardial Infarction,Not Admitted,0,0,0.0,0
2010-2011,2010,CTAS III - Urgent,3,Not Seen Or Left,Any,Not Admitted,138764,143,2.38,0
2010-2011,2010,Less urgent,3,Not Seen Or Left,Any,Not Admitted,136794,121,2.02,0
2010-2011,2010,Non-urgent,3,Not Seen Or Left,Any,Not Admitted,31583,89,1.48,0
2010-2011,2010,Unknown,3,Not Seen Or Left,Any,Not Admitted,21685,62,1.03,0
2010-2011,2010,CTAS III - Urgent,3,Not Seen Or Left,Asthma,Not Admitted,518,129,2.15,0
2010-2011,2010,Less urgent,3,Not Seen Or Left,Asthma,Not Admitted,224,109,1.82,0
2010-2011,2010,Non-urgent,3,Not Seen Or Left,Asthma,Not Admitted,21,81,1.35,0
2010-2011,2010,Unknown,3,Not Seen Or Left,Asthma,Not Admitted,10,70,1.17,0
2010-2011,2010,CTAS III - Urgent,3,Not Seen Or Left,Influenzal Pneumonia,Not Admitted,0,335,5.58,0
2010-2011,2010,Less urgent,3,Not Seen Or Left,Influenzal Pneumonia,Not Admitted,0,129,2.15,0
2010-2011,2010,Non-urgent,3,Not Seen Or Left,Influenzal Pneumonia,Not Admitted,0,0,0.0,0
2010-2011,2010,Unknown,3,Not Seen Or Left,Influenzal Pneumonia,Not Admitted,0,205,3.42,0
2010-2011,2010,CTAS III - Urgent,3,Not Seen Or Left,Motor Vehicle Collisions,Not Admitted,1644,138,2.3,0
2010-2011,2010,Less urgent,3,Not Seen Or Left,Motor Vehicle Collisions,Not Admitted,1838,128,2.13,0
2010-2011,2010,Non-urgent,3,Not Seen Or Left,Motor Vehicle Collisions,Not Admitted,155,121,2.02,0
2010-2011,2010,Unknown,3,Not Seen Or Left,Motor Vehicle Collisions,Not Admitted,29,68,1.13,0
2010-2011,2010,CTAS III - Urgent,3,Not Seen Or Left,Pneumonia,Not Admitted,145,245,4.08,0
2010-2011,2010,Less urgent,3,Not Seen Or Left,Pneumonia,Not Admitted,55,167,2.78,0
2010-2011,2010,Non-urgent,3,Not Seen Or Left,Pneumonia,Not Admitted,9,77,1.28,0
2010-2011,2010,Unknown,3,Not Seen Or Left,Pneumonia,Not Admitted,6,54,0.9,0
2010-2011,2010,CTAS III - Urgent,3,Not Seen Or Left,Trauma,Not Admitted,15842,130,2.17,0
2010-2011,2010,Less urgent,3,Not Seen Or Left,Trauma,Not Admitted,30230,117,1.95,0
2010-2011,2010,Non-urgent,3,Not Seen Or Left,Trauma,Not Admitted,3905,87,1.45,0
2010-2011,2010,Unknown,3,Not Seen Or Left,Trauma,Not Admitted,916,24,0.4,0
2010-2011,2010,CTAS III - Urgent,3,Not Seen Or Left,Unintentional Falls,Not Admitted,4156,133,2.22,0
2010-2011,2010,Less urgent,3,Not Seen Or Left,Unintentional Falls,Not Admitted,6410,120,2.0,0
2010-2011,2010,Non-urgent,3,Not Seen Or Left,Unintentional Falls,Not Admitted,580,99,1.65,0
2010-2011,2010,Unknown,3,Not Seen Or Left,Unintentional Falls,Not Admitted,86,48,0.8,0
2010-2011,2010,CTAS III - Urgent,3,Total,Acute Myocardial Infarction,Not Admitted,5180,481,8.02,0
2010-2011,2010,Less urgent,3,Total,Acute Myocardial Infarction,Not Admitted,526,364,6.07,0
2010-2011,2010,Non-urgent,3,Total,Acute Myocardial Infarction,Not Admitted,52,161,2.68,0
2010-2011,2010,Unknown,3,Total,Acute Myocardial Infarction,Not Admitted,161,172,2.87,0
2010-2011,2010,CTAS III - Urgent,3,Total,Any,Not Admitted,3064055,195,3.25,0
2010-2011,2010,Less urgent,3,Total,Any,Not Admitted,3088739,108,1.8,0
2010-2011,2010,Non-urgent,3,Total,Any,Not Admitted,737085,70,1.17,0
2010-2011,2010,Unknown,3,Total,Any,Not Admitted,179357,66,1.1,0
2010-2011,2010,CTAS III - Urgent,3,Total,Asthma,Not Admitted,34061,162,2.7,0
2010-2011,2010,Less urgent,3,Total,Asthma,Not Admitted,17674,101,1.68,0
2010-2011,2010,Non-urgent,3,Total,Asthma,Not Admitted,2740,70,1.17,0
2010-2011,2010,Unknown,3,Total,Asthma,Not Admitted,971,73,1.22,0
2010-2011,2010,CTAS III - Urgent,3,Total,Influenzal Pneumonia,Not Admitted,203,199,3.32,0
2010-2011,2010,Less urgent,3,Total,Influenzal Pneumonia,Not Admitted,136,128,2.13,0
2010-2011,2010,Non-urgent,3,Total,Influenzal Pneumonia,Not Admitted,10,117,1.95,0
2010-2011,2010,Unknown,3,Total,Influenzal Pneumonia,Not Admitted,8,138,2.3,0
2010-2011,2010,CTAS III - Urgent,3,Total,Motor Vehicle Collisions,Not Admitted,64853,152,2.53,0
2010-2011,2010,Less urgent,3,Total,Motor Vehicle Collisions,Not Admitted,58298,118,1.97,0
2010-2011,2010,Non-urgent,3,Total,Motor Vehicle Collisions,Not Admitted,5066,90,1.5,0
2010-2011,2010,Unknown,3,Total,Motor Vehicle Collisions,Not Admitted,1796,86,1.43,0
2010-2011,2010,CTAS III - Urgent,3,Total,Pneumonia,Not Admitted,51559,239,3.98,0
2010-2011,2010,Less urgent,3,Total,Pneumonia,Not Admitted,24896,133,2.22,0
2010-2011,2010,Non-urgent,3,Total,Pneumonia,Not Admitted,2487,92,1.53,0
2010-2011,2010,Unknown,3,Total,Pneumonia,Not Admitted,1124,105,1.75,0
2010-2011,2010,CTAS III - Urgent,3,Total,Trauma,Not Admitted,565653,147,2.45,0
2010-2011,2010,Less urgent,3,Total,Trauma,Not Admitted,931289,110,1.83,0
2010-2011,2010,Non-urgent,3,Total,Trauma,Not Admitted,105177,83,1.38,0
2010-2011,2010,Unknown,3,Total,Trauma,Not Admitted,23195,72,1.2,0
2010-2011,2010,CTAS III - Urgent,3,Total,Unintentional Falls,Not Admitted,208304,177,2.95,0
2010-2011,2010,Less urgent,3,Total,Unintentional Falls,Not Admitted,257922,121,2.02,0
2010-2011,2010,Non-urgent,3,Total,Unintentional Falls,Not Admitted,20746,92,1.53,0
2010-2011,2010,Unknown,3,Total,Unintentional Falls,Not Admitted,4649,82,1.37,0
2010-2011,2010,CTAS III - Urgent,3,Transferred,Acute Myocardial Infarction,Not Admitted,864,194,3.23,0
2010-2011,2010,Less urgent,3,Transferred,Acute Myocardial Infarction,Not Admitted,83,238,3.97,0
2010-2011,2010,Non-urgent,3,Transferred,Acute Myocardial Infarction,Not Admitted,7,296,4.93,0
2010-2011,2010,Unknown,3,Transferred,Acute Myocardial Infarction,Not Admitted,60,155,2.58,0
2010-2011,2010,CTAS III - Urgent,3,Transferred,Any,Not Admitted,45331,260,4.33,0
2010-2011,2010,Less urgent,3,Transferred,Any,Not Admitted,13139,210,3.5,0
2010-2011,2010,Non-urgent,3,Transferred,Any,Not Admitted,1697,159,2.65,0
2010-2011,2010,Unknown,3,Transferred,Any,Not Admitted,1702,140,2.33,0
2010-2011,2010,CTAS III - Urgent,3,Transferred,Asthma,Not Admitted,184,300,5.0,0
2010-2011,2010,Less urgent,3,Transferred,Asthma,Not Admitted,19,230,3.83,0
2010-2011,2010,Non-urgent,3,Transferred,Asthma,Not Admitted,0,700,11.67,0
2010-2011,2010,Unknown,3,Transferred,Asthma,Not Admitted,0,418,6.97,0
2010-2011,2010,CTAS III - Urgent,3,Transferred,Influenzal Pneumonia,Not Admitted,0,240,4.0,0
2010-2011,2010,Less urgent,3,Transferred,Influenzal Pneumonia,Not Admitted,0,0,0.0,0
2010-2011,2010,Non-urgent,3,Transferred,Influenzal Pneumonia,Not Admitted,0,0,0.0,0
2010-2011,2010,Unknown,3,Transferred,Influenzal Pneumonia,Not Admitted,0,0,0.0,0
2010-2011,2010,CTAS III - Urgent,3,Transferred,Motor Vehicle Collisions,Not Admitted,1356,196,3.27,0
2010-2011,2010,Less urgent,3,Transferred,Motor Vehicle Collisions,Not Admitted,304,185,3.08,0
2010-2011,2010,Non-urgent,3,Transferred,Motor Vehicle Collisions,Not Admitted,19,124,2.07,0
2010-2011,2010,Unknown,3,Transferred,Motor Vehicle Collisions,Not Admitted,113,136,2.27,0
2010-2011,2010,CTAS III - Urgent,3,Transferred,Pneumonia,Not Admitted,913,274,4.57,0
2010-2011,2010,Less urgent,3,Transferred,Pneumonia,Not Admitted,134,264,4.4,0
2010-2011,2010,Non-urgent,3,Transferred,Pneumonia,Not Admitted,5,90,1.5,0
2010-2011,2010,Unknown,3,Transferred,Pneumonia,Not Admitted,12,220,3.67,0
2010-2011,2010,CTAS III - Urgent,3,Transferred,Trauma,Not Admitted,8794,213,3.55,0
2010-2011,2010,Less urgent,3,Transferred,Trauma,Not Admitted,3204,190,3.17,0
2010-2011,2010,Non-urgent,3,Transferred,Trauma,Not Admitted,266,135,2.25,0
2010-2011,2010,Unknown,3,Transferred,Trauma,Not Admitted,397,140,2.33,0
2010-2011,2010,CTAS III - Urgent,3,Transferred,Unintentional Falls,Not Admitted,4539,251,4.18,0
2010-2011,2010,Less urgent,3,Transferred,Unintentional Falls,Not Admitted,1525,224,3.73,0
2010-2011,2010,Non-urgent,3,Transferred,Unintentional Falls,Not Admitted,105,166,2.77,0
2010-2011,2010,Unknown,3,Transferred,Unintentional Falls,Not Admitted,137,180,3.0,0
2010-2011,2010,CTAS III - Urgent,3,Unknown,Acute Myocardial Infarction,Not Admitted,0,0,0.0,0
2010-2011,2010,Less urgent,3,Unknown,Acute Myocardial Infarction,Not Admitted,0,0,0.0,0
2010-2011,2010,Non-urgent,3,Unknown,Acute Myocardial Infarction,Not Admitted,0,0,0.0,0
2010-2011,2010,Unknown,3,Unknown,Acute Myocardial Infarction,Not Admitted,0,0,0.0,0
2010-2011,2010,CTAS III - Urgent,3,Unknown,Any,Not Admitted,0,0,0.0,0
2010-2011,2010,Less urgent,3,Unknown,Any,Not Admitted,0,0,0.0,0
2010-2011,2010,Non-urgent,3,Unknown,Any,Not Admitted,0,0,0.0,0
2010-2011,2010,Unknown,3,Unknown,Any,Not Admitted,0,0,0.0,0
2010-2011,2010,CTAS III - Urgent,3,Unknown,Asthma,Not Admitted,0,0,0.0,0
2010-2011,2010,Less urgent,3,Unknown,Asthma,Not Admitted,0,0,0.0,0
2010-2011,2010,Non-urgent,3,Unknown,Asthma,Not Admitted,0,0,0.0,0
2010-2011,2010,Unknown,3,Unknown,Asthma,Not Admitted,0,0,0.0,0
2010-2011,2010,CTAS III - Urgent,3,Unknown,Influenzal Pneumonia,Not Admitted,0,0,0.0,0
2010-2011,2010,Less urgent,3,Unknown,Influenzal Pneumonia,Not Admitted,0,0,0.0,0
2010-2011,2010,Non-urgent,3,Unknown,Influenzal Pneumonia,Not Admitted,0,0,0.0,0
2010-2011,2010,Unknown,3,Unknown,Influenzal Pneumonia,Not Admitted,0,0,0.0,0
2010-2011,2010,CTAS III - Urgent,3,Unknown,Motor Vehicle Collisions,Not Admitted,0,0,0.0,0
2010-2011,2010,Less urgent,3,Unknown,Motor Vehicle Collisions,Not Admitted,0,0,0.0,0
2010-2011,2010,Non-urgent,3,Unknown,Motor Vehicle Collisions,Not Admitted,0,0,0.0,0
2010-2011,2010,Unknown,3,Unknown,Motor Vehicle Collisions,Not Admitted,0,0,0.0,0
2010-2011,2010,CTAS III - Urgent,3,Unknown,Pneumonia,Not Admitted,0,0,0.0,0
2010-2011,2010,Less urgent,3,Unknown,Pneumonia,Not Admitted,0,0,0.0,0
2010-2011,2010,Non-urgent,3,Unknown,Pneumonia,Not Admitted,0,0,0.0,0
2010-2011,2010,Unknown,3,Unknown,Pneumonia,Not Admitted,0,0,0.0,0
2010-2011,2010,CTAS III - Urgent,3,Unknown,Trauma,Not Admitted,0,0,0.0,0
2010-2011,2010,Less urgent,3,Unknown,Trauma,Not Admitted,0,0,0.0,0
2010-2011,2010,Non-urgent,3,Unknown,Trauma,Not Admitted,0,0,0.0,0
2010-2011,2010,Unknown,3,Unknown,Trauma,Not Admitted,0,0,0.0,0
2010-2011,2010,CTAS III - Urgent,3,Unknown,Unintentional Falls,Not Admitted,0,0,0.0,0
2010-2011,2010,Less urgent,3,Unknown,Unintentional Falls,Not Admitted,0,0,0.0,0
2010-2011,2010,Non-urgent,3,Unknown,Unintentional Falls,Not Admitted,0,0,0.0,0
2010-2011,2010,Unknown,3,Unknown,Unintentional Falls,Not Admitted,0,0,0.0,0
2009-2010,2009,CTAS I - Resuscitation,1,Admitted,Acute Myocardial Infarction,Admitted,684,175,2.92,1
2009-2010,2009,CTAS I - Resuscitation,1,Admitted,Any,Admitted,18936,346,5.77,1
2009-2010,2009,CTAS I - Resuscitation,1,Admitted,Asthma,Admitted,349,393,6.55,1
2009-2010,2009,CTAS I - Resuscitation,1,Admitted,Influenzal Pneumonia,Admitted,16,235,3.92,1
2009-2010,2009,CTAS I - Resuscitation,1,Admitted,Motor Vehicle Collisions,Admitted,1470,241,4.02,1
2009-2010,2009,CTAS I - Resuscitation,1,Admitted,Pneumonia,Admitted,726,474,7.9,1
2009-2010,2009,CTAS I - Resuscitation,1,Admitted,Trauma,Admitted,3405,247,4.12,1
2009-2010,2009,CTAS I - Resuscitation,1,Admitted,Unintentional Falls,Admitted,764,297,4.95,1
2009-2010,2009,CTAS I - Resuscitation,1,Death,Acute Myocardial Infarction,Not Admitted,479,21,0.35,0
2009-2010,2009,CTAS I - Resuscitation,1,Death,Any,Not Admitted,4520,24,0.4,0
2009-2010,2009,CTAS I - Resuscitation,1,Death,Asthma,Not Admitted,0,18,0.3,0
2009-2010,2009,CTAS I - Resuscitation,1,Death,Influenzal Pneumonia,Not Admitted,0,35,0.58,0
2009-2010,2009,CTAS I - Resuscitation,1,Death,Motor Vehicle Collisions,Not Admitted,142,23,0.38,0
2009-2010,2009,CTAS I - Resuscitation,1,Death,Pneumonia,Not Admitted,30,125,2.08,0
2009-2010,2009,CTAS I - Resuscitation,1,Death,Trauma,Not Admitted,406,30,0.5,0
2009-2010,2009,CTAS I - Resuscitation,1,Death,Unintentional Falls,Not Admitted,57,140,2.33,0
2009-2010,2009,CTAS I - Resuscitation,1,Discharged Home,Acute Myocardial Infarction,Not Admitted,17,218,3.63,0
2009-2010,2009,CTAS I - Resuscitation,1,Discharged Home,Any,Not Admitted,6893,250,4.17,0
2009-2010,2009,CTAS I - Resuscitation,1,Discharged Home,Asthma,Not Admitted,265,208,3.47,0
2009-2010,2009,CTAS I - Resuscitation,1,Discharged Home,Influenzal Pneumonia,Not Admitted,5,183,3.05,0
2009-2010,2009,CTAS I - Resuscitation,1,Discharged Home,Motor Vehicle Collisions,Not Admitted,363,280,4.67,0
2009-2010,2009,CTAS I - Resuscitation,1,Discharged Home,Pneumonia,Not Admitted,84,282,4.7,0
2009-2010,2009,CTAS I - Resuscitation,1,Discharged Home,Trauma,Not Admitted,1797,235,3.92,0
2009-2010,2009,CTAS I - Resuscitation,1,Discharged Home,Unintentional Falls,Not Admitted,276,238,3.97,0
2009-2010,2009,CTAS I - Resuscitation,1,Intra-Facility Transfer,Acute Myocardial Infarction,Not Admitted,8,48,0.8,0
2009-2010,2009,CTAS I - Resuscitation,1,Intra-Facility Transfer,Any,Not Admitted,126,134,2.23,0
2009-2010,2009,CTAS I - Resuscitation,1,Intra-Facility Transfer,Asthma,Not Admitted,5,212,3.53,0
2009-2010,2009,CTAS I - Resuscitation,1,Intra-Facility Transfer,Influenzal Pneumonia,Not Admitted,0,0,0.0,0
2009-2010,2009,CTAS I - Resuscitation,1,Intra-Facility Transfer,Motor Vehicle Collisions,Not Admitted,5,85,1.42,0
2009-2010,2009,CTAS I - Resuscitation,1,Intra-Facility Transfer,Pneumonia,Not Admitted,0,76,1.27,0
2009-2010,2009,CTAS I - Resuscitation,1,Intra-Facility Transfer,Trauma,Not Admitted,34,88,1.47,0
2009-2010,2009,CTAS I - Resuscitation,1,Intra-Facility Transfer,Unintentional Falls,Not Admitted,0,118,1.97,0
2009-2010,2009,CTAS I - Resuscitation,1,Not Seen Or Left,Acute Myocardial Infarction,Not Admitted,0,760,12.67,0
2009-2010,2009,CTAS I - Resuscitation,1,Not Seen Or Left,Any,Not Admitted,189,195,3.25,0
2009-2010,2009,CTAS I - Resuscitation,1,Not Seen Or Left,Asthma,Not Admitted,5,164,2.73,0
2009-2010,2009,CTAS I - Resuscitation,1,Not Seen Or Left,Influenzal Pneumonia,Not Admitted,0,0,0.0,0
2009-2010,2009,CTAS I - Resuscitation,1,Not Seen Or Left,Motor Vehicle Collisions,Not Admitted,8,202,3.37,0
2009-2010,2009,CTAS I - Resuscitation,1,Not Seen Or Left,Pneumonia,Not Admitted,0,215,3.58,0
2009-2010,2009,CTAS I - Resuscitation,1,Not Seen Or Left,Trauma,Not Admitted,28,195,3.25,0
2009-2010,2009,CTAS I - Resuscitation,1,Not Seen Or Left,Unintentional Falls,Not Admitted,0,396,6.6,0
2009-2010,2009,CTAS I - Resuscitation,1,Total,Acute Myocardial Infarction,Not Admitted,1637,97,1.62,0
2009-2010,2009,CTAS I - Resuscitation,1,Total,Any,Not Admitted,33824,253,4.22,0
2009-2010,2009,CTAS I - Resuscitation,1,Total,Asthma,Not Admitted,647,282,4.7,0
2009-2010,2009,CTAS I - Resuscitation,1,Total,Influenzal Pneumonia,Not Admitted,21,213,3.55,0
2009-2010,2009,CTAS I - Resuscitation,1,Total,Motor Vehicle Collisions,Not Admitted,2332,216,3.6,0
2009-2010,2009,CTAS I - Resuscitation,1,Total,Pneumonia,Not Admitted,885,403,6.72,0
2009-2010,2009,CTAS I - Resuscitation,1,Total,Trauma,Not Admitted,6505,220,3.67,0
2009-2010,2009,CTAS I - Resuscitation,1,Total,Unintentional Falls,Not Admitted,1258,253,4.22,0
2009-2010,2009,CTAS I - Resuscitation,1,Transferred,Acute Myocardial Infarction,Not Admitted,449,87,1.45,0
2009-2010,2009,CTAS I - Resuscitation,1,Transferred,Any,Not Admitted,3160,173,2.88,0
2009-2010,2009,CTAS I - Resuscitation,1,Transferred,Asthma,Not Admitted,23,163,2.72,0
2009-2010,2009,CTAS I - Resuscitation,1,Transferred,Influenzal Pneumonia,Not Admitted,0,152,2.53,0
2009-2010,2009,CTAS I - Resuscitation,1,Transferred,Motor Vehicle Collisions,Not Admitted,344,130,2.17,0
2009-2010,2009,CTAS I - Resuscitation,1,Transferred,Pneumonia,Not Admitted,45,212,3.53,0
2009-2010,2009,CTAS I - Resuscitation,1,Transferred,Trauma,Not Admitted,835,153,2.55,0
2009-2010,2009,CTAS I - Resuscitation,1,Transferred,Unintentional Falls,Not Admitted,161,193,3.22,0
2009-2010,2009,CTAS I - Resuscitation,1,Unknown,Acute Myocardial Infarction,Not Admitted,0,0,0.0,0
2009-2010,2009,CTAS I - Resuscitation,1,Unknown,Any,Not Admitted,0,0,0.0,0
2009-2010,2009,CTAS I - Resuscitation,1,Unknown,Asthma,Not Admitted,0,0,0.0,0
2009-2010,2009,CTAS I - Resuscitation,1,Unknown,Influenzal Pneumonia,Not Admitted,0,0,0.0,0
2009-2010,2009,CTAS I - Resuscitation,1,Unknown,Motor Vehicle Collisions,Not Admitted,0,0,0.0,0
2009-2010,2009,CTAS I - Resuscitation,1,Unknown,Pneumonia,Not Admitted,0,0,0.0,0
2009-2010,2009,CTAS I - Resuscitation,1,Unknown,Trauma,Not Admitted,0,0,0.0,0
2009-2010,2009,CTAS I - Resuscitation,1,Unknown,Unintentional Falls,Not Admitted,0,0,0.0,0
2009-2010,2009,CTAS II - Emergent,2,Admitted,Acute Myocardial Infarction,Admitted,7354,470,7.83,1
2009-2010,2009,CTAS II - Emergent,2,Admitted,Any,Admitted,210379,602,10.03,1
2009-2010,2009,CTAS II - Emergent,2,Admitted,Asthma,Admitted,2911,495,8.25,1
2009-2010,2009,CTAS II - Emergent,2,Admitted,Influenzal Pneumonia,Admitted,223,610,10.17,1
2009-2010,2009,CTAS II - Emergent,2,Admitted,Motor Vehicle Collisions,Admitted,2569,414,6.9,1
2009-2010,2009,CTAS II - Emergent,2,Admitted,Pneumonia,Admitted,10415,690,11.5,1
2009-2010,2009,CTAS II - Emergent,2,Admitted,Trauma,Admitted,13782,464,7.73,1
2009-2010,2009,CTAS II - Emergent,2,Admitted,Unintentional Falls,Admitted,7490,515,8.58,1
2009-2010,2009,CTAS II - Emergent,2,Death,Acute Myocardial Infarction,Not Admitted,111,162,2.7,0
2009-2010,2009,CTAS II - Emergent,2,Death,Any,Not Admitted,912,184,3.07,0
2009-2010,2009,CTAS II - Emergent,2,Death,Asthma,Not Admitted,0,0,0.0,0
2009-2010,2009,CTAS II - Emergent,2,Death,Influenzal Pneumonia,Not Admitted,0,0,0.0,0
2009-2010,2009,CTAS II - Emergent,2,Death,Motor Vehicle Collisions,Not Admitted,0,511,8.52,0
2009-2010,2009,CTAS II - Emergent,2,Death,Pneumonia,Not Admitted,35,195,3.25,0
2009-2010,2009,CTAS II - Emergent,2,Death,Trauma,Not Admitted,39,315,5.25,0
2009-2010,2009,CTAS II - Emergent,2,Death,Unintentional Falls,Not Admitted,25,344,5.73,0
2009-2010,2009,CTAS II - Emergent,2,Discharged Home,Acute Myocardial Infarction,Not Admitted,291,332,5.53,0
2009-2010,2009,CTAS II - Emergent,2,Discharged Home,Any,Not Admitted,518722,236,3.93,0
2009-2010,2009,CTAS II - Emergent,2,Discharged Home,Asthma,Not Admitted,10792,185,3.08,0
2009-2010,2009,CTAS II - Emergent,2,Discharged Home,Influenzal Pneumonia,Not Admitted,476,196,3.27,0
2009-2010,2009,CTAS II - Emergent,2,Discharged Home,Motor Vehicle Collisions,Not Admitted,14776,185,3.08,0
2009-2010,2009,CTAS II - Emergent,2,Discharged Home,Pneumonia,Not Admitted,7904,234,3.9,0
2009-2010,2009,CTAS II - Emergent,2,Discharged Home,Trauma,Not Admitted,80929,170,2.83,0
2009-2010,2009,CTAS II - Emergent,2,Discharged Home,Unintentional Falls,Not Admitted,23675,200,3.33,0
2009-2010,2009,CTAS II - Emergent,2,Intra-Facility Transfer,Acute Myocardial Infarction,Not Admitted,22,70,1.17,0
2009-2010,2009,CTAS II - Emergent,2,Intra-Facility Transfer,Any,Not Admitted,3530,206,3.43,0
2009-2010,2009,CTAS II - Emergent,2,Intra-Facility Transfer,Asthma,Not Admitted,49,152,2.53,0
2009-2010,2009,CTAS II - Emergent,2,Intra-Facility Transfer,Influenzal Pneumonia,Not Admitted,0,0,0.0,0
2009-2010,2009,CTAS II - Emergent,2,Intra-Facility Transfer,Motor Vehicle Collisions,Not Admitted,52,168,2.8,0
2009-2010,2009,CTAS II - Emergent,2,Intra-Facility Transfer,Pneumonia,Not Admitted,15,189,3.15,0
2009-2010,2009,CTAS II - Emergent,2,Intra-Facility Transfer,Trauma,Not Admitted,691,170,2.83,0
2009-2010,2009,CTAS II - Emergent,2,Intra-Facility Transfer,Unintentional Falls,Not Admitted,153,179,2.98,0
2009-2010,2009,CTAS II - Emergent,2,Not Seen Or Left,Acute Myocardial Infarction,Not Admitted,39,242,4.03,0
2009-2010,2009,CTAS II - Emergent,2,Not Seen Or Left,Any,Not Admitted,20185,171,2.85,0
2009-2010,2009,CTAS II - Emergent,2,Not Seen Or Left,Asthma,Not Admitted,113,160,2.67,0
2009-2010,2009,CTAS II - Emergent,2,Not Seen Or Left,Influenzal Pneumonia,Not Admitted,0,289,4.82,0
2009-2010,2009,CTAS II - Emergent,2,Not Seen Or Left,Motor Vehicle Collisions,Not Admitted,221,146,2.43,0
2009-2010,2009,CTAS II - Emergent,2,Not Seen Or Left,Pneumonia,Not Admitted,45,317,5.28,0
2009-2010,2009,CTAS II - Emergent,2,Not Seen Or Left,Trauma,Not Admitted,1697,139,2.32,0
2009-2010,2009,CTAS II - Emergent,2,Not Seen Or Left,Unintentional Falls,Not Admitted,396,148,2.47,0
2009-2010,2009,CTAS II - Emergent,2,Total,Acute Myocardial Infarction,Not Admitted,9927,351,5.85,0
2009-2010,2009,CTAS II - Emergent,2,Total,Any,Not Admitted,776060,290,4.83,0
2009-2010,2009,CTAS II - Emergent,2,Total,Asthma,Not Admitted,14114,219,3.65,0
2009-2010,2009,CTAS II - Emergent,2,Total,Influenzal Pneumonia,Not Admitted,725,256,4.27,0
2009-2010,2009,CTAS II - Emergent,2,Total,Motor Vehicle Collisions,Not Admitted,18608,201,3.35,0
2009-2010,2009,CTAS II - Emergent,2,Total,Pneumonia,Not Admitted,18992,387,6.45,0
2009-2010,2009,CTAS II - Emergent,2,Total,Trauma,Not Admitted,100916,190,3.17,0
2009-2010,2009,CTAS II - Emergent,2,Total,Unintentional Falls,Not Admitted,33060,239,3.98,0
2009-2010,2009,CTAS II - Emergent,2,Transferred,Acute Myocardial Infarction,Not Admitted,2110,134,2.23,0
2009-2010,2009,CTAS II - Emergent,2,Transferred,Any,Not Admitted,22332,244,4.07,0
2009-2010,2009,CTAS II - Emergent,2,Transferred,Asthma,Not Admitted,249,252,4.2,0
2009-2010,2009,CTAS II - Emergent,2,Transferred,Influenzal Pneumonia,Not Admitted,26,280,4.67,0
2009-2010,2009,CTAS II - Emergent,2,Transferred,Motor Vehicle Collisions,Not Admitted,990,216,3.6,0
2009-2010,2009,CTAS II - Emergent,2,Transferred,Pneumonia,Not Admitted,578,238,3.97,0
2009-2010,2009,CTAS II - Emergent,2,Transferred,Trauma,Not Admitted,3778,202,3.37,0
2009-2010,2009,CTAS II - Emergent,2,Transferred,Unintentional Falls,Not Admitted,1321,230,3.83,0
2009-2010,2009,CTAS II - Emergent,2,Unknown,Acute Myocardial Infarction,Not Admitted,0,0,0.0,0
2009-2010,2009,CTAS II - Emergent,2,Unknown,Any,Not Admitted,0,0,0.0,0
2009-2010,2009,CTAS II - Emergent,2,Unknown,Asthma,Not Admitted,0,0,0.0,0
2009-2010,2009,CTAS II - Emergent,2,Unknown,Influenzal Pneumonia,Not Admitted,0,0,0.0,0
2009-2010,2009,CTAS II - Emergent,2,Unknown,Motor Vehicle Collisions,Not Admitted,0,0,0.0,0
2009-2010,2009,CTAS II - Emergent,2,Unknown,Pneumonia,Not Admitted,0,0,0.0,0
2009-2010,2009,CTAS II - Emergent,2,Unknown,Trauma,Not Admitted,0,0,0.0,0
2009-2010,2009,CTAS II - Emergent,2,Unknown,Unintentional Falls,Not Admitted,0,0,0.0,0
2009-2010,2009,CTAS III - Urgent,3,Admitted,Acute Myocardial Infarction,Admitted,3321,567,9.45,1
2009-2010,2009,Less urgent,3,Admitted,Acute Myocardial Infarction,Admitted,297,467,7.78,1
2009-2010,2009,Non-urgent,3,Admitted,Acute Myocardial Infarction,Admitted,9,227,3.78,1
2009-2010,2009,Unknown,3,Admitted,Acute Myocardial Infarction,Admitted,46,228,3.8,1
2009-2010,2009,CTAS III - Urgent,3,Admitted,Any,Admitted,264395,614,10.23,1
2009-2010,2009,Less urgent,3,Admitted,Any,Admitted,41816,448,7.47,1
2009-2010,2009,Non-urgent,3,Admitted,Any,Admitted,4209,313,5.22,1
2009-2010,2009,Unknown,3,Admitted,Any,Admitted,2231,258,4.3,1
2009-2010,2009,CTAS III - Urgent,3,Admitted,Asthma,Admitted,1595,553,9.22,1
2009-2010,2009,Less urgent,3,Admitted,Asthma,Admitted,109,378,6.3,1
2009-2010,2009,Non-urgent,3,Admitted,Asthma,Admitted,9,270,4.5,1
2009-2010,2009,Unknown,3,Admitted,Asthma,Admitted,15,126,2.1,1
2009-2010,2009,CTAS III - Urgent,3,Admitted,Influenzal Pneumonia,Admitted,309,591,9.85,1
2009-2010,2009,Less urgent,3,Admitted,Influenzal Pneumonia,Admitted,38,446,7.43,1
2009-2010,2009,Non-urgent,3,Admitted,Influenzal Pneumonia,Admitted,0,1397,23.28,1
2009-2010,2009,Unknown,3,Admitted,Influenzal Pneumonia,Admitted,0,308,5.13,1
2009-2010,2009,CTAS III - Urgent,3,Admitted,Motor Vehicle Collisions,Admitted,1783,417,6.95,1
2009-2010,2009,Less urgent,3,Admitted,Motor Vehicle Collisions,Admitted,332,344,5.73,1
2009-2010,2009,Non-urgent,3,Admitted,Motor Vehicle Collisions,Admitted,26,198,3.3,1
2009-2010,2009,Unknown,3,Admitted,Motor Vehicle Collisions,Admitted,26,325,5.42,1
2009-2010,2009,CTAS III - Urgent,3,Admitted,Pneumonia,Admitted,11419,718,11.97,1
2009-2010,2009,Less urgent,3,Admitted,Pneumonia,Admitted,1285,435,7.25,1
2009-2010,2009,Non-urgent,3,Admitted,Pneumonia,Admitted,70,288,4.8,1
2009-2010,2009,Unknown,3,Admitted,Pneumonia,Admitted,70,352,5.87,1
2009-2010,2009,CTAS III - Urgent,3,Admitted,Trauma,Admitted,25400,507,8.45,1
2009-2010,2009,Less urgent,3,Admitted,Trauma,Admitted,5418,433,7.22,1
2009-2010,2009,Non-urgent,3,Admitted,Trauma,Admitted,363,267,4.45,1
2009-2010,2009,Unknown,3,Admitted,Trauma,Admitted,209,337,5.62,1
2009-2010,2009,CTAS III - Urgent,3,Admitted,Unintentional Falls,Admitted,18579,535,8.92,1
2009-2010,2009,Less urgent,3,Admitted,Unintentional Falls,Admitted,3554,471,7.85,1
2009-2010,2009,Non-urgent,3,Admitted,Unintentional Falls,Admitted,183,290,4.83,1
2009-2010,2009,Unknown,3,Admitted,Unintentional Falls,Admitted,126,354,5.9,1
2009-2010,2009,CTAS III - Urgent,3,Death,Acute Myocardial Infarction,Not Admitted,28,230,3.83,0
2009-2010,2009,Less urgent,3,Death,Acute Myocardial Infarction,Not Admitted,6,26,0.43,0
2009-2010,2009,Non-urgent,3,Death,Acute Myocardial Infarction,Not Admitted,18,36,0.6,0
2009-2010,2009,Unknown,3,Death,Acute Myocardial Infarction,Not Admitted,8,28,0.47,0
2009-2010,2009,CTAS III - Urgent,3,Death,Any,Not Admitted,341,286,4.77,0
2009-2010,2009,Less urgent,3,Death,Any,Not Admitted,71,70,1.17,0
2009-2010,2009,Non-urgent,3,Death,Any,Not Admitted,124,33,0.55,0
2009-2010,2009,Unknown,3,Death,Any,Not Admitted,72,27,0.45,0
2009-2010,2009,CTAS III - Urgent,3,Death,Asthma,Not Admitted,0,0,0.0,0
2009-2010,2009,Less urgent,3,Death,Asthma,Not Admitted,0,38,0.63,0
2009-2010,2009,Non-urgent,3,Death,Asthma,Not Admitted,0,0,0.0,0
2009-2010,2009,Unknown,3,Death,Asthma,Not Admitted,0,0,0.0,0
2009-2010,2009,CTAS III - Urgent,3,Death,Influenzal Pneumonia,Not Admitted,0,0,0.0,0
2009-2010,2009,Less urgent,3,Death,Influenzal Pneumonia,Not Admitted,0,0,0.0,0
2009-2010,2009,Non-urgent,3,Death,Influenzal Pneumonia,Not Admitted,0,0,0.0,0
2009-2010,2009,Unknown,3,Death,Influenzal Pneumonia,Not Admitted,0,0,0.0,0
2009-2010,2009,CTAS III - Urgent,3,Death,Motor Vehicle Collisions,Not Admitted,0,130,2.17,0
2009-2010,2009,Less urgent,3,Death,Motor Vehicle Collisions,Not Admitted,0,0,0.0,0
2009-2010,2009,Non-urgent,3,Death,Motor Vehicle Collisions,Not Admitted,0,134,2.23,0
2009-2010,2009,Unknown,3,Death,Motor Vehicle Collisions,Not Admitted,0,109,1.82,0
2009-2010,2009,CTAS III - Urgent,3,Death,Pneumonia,Not Admitted,12,318,5.3,0
2009-2010,2009,Less urgent,3,Death,Pneumonia,Not Admitted,0,0,0.0,0
2009-2010,2009,Non-urgent,3,Death,Pneumonia,Not Admitted,0,88,1.47,0
2009-2010,2009,Unknown,3,Death,Pneumonia,Not Admitted,0,0,0.0,0
2009-2010,2009,CTAS III - Urgent,3,Death,Trauma,Not Admitted,30,272,4.53,0
2009-2010,2009,Less urgent,3,Death,Trauma,Not Admitted,0,69,1.15,0
2009-2010,2009,Non-urgent,3,Death,Trauma,Not Admitted,9,55,0.92,0
2009-2010,2009,Unknown,3,Death,Trauma,Not Admitted,5,181,3.02,0
2009-2010,2009,CTAS III - Urgent,3,Death,Unintentional Falls,Not Admitted,25,330,5.5,0
2009-2010,2009,Less urgent,3,Death,Unintentional Falls,Not Admitted,0,54,0.9,0
2009-2010,2009,Non-urgent,3,Death,Unintentional Falls,Not Admitted,0,55,0.92,0
2009-2010,2009,Unknown,3,Death,Unintentional Falls,Not Admitted,0,312,5.2,0
2009-2010,2009,CTAS III - Urgent,3,Discharged Home,Acute Myocardial Infarction,Not Admitted,156,350,5.83,0
2009-2010,2009,Less urgent,3,Discharged Home,Acute Myocardial Infarction,Not Admitted,28,224,3.73,0
2009-2010,2009,Non-urgent,3,Discharged Home,Acute Myocardial Infarction,Not Admitted,10,144,2.4,0
2009-2010,2009,Unknown,3,Discharged Home,Acute Myocardial Infarction,Not Admitted,7,133,2.22,0
2009-2010,2009,CTAS III - Urgent,3,Discharged Home,Any,Not Admitted,1885706,180,3.0,0
2009-2010,2009,Less urgent,3,Discharged Home,Any,Not Admitted,2033802,110,1.83,0
2009-2010,2009,Non-urgent,3,Discharged Home,Any,Not Admitted,382947,75,1.25,0
2009-2010,2009,Unknown,3,Discharged Home,Any,Not Admitted,32360,68,1.13,0
2009-2010,2009,CTAS III - Urgent,3,Discharged Home,Asthma,Not Admitted,25191,160,2.67,0
2009-2010,2009,Less urgent,3,Discharged Home,Asthma,Not Admitted,13405,108,1.8,0
2009-2010,2009,Non-urgent,3,Discharged Home,Asthma,Not Admitted,1637,77,1.28,0
2009-2010,2009,Unknown,3,Discharged Home,Asthma,Not Admitted,249,73,1.22,0
2009-2010,2009,CTAS III - Urgent,3,Discharged Home,Influenzal Pneumonia,Not Admitted,3227,147,2.45,0
2009-2010,2009,Less urgent,3,Discharged Home,Influenzal Pneumonia,Not Admitted,2694,111,1.85,0
2009-2010,2009,Non-urgent,3,Discharged Home,Influenzal Pneumonia,Not Admitted,274,82,1.37,0
2009-2010,2009,Unknown,3,Discharged Home,Influenzal Pneumonia,Not Admitted,108,78,1.3,0
2009-2010,2009,CTAS III - Urgent,3,Discharged Home,Motor Vehicle Collisions,Not Admitted,42100,154,2.57,0
2009-2010,2009,Less urgent,3,Discharged Home,Motor Vehicle Collisions,Not Admitted,39873,125,2.08,0
2009-2010,2009,Non-urgent,3,Discharged Home,Motor Vehicle Collisions,Not Admitted,2756,102,1.7,0
2009-2010,2009,Unknown,3,Discharged Home,Motor Vehicle Collisions,Not Admitted,272,103,1.72,0
2009-2010,2009,CTAS III - Urgent,3,Discharged Home,Pneumonia,Not Admitted,29254,195,3.25,0
2009-2010,2009,Less urgent,3,Discharged Home,Pneumonia,Not Admitted,17941,134,2.23,0
2009-2010,2009,Non-urgent,3,Discharged Home,Pneumonia,Not Admitted,1516,93,1.55,0
2009-2010,2009,Unknown,3,Discharged Home,Pneumonia,Not Admitted,199,102,1.7,0
2009-2010,2009,CTAS III - Urgent,3,Discharged Home,Trauma,Not Admitted,372030,143,2.38,0
2009-2010,2009,Less urgent,3,Discharged Home,Trauma,Not Admitted,649205,115,1.92,0
2009-2010,2009,Non-urgent,3,Discharged Home,Trauma,Not Admitted,62674,92,1.53,0
2009-2010,2009,Unknown,3,Discharged Home,Trauma,Not Admitted,3836,84,1.4,0
2009-2010,2009,CTAS III - Urgent,3,Discharged Home,Unintentional Falls,Not Admitted,129607,162,2.7,0
2009-2010,2009,Less urgent,3,Discharged Home,Unintentional Falls,Not Admitted,178581,125,2.08,0
2009-2010,2009,Non-urgent,3,Discharged Home,Unintentional Falls,Not Admitted,12423,101,1.68,0
2009-2010,2009,Unknown,3,Discharged Home,Unintentional Falls,Not Admitted,817,94,1.57,0
2009-2010,2009,CTAS III - Urgent,3,Intra-Facility Transfer,Acute Myocardial Infarction,Not Admitted,8,172,2.87,0
2009-2010,2009,Less urgent,3,Intra-Facility Transfer,Acute Myocardial Infarction,Not Admitted,0,252,4.2,0
2009-2010,2009,Non-urgent,3,Intra-Facility Transfer,Acute Myocardial Infarction,Not Admitted,0,0,0.0,0
2009-2010,2009,Unknown,3,Intra-Facility Transfer,Acute Myocardial Infarction,Not Admitted,0,0,0.0,0
2009-2010,2009,CTAS III - Urgent,3,Intra-Facility Transfer,Any,Not Admitted,7882,221,3.68,0
2009-2010,2009,Less urgent,3,Intra-Facility Transfer,Any,Not Admitted,3816,148,2.47,0
2009-2010,2009,Non-urgent,3,Intra-Facility Transfer,Any,Not Admitted,990,68,1.13,0
2009-2010,2009,Unknown,3,Intra-Facility Transfer,Any,Not Admitted,95,77,1.28,0
2009-2010,2009,CTAS III - Urgent,3,Intra-Facility Transfer,Asthma,Not Admitted,18,170,2.83,0
2009-2010,2009,Less urgent,3,Intra-Facility Transfer,Asthma,Not Admitted,0,293,4.88,0
2009-2010,2009,Non-urgent,3,Intra-Facility Transfer,Asthma,Not Admitted,0,0,0.0,0
2009-2010,2009,Unknown,3,Intra-Facility Transfer,Asthma,Not Admitted,0,0,0.0,0
2009-2010,2009,CTAS III - Urgent,3,Intra-Facility Transfer,Influenzal Pneumonia,Not Admitted,0,232,3.87,0
2009-2010,2009,Less urgent,3,Intra-Facility Transfer,Influenzal Pneumonia,Not Admitted,0,380,6.33,0
2009-2010,2009,Non-urgent,3,Intra-Facility Transfer,Influenzal Pneumonia,Not Admitted,0,0,0.0,0
2009-2010,2009,Unknown,3,Intra-Facility Transfer,Influenzal Pneumonia,Not Admitted,0,0,0.0,0
2009-2010,2009,CTAS III - Urgent,3,Intra-Facility Transfer,Motor Vehicle Collisions,Not Admitted,95,194,3.23,0
2009-2010,2009,Less urgent,3,Intra-Facility Transfer,Motor Vehicle Collisions,Not Admitted,64,126,2.1,0
2009-2010,2009,Non-urgent,3,Intra-Facility Transfer,Motor Vehicle Collisions,Not Admitted,15,76,1.27,0
2009-2010,2009,Unknown,3,Intra-Facility Transfer,Motor Vehicle Collisions,Not Admitted,0,57,0.95,0
2009-2010,2009,CTAS III - Urgent,3,Intra-Facility Transfer,Pneumonia,Not Admitted,43,273,4.55,0
2009-2010,2009,Less urgent,3,Intra-Facility Transfer,Pneumonia,Not Admitted,11,290,4.83,0
2009-2010,2009,Non-urgent,3,Intra-Facility Transfer,Pneumonia,Not Admitted,0,0,0.0,0
2009-2010,2009,Unknown,3,Intra-Facility Transfer,Pneumonia,Not Admitted,0,0,0.0,0
2009-2010,2009,CTAS III - Urgent,3,Intra-Facility Transfer,Trauma,Not Admitted,1604,172,2.87,0
2009-2010,2009,Less urgent,3,Intra-Facility Transfer,Trauma,Not Admitted,1112,135,2.25,0
2009-2010,2009,Non-urgent,3,Intra-Facility Transfer,Trauma,Not Admitted,207,88,1.47,0
2009-2010,2009,Unknown,3,Intra-Facility Transfer,Trauma,Not Admitted,29,67,1.12,0
2009-2010,2009,CTAS III - Urgent,3,Intra-Facility Transfer,Unintentional Falls,Not Admitted,465,200,3.33,0
2009-2010,2009,Less urgent,3,Intra-Facility Transfer,Unintentional Falls,Not Admitted,317,139,2.32,0
2009-2010,2009,Non-urgent,3,Intra-Facility Transfer,Unintentional Falls,Not Admitted,41,86,1.43,0
2009-2010,2009,Unknown,3,Intra-Facility Transfer,Unintentional Falls,Not Admitted,7,67,1.12,0
2009-2010,2009,CTAS III - Urgent,3,Not Seen Or Left,Acute Myocardial Infarction,Not Admitted,24,314,5.23,0
2009-2010,2009,Less urgent,3,Not Seen Or Left,Acute Myocardial Infarction,Not Admitted,0,172,2.87,0
2009-2010,2009,Non-urgent,3,Not Seen Or Left,Acute Myocardial Infarction,Not Admitted,0,0,0.0,0
2009-2010,2009,Unknown,3,Not Seen Or Left,Acute Myocardial Infarction,Not Admitted,0,0,0.0,0
2009-2010,2009,CTAS III - Urgent,3,Not Seen Or Left,Any,Not Admitted,112912,150,2.5,0
2009-2010,2009,Less urgent,3,Not Seen Or Left,Any,Not Admitted,108994,127,2.12,0
2009-2010,2009,Non-urgent,3,Not Seen Or Left,Any,Not Admitted,22058,93,1.55,0
2009-2010,2009,Unknown,3,Not Seen Or Left,Any,Not Admitted,9931,48,0.8,0
2009-2010,2009,CTAS III - Urgent,3,Not Seen Or Left,Asthma,Not Admitted,356,132,2.2,0
2009-2010,2009,Less urgent,3,Not Seen Or Left,Asthma,Not Admitted,137,102,1.7,0
2009-2010,2009,Non-urgent,3,Not Seen Or Left,Asthma,Not Admitted,7,50,0.83,0
2009-2010,2009,Unknown,3,Not Seen Or Left,Asthma,Not Admitted,7,14,0.23,0
2009-2010,2009,CTAS III - Urgent,3,Not Seen Or Left,Influenzal Pneumonia,Not Admitted,6,218,3.63,0
2009-2010,2009,Less urgent,3,Not Seen Or Left,Influenzal Pneumonia,Not Admitted,16,153,2.55,0
2009-2010,2009,Non-urgent,3,Not Seen Or Left,Influenzal Pneumonia,Not Admitted,0,8,0.13,0
2009-2010,2009,Unknown,3,Not Seen Or Left,Influenzal Pneumonia,Not Admitted,6,144,2.4,0
2009-2010,2009,CTAS III - Urgent,3,Not Seen Or Left,Motor Vehicle Collisions,Not Admitted,1196,146,2.43,0
2009-2010,2009,Less urgent,3,Not Seen Or Left,Motor Vehicle Collisions,Not Admitted,1453,132,2.2,0
2009-2010,2009,Non-urgent,3,Not Seen Or Left,Motor Vehicle Collisions,Not Admitted,105,86,1.43,0
2009-2010,2009,Unknown,3,Not Seen Or Left,Motor Vehicle Collisions,Not Admitted,22,65,1.08,0
2009-2010,2009,CTAS III - Urgent,3,Not Seen Or Left,Pneumonia,Not Admitted,109,234,3.9,0
2009-2010,2009,Less urgent,3,Not Seen Or Left,Pneumonia,Not Admitted,72,162,2.7,0
2009-2010,2009,Non-urgent,3,Not Seen Or Left,Pneumonia,Not Admitted,5,54,0.9,0
2009-2010,2009,Unknown,3,Not Seen Or Left,Pneumonia,Not Admitted,0,14,0.23,0
2009-2010,2009,CTAS III - Urgent,3,Not Seen Or Left,Trauma,Not Admitted,12466,132,2.2,0
2009-2010,2009,Less urgent,3,Not Seen Or Left,Trauma,Not Admitted,23918,124,2.07,0
2009-2010,2009,Non-urgent,3,Not Seen Or Left,Trauma,Not Admitted,2899,99,1.65,0
2009-2010,2009,Unknown,3,Not Seen Or Left,Trauma,Not Admitted,925,17,0.28,0
2009-2010,2009,CTAS III - Urgent,3,Not Seen Or Left,Unintentional Falls,Not Admitted,3405,139,2.32,0
2009-2010,2009,Less urgent,3,Not Seen Or Left,Unintentional Falls,Not Admitted,5151,128,2.13,0
2009-2010,2009,Non-urgent,3,Not Seen Or Left,Unintentional Falls,Not Admitted,432,97,1.62,0
2009-2010,2009,Unknown,3,Not Seen Or Left,Unintentional Falls,Not Admitted,91,43,0.72,0
2009-2010,2009,CTAS III - Urgent,3,Total,Acute Myocardial Infarction,Not Admitted,4039,489,8.15,0
2009-2010,2009,Less urgent,3,Total,Acute Myocardial Infarction,Not Admitted,363,408,6.8,0
2009-2010,2009,Non-urgent,3,Total,Acute Myocardial Infarction,Not Admitted,37,110,1.83,0
2009-2010,2009,Unknown,3,Total,Acute Myocardial Infarction,Not Admitted,76,168,2.8,0
2009-2010,2009,CTAS III - Urgent,3,Total,Any,Not Admitted,2300384,199,3.32,0
2009-2010,2009,Less urgent,3,Total,Any,Not Admitted,2196883,114,1.9,0
2009-2010,2009,Non-urgent,3,Total,Any,Not Admitted,411285,77,1.28,0
2009-2010,2009,Unknown,3,Total,Any,Not Admitted,44975,69,1.15,0
2009-2010,2009,CTAS III - Urgent,3,Total,Asthma,Not Admitted,27281,168,2.8,0
2009-2010,2009,Less urgent,3,Total,Asthma,Not Admitted,13666,109,1.82,0
2009-2010,2009,Non-urgent,3,Total,Asthma,Not Admitted,1653,77,1.28,0
2009-2010,2009,Unknown,3,Total,Asthma,Not Admitted,271,75,1.25,0
2009-2010,2009,CTAS III - Urgent,3,Total,Influenzal Pneumonia,Not Admitted,3570,162,2.7,0
2009-2010,2009,Less urgent,3,Total,Influenzal Pneumonia,Not Admitted,2748,113,1.88,0
2009-2010,2009,Non-urgent,3,Total,Influenzal Pneumonia,Not Admitted,274,82,1.37,0
2009-2010,2009,Unknown,3,Total,Influenzal Pneumonia,Not Admitted,114,94,1.57,0
2009-2010,2009,CTAS III - Urgent,3,Total,Motor Vehicle Collisions,Not Admitted,45845,159,2.65,0
2009-2010,2009,Less urgent,3,Total,Motor Vehicle Collisions,Not Admitted,41873,126,2.1,0
2009-2010,2009,Non-urgent,3,Total,Motor Vehicle Collisions,Not Admitted,2914,103,1.72,0
2009-2010,2009,Unknown,3,Total,Motor Vehicle Collisions,Not Admitted,343,105,1.75,0
2009-2010,2009,CTAS III - Urgent,3,Total,Pneumonia,Not Admitted,41440,250,4.17,0
2009-2010,2009,Less urgent,3,Total,Pneumonia,Not Admitted,19412,141,2.35,0
2009-2010,2009,Non-urgent,3,Total,Pneumonia,Not Admitted,1596,97,1.62,0
2009-2010,2009,Unknown,3,Total,Pneumonia,Not Admitted,274,126,2.1,0
2009-2010,2009,CTAS III - Urgent,3,Total,Trauma,Not Admitted,416738,150,2.5,0
2009-2010,2009,Less urgent,3,Total,Trauma,Not Admitted,681613,116,1.93,0
2009-2010,2009,Non-urgent,3,Total,Trauma,Not Admitted,66281,93,1.55,0
2009-2010,2009,Unknown,3,Total,Trauma,Not Admitted,5069,75,1.25,0
2009-2010,2009,CTAS III - Urgent,3,Total,Unintentional Falls,Not Admitted,154793,181,3.02,0
2009-2010,2009,Less urgent,3,Total,Unintentional Falls,Not Admitted,188535,127,2.12,0
2009-2010,2009,Non-urgent,3,Total,Unintentional Falls,Not Admitted,13119,102,1.7,0
2009-2010,2009,Unknown,3,Total,Unintentional Falls,Not Admitted,1062,104,1.73,0
2009-2010,2009,CTAS III - Urgent,3,Transferred,Acute Myocardial Infarction,Not Admitted,502,216,3.6,0
2009-2010,2009,Less urgent,3,Transferred,Acute Myocardial Infarction,Not Admitted,32,218,3.63,0
2009-2010,2009,Non-urgent,3,Transferred,Acute Myocardial Infarction,Not Admitted,0,985,16.42,0
2009-2010,2009,Unknown,3,Transferred,Acute Myocardial Infarction,Not Admitted,15,66,1.1,0
2009-2010,2009,CTAS III - Urgent,3,Transferred,Any,Not Admitted,29148,264,4.4,0
2009-2010,2009,Less urgent,3,Transferred,Any,Not Admitted,8384,215,3.58,0
2009-2010,2009,Non-urgent,3,Transferred,Any,Not Admitted,957,165,2.75,0
2009-2010,2009,Unknown,3,Transferred,Any,Not Admitted,286,173,2.88,0
2009-2010,2009,CTAS III - Urgent,3,Transferred,Asthma,Not Admitted,121,276,4.6,0
2009-2010,2009,Less urgent,3,Transferred,Asthma,Not Admitted,15,210,3.5,0
2009-2010,2009,Non-urgent,3,Transferred,Asthma,Not Admitted,0,0,0.0,0
2009-2010,2009,Unknown,3,Transferred,Asthma,Not Admitted,0,205,3.42,0
2009-2010,2009,CTAS III - Urgent,3,Transferred,Influenzal Pneumonia,Not Admitted,28,311,5.18,0
2009-2010,2009,Less urgent,3,Transferred,Influenzal Pneumonia,Not Admitted,0,227,3.78,0
2009-2010,2009,Non-urgent,3,Transferred,Influenzal Pneumonia,Not Admitted,0,195,3.25,0
2009-2010,2009,Unknown,3,Transferred,Influenzal Pneumonia,Not Admitted,0,85,1.42,0
2009-2010,2009,CTAS III - Urgent,3,Transferred,Motor Vehicle Collisions,Not Admitted,671,220,3.67,0
2009-2010,2009,Less urgent,3,Transferred,Motor Vehicle Collisions,Not Admitted,151,205,3.42,0
2009-2010,2009,Non-urgent,3,Transferred,Motor Vehicle Collisions,Not Admitted,12,258,4.3,0
2009-2010,2009,Unknown,3,Transferred,Motor Vehicle Collisions,Not Admitted,23,140,2.33,0
2009-2010,2009,CTAS III - Urgent,3,Transferred,Pneumonia,Not Admitted,603,272,4.53,0
2009-2010,2009,Less urgent,3,Transferred,Pneumonia,Not Admitted,103,302,5.03,0
2009-2010,2009,Non-urgent,3,Transferred,Pneumonia,Not Admitted,5,520,8.67,0
2009-2010,2009,Unknown,3,Transferred,Pneumonia,Not Admitted,5,244,4.07,0
2009-2010,2009,CTAS III - Urgent,3,Transferred,Trauma,Not Admitted,5208,223,3.72,0
2009-2010,2009,Less urgent,3,Transferred,Trauma,Not Admitted,1960,196,3.27,0
2009-2010,2009,Non-urgent,3,Transferred,Trauma,Not Admitted,129,150,2.5,0
2009-2010,2009,Unknown,3,Transferred,Trauma,Not Admitted,65,155,2.58,0
2009-2010,2009,CTAS III - Urgent,3,Transferred,Unintentional Falls,Not Admitted,2712,253,4.22,0
2009-2010,2009,Less urgent,3,Transferred,Unintentional Falls,Not Admitted,932,235,3.92,0
2009-2010,2009,Non-urgent,3,Transferred,Unintentional Falls,Not Admitted,40,152,2.53,0
2009-2010,2009,Unknown,3,Transferred,Unintentional Falls,Not Admitted,21,164,2.73,0
2009-2010,2009,CTAS III - Urgent,3,Unknown,Acute Myocardial Infarction,Not Admitted,0,0,0.0,0
2009-2010,2009,Less urgent,3,Unknown,Acute Myocardial Infarction,Not Admitted,0,0,0.0,0
2009-2010,2009,Non-urgent,3,Unknown,Acute Myocardial Infarction,Not Admitted,0,0,0.0,0
2009-2010,2009,Unknown,3,Unknown,Acute Myocardial Infarction,Not Admitted,0,0,0.0,0
2009-2010,2009,CTAS III - Urgent,3,Unknown,Any,Not Admitted,0,0,0.0,0
2009-2010,2009,Less urgent,3,Unknown,Any,Not Admitted,0,0,0.0,0
2009-2010,2009,Non-urgent,3,Unknown,Any,Not Admitted,0,0,0.0,0
2009-2010,2009,Unknown,3,Unknown,Any,Not Admitted,0,0,0.0,0
2009-2010,2009,CTAS III - Urgent,3,Unknown,Asthma,Not Admitted,0,0,0.0,0
2009-2010,2009,Less urgent,3,Unknown,Asthma,Not Admitted,0,0,0.0,0
2009-2010,2009,Non-urgent,3,Unknown,Asthma,Not Admitted,0,0,0.0,0
2009-2010,2009,Unknown,3,Unknown,Asthma,Not Admitted,0,0,0.0,0
2009-2010,2009,CTAS III - Urgent,3,Unknown,Influenzal Pneumonia,Not Admitted,0,0,0.0,0
2009-2010,2009,Less urgent,3,Unknown,Influenzal Pneumonia,Not Admitted,0,0,0.0,0
2009-2010,2009,Non-urgent,3,Unknown,Influenzal Pneumonia,Not Admitted,0,0,0.0,0
2009-2010,2009,Unknown,3,Unknown,Influenzal Pneumonia,Not Admitted,0,0,0.0,0
2009-2010,2009,CTAS III - Urgent,3,Unknown,Motor Vehicle Collisions,Not Admitted,0,0,0.0,0
2009-2010,2009,Less urgent,3,Unknown,Motor Vehicle Collisions,Not Admitted,0,0,0.0,0
2009-2010,2009,Non-urgent,3,Unknown,Motor Vehicle Collisions,Not Admitted,0,0,0.0,0
2009-2010,2009,Unknown,3,Unknown,Motor Vehicle Collisions,Not Admitted,0,0,0.0,0
2009-2010,2009,CTAS III - Urgent,3,Unknown,Pneumonia,Not Admitted,0,0,0.0,0
2009-2010,2009,Less urgent,3,Unknown,Pneumonia,Not Admitted,0,0,0.0,0
2009-2010,2009,Non-urgent,3,Unknown,Pneumonia,Not Admitted,0,0,0.0,0
2009-2010,2009,Unknown,3,Unknown,Pneumonia,Not Admitted,0,0,0.0,0
2009-2010,2009,CTAS III - Urgent,3,Unknown,Trauma,Not Admitted,0,0,0.0,0
2009-2010,2009,Less urgent,3,Unknown,Trauma,Not Admitted,0,0,0.0,0
2009-2010,2009,Non-urgent,3,Unknown,Trauma,Not Admitted,0,0,0.0,0
2009-2010,2009,Unknown,3,Unknown,Trauma,Not Admitted,0,0,0.0,0
2009-2010,2009,CTAS III - Urgent,3,Unknown,Unintentional Falls,Not Admitted,0,0,0.0,0
2009-2010,2009,Less urgent,3,Unknown,Unintentional Falls,Not Admitted,0,0,0.0,0
2009-2010,2009,Non-urgent,3,Unknown,Unintentional Falls,Not Admitted,0,0,0.0,0
2009-2010,2009,Unknown,3,Unknown,Unintentional Falls,Not Admitted,0,0,0.0,0
2008-2009,2008,CTAS I - Resuscitation,1,Admitted,Acute Myocardial Infarction,Admitted,739,194,3.23,1
2008-2009,2008,CTAS I - Resuscitation,1,Admitted,Any,Admitted,18135,332,5.53,1
2008-2009,2008,CTAS I - Resuscitation,1,Admitted,Asthma,Admitted,364,370,6.17,1
2008-2009,2008,CTAS I - Resuscitation,1,Admitted,Influenzal Pneumonia,Admitted,0,0,0.0,1
2008-2009,2008,CTAS I - Resuscitation,1,Admitted,Motor Vehicle Collisions,Admitted,1405,230,3.83,1
2008-2009,2008,CTAS I - Resuscitation,1,Admitted,Pneumonia,Admitted,646,493,8.22,1
2008-2009,2008,CTAS I - Resuscitation,1,Admitted,Trauma,Admitted,3426,235,3.92,1
2008-2009,2008,CTAS I - Resuscitation,1,Admitted,Unintentional Falls,Admitted,784,294,4.9,1
2008-2009,2008,CTAS I - Resuscitation,1,Death,Acute Myocardial Infarction,Not Admitted,514,20,0.33,0
2008-2009,2008,CTAS I - Resuscitation,1,Death,Any,Not Admitted,4546,21,0.35,0
2008-2009,2008,CTAS I - Resuscitation,1,Death,Asthma,Not Admitted,0,102,1.7,0
2008-2009,2008,CTAS I - Resuscitation,1,Death,Influenzal Pneumonia,Not Admitted,0,0,0.0,0
2008-2009,2008,CTAS I - Resuscitation,1,Death,Motor Vehicle Collisions,Not Admitted,164,24,0.4,0
2008-2009,2008,CTAS I - Resuscitation,1,Death,Pneumonia,Not Admitted,24,66,1.1,0
2008-2009,2008,CTAS I - Resuscitation,1,Death,Trauma,Not Admitted,447,28,0.47,0
2008-2009,2008,CTAS I - Resuscitation,1,Death,Unintentional Falls,Not Admitted,68,110,1.83,0
2008-2009,2008,CTAS I - Resuscitation,1,Discharged Home,Acute Myocardial Infarction,Not Admitted,18,91,1.52,0
2008-2009,2008,CTAS I - Resuscitation,1,Discharged Home,Any,Not Admitted,6317,255,4.25,0
2008-2009,2008,CTAS I - Resuscitation,1,Discharged Home,Asthma,Not Admitted,262,220,3.67,0
2008-2009,2008,CTAS I - Resuscitation,1,Discharged Home,Influenzal Pneumonia,Not Admitted,0,0,0.0,0
2008-2009,2008,CTAS I - Resuscitation,1,Discharged Home,Motor Vehicle Collisions,Not Admitted,327,260,4.33,0
2008-2009,2008,CTAS I - Resuscitation,1,Discharged Home,Pneumonia,Not Admitted,65,277,4.62,0
2008-2009,2008,CTAS I - Resuscitation,1,Discharged Home,Trauma,Not Admitted,1651,236,3.93,0
2008-2009,2008,CTAS I - Resuscitation,1,Discharged Home,Unintentional Falls,Not Admitted,287,256,4.27,0
2008-2009,2008,CTAS I - Resuscitation,1,Intra-Facility Transfer,Acute Myocardial Infarction,Not Admitted,6,21,0.35,0
2008-2009,2008,CTAS I - Resuscitation,1,Intra-Facility Transfer,Any,Not Admitted,117,178,2.97,0
2008-2009,2008,CTAS I - Resuscitation,1,Intra-Facility Transfer,Asthma,Not Admitted,0,0,0.0,0
2008-2009,2008,CTAS I - Resuscitation,1,Intra-Facility Transfer,Influenzal Pneumonia,Not Admitted,0,0,0.0,0
2008-2009,2008,CTAS I - Resuscitation,1,Intra-Facility Transfer,Motor Vehicle Collisions,Not Admitted,0,213,3.55,0
2008-2009,2008,CTAS I - Resuscitation,1,Intra-Facility Transfer,Pneumonia,Not Admitted,0,185,3.08,0
2008-2009,2008,CTAS I - Resuscitation,1,Intra-Facility Transfer,Trauma,Not Admitted,25,140,2.33,0
2008-2009,2008,CTAS I - Resuscitation,1,Intra-Facility Transfer,Unintentional Falls,Not Admitted,0,501,8.35,0
2008-2009,2008,CTAS I - Resuscitation,1,Not Seen Or Left,Acute Myocardial Infarction,Not Admitted,0,0,0.0,0
2008-2009,2008,CTAS I - Resuscitation,1,Not Seen Or Left,Any,Not Admitted,182,202,3.37,0
2008-2009,2008,CTAS I - Resuscitation,1,Not Seen Or Left,Asthma,Not Admitted,9,113,1.88,0
2008-2009,2008,CTAS I - Resuscitation,1,Not Seen Or Left,Influenzal Pneumonia,Not Admitted,0,0,0.0,0
2008-2009,2008,CTAS I - Resuscitation,1,Not Seen Or Left,Motor Vehicle Collisions,Not Admitted,6,205,3.42,0
2008-2009,2008,CTAS I - Resuscitation,1,Not Seen Or Left,Pneumonia,Not Admitted,0,162,2.7,0
2008-2009,2008,CTAS I - Resuscitation,1,Not Seen Or Left,Trauma,Not Admitted,34,172,2.87,0
2008-2009,2008,CTAS I - Resuscitation,1,Not Seen Or Left,Unintentional Falls,Not Admitted,7,355,5.92,0
2008-2009,2008,CTAS I - Resuscitation,1,Total,Acute Myocardial Infarction,Not Admitted,1657,115,1.92,0
2008-2009,2008,CTAS I - Resuscitation,1,Total,Any,Not Admitted,32331,245,4.08,0
2008-2009,2008,CTAS I - Resuscitation,1,Total,Asthma,Not Admitted,662,286,4.77,0
2008-2009,2008,CTAS I - Resuscitation,1,Total,Influenzal Pneumonia,Not Admitted,0,0,0.0,0
2008-2009,2008,CTAS I - Resuscitation,1,Total,Motor Vehicle Collisions,Not Admitted,2242,205,3.42,0
2008-2009,2008,CTAS I - Resuscitation,1,Total,Pneumonia,Not Admitted,764,428,7.13,0
2008-2009,2008,CTAS I - Resuscitation,1,Total,Trauma,Not Admitted,6387,213,3.55,0
2008-2009,2008,CTAS I - Resuscitation,1,Total,Unintentional Falls,Not Admitted,1308,260,4.33,0
2008-2009,2008,CTAS I - Resuscitation,1,Transferred,Acute Myocardial Infarction,Not Admitted,372,127,2.12,0
2008-2009,2008,CTAS I - Resuscitation,1,Transferred,Any,Not Admitted,2892,179,2.98,0
2008-2009,2008,CTAS I - Resuscitation,1,Transferred,Asthma,Not Admitted,27,195,3.25,0
2008-2009,2008,CTAS I - Resuscitation,1,Transferred,Influenzal Pneumonia,Not Admitted,0,0,0.0,0
2008-2009,2008,CTAS I - Resuscitation,1,Transferred,Motor Vehicle Collisions,Not Admitted,330,139,2.32,0
2008-2009,2008,CTAS I - Resuscitation,1,Transferred,Pneumonia,Not Admitted,29,210,3.5,0
2008-2009,2008,CTAS I - Resuscitation,1,Transferred,Trauma,Not Admitted,783,159,2.65,0
2008-2009,2008,CTAS I - Resuscitation,1,Transferred,Unintentional Falls,Not Admitted,162,198,3.3,0
2008-2009,2008,CTAS I - Resuscitation,1,Unknown,Acute Myocardial Infarction,Not Admitted,8,114,1.9,0
2008-2009,2008,CTAS I - Resuscitation,1,Unknown,Any,Not Admitted,142,110,1.83,0
2008-2009,2008,CTAS I - Resuscitation,1,Unknown,Asthma,Not Admitted,0,101,1.68,0
2008-2009,2008,CTAS I - Resuscitation,1,Unknown,Influenzal Pneumonia,Not Admitted,0,0,0.0,0
2008-2009,2008,CTAS I - Resuscitation,1,Unknown,Motor Vehicle Collisions,Not Admitted,10,51,0.85,0
2008-2009,2008,CTAS I - Resuscitation,1,Unknown,Pneumonia,Not Admitted,0,662,11.03,0
2008-2009,2008,CTAS I - Resuscitation,1,Unknown,Trauma,Not Admitted,21,76,1.27,0
2008-2009,2008,CTAS I - Resuscitation,1,Unknown,Unintentional Falls,Not Admitted,0,274,4.57,0
2008-2009,2008,CTAS II - Emergent,2,Admitted,Acute Myocardial Infarction,Admitted,7637,445,7.42,1
2008-2009,2008,CTAS II - Emergent,2,Admitted,Any,Admitted,198486,588,9.8,1
2008-2009,2008,CTAS II - Emergent,2,Admitted,Asthma,Admitted,2951,460,7.67,1
2008-2009,2008,CTAS II - Emergent,2,Admitted,Influenzal Pneumonia,Admitted,5,466,7.77,1
2008-2009,2008,CTAS II - Emergent,2,Admitted,Motor Vehicle Collisions,Admitted,2713,393,6.55,1
2008-2009,2008,CTAS II - Emergent,2,Admitted,Pneumonia,Admitted,9525,699,11.65,1
2008-2009,2008,CTAS II - Emergent,2,Admitted,Trauma,Admitted,13539,443,7.38,1
2008-2009,2008,CTAS II - Emergent,2,Admitted,Unintentional Falls,Admitted,7157,498,8.3,1
2008-2009,2008,CTAS II - Emergent,2,Death,Acute Myocardial Infarction,Not Admitted,117,142,2.37,0
2008-2009,2008,CTAS II - Emergent,2,Death,Any,Not Admitted,880,200,3.33,0
2008-2009,2008,CTAS II - Emergent,2,Death,Asthma,Not Admitted,0,0,0.0,0
2008-2009,2008,CTAS II - Emergent,2,Death,Influenzal Pneumonia,Not Admitted,0,170,2.83,0
2008-2009,2008,CTAS II - Emergent,2,Death,Motor Vehicle Collisions,Not Admitted,9,111,1.85,0
2008-2009,2008,CTAS II - Emergent,2,Death,Pneumonia,Not Admitted,43,209,3.48,0
2008-2009,2008,CTAS II - Emergent,2,Death,Trauma,Not Admitted,35,185,3.08,0
2008-2009,2008,CTAS II - Emergent,2,Death,Unintentional Falls,Not Admitted,20,257,4.28,0
2008-2009,2008,CTAS II - Emergent,2,Discharged Home,Acute Myocardial Infarction,Not Admitted,307,326,5.43,0
2008-2009,2008,CTAS II - Emergent,2,Discharged Home,Any,Not Admitted,463500,238,3.97,0
2008-2009,2008,CTAS II - Emergent,2,Discharged Home,Asthma,Not Admitted,12257,190,3.17,0
2008-2009,2008,CTAS II - Emergent,2,Discharged Home,Influenzal Pneumonia,Not Admitted,0,204,3.4,0
2008-2009,2008,CTAS II - Emergent,2,Discharged Home,Motor Vehicle Collisions,Not Admitted,14199,183,3.05,0
2008-2009,2008,CTAS II - Emergent,2,Discharged Home,Pneumonia,Not Admitted,7092,240,4.0,0
2008-2009,2008,CTAS II - Emergent,2,Discharged Home,Trauma,Not Admitted,73994,170,2.83,0
2008-2009,2008,CTAS II - Emergent,2,Discharged Home,Unintentional Falls,Not Admitted,21325,200,3.33,0
2008-2009,2008,CTAS II - Emergent,2,Intra-Facility Transfer,Acute Myocardial Infarction,Not Admitted,42,52,0.87,0
2008-2009,2008,CTAS II - Emergent,2,Intra-Facility Transfer,Any,Not Admitted,3226,209,3.48,0
2008-2009,2008,CTAS II - Emergent,2,Intra-Facility Transfer,Asthma,Not Admitted,53,122,2.03,0
2008-2009,2008,CTAS II - Emergent,2,Intra-Facility Transfer,Influenzal Pneumonia,Not Admitted,0,0,0.0,0
2008-2009,2008,CTAS II - Emergent,2,Intra-Facility Transfer,Motor Vehicle Collisions,Not Admitted,57,179,2.98,0
2008-2009,2008,CTAS II - Emergent,2,Intra-Facility Transfer,Pneumonia,Not Admitted,28,138,2.3,0
2008-2009,2008,CTAS II - Emergent,2,Intra-Facility Transfer,Trauma,Not Admitted,654,170,2.83,0
2008-2009,2008,CTAS II - Emergent,2,Intra-Facility Transfer,Unintentional Falls,Not Admitted,163,193,3.22,0
2008-2009,2008,CTAS II - Emergent,2,Not Seen Or Left,Acute Myocardial Infarction,Not Admitted,31,290,4.83,0
2008-2009,2008,CTAS II - Emergent,2,Not Seen Or Left,Any,Not Admitted,17935,173,2.88,0
2008-2009,2008,CTAS II - Emergent,2,Not Seen Or Left,Asthma,Not Admitted,133,172,2.87,0
2008-2009,2008,CTAS II - Emergent,2,Not Seen Or Left,Influenzal Pneumonia,Not Admitted,0,0,0.0,0
2008-2009,2008,CTAS II - Emergent,2,Not Seen Or Left,Motor Vehicle Collisions,Not Admitted,179,150,2.5,0
2008-2009,2008,CTAS II - Emergent,2,Not Seen Or Left,Pneumonia,Not Admitted,37,284,4.73,0
2008-2009,2008,CTAS II - Emergent,2,Not Seen Or Left,Trauma,Not Admitted,1342,140,2.33,0
2008-2009,2008,CTAS II - Emergent,2,Not Seen Or Left,Unintentional Falls,Not Admitted,344,170,2.83,0
2008-2009,2008,CTAS II - Emergent,2,Total,Acute Myocardial Infarction,Not Admitted,9866,347,5.78,0
2008-2009,2008,CTAS II - Emergent,2,Total,Any,Not Admitted,705457,290,4.83,0
2008-2009,2008,CTAS II - Emergent,2,Total,Asthma,Not Admitted,15648,220,3.67,0
2008-2009,2008,CTAS II - Emergent,2,Total,Influenzal Pneumonia,Not Admitted,5,292,4.87,0
2008-2009,2008,CTAS II - Emergent,2,Total,Motor Vehicle Collisions,Not Admitted,18198,201,3.35,0
2008-2009,2008,CTAS II - Emergent,2,Total,Pneumonia,Not Admitted,17202,392,6.53,0
2008-2009,2008,CTAS II - Emergent,2,Total,Trauma,Not Admitted,93258,191,3.18,0
2008-2009,2008,CTAS II - Emergent,2,Total,Unintentional Falls,Not Admitted,30226,240,4.0,0
2008-2009,2008,CTAS II - Emergent,2,Transferred,Acute Myocardial Infarction,Not Admitted,1708,143,2.38,0
2008-2009,2008,CTAS II - Emergent,2,Transferred,Any,Not Admitted,19666,249,4.15,0
2008-2009,2008,CTAS II - Emergent,2,Transferred,Asthma,Not Admitted,221,280,4.67,0
2008-2009,2008,CTAS II - Emergent,2,Transferred,Influenzal Pneumonia,Not Admitted,0,0,0.0,0
2008-2009,2008,CTAS II - Emergent,2,Transferred,Motor Vehicle Collisions,Not Admitted,996,214,3.57,0
2008-2009,2008,CTAS II - Emergent,2,Transferred,Pneumonia,Not Admitted,429,264,4.4,0
2008-2009,2008,CTAS II - Emergent,2,Transferred,Trauma,Not Admitted,3475,208,3.47,0
2008-2009,2008,CTAS II - Emergent,2,Transferred,Unintentional Falls,Not Admitted,1149,240,4.0,0
2008-2009,2008,CTAS II - Emergent,2,Unknown,Acute Myocardial Infarction,Not Admitted,24,122,2.03,0
2008-2009,2008,CTAS II - Emergent,2,Unknown,Any,Not Admitted,1764,142,2.37,0
2008-2009,2008,CTAS II - Emergent,2,Unknown,Asthma,Not Admitted,33,112,1.87,0
2008-2009,2008,CTAS II - Emergent,2,Unknown,Influenzal Pneumonia,Not Admitted,0,0,0.0,0
2008-2009,2008,CTAS II - Emergent,2,Unknown,Motor Vehicle Collisions,Not Admitted,45,114,1.9,0
2008-2009,2008,CTAS II - Emergent,2,Unknown,Pneumonia,Not Admitted,48,150,2.5,0
2008-2009,2008,CTAS II - Emergent,2,Unknown,Trauma,Not Admitted,219,114,1.9,0
2008-2009,2008,CTAS II - Emergent,2,Unknown,Unintentional Falls,Not Admitted,68,128,2.13,0
2008-2009,2008,CTAS III - Urgent,3,Admitted,Acute Myocardial Infarction,Admitted,3440,545,9.08,1
2008-2009,2008,Less urgent,3,Admitted,Acute Myocardial Infarction,Admitted,350,484,8.07,1
2008-2009,2008,Non-urgent,3,Admitted,Acute Myocardial Infarction,Admitted,38,202,3.37,1
2008-2009,2008,Unknown,3,Admitted,Acute Myocardial Infarction,Admitted,0,0,0.0,1
2008-2009,2008,CTAS III - Urgent,3,Admitted,Any,Admitted,259917,610,10.17,1
2008-2009,2008,Less urgent,3,Admitted,Any,Admitted,44238,443,7.38,1
2008-2009,2008,Non-urgent,3,Admitted,Any,Admitted,5481,295,4.92,1
2008-2009,2008,Unknown,3,Admitted,Any,Admitted,0,0,0.0,1
2008-2009,2008,CTAS III - Urgent,3,Admitted,Asthma,Admitted,1628,526,8.77,1
2008-2009,2008,Less urgent,3,Admitted,Asthma,Admitted,141,322,5.37,1
2008-2009,2008,Non-urgent,3,Admitted,Asthma,Admitted,19,67,1.12,1
2008-2009,2008,Unknown,3,Admitted,Asthma,Admitted,0,0,0.0,1
2008-2009,2008,CTAS III - Urgent,3,Admitted,Influenzal Pneumonia,Admitted,0,1096,18.27,1
2008-2009,2008,Less urgent,3,Admitted,Influenzal Pneumonia,Admitted,0,0,0.0,1
2008-2009,2008,Non-urgent,3,Admitted,Influenzal Pneumonia,Admitted,0,1618,26.97,1
2008-2009,2008,Unknown,3,Admitted,Influenzal Pneumonia,Admitted,0,0,0.0,1
2008-2009,2008,CTAS III - Urgent,3,Admitted,Motor Vehicle Collisions,Admitted,1964,402,6.7,1
2008-2009,2008,Less urgent,3,Admitted,Motor Vehicle Collisions,Admitted,428,365,6.08,1
2008-2009,2008,Non-urgent,3,Admitted,Motor Vehicle Collisions,Admitted,56,288,4.8,1
2008-2009,2008,Unknown,3,Admitted,Motor Vehicle Collisions,Admitted,0,0,0.0,1
2008-2009,2008,CTAS III - Urgent,3,Admitted,Pneumonia,Admitted,10857,745,12.42,1
2008-2009,2008,Less urgent,3,Admitted,Pneumonia,Admitted,1300,436,7.27,1
2008-2009,2008,Non-urgent,3,Admitted,Pneumonia,Admitted,114,322,5.37,1
2008-2009,2008,Unknown,3,Admitted,Pneumonia,Admitted,0,0,0.0,1
2008-2009,2008,CTAS III - Urgent,3,Admitted,Trauma,Admitted,26256,497,8.28,1
2008-2009,2008,Less urgent,3,Admitted,Trauma,Admitted,6089,426,7.1,1
2008-2009,2008,Non-urgent,3,Admitted,Trauma,Admitted,544,300,5.0,1
2008-2009,2008,Unknown,3,Admitted,Trauma,Admitted,0,0,0.0,1
2008-2009,2008,CTAS III - Urgent,3,Admitted,Unintentional Falls,Admitted,19247,527,8.78,1
2008-2009,2008,Less urgent,3,Admitted,Unintentional Falls,Admitted,3940,456,7.6,1
2008-2009,2008,Non-urgent,3,Admitted,Unintentional Falls,Admitted,300,305,5.08,1
2008-2009,2008,Unknown,3,Admitted,Unintentional Falls,Admitted,0,0,0.0,1
2008-2009,2008,CTAS III - Urgent,3,Death,Acute Myocardial Infarction,Not Admitted,27,311,5.18,0
2008-2009,2008,Less urgent,3,Death,Acute Myocardial Infarction,Not Admitted,0,26,0.43,0
2008-2009,2008,Non-urgent,3,Death,Acute Myocardial Infarction,Not Admitted,15,25,0.42,0
2008-2009,2008,Unknown,3,Death,Acute Myocardial Infarction,Not Admitted,0,0,0.0,0
2008-2009,2008,CTAS III - Urgent,3,Death,Any,Not Admitted,361,284,4.73,0
2008-2009,2008,Less urgent,3,Death,Any,Not Admitted,83,131,2.18,0
2008-2009,2008,Non-urgent,3,Death,Any,Not Admitted,188,30,0.5,0
2008-2009,2008,Unknown,3,Death,Any,Not Admitted,0,0,0.0,0
2008-2009,2008,CTAS III - Urgent,3,Death,Asthma,Not Admitted,0,0,0.0,0
2008-2009,2008,Less urgent,3,Death,Asthma,Not Admitted,0,0,0.0,0
2008-2009,2008,Non-urgent,3,Death,Asthma,Not Admitted,0,0,0.0,0
2008-2009,2008,Unknown,3,Death,Asthma,Not Admitted,0,0,0.0,0
2008-2009,2008,CTAS III - Urgent,3,Death,Influenzal Pneumonia,Not Admitted,0,0,0.0,0
2008-2009,2008,Less urgent,3,Death,Influenzal Pneumonia,Not Admitted,0,0,0.0,0
2008-2009,2008,Non-urgent,3,Death,Influenzal Pneumonia,Not Admitted,0,0,0.0,0
2008-2009,2008,Unknown,3,Death,Influenzal Pneumonia,Not Admitted,0,0,0.0,0
2008-2009,2008,CTAS III - Urgent,3,Death,Motor Vehicle Collisions,Not Admitted,0,1,0.02,0
2008-2009,2008,Less urgent,3,Death,Motor Vehicle Collisions,Not Admitted,0,0,0.0,0
2008-2009,2008,Non-urgent,3,Death,Motor Vehicle Collisions,Not Admitted,6,120,2.0,0
2008-2009,2008,Unknown,3,Death,Motor Vehicle Collisions,Not Admitted,0,0,0.0,0
2008-2009,2008,CTAS III - Urgent,3,Death,Pneumonia,Not Admitted,14,414,6.9,0
2008-2009,2008,Less urgent,3,Death,Pneumonia,Not Admitted,0,0,0.0,0
2008-2009,2008,Non-urgent,3,Death,Pneumonia,Not Admitted,0,0,0.0,0
2008-2009,2008,Unknown,3,Death,Pneumonia,Not Admitted,0,0,0.0,0
2008-2009,2008,CTAS III - Urgent,3,Death,Trauma,Not Admitted,17,277,4.62,0
2008-2009,2008,Less urgent,3,Death,Trauma,Not Admitted,13,186,3.1,0
2008-2009,2008,Non-urgent,3,Death,Trauma,Not Admitted,10,75,1.25,0
2008-2009,2008,Unknown,3,Death,Trauma,Not Admitted,0,0,0.0,0
2008-2009,2008,CTAS III - Urgent,3,Death,Unintentional Falls,Not Admitted,14,340,5.67,0
2008-2009,2008,Less urgent,3,Death,Unintentional Falls,Not Admitted,5,258,4.3,0
2008-2009,2008,Non-urgent,3,Death,Unintentional Falls,Not Admitted,0,0,0.0,0
2008-2009,2008,Unknown,3,Death,Unintentional Falls,Not Admitted,0,0,0.0,0
2008-2009,2008,CTAS III - Urgent,3,Discharged Home,Acute Myocardial Infarction,Not Admitted,147,485,8.08,0
2008-2009,2008,Less urgent,3,Discharged Home,Acute Myocardial Infarction,Not Admitted,27,315,5.25,0
2008-2009,2008,Non-urgent,3,Discharged Home,Acute Myocardial Infarction,Not Admitted,24,20,0.33,0
2008-2009,2008,Unknown,3,Discharged Home,Acute Myocardial Infarction,Not Admitted,0,0,0.0,0
2008-2009,2008,CTAS III - Urgent,3,Discharged Home,Any,Not Admitted,1727265,185,3.08,0
2008-2009,2008,Less urgent,3,Discharged Home,Any,Not Admitted,1978069,112,1.87,0
2008-2009,2008,Non-urgent,3,Discharged Home,Any,Not Admitted,460937,73,1.22,0
2008-2009,2008,Unknown,3,Discharged Home,Any,Not Admitted,0,0,0.0,0
2008-2009,2008,CTAS III - Urgent,3,Discharged Home,Asthma,Not Admitted,27197,160,2.67,0
2008-2009,2008,Less urgent,3,Discharged Home,Asthma,Not Admitted,14903,110,1.83,0
2008-2009,2008,Non-urgent,3,Discharged Home,Asthma,Not Admitted,2396,71,1.18,0
2008-2009,2008,Unknown,3,Discharged Home,Asthma,Not Admitted,0,0,0.0,0
2008-2009,2008,CTAS III - Urgent,3,Discharged Home,Influenzal Pneumonia,Not Admitted,34,188,3.13,0
2008-2009,2008,Less urgent,3,Discharged Home,Influenzal Pneumonia,Not Admitted,26,114,1.9,0
2008-2009,2008,Non-urgent,3,Discharged Home,Influenzal Pneumonia,Not Admitted,7,67,1.12,0
2008-2009,2008,Unknown,3,Discharged Home,Influenzal Pneumonia,Not Admitted,0,0,0.0,0
2008-2009,2008,CTAS III - Urgent,3,Discharged Home,Motor Vehicle Collisions,Not Admitted,40713,154,2.57,0
2008-2009,2008,Less urgent,3,Discharged Home,Motor Vehicle Collisions,Not Admitted,41189,127,2.12,0
2008-2009,2008,Non-urgent,3,Discharged Home,Motor Vehicle Collisions,Not Admitted,3786,100,1.67,0
2008-2009,2008,Unknown,3,Discharged Home,Motor Vehicle Collisions,Not Admitted,0,0,0.0,0
2008-2009,2008,CTAS III - Urgent,3,Discharged Home,Pneumonia,Not Admitted,24972,203,3.38,0
2008-2009,2008,Less urgent,3,Discharged Home,Pneumonia,Not Admitted,16187,130,2.17,0
2008-2009,2008,Non-urgent,3,Discharged Home,Pneumonia,Not Admitted,1950,90,1.5,0
2008-2009,2008,Unknown,3,Discharged Home,Pneumonia,Not Admitted,0,0,0.0,0
2008-2009,2008,CTAS III - Urgent,3,Discharged Home,Trauma,Not Admitted,358572,146,2.43,0
2008-2009,2008,Less urgent,3,Discharged Home,Trauma,Not Admitted,664001,118,1.97,0
2008-2009,2008,Non-urgent,3,Discharged Home,Trauma,Not Admitted,82776,90,1.5,0
2008-2009,2008,Unknown,3,Discharged Home,Trauma,Not Admitted,0,0,0.0,0
2008-2009,2008,CTAS III - Urgent,3,Discharged Home,Unintentional Falls,Not Admitted,123811,167,2.78,0
2008-2009,2008,Less urgent,3,Discharged Home,Unintentional Falls,Not Admitted,183388,129,2.15,0
2008-2009,2008,Non-urgent,3,Discharged Home,Unintentional Falls,Not Admitted,16751,99,1.65,0
2008-2009,2008,Unknown,3,Discharged Home,Unintentional Falls,Not Admitted,0,0,0.0,0
2008-2009,2008,CTAS III - Urgent,3,Intra-Facility Transfer,Acute Myocardial Infarction,Not Admitted,9,144,2.4,0
2008-2009,2008,Less urgent,3,Intra-Facility Transfer,Acute Myocardial Infarction,Not Admitted,0,88,1.47,0
2008-2009,2008,Non-urgent,3,Intra-Facility Transfer,Acute Myocardial Infarction,Not Admitted,0,0,0.0,0
2008-2009,2008,Unknown,3,Intra-Facility Transfer,Acute Myocardial Infarction,Not Admitted,0,0,0.0,0
2008-2009,2008,CTAS III - Urgent,3,Intra-Facility Transfer,Any,Not Admitted,7909,225,3.75,0
2008-2009,2008,Less urgent,3,Intra-Facility Transfer,Any,Not Admitted,3693,157,2.62,0
2008-2009,2008,Non-urgent,3,Intra-Facility Transfer,Any,Not Admitted,1005,80,1.33,0
2008-2009,2008,Unknown,3,Intra-Facility Transfer,Any,Not Admitted,0,0,0.0,0
2008-2009,2008,CTAS III - Urgent,3,Intra-Facility Transfer,Asthma,Not Admitted,25,107,1.78,0
2008-2009,2008,Less urgent,3,Intra-Facility Transfer,Asthma,Not Admitted,0,479,7.98,0
2008-2009,2008,Non-urgent,3,Intra-Facility Transfer,Asthma,Not Admitted,0,249,4.15,0
2008-2009,2008,Unknown,3,Intra-Facility Transfer,Asthma,Not Admitted,0,0,0.0,0
2008-2009,2008,CTAS III - Urgent,3,Intra-Facility Transfer,Influenzal Pneumonia,Not Admitted,0,0,0.0,0
2008-2009,2008,Less urgent,3,Intra-Facility Transfer,Influenzal Pneumonia,Not Admitted,0,0,0.0,0
2008-2009,2008,Non-urgent,3,Intra-Facility Transfer,Influenzal Pneumonia,Not Admitted,0,0,0.0,0
2008-2009,2008,Unknown,3,Intra-Facility Transfer,Influenzal Pneumonia,Not Admitted,0,0,0.0,0
2008-2009,2008,CTAS III - Urgent,3,Intra-Facility Transfer,Motor Vehicle Collisions,Not Admitted,95,163,2.72,0
2008-2009,2008,Less urgent,3,Intra-Facility Transfer,Motor Vehicle Collisions,Not Admitted,56,104,1.73,0
2008-2009,2008,Non-urgent,3,Intra-Facility Transfer,Motor Vehicle Collisions,Not Admitted,7,53,0.88,0
2008-2009,2008,Unknown,3,Intra-Facility Transfer,Motor Vehicle Collisions,Not Admitted,0,0,0.0,0
2008-2009,2008,CTAS III - Urgent,3,Intra-Facility Transfer,Pneumonia,Not Admitted,34,234,3.9,0
2008-2009,2008,Less urgent,3,Intra-Facility Transfer,Pneumonia,Not Admitted,19,278,4.63,0
2008-2009,2008,Non-urgent,3,Intra-Facility Transfer,Pneumonia,Not Admitted,0,145,2.42,0
2008-2009,2008,Unknown,3,Intra-Facility Transfer,Pneumonia,Not Admitted,0,0,0.0,0
2008-2009,2008,CTAS III - Urgent,3,Intra-Facility Transfer,Trauma,Not Admitted,1676,179,2.98,0
2008-2009,2008,Less urgent,3,Intra-Facility Transfer,Trauma,Not Admitted,1113,143,2.38,0
2008-2009,2008,Non-urgent,3,Intra-Facility Transfer,Trauma,Not Admitted,187,83,1.38,0
2008-2009,2008,Unknown,3,Intra-Facility Transfer,Trauma,Not Admitted,0,0,0.0,0
2008-2009,2008,CTAS III - Urgent,3,Intra-Facility Transfer,Unintentional Falls,Not Admitted,547,180,3.0,0
2008-2009,2008,Less urgent,3,Intra-Facility Transfer,Unintentional Falls,Not Admitted,377,146,2.43,0
2008-2009,2008,Non-urgent,3,Intra-Facility Transfer,Unintentional Falls,Not Admitted,46,80,1.33,0
2008-2009,2008,Unknown,3,Intra-Facility Transfer,Unintentional Falls,Not Admitted,0,0,0.0,0
2008-2009,2008,CTAS III - Urgent,3,Not Seen Or Left,Acute Myocardial Infarction,Not Admitted,19,505,8.42,0
2008-2009,2008,Less urgent,3,Not Seen Or Left,Acute Myocardial Infarction,Not Admitted,5,422,7.03,0
2008-2009,2008,Non-urgent,3,Not Seen Or Left,Acute Myocardial Infarction,Not Admitted,0,0,0.0,0
2008-2009,2008,Unknown,3,Not Seen Or Left,Acute Myocardial Infarction,Not Admitted,0,0,0.0,0
2008-2009,2008,CTAS III - Urgent,3,Not Seen Or Left,Any,Not Admitted,107274,150,2.5,0
2008-2009,2008,Less urgent,3,Not Seen Or Left,Any,Not Admitted,108087,126,2.1,0
2008-2009,2008,Non-urgent,3,Not Seen Or Left,Any,Not Admitted,25943,88,1.47,0
2008-2009,2008,Unknown,3,Not Seen Or Left,Any,Not Admitted,4952,25,0.42,0
2008-2009,2008,CTAS III - Urgent,3,Not Seen Or Left,Asthma,Not Admitted,369,131,2.18,0
2008-2009,2008,Less urgent,3,Not Seen Or Left,Asthma,Not Admitted,143,119,1.98,0
2008-2009,2008,Non-urgent,3,Not Seen Or Left,Asthma,Not Admitted,14,73,1.22,0
2008-2009,2008,Unknown,3,Not Seen Or Left,Asthma,Not Admitted,0,77,1.28,0
2008-2009,2008,CTAS III - Urgent,3,Not Seen Or Left,Influenzal Pneumonia,Not Admitted,0,292,4.87,0
2008-2009,2008,Less urgent,3,Not Seen Or Left,Influenzal Pneumonia,Not Admitted,0,369,6.15,0
2008-2009,2008,Non-urgent,3,Not Seen Or Left,Influenzal Pneumonia,Not Admitted,0,0,0.0,0
2008-2009,2008,Unknown,3,Not Seen Or Left,Influenzal Pneumonia,Not Admitted,0,0,0.0,0
2008-2009,2008,CTAS III - Urgent,3,Not Seen Or Left,Motor Vehicle Collisions,Not Admitted,1263,146,2.43,0
2008-2009,2008,Less urgent,3,Not Seen Or Left,Motor Vehicle Collisions,Not Admitted,1550,130,2.17,0
2008-2009,2008,Non-urgent,3,Not Seen Or Left,Motor Vehicle Collisions,Not Admitted,138,105,1.75,0
2008-2009,2008,Unknown,3,Not Seen Or Left,Motor Vehicle Collisions,Not Admitted,9,20,0.33,0
2008-2009,2008,CTAS III - Urgent,3,Not Seen Or Left,Pneumonia,Not Admitted,111,248,4.13,0
2008-2009,2008,Less urgent,3,Not Seen Or Left,Pneumonia,Not Admitted,42,128,2.13,0
2008-2009,2008,Non-urgent,3,Not Seen Or Left,Pneumonia,Not Admitted,7,90,1.5,0
2008-2009,2008,Unknown,3,Not Seen Or Left,Pneumonia,Not Admitted,0,1,0.02,0
2008-2009,2008,CTAS III - Urgent,3,Not Seen Or Left,Trauma,Not Admitted,11950,134,2.23,0
2008-2009,2008,Less urgent,3,Not Seen Or Left,Trauma,Not Admitted,25457,125,2.08,0
2008-2009,2008,Non-urgent,3,Not Seen Or Left,Trauma,Not Admitted,3586,100,1.67,0
2008-2009,2008,Unknown,3,Not Seen Or Left,Trauma,Not Admitted,648,15,0.25,0
2008-2009,2008,CTAS III - Urgent,3,Not Seen Or Left,Unintentional Falls,Not Admitted,3097,142,2.37,0
2008-2009,2008,Less urgent,3,Not Seen Or Left,Unintentional Falls,Not Admitted,5398,130,2.17,0
2008-2009,2008,Non-urgent,3,Not Seen Or Left,Unintentional Falls,Not Admitted,532,112,1.87,0
2008-2009,2008,Unknown,3,Not Seen Or Left,Unintentional Falls,Not Admitted,61,26,0.43,0
2008-2009,2008,CTAS III - Urgent,3,Total,Acute Myocardial Infarction,Not Admitted,4078,494,8.23,0
2008-2009,2008,Less urgent,3,Total,Acute Myocardial Infarction,Not Admitted,427,415,6.92,0
2008-2009,2008,Non-urgent,3,Total,Acute Myocardial Infarction,Not Admitted,87,131,2.18,0
2008-2009,2008,Unknown,3,Total,Acute Myocardial Infarction,Not Admitted,0,0,0.0,0
2008-2009,2008,CTAS III - Urgent,3,Total,Any,Not Admitted,2141153,203,3.38,0
2008-2009,2008,Less urgent,3,Total,Any,Not Admitted,2178983,114,1.9,0
2008-2009,2008,Non-urgent,3,Total,Any,Not Admitted,496358,74,1.23,0
2008-2009,2008,Unknown,3,Total,Any,Not Admitted,4969,25,0.42,0
2008-2009,2008,CTAS III - Urgent,3,Total,Asthma,Not Admitted,29531,166,2.77,0
2008-2009,2008,Less urgent,3,Total,Asthma,Not Admitted,15581,110,1.83,0
2008-2009,2008,Non-urgent,3,Total,Asthma,Not Admitted,2434,71,1.18,0
2008-2009,2008,Unknown,3,Total,Asthma,Not Admitted,0,77,1.28,0
2008-2009,2008,CTAS III - Urgent,3,Total,Influenzal Pneumonia,Not Admitted,34,196,3.27,0
2008-2009,2008,Less urgent,3,Total,Influenzal Pneumonia,Not Admitted,26,103,1.72,0
2008-2009,2008,Non-urgent,3,Total,Influenzal Pneumonia,Not Admitted,7,81,1.35,0
2008-2009,2008,Unknown,3,Total,Influenzal Pneumonia,Not Admitted,0,0,0.0,0
2008-2009,2008,CTAS III - Urgent,3,Total,Motor Vehicle Collisions,Not Admitted,44964,159,2.65,0
2008-2009,2008,Less urgent,3,Total,Motor Vehicle Collisions,Not Admitted,43765,128,2.13,0
2008-2009,2008,Non-urgent,3,Total,Motor Vehicle Collisions,Not Admitted,4016,100,1.67,0
2008-2009,2008,Unknown,3,Total,Motor Vehicle Collisions,Not Admitted,9,20,0.33,0
2008-2009,2008,CTAS III - Urgent,3,Total,Pneumonia,Not Admitted,36706,263,4.38,0
2008-2009,2008,Less urgent,3,Total,Pneumonia,Not Admitted,17972,137,2.28,0
2008-2009,2008,Non-urgent,3,Total,Pneumonia,Not Admitted,2080,94,1.57,0
2008-2009,2008,Unknown,3,Total,Pneumonia,Not Admitted,0,1,0.02,0
2008-2009,2008,CTAS III - Urgent,3,Total,Trauma,Not Admitted,405976,154,2.57,0
2008-2009,2008,Less urgent,3,Total,Trauma,Not Admitted,706030,119,1.98,0
2008-2009,2008,Non-urgent,3,Total,Trauma,Not Admitted,87469,90,1.5,0
2008-2009,2008,Unknown,3,Total,Trauma,Not Admitted,648,15,0.25,0
2008-2009,2008,CTAS III - Urgent,3,Total,Unintentional Falls,Not Admitted,150097,186,3.1,0
2008-2009,2008,Less urgent,3,Total,Unintentional Falls,Not Admitted,196023,130,2.17,0
2008-2009,2008,Non-urgent,3,Total,Unintentional Falls,Not Admitted,17747,100,1.67,0
2008-2009,2008,Unknown,3,Total,Unintentional Falls,Not Admitted,61,26,0.43,0
2008-2009,2008,CTAS III - Urgent,3,Transferred,Acute Myocardial Infarction,Not Admitted,429,214,3.57,0
2008-2009,2008,Less urgent,3,Transferred,Acute Myocardial Infarction,Not Admitted,45,277,4.62,0
2008-2009,2008,Non-urgent,3,Transferred,Acute Myocardial Infarction,Not Admitted,10,268,4.47,0
2008-2009,2008,Unknown,3,Transferred,Acute Myocardial Infarction,Not Admitted,0,0,0.0,0
2008-2009,2008,CTAS III - Urgent,3,Transferred,Any,Not Admitted,26373,260,4.33,0
2008-2009,2008,Less urgent,3,Transferred,Any,Not Admitted,8813,210,3.5,0
2008-2009,2008,Non-urgent,3,Transferred,Any,Not Admitted,1252,169,2.82,0
2008-2009,2008,Unknown,3,Transferred,Any,Not Admitted,0,0,0.0,0
2008-2009,2008,CTAS III - Urgent,3,Transferred,Asthma,Not Admitted,117,246,4.1,0
2008-2009,2008,Less urgent,3,Transferred,Asthma,Not Admitted,18,284,4.73,0
2008-2009,2008,Non-urgent,3,Transferred,Asthma,Not Admitted,0,335,5.58,0
2008-2009,2008,Unknown,3,Transferred,Asthma,Not Admitted,0,0,0.0,0
2008-2009,2008,CTAS III - Urgent,3,Transferred,Influenzal Pneumonia,Not Admitted,0,0,0.0,0
2008-2009,2008,Less urgent,3,Transferred,Influenzal Pneumonia,Not Admitted,0,0,0.0,0
2008-2009,2008,Non-urgent,3,Transferred,Influenzal Pneumonia,Not Admitted,0,0,0.0,0
2008-2009,2008,Unknown,3,Transferred,Influenzal Pneumonia,Not Admitted,0,0,0.0,0
2008-2009,2008,CTAS III - Urgent,3,Transferred,Motor Vehicle Collisions,Not Admitted,661,227,3.78,0
2008-2009,2008,Less urgent,3,Transferred,Motor Vehicle Collisions,Not Admitted,149,193,3.22,0
2008-2009,2008,Non-urgent,3,Transferred,Motor Vehicle Collisions,Not Admitted,23,181,3.02,0
2008-2009,2008,Unknown,3,Transferred,Motor Vehicle Collisions,Not Admitted,0,0,0.0,0
2008-2009,2008,CTAS III - Urgent,3,Transferred,Pneumonia,Not Admitted,481,288,4.8,0
2008-2009,2008,Less urgent,3,Transferred,Pneumonia,Not Admitted,99,238,3.97,0
2008-2009,2008,Non-urgent,3,Transferred,Pneumonia,Not Admitted,9,220,3.67,0
2008-2009,2008,Unknown,3,Transferred,Pneumonia,Not Admitted,0,0,0.0,0
2008-2009,2008,CTAS III - Urgent,3,Transferred,Trauma,Not Admitted,4927,230,3.83,0
2008-2009,2008,Less urgent,3,Transferred,Trauma,Not Admitted,2033,197,3.28,0
2008-2009,2008,Non-urgent,3,Transferred,Trauma,Not Admitted,228,150,2.5,0
2008-2009,2008,Unknown,3,Transferred,Trauma,Not Admitted,0,0,0.0,0
2008-2009,2008,CTAS III - Urgent,3,Transferred,Unintentional Falls,Not Admitted,2556,257,4.28,0
2008-2009,2008,Less urgent,3,Transferred,Unintentional Falls,Not Admitted,1001,234,3.9,0
2008-2009,2008,Non-urgent,3,Transferred,Unintentional Falls,Not Admitted,89,174,2.9,0
2008-2009,2008,Unknown,3,Transferred,Unintentional Falls,Not Admitted,0,0,0.0,0
2008-2009,2008,CTAS III - Urgent,3,Unknown,Acute Myocardial Infarction,Not Admitted,7,337,5.62,0
2008-2009,2008,Less urgent,3,Unknown,Acute Myocardial Infarction,Not Admitted,0,142,2.37,0
2008-2009,2008,Non-urgent,3,Unknown,Acute Myocardial Infarction,Not Admitted,0,0,0.0,0
2008-2009,2008,Unknown,3,Unknown,Acute Myocardial Infarction,Not Admitted,0,0,0.0,0
2008-2009,2008,CTAS III - Urgent,3,Unknown,Any,Not Admitted,12054,96,1.6,0
2008-2009,2008,Less urgent,3,Unknown,Any,Not Admitted,36000,70,1.17,0
2008-2009,2008,Non-urgent,3,Unknown,Any,Not Admitted,1552,47,0.78,0
2008-2009,2008,Unknown,3,Unknown,Any,Not Admitted,17,34,0.57,0
2008-2009,2008,CTAS III - Urgent,3,Unknown,Asthma,Not Admitted,195,77,1.28,0
2008-2009,2008,Less urgent,3,Unknown,Asthma,Not Admitted,376,73,1.22,0
2008-2009,2008,Non-urgent,3,Unknown,Asthma,Not Admitted,5,34,0.57,0
2008-2009,2008,Unknown,3,Unknown,Asthma,Not Admitted,0,0,0.0,0
2008-2009,2008,CTAS III - Urgent,3,Unknown,Influenzal Pneumonia,Not Admitted,0,177,2.95,0
2008-2009,2008,Less urgent,3,Unknown,Influenzal Pneumonia,Not Admitted,0,78,1.3,0
2008-2009,2008,Non-urgent,3,Unknown,Influenzal Pneumonia,Not Admitted,0,0,0.0,0
2008-2009,2008,Unknown,3,Unknown,Influenzal Pneumonia,Not Admitted,0,0,0.0,0
2008-2009,2008,CTAS III - Urgent,3,Unknown,Motor Vehicle Collisions,Not Admitted,268,84,1.4,0
2008-2009,2008,Less urgent,3,Unknown,Motor Vehicle Collisions,Not Admitted,393,77,1.28,0
2008-2009,2008,Non-urgent,3,Unknown,Motor Vehicle Collisions,Not Admitted,0,52,0.87,0
2008-2009,2008,Unknown,3,Unknown,Motor Vehicle Collisions,Not Admitted,0,0,0.0,0
2008-2009,2008,CTAS III - Urgent,3,Unknown,Pneumonia,Not Admitted,237,132,2.2,0
2008-2009,2008,Less urgent,3,Unknown,Pneumonia,Not Admitted,325,95,1.58,0
2008-2009,2008,Non-urgent,3,Unknown,Pneumonia,Not Admitted,0,20,0.33,0
2008-2009,2008,Unknown,3,Unknown,Pneumonia,Not Admitted,0,0,0.0,0
2008-2009,2008,CTAS III - Urgent,3,Unknown,Trauma,Not Admitted,2578,80,1.33,0
2008-2009,2008,Less urgent,3,Unknown,Trauma,Not Admitted,7324,74,1.23,0
2008-2009,2008,Non-urgent,3,Unknown,Trauma,Not Admitted,138,60,1.0,0
2008-2009,2008,Unknown,3,Unknown,Trauma,Not Admitted,0,26,0.43,0
2008-2009,2008,CTAS III - Urgent,3,Unknown,Unintentional Falls,Not Admitted,825,99,1.65,0
2008-2009,2008,Less urgent,3,Unknown,Unintentional Falls,Not Admitted,1914,83,1.38,0
2008-2009,2008,Non-urgent,3,Unknown,Unintentional Falls,Not Admitted,29,62,1.03,0
2008-2009,2008,Unknown,3,Unknown,Unintentional Falls,Not Admitted,0,0,0.0,0
2007-2008,2007,CTAS I - Resuscitation,1,Admitted,Acute Myocardial Infarction,Admitted,651,194,3.23,1
2007-2008,2007,CTAS I - Resuscitation,1,Admitted,Any,Admitted,16942,290,4.83,1
2007-2008,2007,CTAS I - Resuscitation,1,Admitted,Asthma,Admitted,331,330,5.5,1
2007-2008,2007,CTAS I - Resuscitation,1,Admitted,Influenzal Pneumonia,Admitted,0,339,5.65,1
2007-2008,2007,CTAS I - Resuscitation,1,Admitted,Motor Vehicle Collisions,Admitted,1578,215,3.58,1
2007-2008,2007,CTAS I - Resuscitation,1,Admitted,Pneumonia,Admitted,533,454,7.57,1
2007-2008,2007,CTAS I - Resuscitation,1,Admitted,Trauma,Admitted,3369,218,3.63,1
2007-2008,2007,CTAS I - Resuscitation,1,Admitted,Unintentional Falls,Admitted,672,255,4.25,1
2007-2008,2007,CTAS I - Resuscitation,1,Death,Acute Myocardial Infarction,Not Admitted,526,21,0.35,0
2007-2008,2007,CTAS I - Resuscitation,1,Death,Any,Not Admitted,4625,21,0.35,0
2007-2008,2007,CTAS I - Resuscitation,1,Death,Asthma,Not Admitted,0,34,0.57,0
2007-2008,2007,CTAS I - Resuscitation,1,Death,Influenzal Pneumonia,Not Admitted,0,0,0.0,0
2007-2008,2007,CTAS I - Resuscitation,1,Death,Motor Vehicle Collisions,Not Admitted,202,25,0.42,0
2007-2008,2007,CTAS I - Resuscitation,1,Death,Pneumonia,Not Admitted,28,146,2.43,0
2007-2008,2007,CTAS I - Resuscitation,1,Death,Trauma,Not Admitted,473,28,0.47,0
2007-2008,2007,CTAS I - Resuscitation,1,Death,Unintentional Falls,Not Admitted,44,111,1.85,0
2007-2008,2007,CTAS I - Resuscitation,1,Discharged Home,Acute Myocardial Infarction,Not Admitted,9,194,3.23,0
2007-2008,2007,CTAS I - Resuscitation,1,Discharged Home,Any,Not Admitted,6355,245,4.08,0
2007-2008,2007,CTAS I - Resuscitation,1,Discharged Home,Asthma,Not Admitted,289,186,3.1,0
2007-2008,2007,CTAS I - Resuscitation,1,Discharged Home,Influenzal Pneumonia,Not Admitted,0,0,0.0,0
2007-2008,2007,CTAS I - Resuscitation,1,Discharged Home,Motor Vehicle Collisions,Not Admitted,372,265,4.42,0
2007-2008,2007,CTAS I - Resuscitation,1,Discharged Home,Pneumonia,Not Admitted,69,214,3.57,0
2007-2008,2007,CTAS I - Resuscitation,1,Discharged Home,Trauma,Not Admitted,1599,225,3.75,0
2007-2008,2007,CTAS I - Resuscitation,1,Discharged Home,Unintentional Falls,Not Admitted,275,245,4.08,0
2007-2008,2007,CTAS I - Resuscitation,1,Intra-Facility Transfer,Acute Myocardial Infarction,Not Admitted,5,28,0.47,0
2007-2008,2007,CTAS I - Resuscitation,1,Intra-Facility Transfer,Any,Not Admitted,111,160,2.67,0
2007-2008,2007,CTAS I - Resuscitation,1,Intra-Facility Transfer,Asthma,Not Admitted,0,225,3.75,0
2007-2008,2007,CTAS I - Resuscitation,1,Intra-Facility Transfer,Influenzal Pneumonia,Not Admitted,0,0,0.0,0
2007-2008,2007,CTAS I - Resuscitation,1,Intra-Facility Transfer,Motor Vehicle Collisions,Not Admitted,6,94,1.57,0
2007-2008,2007,CTAS I - Resuscitation,1,Intra-Facility Transfer,Pneumonia,Not Admitted,0,0,0.0,0
2007-2008,2007,CTAS I - Resuscitation,1,Intra-Facility Transfer,Trauma,Not Admitted,40,134,2.23,0
2007-2008,2007,CTAS I - Resuscitation,1,Intra-Facility Transfer,Unintentional Falls,Not Admitted,7,343,5.72,0
2007-2008,2007,CTAS I - Resuscitation,1,Not Seen Or Left,Acute Myocardial Infarction,Not Admitted,0,0,0.0,0
2007-2008,2007,CTAS I - Resuscitation,1,Not Seen Or Left,Any,Not Admitted,174,155,2.58,0
2007-2008,2007,CTAS I - Resuscitation,1,Not Seen Or Left,Asthma,Not Admitted,6,125,2.08,0
2007-2008,2007,CTAS I - Resuscitation,1,Not Seen Or Left,Influenzal Pneumonia,Not Admitted,0,0,0.0,0
2007-2008,2007,CTAS I - Resuscitation,1,Not Seen Or Left,Motor Vehicle Collisions,Not Admitted,0,92,1.53,0
2007-2008,2007,CTAS I - Resuscitation,1,Not Seen Or Left,Pneumonia,Not Admitted,0,0,0.0,0
2007-2008,2007,CTAS I - Resuscitation,1,Not Seen Or Left,Trauma,Not Admitted,31,132,2.2,0
2007-2008,2007,CTAS I - Resuscitation,1,Not Seen Or Left,Unintentional Falls,Not Admitted,9,141,2.35,0
2007-2008,2007,CTAS I - Resuscitation,1,Total,Acute Myocardial Infarction,Not Admitted,1502,120,2.0,0
2007-2008,2007,CTAS I - Resuscitation,1,Total,Any,Not Admitted,30909,225,3.75,0
2007-2008,2007,CTAS I - Resuscitation,1,Total,Asthma,Not Admitted,649,254,4.23,0
2007-2008,2007,CTAS I - Resuscitation,1,Total,Influenzal Pneumonia,Not Admitted,0,339,5.65,0
2007-2008,2007,CTAS I - Resuscitation,1,Total,Motor Vehicle Collisions,Not Admitted,2530,195,3.25,0
2007-2008,2007,CTAS I - Resuscitation,1,Total,Pneumonia,Not Admitted,661,386,6.43,0
2007-2008,2007,CTAS I - Resuscitation,1,Total,Trauma,Not Admitted,6328,198,3.3,0
2007-2008,2007,CTAS I - Resuscitation,1,Total,Unintentional Falls,Not Admitted,1150,240,4.0,0
2007-2008,2007,CTAS I - Resuscitation,1,Transferred,Acute Myocardial Infarction,Not Admitted,311,128,2.13,0
2007-2008,2007,CTAS I - Resuscitation,1,Transferred,Any,Not Admitted,2702,172,2.87,0
2007-2008,2007,CTAS I - Resuscitation,1,Transferred,Asthma,Not Admitted,23,189,3.15,0
2007-2008,2007,CTAS I - Resuscitation,1,Transferred,Influenzal Pneumonia,Not Admitted,0,0,0.0,0
2007-2008,2007,CTAS I - Resuscitation,1,Transferred,Motor Vehicle Collisions,Not Admitted,372,137,2.28,0
2007-2008,2007,CTAS I - Resuscitation,1,Transferred,Pneumonia,Not Admitted,31,330,5.5,0
2007-2008,2007,CTAS I - Resuscitation,1,Transferred,Trauma,Not Admitted,816,151,2.52,0
2007-2008,2007,CTAS I - Resuscitation,1,Transferred,Unintentional Falls,Not Admitted,143,194,3.23,0
2007-2008,2007,CTAS I - Resuscitation,1,Unknown,Acute Myocardial Infarction,Not Admitted,0,0,0.0,0
2007-2008,2007,CTAS I - Resuscitation,1,Unknown,Any,Not Admitted,0,0,0.0,0
2007-2008,2007,CTAS I - Resuscitation,1,Unknown,Asthma,Not Admitted,0,0,0.0,0
2007-2008,2007,CTAS I - Resuscitation,1,Unknown,Influenzal Pneumonia,Not Admitted,0,0,0.0,0
2007-2008,2007,CTAS I - Resuscitation,1,Unknown,Motor Vehicle Collisions,Not Admitted,0,0,0.0,0
2007-2008,2007,CTAS I - Resuscitation,1,Unknown,Pneumonia,Not Admitted,0,0,0.0,0
2007-2008,2007,CTAS I - Resuscitation,1,Unknown,Trauma,Not Admitted,0,0,0.0,0
2007-2008,2007,CTAS I - Resuscitation,1,Unknown,Unintentional Falls,Not Admitted,0,0,0.0,0
2007-2008,2007,CTAS II - Emergent,2,Admitted,Acute Myocardial Infarction,Admitted,7063,357,5.95,1
2007-2008,2007,CTAS II - Emergent,2,Admitted,Any,Admitted,187381,505,8.42,1
2007-2008,2007,CTAS II - Emergent,2,Admitted,Asthma,Admitted,2886,420,7.0,1
2007-2008,2007,CTAS II - Emergent,2,Admitted,Influenzal Pneumonia,Admitted,6,452,7.53,1
2007-2008,2007,CTAS II - Emergent,2,Admitted,Motor Vehicle Collisions,Admitted,2777,349,5.82,1
2007-2008,2007,CTAS II - Emergent,2,Admitted,Pneumonia,Admitted,8093,564,9.4,1
2007-2008,2007,CTAS II - Emergent,2,Admitted,Trauma,Admitted,12602,390,6.5,1
2007-2008,2007,CTAS II - Emergent,2,Admitted,Unintentional Falls,Admitted,6363,435,7.25,1
2007-2008,2007,CTAS II - Emergent,2,Death,Acute Myocardial Infarction,Not Admitted,104,134,2.23,0
2007-2008,2007,CTAS II - Emergent,2,Death,Any,Not Admitted,887,179,2.98,0
2007-2008,2007,CTAS II - Emergent,2,Death,Asthma,Not Admitted,0,851,14.18,0
2007-2008,2007,CTAS II - Emergent,2,Death,Influenzal Pneumonia,Not Admitted,0,0,0.0,0
2007-2008,2007,CTAS II - Emergent,2,Death,Motor Vehicle Collisions,Not Admitted,15,158,2.63,0
2007-2008,2007,CTAS II - Emergent,2,Death,Pneumonia,Not Admitted,37,264,4.4,0
2007-2008,2007,CTAS II - Emergent,2,Death,Trauma,Not Admitted,45,164,2.73,0
2007-2008,2007,CTAS II - Emergent,2,Death,Unintentional Falls,Not Admitted,22,240,4.0,0
2007-2008,2007,CTAS II - Emergent,2,Discharged Home,Acute Myocardial Infarction,Not Admitted,189,279,4.65,0
2007-2008,2007,CTAS II - Emergent,2,Discharged Home,Any,Not Admitted,431857,232,3.87,0
2007-2008,2007,CTAS II - Emergent,2,Discharged Home,Asthma,Not Admitted,11807,181,3.02,0
2007-2008,2007,CTAS II - Emergent,2,Discharged Home,Influenzal Pneumonia,Not Admitted,5,414,6.9,0
2007-2008,2007,CTAS II - Emergent,2,Discharged Home,Motor Vehicle Collisions,Not Admitted,13687,182,3.03,0
2007-2008,2007,CTAS II - Emergent,2,Discharged Home,Pneumonia,Not Admitted,5743,231,3.85,0
2007-2008,2007,CTAS II - Emergent,2,Discharged Home,Trauma,Not Admitted,68287,167,2.78,0
2007-2008,2007,CTAS II - Emergent,2,Discharged Home,Unintentional Falls,Not Admitted,19692,193,3.22,0
2007-2008,2007,CTAS II - Emergent,2,Intra-Facility Transfer,Acute Myocardial Infarction,Not Admitted,37,89,1.48,0
2007-2008,2007,CTAS II - Emergent,2,Intra-Facility Transfer,Any,Not Admitted,2972,208,3.47,0
2007-2008,2007,CTAS II - Emergent,2,Intra-Facility Transfer,Asthma,Not Admitted,27,142,2.37,0
2007-2008,2007,CTAS II - Emergent,2,Intra-Facility Transfer,Influenzal Pneumonia,Not Admitted,0,0,0.0,0
2007-2008,2007,CTAS II - Emergent,2,Intra-Facility Transfer,Motor Vehicle Collisions,Not Admitted,60,210,3.5,0
2007-2008,2007,CTAS II - Emergent,2,Intra-Facility Transfer,Pneumonia,Not Admitted,13,208,3.47,0
2007-2008,2007,CTAS II - Emergent,2,Intra-Facility Transfer,Trauma,Not Admitted,598,165,2.75,0
2007-2008,2007,CTAS II - Emergent,2,Intra-Facility Transfer,Unintentional Falls,Not Admitted,136,182,3.03,0
2007-2008,2007,CTAS II - Emergent,2,Not Seen Or Left,Acute Myocardial Infarction,Not Admitted,31,321,5.35,0
2007-2008,2007,CTAS II - Emergent,2,Not Seen Or Left,Any,Not Admitted,15795,163,2.72,0
2007-2008,2007,CTAS II - Emergent,2,Not Seen Or Left,Asthma,Not Admitted,112,158,2.63,0
2007-2008,2007,CTAS II - Emergent,2,Not Seen Or Left,Influenzal Pneumonia,Not Admitted,0,0,0.0,0
2007-2008,2007,CTAS II - Emergent,2,Not Seen Or Left,Motor Vehicle Collisions,Not Admitted,185,140,2.33,0
2007-2008,2007,CTAS II - Emergent,2,Not Seen Or Left,Pneumonia,Not Admitted,30,310,5.17,0
2007-2008,2007,CTAS II - Emergent,2,Not Seen Or Left,Trauma,Not Admitted,1143,135,2.25,0
2007-2008,2007,CTAS II - Emergent,2,Not Seen Or Left,Unintentional Falls,Not Admitted,269,171,2.85,0
2007-2008,2007,CTAS II - Emergent,2,Total,Acute Myocardial Infarction,Not Admitted,8892,300,5.0,0
2007-2008,2007,CTAS II - Emergent,2,Total,Any,Not Admitted,657337,279,4.65,0
2007-2008,2007,CTAS II - Emergent,2,Total,Asthma,Not Admitted,15030,209,3.48,0
2007-2008,2007,CTAS II - Emergent,2,Total,Influenzal Pneumonia,Not Admitted,11,418,6.97,0
2007-2008,2007,CTAS II - Emergent,2,Total,Motor Vehicle Collisions,Not Admitted,17745,200,3.33,0
2007-2008,2007,CTAS II - Emergent,2,Total,Pneumonia,Not Admitted,14210,358,5.97,0
2007-2008,2007,CTAS II - Emergent,2,Total,Trauma,Not Admitted,86151,186,3.1,0
2007-2008,2007,CTAS II - Emergent,2,Total,Unintentional Falls,Not Admitted,27654,230,3.83,0
2007-2008,2007,CTAS II - Emergent,2,Transferred,Acute Myocardial Infarction,Not Admitted,1468,159,2.65,0
2007-2008,2007,CTAS II - Emergent,2,Transferred,Any,Not Admitted,18445,240,4.0,0
2007-2008,2007,CTAS II - Emergent,2,Transferred,Asthma,Not Admitted,198,278,4.63,0
2007-2008,2007,CTAS II - Emergent,2,Transferred,Influenzal Pneumonia,Not Admitted,0,0,0.0,0
2007-2008,2007,CTAS II - Emergent,2,Transferred,Motor Vehicle Collisions,Not Admitted,1021,208,3.47,0
2007-2008,2007,CTAS II - Emergent,2,Transferred,Pneumonia,Not Admitted,294,255,4.25,0
2007-2008,2007,CTAS II - Emergent,2,Transferred,Trauma,Not Admitted,3476,208,3.47,0
2007-2008,2007,CTAS II - Emergent,2,Transferred,Unintentional Falls,Not Admitted,1172,242,4.03,0
2007-2008,2007,CTAS II - Emergent,2,Unknown,Acute Myocardial Infarction,Not Admitted,0,0,0.0,0
2007-2008,2007,CTAS II - Emergent,2,Unknown,Any,Not Admitted,0,0,0.0,0
2007-2008,2007,CTAS II - Emergent,2,Unknown,Asthma,Not Admitted,0,0,0.0,0
2007-2008,2007,CTAS II - Emergent,2,Unknown,Influenzal Pneumonia,Not Admitted,0,0,0.0,0
2007-2008,2007,CTAS II - Emergent,2,Unknown,Motor Vehicle Collisions,Not Admitted,0,0,0.0,0
2007-2008,2007,CTAS II - Emergent,2,Unknown,Pneumonia,Not Admitted,0,0,0.0,0
2007-2008,2007,CTAS II - Emergent,2,Unknown,Trauma,Not Admitted,0,0,0.0,0
2007-2008,2007,CTAS II - Emergent,2,Unknown,Unintentional Falls,Not Admitted,0,0,0.0,0
2007-2008,2007,CTAS III - Urgent,3,Admitted,Acute Myocardial Infarction,Admitted,3211,460,7.67,1
2007-2008,2007,Less urgent,3,Admitted,Acute Myocardial Infarction,Admitted,335,426,7.1,1
2007-2008,2007,Non-urgent,3,Admitted,Acute Myocardial Infarction,Admitted,63,348,5.8,1
2007-2008,2007,Unknown,3,Admitted,Acute Myocardial Infarction,Admitted,0,0,0.0,1
2007-2008,2007,CTAS III - Urgent,3,Admitted,Any,Admitted,267833,520,8.67,1
2007-2008,2007,Less urgent,3,Admitted,Any,Admitted,49603,400,6.67,1
2007-2008,2007,Non-urgent,3,Admitted,Any,Admitted,7699,302,5.03,1
2007-2008,2007,Unknown,3,Admitted,Any,Admitted,0,0,0.0,1
2007-2008,2007,CTAS III - Urgent,3,Admitted,Asthma,Admitted,1692,450,7.5,1
2007-2008,2007,Less urgent,3,Admitted,Asthma,Admitted,163,280,4.67,1
2007-2008,2007,Non-urgent,3,Admitted,Asthma,Admitted,15,180,3.0,1
2007-2008,2007,Unknown,3,Admitted,Asthma,Admitted,0,0,0.0,1
2007-2008,2007,CTAS III - Urgent,3,Admitted,Influenzal Pneumonia,Admitted,6,625,10.42,1
2007-2008,2007,Less urgent,3,Admitted,Influenzal Pneumonia,Admitted,0,636,10.6,1
2007-2008,2007,Non-urgent,3,Admitted,Influenzal Pneumonia,Admitted,0,0,0.0,1
2007-2008,2007,Unknown,3,Admitted,Influenzal Pneumonia,Admitted,0,0,0.0,1
2007-2008,2007,CTAS III - Urgent,3,Admitted,Motor Vehicle Collisions,Admitted,2240,362,6.03,1
2007-2008,2007,Less urgent,3,Admitted,Motor Vehicle Collisions,Admitted,451,329,5.48,1
2007-2008,2007,Non-urgent,3,Admitted,Motor Vehicle Collisions,Admitted,124,205,3.42,1
2007-2008,2007,Unknown,3,Admitted,Motor Vehicle Collisions,Admitted,0,0,0.0,1
2007-2008,2007,CTAS III - Urgent,3,Admitted,Pneumonia,Admitted,10484,582,9.7,1
2007-2008,2007,Less urgent,3,Admitted,Pneumonia,Admitted,1288,378,6.3,1
2007-2008,2007,Non-urgent,3,Admitted,Pneumonia,Admitted,175,263,4.38,1
2007-2008,2007,Unknown,3,Admitted,Pneumonia,Admitted,0,0,0.0,1
2007-2008,2007,CTAS III - Urgent,3,Admitted,Trauma,Admitted,27055,434,7.23,1
2007-2008,2007,Less urgent,3,Admitted,Trauma,Admitted,6860,380,6.33,1
2007-2008,2007,Non-urgent,3,Admitted,Trauma,Admitted,869,264,4.4,1
2007-2008,2007,Unknown,3,Admitted,Trauma,Admitted,0,0,0.0,1
2007-2008,2007,CTAS III - Urgent,3,Admitted,Unintentional Falls,Admitted,19560,460,7.67,1
2007-2008,2007,Less urgent,3,Admitted,Unintentional Falls,Admitted,4565,406,6.77,1
2007-2008,2007,Non-urgent,3,Admitted,Unintentional Falls,Admitted,437,300,5.0,1
2007-2008,2007,Unknown,3,Admitted,Unintentional Falls,Admitted,0,0,0.0,1
2007-2008,2007,CTAS III - Urgent,3,Death,Acute Myocardial Infarction,Not Admitted,32,268,4.47,0
2007-2008,2007,Less urgent,3,Death,Acute Myocardial Infarction,Not Admitted,6,362,6.03,0
2007-2008,2007,Non-urgent,3,Death,Acute Myocardial Infarction,Not Admitted,15,16,0.27,0
2007-2008,2007,Unknown,3,Death,Acute Myocardial Infarction,Not Admitted,0,0,0.0,0
2007-2008,2007,CTAS III - Urgent,3,Death,Any,Not Admitted,358,270,4.5,0
2007-2008,2007,Less urgent,3,Death,Any,Not Admitted,80,180,3.0,0
2007-2008,2007,Non-urgent,3,Death,Any,Not Admitted,317,18,0.3,0
2007-2008,2007,Unknown,3,Death,Any,Not Admitted,0,0,0.0,0
2007-2008,2007,CTAS III - Urgent,3,Death,Asthma,Not Admitted,0,0,0.0,0
2007-2008,2007,Less urgent,3,Death,Asthma,Not Admitted,0,0,0.0,0
2007-2008,2007,Non-urgent,3,Death,Asthma,Not Admitted,0,0,0.0,0
2007-2008,2007,Unknown,3,Death,Asthma,Not Admitted,0,0,0.0,0
2007-2008,2007,CTAS III - Urgent,3,Death,Influenzal Pneumonia,Not Admitted,0,0,0.0,0
2007-2008,2007,Less urgent,3,Death,Influenzal Pneumonia,Not Admitted,0,0,0.0,0
2007-2008,2007,Non-urgent,3,Death,Influenzal Pneumonia,Not Admitted,0,0,0.0,0
2007-2008,2007,Unknown,3,Death,Influenzal Pneumonia,Not Admitted,0,0,0.0,0
2007-2008,2007,CTAS III - Urgent,3,Death,Motor Vehicle Collisions,Not Admitted,0,296,4.93,0
2007-2008,2007,Less urgent,3,Death,Motor Vehicle Collisions,Not Admitted,0,60,1.0,0
2007-2008,2007,Non-urgent,3,Death,Motor Vehicle Collisions,Not Admitted,6,1,0.02,0
2007-2008,2007,Unknown,3,Death,Motor Vehicle Collisions,Not Admitted,0,0,0.0,0
2007-2008,2007,CTAS III - Urgent,3,Death,Pneumonia,Not Admitted,15,394,6.57,0
2007-2008,2007,Less urgent,3,Death,Pneumonia,Not Admitted,0,870,14.5,0
2007-2008,2007,Non-urgent,3,Death,Pneumonia,Not Admitted,0,0,0.0,0
2007-2008,2007,Unknown,3,Death,Pneumonia,Not Admitted,0,0,0.0,0
2007-2008,2007,CTAS III - Urgent,3,Death,Trauma,Not Admitted,19,296,4.93,0
2007-2008,2007,Less urgent,3,Death,Trauma,Not Admitted,18,104,1.73,0
2007-2008,2007,Non-urgent,3,Death,Trauma,Not Admitted,13,18,0.3,0
2007-2008,2007,Unknown,3,Death,Trauma,Not Admitted,0,0,0.0,0
2007-2008,2007,CTAS III - Urgent,3,Death,Unintentional Falls,Not Admitted,13,333,5.55,0
2007-2008,2007,Less urgent,3,Death,Unintentional Falls,Not Admitted,7,172,2.87,0
2007-2008,2007,Non-urgent,3,Death,Unintentional Falls,Not Admitted,0,3,0.05,0
2007-2008,2007,Unknown,3,Death,Unintentional Falls,Not Admitted,0,0,0.0,0
2007-2008,2007,CTAS III - Urgent,3,Discharged Home,Acute Myocardial Infarction,Not Admitted,110,337,5.62,0
2007-2008,2007,Less urgent,3,Discharged Home,Acute Myocardial Infarction,Not Admitted,20,194,3.23,0
2007-2008,2007,Non-urgent,3,Discharged Home,Acute Myocardial Infarction,Not Admitted,7,150,2.5,0
2007-2008,2007,Unknown,3,Discharged Home,Acute Myocardial Infarction,Not Admitted,0,0,0.0,0
2007-2008,2007,CTAS III - Urgent,3,Discharged Home,Any,Not Admitted,1664327,180,3.0,0
2007-2008,2007,Less urgent,3,Discharged Home,Any,Not Admitted,2034226,109,1.82,0
2007-2008,2007,Non-urgent,3,Discharged Home,Any,Not Admitted,530193,73,1.22,0
2007-2008,2007,Unknown,3,Discharged Home,Any,Not Admitted,0,0,0.0,0
2007-2008,2007,CTAS III - Urgent,3,Discharged Home,Asthma,Not Admitted,28075,152,2.53,0
2007-2008,2007,Less urgent,3,Discharged Home,Asthma,Not Admitted,15174,105,1.75,0
2007-2008,2007,Non-urgent,3,Discharged Home,Asthma,Not Admitted,2779,71,1.18,0
2007-2008,2007,Unknown,3,Discharged Home,Asthma,Not Admitted,0,0,0.0,0
2007-2008,2007,CTAS III - Urgent,3,Discharged Home,Influenzal Pneumonia,Not Admitted,47,210,3.5,0
2007-2008,2007,Less urgent,3,Discharged Home,Influenzal Pneumonia,Not Admitted,31,154,2.57,0
2007-2008,2007,Non-urgent,3,Discharged Home,Influenzal Pneumonia,Not Admitted,0,112,1.87,0
2007-2008,2007,Unknown,3,Discharged Home,Influenzal Pneumonia,Not Admitted,0,0,0.0,0
2007-2008,2007,CTAS III - Urgent,3,Discharged Home,Motor Vehicle Collisions,Not Admitted,41903,152,2.53,0
2007-2008,2007,Less urgent,3,Discharged Home,Motor Vehicle Collisions,Not Admitted,45075,124,2.07,0
2007-2008,2007,Non-urgent,3,Discharged Home,Motor Vehicle Collisions,Not Admitted,5054,95,1.58,0
2007-2008,2007,Unknown,3,Discharged Home,Motor Vehicle Collisions,Not Admitted,0,0,0.0,0
2007-2008,2007,CTAS III - Urgent,3,Discharged Home,Pneumonia,Not Admitted,21038,200,3.33,0
2007-2008,2007,Less urgent,3,Discharged Home,Pneumonia,Not Admitted,13917,129,2.15,0
2007-2008,2007,Non-urgent,3,Discharged Home,Pneumonia,Not Admitted,1929,95,1.58,0
2007-2008,2007,Unknown,3,Discharged Home,Pneumonia,Not Admitted,0,0,0.0,0
2007-2008,2007,CTAS III - Urgent,3,Discharged Home,Trauma,Not Admitted,343274,143,2.38,0
2007-2008,2007,Less urgent,3,Discharged Home,Trauma,Not Admitted,681771,115,1.92,0
2007-2008,2007,Non-urgent,3,Discharged Home,Trauma,Not Admitted,102240,90,1.5,0
2007-2008,2007,Unknown,3,Discharged Home,Trauma,Not Admitted,0,0,0.0,0
2007-2008,2007,CTAS III - Urgent,3,Discharged Home,Unintentional Falls,Not Admitted,119985,164,2.73,0
2007-2008,2007,Less urgent,3,Discharged Home,Unintentional Falls,Not Admitted,192760,127,2.12,0
2007-2008,2007,Non-urgent,3,Discharged Home,Unintentional Falls,Not Admitted,21991,99,1.65,0
2007-2008,2007,Unknown,3,Discharged Home,Unintentional Falls,Not Admitted,0,0,0.0,0
2007-2008,2007,CTAS III - Urgent,3,Intra-Facility Transfer,Acute Myocardial Infarction,Not Admitted,5,77,1.28,0
2007-2008,2007,Less urgent,3,Intra-Facility Transfer,Acute Myocardial Infarction,Not Admitted,0,1164,19.4,0
2007-2008,2007,Non-urgent,3,Intra-Facility Transfer,Acute Myocardial Infarction,Not Admitted,0,0,0.0,0
2007-2008,2007,Unknown,3,Intra-Facility Transfer,Acute Myocardial Infarction,Not Admitted,0,0,0.0,0
2007-2008,2007,CTAS III - Urgent,3,Intra-Facility Transfer,Any,Not Admitted,8434,225,3.75,0
2007-2008,2007,Less urgent,3,Intra-Facility Transfer,Any,Not Admitted,4065,160,2.67,0
2007-2008,2007,Non-urgent,3,Intra-Facility Transfer,Any,Not Admitted,1227,85,1.42,0
2007-2008,2007,Unknown,3,Intra-Facility Transfer,Any,Not Admitted,0,0,0.0,0
2007-2008,2007,CTAS III - Urgent,3,Intra-Facility Transfer,Asthma,Not Admitted,24,144,2.4,0
2007-2008,2007,Less urgent,3,Intra-Facility Transfer,Asthma,Not Admitted,0,60,1.0,0
2007-2008,2007,Non-urgent,3,Intra-Facility Transfer,Asthma,Not Admitted,0,0,0.0,0
2007-2008,2007,Unknown,3,Intra-Facility Transfer,Asthma,Not Admitted,0,0,0.0,0
2007-2008,2007,CTAS III - Urgent,3,Intra-Facility Transfer,Influenzal Pneumonia,Not Admitted,0,322,5.37,0
2007-2008,2007,Less urgent,3,Intra-Facility Transfer,Influenzal Pneumonia,Not Admitted,0,0,0.0,0
2007-2008,2007,Non-urgent,3,Intra-Facility Transfer,Influenzal Pneumonia,Not Admitted,0,0,0.0,0
2007-2008,2007,Unknown,3,Intra-Facility Transfer,Influenzal Pneumonia,Not Admitted,0,0,0.0,0
2007-2008,2007,CTAS III - Urgent,3,Intra-Facility Transfer,Motor Vehicle Collisions,Not Admitted,131,151,2.52,0
2007-2008,2007,Less urgent,3,Intra-Facility Transfer,Motor Vehicle Collisions,Not Admitted,81,140,2.33,0
2007-2008,2007,Non-urgent,3,Intra-Facility Transfer,Motor Vehicle Collisions,Not Admitted,21,62,1.03,0
2007-2008,2007,Unknown,3,Intra-Facility Transfer,Motor Vehicle Collisions,Not Admitted,0,0,0.0,0
2007-2008,2007,CTAS III - Urgent,3,Intra-Facility Transfer,Pneumonia,Not Admitted,22,203,3.38,0
2007-2008,2007,Less urgent,3,Intra-Facility Transfer,Pneumonia,Not Admitted,17,249,4.15,0
2007-2008,2007,Non-urgent,3,Intra-Facility Transfer,Pneumonia,Not Admitted,0,0,0.0,0
2007-2008,2007,Unknown,3,Intra-Facility Transfer,Pneumonia,Not Admitted,0,0,0.0,0
2007-2008,2007,CTAS III - Urgent,3,Intra-Facility Transfer,Trauma,Not Admitted,1777,188,3.13,0
2007-2008,2007,Less urgent,3,Intra-Facility Transfer,Trauma,Not Admitted,1309,141,2.35,0
2007-2008,2007,Non-urgent,3,Intra-Facility Transfer,Trauma,Not Admitted,318,81,1.35,0
2007-2008,2007,Unknown,3,Intra-Facility Transfer,Trauma,Not Admitted,0,0,0.0,0
2007-2008,2007,CTAS III - Urgent,3,Intra-Facility Transfer,Unintentional Falls,Not Admitted,593,195,3.25,0
2007-2008,2007,Less urgent,3,Intra-Facility Transfer,Unintentional Falls,Not Admitted,430,141,2.35,0
2007-2008,2007,Non-urgent,3,Intra-Facility Transfer,Unintentional Falls,Not Admitted,87,84,1.4,0
2007-2008,2007,Unknown,3,Intra-Facility Transfer,Unintentional Falls,Not Admitted,0,0,0.0,0
2007-2008,2007,CTAS III - Urgent,3,Not Seen Or Left,Acute Myocardial Infarction,Not Admitted,17,299,4.98,0
2007-2008,2007,Less urgent,3,Not Seen Or Left,Acute Myocardial Infarction,Not Admitted,0,215,3.58,0
2007-2008,2007,Non-urgent,3,Not Seen Or Left,Acute Myocardial Infarction,Not Admitted,0,0,0.0,0
2007-2008,2007,Unknown,3,Not Seen Or Left,Acute Myocardial Infarction,Not Admitted,0,497,8.28,0
2007-2008,2007,CTAS III - Urgent,3,Not Seen Or Left,Any,Not Admitted,99689,148,2.47,0
2007-2008,2007,Less urgent,3,Not Seen Or Left,Any,Not Admitted,106015,124,2.07,0
2007-2008,2007,Non-urgent,3,Not Seen Or Left,Any,Not Admitted,27429,90,1.5,0
2007-2008,2007,Unknown,3,Not Seen Or Left,Any,Not Admitted,3870,19,0.32,0
2007-2008,2007,CTAS III - Urgent,3,Not Seen Or Left,Asthma,Not Admitted,380,130,2.17,0
2007-2008,2007,Less urgent,3,Not Seen Or Left,Asthma,Not Admitted,127,106,1.77,0
2007-2008,2007,Non-urgent,3,Not Seen Or Left,Asthma,Not Admitted,15,99,1.65,0
2007-2008,2007,Unknown,3,Not Seen Or Left,Asthma,Not Admitted,8,136,2.27,0
2007-2008,2007,CTAS III - Urgent,3,Not Seen Or Left,Influenzal Pneumonia,Not Admitted,0,284,4.73,0
2007-2008,2007,Less urgent,3,Not Seen Or Left,Influenzal Pneumonia,Not Admitted,0,0,0.0,0
2007-2008,2007,Non-urgent,3,Not Seen Or Left,Influenzal Pneumonia,Not Admitted,0,0,0.0,0
2007-2008,2007,Unknown,3,Not Seen Or Left,Influenzal Pneumonia,Not Admitted,0,0,0.0,0
2007-2008,2007,CTAS III - Urgent,3,Not Seen Or Left,Motor Vehicle Collisions,Not Admitted,1083,139,2.32,0
2007-2008,2007,Less urgent,3,Not Seen Or Left,Motor Vehicle Collisions,Not Admitted,1564,130,2.17,0
2007-2008,2007,Non-urgent,3,Not Seen Or Left,Motor Vehicle Collisions,Not Admitted,138,120,2.0,0
2007-2008,2007,Unknown,3,Not Seen Or Left,Motor Vehicle Collisions,Not Admitted,8,10,0.17,0
2007-2008,2007,CTAS III - Urgent,3,Not Seen Or Left,Pneumonia,Not Admitted,81,183,3.05,0
2007-2008,2007,Less urgent,3,Not Seen Or Left,Pneumonia,Not Admitted,36,184,3.07,0
2007-2008,2007,Non-urgent,3,Not Seen Or Left,Pneumonia,Not Admitted,5,189,3.15,0
2007-2008,2007,Unknown,3,Not Seen Or Left,Pneumonia,Not Admitted,0,0,0.0,0
2007-2008,2007,CTAS III - Urgent,3,Not Seen Or Left,Trauma,Not Admitted,10331,128,2.13,0
2007-2008,2007,Less urgent,3,Not Seen Or Left,Trauma,Not Admitted,24592,120,2.0,0
2007-2008,2007,Non-urgent,3,Not Seen Or Left,Trauma,Not Admitted,3876,99,1.65,0
2007-2008,2007,Unknown,3,Not Seen Or Left,Trauma,Not Admitted,558,6,0.1,0
2007-2008,2007,CTAS III - Urgent,3,Not Seen Or Left,Unintentional Falls,Not Admitted,2720,135,2.25,0
2007-2008,2007,Less urgent,3,Not Seen Or Left,Unintentional Falls,Not Admitted,5273,122,2.03,0
2007-2008,2007,Non-urgent,3,Not Seen Or Left,Unintentional Falls,Not Admitted,637,110,1.83,0
2007-2008,2007,Unknown,3,Not Seen Or Left,Unintentional Falls,Not Admitted,50,17,0.28,0
2007-2008,2007,CTAS III - Urgent,3,Total,Acute Myocardial Infarction,Not Admitted,3808,417,6.95,0
2007-2008,2007,Less urgent,3,Total,Acute Myocardial Infarction,Not Admitted,402,374,6.23,0
2007-2008,2007,Non-urgent,3,Total,Acute Myocardial Infarction,Not Admitted,92,238,3.97,0
2007-2008,2007,Unknown,3,Total,Acute Myocardial Infarction,Not Admitted,0,497,8.28,0
2007-2008,2007,CTAS III - Urgent,3,Total,Any,Not Admitted,2066791,200,3.33,0
2007-2008,2007,Less urgent,3,Total,Any,Not Admitted,2203034,112,1.87,0
2007-2008,2007,Non-urgent,3,Total,Any,Not Admitted,568461,75,1.25,0
2007-2008,2007,Unknown,3,Total,Any,Not Admitted,3870,19,0.32,0
2007-2008,2007,CTAS III - Urgent,3,Total,Asthma,Not Admitted,30305,159,2.65,0
2007-2008,2007,Less urgent,3,Total,Asthma,Not Admitted,15486,105,1.75,0
2007-2008,2007,Non-urgent,3,Total,Asthma,Not Admitted,2809,72,1.2,0
2007-2008,2007,Unknown,3,Total,Asthma,Not Admitted,8,136,2.27,0
2007-2008,2007,CTAS III - Urgent,3,Total,Influenzal Pneumonia,Not Admitted,53,232,3.87,0
2007-2008,2007,Less urgent,3,Total,Influenzal Pneumonia,Not Admitted,31,155,2.58,0
2007-2008,2007,Non-urgent,3,Total,Influenzal Pneumonia,Not Admitted,0,112,1.87,0
2007-2008,2007,Unknown,3,Total,Influenzal Pneumonia,Not Admitted,0,0,0.0,0
2007-2008,2007,CTAS III - Urgent,3,Total,Motor Vehicle Collisions,Not Admitted,46093,157,2.62,0
2007-2008,2007,Less urgent,3,Total,Motor Vehicle Collisions,Not Admitted,47371,125,2.08,0
2007-2008,2007,Non-urgent,3,Total,Motor Vehicle Collisions,Not Admitted,5370,97,1.62,0
2007-2008,2007,Unknown,3,Total,Motor Vehicle Collisions,Not Admitted,8,10,0.17,0
2007-2008,2007,CTAS III - Urgent,3,Total,Pneumonia,Not Admitted,32075,259,4.32,0
2007-2008,2007,Less urgent,3,Total,Pneumonia,Not Admitted,15336,137,2.28,0
2007-2008,2007,Non-urgent,3,Total,Pneumonia,Not Admitted,2115,102,1.7,0
2007-2008,2007,Unknown,3,Total,Pneumonia,Not Admitted,0,0,0.0,0
2007-2008,2007,CTAS III - Urgent,3,Total,Trauma,Not Admitted,387470,151,2.52,0
2007-2008,2007,Less urgent,3,Total,Trauma,Not Admitted,716641,116,1.93,0
2007-2008,2007,Non-urgent,3,Total,Trauma,Not Admitted,107663,90,1.5,0
2007-2008,2007,Unknown,3,Total,Trauma,Not Admitted,558,6,0.1,0
2007-2008,2007,CTAS III - Urgent,3,Total,Unintentional Falls,Not Admitted,145445,184,3.07,0
2007-2008,2007,Less urgent,3,Total,Unintentional Falls,Not Admitted,204065,130,2.17,0
2007-2008,2007,Non-urgent,3,Total,Unintentional Falls,Not Admitted,23294,100,1.67,0
2007-2008,2007,Unknown,3,Total,Unintentional Falls,Not Admitted,50,17,0.28,0
2007-2008,2007,CTAS III - Urgent,3,Transferred,Acute Myocardial Infarction,Not Admitted,433,210,3.5,0
2007-2008,2007,Less urgent,3,Transferred,Acute Myocardial Infarction,Not Admitted,41,226,3.77,0
2007-2008,2007,Non-urgent,3,Transferred,Acute Myocardial Infarction,Not Admitted,7,267,4.45,0
2007-2008,2007,Unknown,3,Transferred,Acute Myocardial Infarction,Not Admitted,0,0,0.0,0
2007-2008,2007,CTAS III - Urgent,3,Transferred,Any,Not Admitted,26150,255,4.25,0
2007-2008,2007,Less urgent,3,Transferred,Any,Not Admitted,9045,213,3.55,0
2007-2008,2007,Non-urgent,3,Transferred,Any,Not Admitted,1596,150,2.5,0
2007-2008,2007,Unknown,3,Transferred,Any,Not Admitted,0,0,0.0,0
2007-2008,2007,CTAS III - Urgent,3,Transferred,Asthma,Not Admitted,134,258,4.3,0
2007-2008,2007,Less urgent,3,Transferred,Asthma,Not Admitted,22,160,2.67,0
2007-2008,2007,Non-urgent,3,Transferred,Asthma,Not Admitted,0,134,2.23,0
2007-2008,2007,Unknown,3,Transferred,Asthma,Not Admitted,0,0,0.0,0
2007-2008,2007,CTAS III - Urgent,3,Transferred,Influenzal Pneumonia,Not Admitted,0,0,0.0,0
2007-2008,2007,Less urgent,3,Transferred,Influenzal Pneumonia,Not Admitted,0,0,0.0,0
2007-2008,2007,Non-urgent,3,Transferred,Influenzal Pneumonia,Not Admitted,0,0,0.0,0
2007-2008,2007,Unknown,3,Transferred,Influenzal Pneumonia,Not Admitted,0,0,0.0,0
2007-2008,2007,CTAS III - Urgent,3,Transferred,Motor Vehicle Collisions,Not Admitted,736,215,3.58,0
2007-2008,2007,Less urgent,3,Transferred,Motor Vehicle Collisions,Not Admitted,200,178,2.97,0
2007-2008,2007,Non-urgent,3,Transferred,Motor Vehicle Collisions,Not Admitted,27,180,3.0,0
2007-2008,2007,Unknown,3,Transferred,Motor Vehicle Collisions,Not Admitted,0,0,0.0,0
2007-2008,2007,CTAS III - Urgent,3,Transferred,Pneumonia,Not Admitted,435,258,4.3,0
2007-2008,2007,Less urgent,3,Transferred,Pneumonia,Not Admitted,78,270,4.5,0
2007-2008,2007,Non-urgent,3,Transferred,Pneumonia,Not Admitted,6,369,6.15,0
2007-2008,2007,Unknown,3,Transferred,Pneumonia,Not Admitted,0,0,0.0,0
2007-2008,2007,CTAS III - Urgent,3,Transferred,Trauma,Not Admitted,5014,220,3.67,0
2007-2008,2007,Less urgent,3,Transferred,Trauma,Not Admitted,2091,190,3.17,0
2007-2008,2007,Non-urgent,3,Transferred,Trauma,Not Admitted,347,138,2.3,0
2007-2008,2007,Unknown,3,Transferred,Trauma,Not Admitted,0,0,0.0,0
2007-2008,2007,CTAS III - Urgent,3,Transferred,Unintentional Falls,Not Admitted,2574,249,4.15,0
2007-2008,2007,Less urgent,3,Transferred,Unintentional Falls,Not Admitted,1030,222,3.7,0
2007-2008,2007,Non-urgent,3,Transferred,Unintentional Falls,Not Admitted,142,140,2.33,0
2007-2008,2007,Unknown,3,Transferred,Unintentional Falls,Not Admitted,0,0,0.0,0
2007-2008,2007,CTAS III - Urgent,3,Unknown,Acute Myocardial Infarction,Not Admitted,0,0,0.0,0
2007-2008,2007,Less urgent,3,Unknown,Acute Myocardial Infarction,Not Admitted,0,0,0.0,0
2007-2008,2007,Non-urgent,3,Unknown,Acute Myocardial Infarction,Not Admitted,0,0,0.0,0
2007-2008,2007,Unknown,3,Unknown,Acute Myocardial Infarction,Not Admitted,0,0,0.0,0
2007-2008,2007,CTAS III - Urgent,3,Unknown,Any,Not Admitted,0,0,0.0,0
2007-2008,2007,Less urgent,3,Unknown,Any,Not Admitted,0,0,0.0,0
2007-2008,2007,Non-urgent,3,Unknown,Any,Not Admitted,0,0,0.0,0
2007-2008,2007,Unknown,3,Unknown,Any,Not Admitted,0,0,0.0,0
2007-2008,2007,CTAS III - Urgent,3,Unknown,Asthma,Not Admitted,0,0,0.0,0
2007-2008,2007,Less urgent,3,Unknown,Asthma,Not Admitted,0,0,0.0,0
2007-2008,2007,Non-urgent,3,Unknown,Asthma,Not Admitted,0,0,0.0,0
2007-2008,2007,Unknown,3,Unknown,Asthma,Not Admitted,0,0,0.0,0
2007-2008,2007,CTAS III - Urgent,3,Unknown,Influenzal Pneumonia,Not Admitted,0,0,0.0,0
2007-2008,2007,Less urgent,3,Unknown,Influenzal Pneumonia,Not Admitted,0,0,0.0,0
2007-2008,2007,Non-urgent,3,Unknown,Influenzal Pneumonia,Not Admitted,0,0,0.0,0
2007-2008,2007,Unknown,3,Unknown,Influenzal Pneumonia,Not Admitted,0,0,0.0,0
2007-2008,2007,CTAS III - Urgent,3,Unknown,Motor Vehicle Collisions,Not Admitted,0,0,0.0,0
2007-2008,2007,Less urgent,3,Unknown,Motor Vehicle Collisions,Not Admitted,0,0,0.0,0
2007-2008,2007,Non-urgent,3,Unknown,Motor Vehicle Collisions,Not Admitted,0,0,0.0,0
2007-2008,2007,Unknown,3,Unknown,Motor Vehicle Collisions,Not Admitted,0,0,0.0,0
2007-2008,2007,CTAS III - Urgent,3,Unknown,Pneumonia,Not Admitted,0,0,0.0,0
2007-2008,2007,Less urgent,3,Unknown,Pneumonia,Not Admitted,0,0,0.0,0
2007-2008,2007,Non-urgent,3,Unknown,Pneumonia,Not Admitted,0,0,0.0,0
2007-2008,2007,Unknown,3,Unknown,Pneumonia,Not Admitted,0,0,0.0,0
2007-2008,2007,CTAS III - Urgent,3,Unknown,Trauma,Not Admitted,0,0,0.0,0
2007-2008,2007,Less urgent,3,Unknown,Trauma,Not Admitted,0,0,0.0,0
2007-2008,2007,Non-urgent,3,Unknown,Trauma,Not Admitted,0,0,0.0,0
2007-2008,2007,Unknown,3,Unknown,Trauma,Not Admitted,0,0,0.0,0
2007-2008,2007,CTAS III - Urgent,3,Unknown,Unintentional Falls,Not Admitted,0,0,0.0,0
2007-2008,2007,Less urgent,3,Unknown,Unintentional Falls,Not Admitted,0,0,0.0,0
2007-2008,2007,Non-urgent,3,Unknown,Unintentional Falls,Not Admitted,0,0,0.0,0
2007-2008,2007,Unknown,3,Unknown,Unintentional Falls,Not Admitted,0,0,0.0,0
2006-2007,2006,CTAS I - Resuscitation,1,Admitted,Acute Myocardial Infarction,Admitted,552,115,1.92,1
2006-2007,2006,CTAS I - Resuscitation,1,Admitted,Any,Admitted,14334,180,3.0,1
2006-2007,2006,CTAS I - Resuscitation,1,Admitted,Asthma,Admitted,247,183,3.05,1
2006-2007,2006,CTAS I - Resuscitation,1,Admitted,Influenzal Pneumonia,Admitted,0,0,0.0,1
2006-2007,2006,CTAS I - Resuscitation,1,Admitted,Motor Vehicle Collisions,Admitted,1658,150,2.5,1
2006-2007,2006,CTAS I - Resuscitation,1,Admitted,Pneumonia,Admitted,446,222,3.7,1
2006-2007,2006,CTAS I - Resuscitation,1,Admitted,Trauma,Admitted,3283,151,2.52,1
2006-2007,2006,CTAS I - Resuscitation,1,Admitted,Unintentional Falls,Admitted,621,176,2.93,1
2006-2007,2006,CTAS I - Resuscitation,1,Death,Acute Myocardial Infarction,Not Admitted,535,23,0.38,0
2006-2007,2006,CTAS I - Resuscitation,1,Death,Any,Not Admitted,4926,25,0.42,0
2006-2007,2006,CTAS I - Resuscitation,1,Death,Asthma,Not Admitted,0,98,1.63,0
2006-2007,2006,CTAS I - Resuscitation,1,Death,Influenzal Pneumonia,Not Admitted,0,0,0.0,0
2006-2007,2006,CTAS I - Resuscitation,1,Death,Motor Vehicle Collisions,Not Admitted,202,26,0.43,0
2006-2007,2006,CTAS I - Resuscitation,1,Death,Pneumonia,Not Admitted,31,158,2.63,0
2006-2007,2006,CTAS I - Resuscitation,1,Death,Trauma,Not Admitted,484,31,0.52,0
2006-2007,2006,CTAS I - Resuscitation,1,Death,Unintentional Falls,Not Admitted,55,103,1.72,0
2006-2007,2006,CTAS I - Resuscitation,1,Discharged Home,Acute Myocardial Infarction,Not Admitted,17,146,2.43,0
2006-2007,2006,CTAS I - Resuscitation,1,Discharged Home,Any,Not Admitted,4825,254,4.23,0
2006-2007,2006,CTAS I - Resuscitation,1,Discharged Home,Asthma,Not Admitted,193,192,3.2,0
2006-2007,2006,CTAS I - Resuscitation,1,Discharged Home,Influenzal Pneumonia,Not Admitted,0,0,0.0,0
2006-2007,2006,CTAS I - Resuscitation,1,Discharged Home,Motor Vehicle Collisions,Not Admitted,373,284,4.73,0
2006-2007,2006,CTAS I - Resuscitation,1,Discharged Home,Pneumonia,Not Admitted,42,233,3.88,0
2006-2007,2006,CTAS I - Resuscitation,1,Discharged Home,Trauma,Not Admitted,1368,245,4.08,0
2006-2007,2006,CTAS I - Resuscitation,1,Discharged Home,Unintentional Falls,Not Admitted,248,234,3.9,0
2006-2007,2006,CTAS I - Resuscitation,1,Intra-Facility Transfer,Acute Myocardial Infarction,Not Admitted,6,58,0.97,0
2006-2007,2006,CTAS I - Resuscitation,1,Intra-Facility Transfer,Any,Not Admitted,88,158,2.63,0
2006-2007,2006,CTAS I - Resuscitation,1,Intra-Facility Transfer,Asthma,Not Admitted,0,0,0.0,0
2006-2007,2006,CTAS I - Resuscitation,1,Intra-Facility Transfer,Influenzal Pneumonia,Not Admitted,0,0,0.0,0
2006-2007,2006,CTAS I - Resuscitation,1,Intra-Facility Transfer,Motor Vehicle Collisions,Not Admitted,8,130,2.17,0
2006-2007,2006,CTAS I - Resuscitation,1,Intra-Facility Transfer,Pneumonia,Not Admitted,0,293,4.88,0
2006-2007,2006,CTAS I - Resuscitation,1,Intra-Facility Transfer,Trauma,Not Admitted,25,138,2.3,0
2006-2007,2006,CTAS I - Resuscitation,1,Intra-Facility Transfer,Unintentional Falls,Not Admitted,0,206,3.43,0
2006-2007,2006,CTAS I - Resuscitation,1,Not Seen Or Left,Acute Myocardial Infarction,Not Admitted,0,0,0.0,0
2006-2007,2006,CTAS I - Resuscitation,1,Not Seen Or Left,Any,Not Admitted,116,186,3.1,0
2006-2007,2006,CTAS I - Resuscitation,1,Not Seen Or Left,Asthma,Not Admitted,7,172,2.87,0
2006-2007,2006,CTAS I - Resuscitation,1,Not Seen Or Left,Influenzal Pneumonia,Not Admitted,0,0,0.0,0
2006-2007,2006,CTAS I - Resuscitation,1,Not Seen Or Left,Motor Vehicle Collisions,Not Admitted,6,202,3.37,0
2006-2007,2006,CTAS I - Resuscitation,1,Not Seen Or Left,Pneumonia,Not Admitted,0,0,0.0,0
2006-2007,2006,CTAS I - Resuscitation,1,Not Seen Or Left,Trauma,Not Admitted,28,178,2.97,0
2006-2007,2006,CTAS I - Resuscitation,1,Not Seen Or Left,Unintentional Falls,Not Admitted,0,309,5.15,0
2006-2007,2006,CTAS I - Resuscitation,1,Total,Acute Myocardial Infarction,Not Admitted,1372,93,1.55,0
2006-2007,2006,CTAS I - Resuscitation,1,Total,Any,Not Admitted,26558,169,2.82,0
2006-2007,2006,CTAS I - Resuscitation,1,Total,Asthma,Not Admitted,469,187,3.12,0
2006-2007,2006,CTAS I - Resuscitation,1,Total,Influenzal Pneumonia,Not Admitted,0,0,0.0,0
2006-2007,2006,CTAS I - Resuscitation,1,Total,Motor Vehicle Collisions,Not Admitted,2588,155,2.58,0
2006-2007,2006,CTAS I - Resuscitation,1,Total,Pneumonia,Not Admitted,545,219,3.65,0
2006-2007,2006,CTAS I - Resuscitation,1,Total,Trauma,Not Admitted,5921,165,2.75,0
2006-2007,2006,CTAS I - Resuscitation,1,Total,Unintentional Falls,Not Admitted,1053,186,3.1,0
2006-2007,2006,CTAS I - Resuscitation,1,Transferred,Acute Myocardial Infarction,Not Admitted,262,138,2.3,0
2006-2007,2006,CTAS I - Resuscitation,1,Transferred,Any,Not Admitted,2269,171,2.85,0
2006-2007,2006,CTAS I - Resuscitation,1,Transferred,Asthma,Not Admitted,22,196,3.27,0
2006-2007,2006,CTAS I - Resuscitation,1,Transferred,Influenzal Pneumonia,Not Admitted,0,0,0.0,0
2006-2007,2006,CTAS I - Resuscitation,1,Transferred,Motor Vehicle Collisions,Not Admitted,341,128,2.13,0
2006-2007,2006,CTAS I - Resuscitation,1,Transferred,Pneumonia,Not Admitted,26,230,3.83,0
2006-2007,2006,CTAS I - Resuscitation,1,Transferred,Trauma,Not Admitted,733,144,2.4,0
2006-2007,2006,CTAS I - Resuscitation,1,Transferred,Unintentional Falls,Not Admitted,129,176,2.93,0
2006-2007,2006,CTAS I - Resuscitation,1,Unknown,Acute Myocardial Infarction,Not Admitted,0,0,0.0,0
2006-2007,2006,CTAS I - Resuscitation,1,Unknown,Any,Not Admitted,0,0,0.0,0
2006-2007,2006,CTAS I - Resuscitation,1,Unknown,Asthma,Not Admitted,0,0,0.0,0
2006-2007,2006,CTAS I - Resuscitation,1,Unknown,Influenzal Pneumonia,Not Admitted,0,0,0.0,0
2006-2007,2006,CTAS I - Resuscitation,1,Unknown,Motor Vehicle Collisions,Not Admitted,0,0,0.0,0
2006-2007,2006,CTAS I - Resuscitation,1,Unknown,Pneumonia,Not Admitted,0,0,0.0,0
2006-2007,2006,CTAS I - Resuscitation,1,Unknown,Trauma,Not Admitted,0,0,0.0,0
2006-2007,2006,CTAS I - Resuscitation,1,Unknown,Unintentional Falls,Not Admitted,0,0,0.0,0
2006-2007,2006,CTAS II - Emergent,2,Admitted,Acute Myocardial Infarction,Admitted,6914,207,3.45,1
2006-2007,2006,CTAS II - Emergent,2,Admitted,Any,Admitted,178020,293,4.88,1
2006-2007,2006,CTAS II - Emergent,2,Admitted,Asthma,Admitted,3284,260,4.33,1
2006-2007,2006,CTAS II - Emergent,2,Admitted,Influenzal Pneumonia,Admitted,7,387,6.45,1
2006-2007,2006,CTAS II - Emergent,2,Admitted,Motor Vehicle Collisions,Admitted,2867,227,3.78,1
2006-2007,2006,CTAS II - Emergent,2,Admitted,Pneumonia,Admitted,8013,301,5.02,1
2006-2007,2006,CTAS II - Emergent,2,Admitted,Trauma,Admitted,11927,244,4.07,1
2006-2007,2006,CTAS II - Emergent,2,Admitted,Unintentional Falls,Admitted,5637,274,4.57,1
2006-2007,2006,CTAS II - Emergent,2,Death,Acute Myocardial Infarction,Not Admitted,114,150,2.5,0
2006-2007,2006,CTAS II - Emergent,2,Death,Any,Not Admitted,854,192,3.2,0
2006-2007,2006,CTAS II - Emergent,2,Death,Asthma,Not Admitted,0,0,0.0,0
2006-2007,2006,CTAS II - Emergent,2,Death,Influenzal Pneumonia,Not Admitted,0,0,0.0,0
2006-2007,2006,CTAS II - Emergent,2,Death,Motor Vehicle Collisions,Not Admitted,7,108,1.8,0
2006-2007,2006,CTAS II - Emergent,2,Death,Pneumonia,Not Admitted,35,286,4.77,0
2006-2007,2006,CTAS II - Emergent,2,Death,Trauma,Not Admitted,33,192,3.2,0
2006-2007,2006,CTAS II - Emergent,2,Death,Unintentional Falls,Not Admitted,18,345,5.75,0
2006-2007,2006,CTAS II - Emergent,2,Discharged Home,Acute Myocardial Infarction,Not Admitted,197,290,4.83,0
2006-2007,2006,CTAS II - Emergent,2,Discharged Home,Any,Not Admitted,384495,231,3.85,0
2006-2007,2006,CTAS II - Emergent,2,Discharged Home,Asthma,Not Admitted,12117,175,2.92,0
2006-2007,2006,CTAS II - Emergent,2,Discharged Home,Influenzal Pneumonia,Not Admitted,8,318,5.3,0
2006-2007,2006,CTAS II - Emergent,2,Discharged Home,Motor Vehicle Collisions,Not Admitted,12606,184,3.07,0
2006-2007,2006,CTAS II - Emergent,2,Discharged Home,Pneumonia,Not Admitted,5026,236,3.93,0
2006-2007,2006,CTAS II - Emergent,2,Discharged Home,Trauma,Not Admitted,59757,169,2.82,0
2006-2007,2006,CTAS II - Emergent,2,Discharged Home,Unintentional Falls,Not Admitted,16356,196,3.27,0
2006-2007,2006,CTAS II - Emergent,2,Intra-Facility Transfer,Acute Myocardial Infarction,Not Admitted,24,58,0.97,0
2006-2007,2006,CTAS II - Emergent,2,Intra-Facility Transfer,Any,Not Admitted,2530,216,3.6,0
2006-2007,2006,CTAS II - Emergent,2,Intra-Facility Transfer,Asthma,Not Admitted,14,115,1.92,0
2006-2007,2006,CTAS II - Emergent,2,Intra-Facility Transfer,Influenzal Pneumonia,Not Admitted,0,0,0.0,0
2006-2007,2006,CTAS II - Emergent,2,Intra-Facility Transfer,Motor Vehicle Collisions,Not Admitted,52,181,3.02,0
2006-2007,2006,CTAS II - Emergent,2,Intra-Facility Transfer,Pneumonia,Not Admitted,7,154,2.57,0
2006-2007,2006,CTAS II - Emergent,2,Intra-Facility Transfer,Trauma,Not Admitted,546,185,3.08,0
2006-2007,2006,CTAS II - Emergent,2,Intra-Facility Transfer,Unintentional Falls,Not Admitted,124,190,3.17,0
2006-2007,2006,CTAS II - Emergent,2,Not Seen Or Left,Acute Myocardial Infarction,Not Admitted,19,268,4.47,0
2006-2007,2006,CTAS II - Emergent,2,Not Seen Or Left,Any,Not Admitted,14415,166,2.77,0
2006-2007,2006,CTAS II - Emergent,2,Not Seen Or Left,Asthma,Not Admitted,124,163,2.72,0
2006-2007,2006,CTAS II - Emergent,2,Not Seen Or Left,Influenzal Pneumonia,Not Admitted,0,0,0.0,0
2006-2007,2006,CTAS II - Emergent,2,Not Seen Or Left,Motor Vehicle Collisions,Not Admitted,161,158,2.63,0
2006-2007,2006,CTAS II - Emergent,2,Not Seen Or Left,Pneumonia,Not Admitted,27,352,5.87,0
2006-2007,2006,CTAS II - Emergent,2,Not Seen Or Left,Trauma,Not Admitted,1010,145,2.42,0
2006-2007,2006,CTAS II - Emergent,2,Not Seen Or Left,Unintentional Falls,Not Admitted,229,152,2.53,0
2006-2007,2006,CTAS II - Emergent,2,Total,Acute Myocardial Infarction,Not Admitted,8555,195,3.25,0
2006-2007,2006,CTAS II - Emergent,2,Total,Any,Not Admitted,596250,246,4.1,0
2006-2007,2006,CTAS II - Emergent,2,Total,Asthma,Not Admitted,15733,191,3.18,0
2006-2007,2006,CTAS II - Emergent,2,Total,Influenzal Pneumonia,Not Admitted,15,355,5.92,0
2006-2007,2006,CTAS II - Emergent,2,Total,Motor Vehicle Collisions,Not Admitted,16734,190,3.17,0
2006-2007,2006,CTAS II - Emergent,2,Total,Pneumonia,Not Admitted,13363,275,4.58,0
2006-2007,2006,CTAS II - Emergent,2,Total,Trauma,Not Admitted,76546,178,2.97,0
2006-2007,2006,CTAS II - Emergent,2,Total,Unintentional Falls,Not Admitted,23336,211,3.52,0
2006-2007,2006,CTAS II - Emergent,2,Transferred,Acute Myocardial Infarction,Not Admitted,1287,148,2.47,0
2006-2007,2006,CTAS II - Emergent,2,Transferred,Any,Not Admitted,15936,219,3.65,0
2006-2007,2006,CTAS II - Emergent,2,Transferred,Asthma,Not Admitted,194,255,4.25,0
2006-2007,2006,CTAS II - Emergent,2,Transferred,Influenzal Pneumonia,Not Admitted,0,314,5.23,0
2006-2007,2006,CTAS II - Emergent,2,Transferred,Motor Vehicle Collisions,Not Admitted,1041,200,3.33,0
2006-2007,2006,CTAS II - Emergent,2,Transferred,Pneumonia,Not Admitted,255,250,4.17,0
2006-2007,2006,CTAS II - Emergent,2,Transferred,Trauma,Not Admitted,3273,193,3.22,0
2006-2007,2006,CTAS II - Emergent,2,Transferred,Unintentional Falls,Not Admitted,972,226,3.77,0
2006-2007,2006,CTAS II - Emergent,2,Unknown,Acute Myocardial Infarction,Not Admitted,0,0,0.0,0
2006-2007,2006,CTAS II - Emergent,2,Unknown,Any,Not Admitted,0,0,0.0,0
2006-2007,2006,CTAS II - Emergent,2,Unknown,Asthma,Not Admitted,0,0,0.0,0
2006-2007,2006,CTAS II - Emergent,2,Unknown,Influenzal Pneumonia,Not Admitted,0,0,0.0,0
2006-2007,2006,CTAS II - Emergent,2,Unknown,Motor Vehicle Collisions,Not Admitted,0,0,0.0,0
2006-2007,2006,CTAS II - Emergent,2,Unknown,Pneumonia,Not Admitted,0,0,0.0,0
2006-2007,2006,CTAS II - Emergent,2,Unknown,Trauma,Not Admitted,0,0,0.0,0
2006-2007,2006,CTAS II - Emergent,2,Unknown,Unintentional Falls,Not Admitted,0,0,0.0,0
2006-2007,2006,CTAS III - Urgent,3,Admitted,Acute Myocardial Infarction,Admitted,3241,282,4.7,1
2006-2007,2006,Less urgent,3,Admitted,Acute Myocardial Infarction,Admitted,320,306,5.1,1
2006-2007,2006,Non-urgent,3,Admitted,Acute Myocardial Infarction,Admitted,48,138,2.3,1
2006-2007,2006,Unknown,3,Admitted,Acute Myocardial Infarction,Admitted,0,0,0.0,1
2006-2007,2006,CTAS III - Urgent,3,Admitted,Any,Admitted,273567,327,5.45,1
2006-2007,2006,Less urgent,3,Admitted,Any,Admitted,53562,257,4.28,1
2006-2007,2006,Non-urgent,3,Admitted,Any,Admitted,7479,195,3.25,1
2006-2007,2006,Unknown,3,Admitted,Any,Admitted,0,0,0.0,1
2006-2007,2006,CTAS III - Urgent,3,Admitted,Asthma,Admitted,2219,307,5.12,1
2006-2007,2006,Less urgent,3,Admitted,Asthma,Admitted,232,242,4.03,1
2006-2007,2006,Non-urgent,3,Admitted,Asthma,Admitted,37,99,1.65,1
2006-2007,2006,Unknown,3,Admitted,Asthma,Admitted,0,0,0.0,1
2006-2007,2006,CTAS III - Urgent,3,Admitted,Influenzal Pneumonia,Admitted,18,649,10.82,1
2006-2007,2006,Less urgent,3,Admitted,Influenzal Pneumonia,Admitted,0,190,3.17,1
2006-2007,2006,Non-urgent,3,Admitted,Influenzal Pneumonia,Admitted,0,150,2.5,1
2006-2007,2006,Unknown,3,Admitted,Influenzal Pneumonia,Admitted,0,0,0.0,1
2006-2007,2006,CTAS III - Urgent,3,Admitted,Motor Vehicle Collisions,Admitted,2399,240,4.0,1
2006-2007,2006,Less urgent,3,Admitted,Motor Vehicle Collisions,Admitted,455,232,3.87,1
2006-2007,2006,Non-urgent,3,Admitted,Motor Vehicle Collisions,Admitted,93,239,3.98,1
2006-2007,2006,Unknown,3,Admitted,Motor Vehicle Collisions,Admitted,0,0,0.0,1
2006-2007,2006,CTAS III - Urgent,3,Admitted,Pneumonia,Admitted,11463,327,5.45,1
2006-2007,2006,Less urgent,3,Admitted,Pneumonia,Admitted,1788,229,3.82,1
2006-2007,2006,Non-urgent,3,Admitted,Pneumonia,Admitted,183,216,3.6,1
2006-2007,2006,Unknown,3,Admitted,Pneumonia,Admitted,0,0,0.0,1
2006-2007,2006,CTAS III - Urgent,3,Admitted,Trauma,Admitted,26841,275,4.58,1
2006-2007,2006,Less urgent,3,Admitted,Trauma,Admitted,6881,251,4.18,1
2006-2007,2006,Non-urgent,3,Admitted,Trauma,Admitted,820,174,2.9,1
2006-2007,2006,Unknown,3,Admitted,Trauma,Admitted,0,0,0.0,1
2006-2007,2006,CTAS III - Urgent,3,Admitted,Unintentional Falls,Admitted,19084,287,4.78,1
2006-2007,2006,Less urgent,3,Admitted,Unintentional Falls,Admitted,4508,264,4.4,1
2006-2007,2006,Non-urgent,3,Admitted,Unintentional Falls,Admitted,431,179,2.98,1
2006-2007,2006,Unknown,3,Admitted,Unintentional Falls,Admitted,0,0,0.0,1
2006-2007,2006,CTAS III - Urgent,3,Death,Acute Myocardial Infarction,Not Admitted,33,234,3.9,0
2006-2007,2006,Less urgent,3,Death,Acute Myocardial Infarction,Not Admitted,7,300,5.0,0
2006-2007,2006,Non-urgent,3,Death,Acute Myocardial Infarction,Not Admitted,7,22,0.37,0
2006-2007,2006,Unknown,3,Death,Acute Myocardial Infarction,Not Admitted,0,0,0.0,0
2006-2007,2006,CTAS III - Urgent,3,Death,Any,Not Admitted,415,291,4.85,0
2006-2007,2006,Less urgent,3,Death,Any,Not Admitted,81,154,2.57,0
2006-2007,2006,Non-urgent,3,Death,Any,Not Admitted,360,18,0.3,0
2006-2007,2006,Unknown,3,Death,Any,Not Admitted,0,0,0.0,0
2006-2007,2006,CTAS III - Urgent,3,Death,Asthma,Not Admitted,0,0,0.0,0
2006-2007,2006,Less urgent,3,Death,Asthma,Not Admitted,0,0,0.0,0
2006-2007,2006,Non-urgent,3,Death,Asthma,Not Admitted,0,0,0.0,0
2006-2007,2006,Unknown,3,Death,Asthma,Not Admitted,0,0,0.0,0
2006-2007,2006,CTAS III - Urgent,3,Death,Influenzal Pneumonia,Not Admitted,0,0,0.0,0
2006-2007,2006,Less urgent,3,Death,Influenzal Pneumonia,Not Admitted,0,0,0.0,0
2006-2007,2006,Non-urgent,3,Death,Influenzal Pneumonia,Not Admitted,0,0,0.0,0
2006-2007,2006,Unknown,3,Death,Influenzal Pneumonia,Not Admitted,0,0,0.0,0
2006-2007,2006,CTAS III - Urgent,3,Death,Motor Vehicle Collisions,Not Admitted,0,140,2.33,0
2006-2007,2006,Less urgent,3,Death,Motor Vehicle Collisions,Not Admitted,0,1452,24.2,0
2006-2007,2006,Non-urgent,3,Death,Motor Vehicle Collisions,Not Admitted,0,88,1.47,0
2006-2007,2006,Unknown,3,Death,Motor Vehicle Collisions,Not Admitted,0,0,0.0,0
2006-2007,2006,CTAS III - Urgent,3,Death,Pneumonia,Not Admitted,23,437,7.28,0
2006-2007,2006,Less urgent,3,Death,Pneumonia,Not Admitted,0,690,11.5,0
2006-2007,2006,Non-urgent,3,Death,Pneumonia,Not Admitted,0,12,0.2,0
2006-2007,2006,Unknown,3,Death,Pneumonia,Not Admitted,0,0,0.0,0
2006-2007,2006,CTAS III - Urgent,3,Death,Trauma,Not Admitted,20,368,6.13,0
2006-2007,2006,Less urgent,3,Death,Trauma,Not Admitted,14,76,1.27,0
2006-2007,2006,Non-urgent,3,Death,Trauma,Not Admitted,11,75,1.25,0
2006-2007,2006,Unknown,3,Death,Trauma,Not Admitted,0,0,0.0,0
2006-2007,2006,CTAS III - Urgent,3,Death,Unintentional Falls,Not Admitted,11,571,9.52,0
2006-2007,2006,Less urgent,3,Death,Unintentional Falls,Not Admitted,6,146,2.43,0
2006-2007,2006,Non-urgent,3,Death,Unintentional Falls,Not Admitted,0,355,5.92,0
2006-2007,2006,Unknown,3,Death,Unintentional Falls,Not Admitted,0,0,0.0,0
2006-2007,2006,CTAS III - Urgent,3,Discharged Home,Acute Myocardial Infarction,Not Admitted,99,340,5.67,0
2006-2007,2006,Less urgent,3,Discharged Home,Acute Myocardial Infarction,Not Admitted,20,206,3.43,0
2006-2007,2006,Non-urgent,3,Discharged Home,Acute Myocardial Infarction,Not Admitted,6,120,2.0,0
2006-2007,2006,Unknown,3,Discharged Home,Acute Myocardial Infarction,Not Admitted,0,0,0.0,0
2006-2007,2006,CTAS III - Urgent,3,Discharged Home,Any,Not Admitted,1605240,180,3.0,0
2006-2007,2006,Less urgent,3,Discharged Home,Any,Not Admitted,2010085,105,1.75,0
2006-2007,2006,Non-urgent,3,Discharged Home,Any,Not Admitted,570552,70,1.17,0
2006-2007,2006,Unknown,3,Discharged Home,Any,Not Admitted,0,0,0.0,0
2006-2007,2006,CTAS III - Urgent,3,Discharged Home,Asthma,Not Admitted,32085,151,2.52,0
2006-2007,2006,Less urgent,3,Discharged Home,Asthma,Not Admitted,17793,101,1.68,0
2006-2007,2006,Non-urgent,3,Discharged Home,Asthma,Not Admitted,3459,71,1.18,0
2006-2007,2006,Unknown,3,Discharged Home,Asthma,Not Admitted,0,0,0.0,0
2006-2007,2006,CTAS III - Urgent,3,Discharged Home,Influenzal Pneumonia,Not Admitted,44,192,3.2,0
2006-2007,2006,Less urgent,3,Discharged Home,Influenzal Pneumonia,Not Admitted,48,96,1.6,0
2006-2007,2006,Non-urgent,3,Discharged Home,Influenzal Pneumonia,Not Admitted,5,84,1.4,0
2006-2007,2006,Unknown,3,Discharged Home,Influenzal Pneumonia,Not Admitted,0,0,0.0,0
2006-2007,2006,CTAS III - Urgent,3,Discharged Home,Motor Vehicle Collisions,Not Admitted,42827,151,2.52,0
2006-2007,2006,Less urgent,3,Discharged Home,Motor Vehicle Collisions,Not Admitted,45669,120,2.0,0
2006-2007,2006,Non-urgent,3,Discharged Home,Motor Vehicle Collisions,Not Admitted,5674,93,1.55,0
2006-2007,2006,Unknown,3,Discharged Home,Motor Vehicle Collisions,Not Admitted,0,0,0.0,0
2006-2007,2006,CTAS III - Urgent,3,Discharged Home,Pneumonia,Not Admitted,21624,201,3.35,0
2006-2007,2006,Less urgent,3,Discharged Home,Pneumonia,Not Admitted,14533,125,2.08,0
2006-2007,2006,Non-urgent,3,Discharged Home,Pneumonia,Not Admitted,2198,91,1.52,0
2006-2007,2006,Unknown,3,Discharged Home,Pneumonia,Not Admitted,0,0,0.0,0
2006-2007,2006,CTAS III - Urgent,3,Discharged Home,Trauma,Not Admitted,331414,140,2.33,0
2006-2007,2006,Less urgent,3,Discharged Home,Trauma,Not Admitted,671962,112,1.87,0
2006-2007,2006,Non-urgent,3,Discharged Home,Trauma,Not Admitted,113972,86,1.43,0
2006-2007,2006,Unknown,3,Discharged Home,Trauma,Not Admitted,0,0,0.0,0
2006-2007,2006,CTAS III - Urgent,3,Discharged Home,Unintentional Falls,Not Admitted,109487,162,2.7,0
2006-2007,2006,Less urgent,3,Discharged Home,Unintentional Falls,Not Admitted,180401,123,2.05,0
2006-2007,2006,Non-urgent,3,Discharged Home,Unintentional Falls,Not Admitted,24030,95,1.58,0
2006-2007,2006,Unknown,3,Discharged Home,Unintentional Falls,Not Admitted,0,0,0.0,0
2006-2007,2006,CTAS III - Urgent,3,Intra-Facility Transfer,Acute Myocardial Infarction,Not Admitted,5,122,2.03,0
2006-2007,2006,Less urgent,3,Intra-Facility Transfer,Acute Myocardial Infarction,Not Admitted,0,63,1.05,0
2006-2007,2006,Non-urgent,3,Intra-Facility Transfer,Acute Myocardial Infarction,Not Admitted,0,0,0.0,0
2006-2007,2006,Unknown,3,Intra-Facility Transfer,Acute Myocardial Infarction,Not Admitted,0,0,0.0,0
2006-2007,2006,CTAS III - Urgent,3,Intra-Facility Transfer,Any,Not Admitted,8917,220,3.67,0
2006-2007,2006,Less urgent,3,Intra-Facility Transfer,Any,Not Admitted,4360,153,2.55,0
2006-2007,2006,Non-urgent,3,Intra-Facility Transfer,Any,Not Admitted,1457,70,1.17,0
2006-2007,2006,Unknown,3,Intra-Facility Transfer,Any,Not Admitted,0,0,0.0,0
2006-2007,2006,CTAS III - Urgent,3,Intra-Facility Transfer,Asthma,Not Admitted,15,120,2.0,0
2006-2007,2006,Less urgent,3,Intra-Facility Transfer,Asthma,Not Admitted,6,182,3.03,0
2006-2007,2006,Non-urgent,3,Intra-Facility Transfer,Asthma,Not Admitted,0,0,0.0,0
2006-2007,2006,Unknown,3,Intra-Facility Transfer,Asthma,Not Admitted,0,0,0.0,0
2006-2007,2006,CTAS III - Urgent,3,Intra-Facility Transfer,Influenzal Pneumonia,Not Admitted,0,0,0.0,0
2006-2007,2006,Less urgent,3,Intra-Facility Transfer,Influenzal Pneumonia,Not Admitted,0,0,0.0,0
2006-2007,2006,Non-urgent,3,Intra-Facility Transfer,Influenzal Pneumonia,Not Admitted,0,0,0.0,0
2006-2007,2006,Unknown,3,Intra-Facility Transfer,Influenzal Pneumonia,Not Admitted,0,0,0.0,0
2006-2007,2006,CTAS III - Urgent,3,Intra-Facility Transfer,Motor Vehicle Collisions,Not Admitted,121,174,2.9,0
2006-2007,2006,Less urgent,3,Intra-Facility Transfer,Motor Vehicle Collisions,Not Admitted,75,159,2.65,0
2006-2007,2006,Non-urgent,3,Intra-Facility Transfer,Motor Vehicle Collisions,Not Admitted,27,55,0.92,0
2006-2007,2006,Unknown,3,Intra-Facility Transfer,Motor Vehicle Collisions,Not Admitted,0,0,0.0,0
2006-2007,2006,CTAS III - Urgent,3,Intra-Facility Transfer,Pneumonia,Not Admitted,30,238,3.97,0
2006-2007,2006,Less urgent,3,Intra-Facility Transfer,Pneumonia,Not Admitted,14,197,3.28,0
2006-2007,2006,Non-urgent,3,Intra-Facility Transfer,Pneumonia,Not Admitted,0,292,4.87,0
2006-2007,2006,Unknown,3,Intra-Facility Transfer,Pneumonia,Not Admitted,0,0,0.0,0
2006-2007,2006,CTAS III - Urgent,3,Intra-Facility Transfer,Trauma,Not Admitted,1745,175,2.92,0
2006-2007,2006,Less urgent,3,Intra-Facility Transfer,Trauma,Not Admitted,1324,132,2.2,0
2006-2007,2006,Non-urgent,3,Intra-Facility Transfer,Trauma,Not Admitted,395,79,1.32,0
2006-2007,2006,Unknown,3,Intra-Facility Transfer,Trauma,Not Admitted,0,0,0.0,0
2006-2007,2006,CTAS III - Urgent,3,Intra-Facility Transfer,Unintentional Falls,Not Admitted,576,178,2.97,0
2006-2007,2006,Less urgent,3,Intra-Facility Transfer,Unintentional Falls,Not Admitted,424,143,2.38,0
2006-2007,2006,Non-urgent,3,Intra-Facility Transfer,Unintentional Falls,Not Admitted,114,65,1.08,0
2006-2007,2006,Unknown,3,Intra-Facility Transfer,Unintentional Falls,Not Admitted,0,0,0.0,0
2006-2007,2006,CTAS III - Urgent,3,Not Seen Or Left,Acute Myocardial Infarction,Not Admitted,6,540,9.0,0
2006-2007,2006,Less urgent,3,Not Seen Or Left,Acute Myocardial Infarction,Not Admitted,0,175,2.92,0
2006-2007,2006,Non-urgent,3,Not Seen Or Left,Acute Myocardial Infarction,Not Admitted,0,0,0.0,0
2006-2007,2006,Unknown,3,Not Seen Or Left,Acute Myocardial Infarction,Not Admitted,0,0,0.0,0
2006-2007,2006,CTAS III - Urgent,3,Not Seen Or Left,Any,Not Admitted,98742,145,2.42,0
2006-2007,2006,Less urgent,3,Not Seen Or Left,Any,Not Admitted,104423,123,2.05,0
2006-2007,2006,Non-urgent,3,Not Seen Or Left,Any,Not Admitted,27914,89,1.48,0
2006-2007,2006,Unknown,3,Not Seen Or Left,Any,Not Admitted,2656,24,0.4,0
2006-2007,2006,CTAS III - Urgent,3,Not Seen Or Left,Asthma,Not Admitted,449,123,2.05,0
2006-2007,2006,Less urgent,3,Not Seen Or Left,Asthma,Not Admitted,184,116,1.93,0
2006-2007,2006,Non-urgent,3,Not Seen Or Left,Asthma,Not Admitted,20,118,1.97,0
2006-2007,2006,Unknown,3,Not Seen Or Left,Asthma,Not Admitted,0,35,0.58,0
2006-2007,2006,CTAS III - Urgent,3,Not Seen Or Left,Influenzal Pneumonia,Not Admitted,0,0,0.0,0
2006-2007,2006,Less urgent,3,Not Seen Or Left,Influenzal Pneumonia,Not Admitted,0,0,0.0,0
2006-2007,2006,Non-urgent,3,Not Seen Or Left,Influenzal Pneumonia,Not Admitted,0,72,1.2,0
2006-2007,2006,Unknown,3,Not Seen Or Left,Influenzal Pneumonia,Not Admitted,0,0,0.0,0
2006-2007,2006,CTAS III - Urgent,3,Not Seen Or Left,Motor Vehicle Collisions,Not Admitted,1118,134,2.23,0
2006-2007,2006,Less urgent,3,Not Seen Or Left,Motor Vehicle Collisions,Not Admitted,1534,128,2.13,0
2006-2007,2006,Non-urgent,3,Not Seen Or Left,Motor Vehicle Collisions,Not Admitted,192,111,1.85,0
2006-2007,2006,Unknown,3,Not Seen Or Left,Motor Vehicle Collisions,Not Admitted,10,20,0.33,0
2006-2007,2006,CTAS III - Urgent,3,Not Seen Or Left,Pneumonia,Not Admitted,79,190,3.17,0
2006-2007,2006,Less urgent,3,Not Seen Or Left,Pneumonia,Not Admitted,37,187,3.12,0
2006-2007,2006,Non-urgent,3,Not Seen Or Left,Pneumonia,Not Admitted,13,83,1.38,0
2006-2007,2006,Unknown,3,Not Seen Or Left,Pneumonia,Not Admitted,0,0,0.0,0
2006-2007,2006,CTAS III - Urgent,3,Not Seen Or Left,Trauma,Not Admitted,10342,128,2.13,0
2006-2007,2006,Less urgent,3,Not Seen Or Left,Trauma,Not Admitted,24257,122,2.03,0
2006-2007,2006,Non-urgent,3,Not Seen Or Left,Trauma,Not Admitted,4459,95,1.58,0
2006-2007,2006,Unknown,3,Not Seen Or Left,Trauma,Not Admitted,348,15,0.25,0
2006-2007,2006,CTAS III - Urgent,3,Not Seen Or Left,Unintentional Falls,Not Admitted,2615,135,2.25,0
2006-2007,2006,Less urgent,3,Not Seen Or Left,Unintentional Falls,Not Admitted,5020,126,2.1,0
2006-2007,2006,Non-urgent,3,Not Seen Or Left,Unintentional Falls,Not Admitted,694,99,1.65,0
2006-2007,2006,Unknown,3,Not Seen Or Left,Unintentional Falls,Not Admitted,25,57,0.95,0
2006-2007,2006,CTAS III - Urgent,3,Total,Acute Myocardial Infarction,Not Admitted,3776,275,4.58,0
2006-2007,2006,Less urgent,3,Total,Acute Myocardial Infarction,Not Admitted,378,297,4.95,0
2006-2007,2006,Non-urgent,3,Total,Acute Myocardial Infarction,Not Admitted,67,126,2.1,0
2006-2007,2006,Unknown,3,Total,Acute Myocardial Infarction,Not Admitted,0,0,0.0,0
2006-2007,2006,CTAS III - Urgent,3,Total,Any,Not Admitted,2012744,192,3.2,0
2006-2007,2006,Less urgent,3,Total,Any,Not Admitted,2182256,108,1.8,0
2006-2007,2006,Non-urgent,3,Total,Any,Not Admitted,609493,71,1.18,0
2006-2007,2006,Unknown,3,Total,Any,Not Admitted,2656,24,0.4,0
2006-2007,2006,CTAS III - Urgent,3,Total,Asthma,Not Admitted,34967,158,2.63,0
2006-2007,2006,Less urgent,3,Total,Asthma,Not Admitted,18233,103,1.72,0
2006-2007,2006,Non-urgent,3,Total,Asthma,Not Admitted,3516,71,1.18,0
2006-2007,2006,Unknown,3,Total,Asthma,Not Admitted,0,35,0.58,0
2006-2007,2006,CTAS III - Urgent,3,Total,Influenzal Pneumonia,Not Admitted,62,232,3.87,0
2006-2007,2006,Less urgent,3,Total,Influenzal Pneumonia,Not Admitted,48,96,1.6,0
2006-2007,2006,Non-urgent,3,Total,Influenzal Pneumonia,Not Admitted,5,84,1.4,0
2006-2007,2006,Unknown,3,Total,Influenzal Pneumonia,Not Admitted,0,0,0.0,0
2006-2007,2006,CTAS III - Urgent,3,Total,Motor Vehicle Collisions,Not Admitted,47288,155,2.58,0
2006-2007,2006,Less urgent,3,Total,Motor Vehicle Collisions,Not Admitted,47965,121,2.02,0
2006-2007,2006,Non-urgent,3,Total,Motor Vehicle Collisions,Not Admitted,6019,95,1.58,0
2006-2007,2006,Unknown,3,Total,Motor Vehicle Collisions,Not Admitted,10,20,0.33,0
2006-2007,2006,CTAS III - Urgent,3,Total,Pneumonia,Not Admitted,33685,236,3.93,0
2006-2007,2006,Less urgent,3,Total,Pneumonia,Not Admitted,16477,133,2.22,0
2006-2007,2006,Non-urgent,3,Total,Pneumonia,Not Admitted,2419,97,1.62,0
2006-2007,2006,Unknown,3,Total,Pneumonia,Not Admitted,0,0,0.0,0
2006-2007,2006,CTAS III - Urgent,3,Total,Trauma,Not Admitted,375588,147,2.45,0
2006-2007,2006,Less urgent,3,Total,Trauma,Not Admitted,706807,113,1.88,0
2006-2007,2006,Non-urgent,3,Total,Trauma,Not Admitted,120052,87,1.45,0
2006-2007,2006,Unknown,3,Total,Trauma,Not Admitted,348,15,0.25,0
2006-2007,2006,CTAS III - Urgent,3,Total,Unintentional Falls,Not Admitted,134430,175,2.92,0
2006-2007,2006,Less urgent,3,Total,Unintentional Falls,Not Admitted,191483,125,2.08,0
2006-2007,2006,Non-urgent,3,Total,Unintentional Falls,Not Admitted,25418,96,1.6,0
2006-2007,2006,Unknown,3,Total,Unintentional Falls,Not Admitted,25,57,0.95,0
2006-2007,2006,CTAS III - Urgent,3,Transferred,Acute Myocardial Infarction,Not Admitted,392,195,3.25,0
2006-2007,2006,Less urgent,3,Transferred,Acute Myocardial Infarction,Not Admitted,31,285,4.75,0
2006-2007,2006,Non-urgent,3,Transferred,Acute Myocardial Infarction,Not Admitted,6,178,2.97,0
2006-2007,2006,Unknown,3,Transferred,Acute Myocardial Infarction,Not Admitted,0,0,0.0,0
2006-2007,2006,CTAS III - Urgent,3,Transferred,Any,Not Admitted,25863,236,3.93,0
2006-2007,2006,Less urgent,3,Transferred,Any,Not Admitted,9745,201,3.35,0
2006-2007,2006,Non-urgent,3,Transferred,Any,Not Admitted,1731,150,2.5,0
2006-2007,2006,Unknown,3,Transferred,Any,Not Admitted,0,0,0.0,0
2006-2007,2006,CTAS III - Urgent,3,Transferred,Asthma,Not Admitted,199,232,3.87,0
2006-2007,2006,Less urgent,3,Transferred,Asthma,Not Admitted,18,180,3.0,0
2006-2007,2006,Non-urgent,3,Transferred,Asthma,Not Admitted,0,616,10.27,0
2006-2007,2006,Unknown,3,Transferred,Asthma,Not Admitted,0,0,0.0,0
2006-2007,2006,CTAS III - Urgent,3,Transferred,Influenzal Pneumonia,Not Admitted,0,0,0.0,0
2006-2007,2006,Less urgent,3,Transferred,Influenzal Pneumonia,Not Admitted,0,0,0.0,0
2006-2007,2006,Non-urgent,3,Transferred,Influenzal Pneumonia,Not Admitted,0,0,0.0,0
2006-2007,2006,Unknown,3,Transferred,Influenzal Pneumonia,Not Admitted,0,0,0.0,0
2006-2007,2006,CTAS III - Urgent,3,Transferred,Motor Vehicle Collisions,Not Admitted,823,207,3.45,0
2006-2007,2006,Less urgent,3,Transferred,Motor Vehicle Collisions,Not Admitted,232,172,2.87,0
2006-2007,2006,Non-urgent,3,Transferred,Motor Vehicle Collisions,Not Admitted,33,100,1.67,0
2006-2007,2006,Unknown,3,Transferred,Motor Vehicle Collisions,Not Admitted,0,0,0.0,0
2006-2007,2006,CTAS III - Urgent,3,Transferred,Pneumonia,Not Admitted,466,271,4.52,0
2006-2007,2006,Less urgent,3,Transferred,Pneumonia,Not Admitted,105,269,4.48,0
2006-2007,2006,Non-urgent,3,Transferred,Pneumonia,Not Admitted,25,215,3.58,0
2006-2007,2006,Unknown,3,Transferred,Pneumonia,Not Admitted,0,0,0.0,0
2006-2007,2006,CTAS III - Urgent,3,Transferred,Trauma,Not Admitted,5226,205,3.42,0
2006-2007,2006,Less urgent,3,Transferred,Trauma,Not Admitted,2369,180,3.0,0
2006-2007,2006,Non-urgent,3,Transferred,Trauma,Not Admitted,395,135,2.25,0
2006-2007,2006,Unknown,3,Transferred,Trauma,Not Admitted,0,0,0.0,0
2006-2007,2006,CTAS III - Urgent,3,Transferred,Unintentional Falls,Not Admitted,2657,235,3.92,0
2006-2007,2006,Less urgent,3,Transferred,Unintentional Falls,Not Admitted,1124,208,3.47,0
2006-2007,2006,Non-urgent,3,Transferred,Unintentional Falls,Not Admitted,149,155,2.58,0
2006-2007,2006,Unknown,3,Transferred,Unintentional Falls,Not Admitted,0,0,0.0,0
2006-2007,2006,CTAS III - Urgent,3,Unknown,Acute Myocardial Infarction,Not Admitted,0,0,0.0,0
2006-2007,2006,Less urgent,3,Unknown,Acute Myocardial Infarction,Not Admitted,0,0,0.0,0
2006-2007,2006,Non-urgent,3,Unknown,Acute Myocardial Infarction,Not Admitted,0,0,0.0,0
2006-2007,2006,Unknown,3,Unknown,Acute Myocardial Infarction,Not Admitted,0,0,0.0,0
2006-2007,2006,CTAS III - Urgent,3,Unknown,Any,Not Admitted,0,0,0.0,0
2006-2007,2006,Less urgent,3,Unknown,Any,Not Admitted,0,0,0.0,0
2006-2007,2006,Non-urgent,3,Unknown,Any,Not Admitted,0,0,0.0,0
2006-2007,2006,Unknown,3,Unknown,Any,Not Admitted,0,0,0.0,0
2006-2007,2006,CTAS III - Urgent,3,Unknown,Asthma,Not Admitted,0,0,0.0,0
2006-2007,2006,Less urgent,3,Unknown,Asthma,Not Admitted,0,0,0.0,0
2006-2007,2006,Non-urgent,3,Unknown,Asthma,Not Admitted,0,0,0.0,0
2006-2007,2006,Unknown,3,Unknown,Asthma,Not Admitted,0,0,0.0,0
2006-2007,2006,CTAS III - Urgent,3,Unknown,Influenzal Pneumonia,Not Admitted,0,0,0.0,0
2006-2007,2006,Less urgent,3,Unknown,Influenzal Pneumonia,Not Admitted,0,0,0.0,0
2006-2007,2006,Non-urgent,3,Unknown,Influenzal Pneumonia,Not Admitted,0,0,0.0,0
2006-2007,2006,Unknown,3,Unknown,Influenzal Pneumonia,Not Admitted,0,0,0.0,0
2006-2007,2006,CTAS III - Urgent,3,Unknown,Motor Vehicle Collisions,Not Admitted,0,0,0.0,0
2006-2007,2006,Less urgent,3,Unknown,Motor Vehicle Collisions,Not Admitted,0,0,0.0,0
2006-2007,2006,Non-urgent,3,Unknown,Motor Vehicle Collisions,Not Admitted,0,0,0.0,0
2006-2007,2006,Unknown,3,Unknown,Motor Vehicle Collisions,Not Admitted,0,0,0.0,0
2006-2007,2006,CTAS III - Urgent,3,Unknown,Pneumonia,Not Admitted,0,0,0.0,0
2006-2007,2006,Less urgent,3,Unknown,Pneumonia,Not Admitted,0,0,0.0,0
2006-2007,2006,Non-urgent,3,Unknown,Pneumonia,Not Admitted,0,0,0.0,0
2006-2007,2006,Unknown,3,Unknown,Pneumonia,Not Admitted,0,0,0.0,0
2006-2007,2006,CTAS III - Urgent,3,Unknown,Trauma,Not Admitted,0,0,0.0,0
2006-2007,2006,Less urgent,3,Unknown,Trauma,Not Admitted,0,0,0.0,0
2006-2007,2006,Non-urgent,3,Unknown,Trauma,Not Admitted,0,0,0.0,0
2006-2007,2006,Unknown,3,Unknown,Trauma,Not Admitted,0,0,0.0,0
2006-2007,2006,CTAS III - Urgent,3,Unknown,Unintentional Falls,Not Admitted,0,0,0.0,0
2006-2007,2006,Less urgent,3,Unknown,Unintentional Falls,Not Admitted,0,0,0.0,0
2006-2007,2006,Non-urgent,3,Unknown,Unintentional Falls,Not Admitted,0,0,0.0,0
2006-2007,2006,Unknown,3,Unknown,Unintentional Falls,Not Admitted,0,0,0.0,0
2005-2006,2005,CTAS I - Resuscitation,1,Admitted,Acute Myocardial Infarction,Admitted,513,118,1.97,1
2005-2006,2005,CTAS I - Resuscitation,1,Admitted,Any,Admitted,13466,180,3.0,1
2005-2006,2005,CTAS I - Resuscitation,1,Admitted,Asthma,Admitted,286,215,3.58,1
2005-2006,2005,CTAS I - Resuscitation,1,Admitted,Influenzal Pneumonia,Admitted,0,0,0.0,1
2005-2006,2005,CTAS I - Resuscitation,1,Admitted,Motor Vehicle Collisions,Admitted,1613,161,2.68,1
2005-2006,2005,CTAS I - Resuscitation,1,Admitted,Pneumonia,Admitted,366,212,3.53,1
2005-2006,2005,CTAS I - Resuscitation,1,Admitted,Trauma,Admitted,3184,160,2.67,1
2005-2006,2005,CTAS I - Resuscitation,1,Admitted,Unintentional Falls,Admitted,566,204,3.4,1
2005-2006,2005,CTAS I - Resuscitation,1,Death,Acute Myocardial Infarction,Not Admitted,594,24,0.4,0
2005-2006,2005,CTAS I - Resuscitation,1,Death,Any,Not Admitted,5191,25,0.42,0
2005-2006,2005,CTAS I - Resuscitation,1,Death,Asthma,Not Admitted,0,150,2.5,0
2005-2006,2005,CTAS I - Resuscitation,1,Death,Influenzal Pneumonia,Not Admitted,0,0,0.0,0
2005-2006,2005,CTAS I - Resuscitation,1,Death,Motor Vehicle Collisions,Not Admitted,251,37,0.62,0
2005-2006,2005,CTAS I - Resuscitation,1,Death,Pneumonia,Not Admitted,22,149,2.48,0
2005-2006,2005,CTAS I - Resuscitation,1,Death,Trauma,Not Admitted,533,32,0.53,0
2005-2006,2005,CTAS I - Resuscitation,1,Death,Unintentional Falls,Not Admitted,46,104,1.73,0
2005-2006,2005,CTAS I - Resuscitation,1,Discharged Home,Acute Myocardial Infarction,Not Admitted,8,114,1.9,0
2005-2006,2005,CTAS I - Resuscitation,1,Discharged Home,Any,Not Admitted,4389,257,4.28,0
2005-2006,2005,CTAS I - Resuscitation,1,Discharged Home,Asthma,Not Admitted,172,196,3.27,0
2005-2006,2005,CTAS I - Resuscitation,1,Discharged Home,Influenzal Pneumonia,Not Admitted,0,0,0.0,0
2005-2006,2005,CTAS I - Resuscitation,1,Discharged Home,Motor Vehicle Collisions,Not Admitted,340,285,4.75,0
2005-2006,2005,CTAS I - Resuscitation,1,Discharged Home,Pneumonia,Not Admitted,29,231,3.85,0
2005-2006,2005,CTAS I - Resuscitation,1,Discharged Home,Trauma,Not Admitted,1220,253,4.22,0
2005-2006,2005,CTAS I - Resuscitation,1,Discharged Home,Unintentional Falls,Not Admitted,185,263,4.38,0
2005-2006,2005,CTAS I - Resuscitation,1,Intra-Facility Transfer,Acute Myocardial Infarction,Not Admitted,0,0,0.0,0
2005-2006,2005,CTAS I - Resuscitation,1,Intra-Facility Transfer,Any,Not Admitted,85,174,2.9,0
2005-2006,2005,CTAS I - Resuscitation,1,Intra-Facility Transfer,Asthma,Not Admitted,0,102,1.7,0
2005-2006,2005,CTAS I - Resuscitation,1,Intra-Facility Transfer,Influenzal Pneumonia,Not Admitted,0,0,0.0,0
2005-2006,2005,CTAS I - Resuscitation,1,Intra-Facility Transfer,Motor Vehicle Collisions,Not Admitted,9,64,1.07,0
2005-2006,2005,CTAS I - Resuscitation,1,Intra-Facility Transfer,Pneumonia,Not Admitted,0,0,0.0,0
2005-2006,2005,CTAS I - Resuscitation,1,Intra-Facility Transfer,Trauma,Not Admitted,28,122,2.03,0
2005-2006,2005,CTAS I - Resuscitation,1,Intra-Facility Transfer,Unintentional Falls,Not Admitted,0,230,3.83,0
2005-2006,2005,CTAS I - Resuscitation,1,Not Seen Or Left,Acute Myocardial Infarction,Not Admitted,0,0,0.0,0
2005-2006,2005,CTAS I - Resuscitation,1,Not Seen Or Left,Any,Not Admitted,85,203,3.38,0
2005-2006,2005,CTAS I - Resuscitation,1,Not Seen Or Left,Asthma,Not Admitted,5,273,4.55,0
2005-2006,2005,CTAS I - Resuscitation,1,Not Seen Or Left,Influenzal Pneumonia,Not Admitted,0,0,0.0,0
2005-2006,2005,CTAS I - Resuscitation,1,Not Seen Or Left,Motor Vehicle Collisions,Not Admitted,0,195,3.25,0
2005-2006,2005,CTAS I - Resuscitation,1,Not Seen Or Left,Pneumonia,Not Admitted,0,0,0.0,0
2005-2006,2005,CTAS I - Resuscitation,1,Not Seen Or Left,Trauma,Not Admitted,17,203,3.38,0
2005-2006,2005,CTAS I - Resuscitation,1,Not Seen Or Left,Unintentional Falls,Not Admitted,0,815,13.58,0
2005-2006,2005,CTAS I - Resuscitation,1,Total,Acute Myocardial Infarction,Not Admitted,1313,90,1.5,0
2005-2006,2005,CTAS I - Resuscitation,1,Total,Any,Not Admitted,25343,165,2.75,0
2005-2006,2005,CTAS I - Resuscitation,1,Total,Asthma,Not Admitted,489,206,3.43,0
2005-2006,2005,CTAS I - Resuscitation,1,Total,Influenzal Pneumonia,Not Admitted,0,0,0.0,0
2005-2006,2005,CTAS I - Resuscitation,1,Total,Motor Vehicle Collisions,Not Admitted,2600,159,2.65,0
2005-2006,2005,CTAS I - Resuscitation,1,Total,Pneumonia,Not Admitted,441,211,3.52,0
2005-2006,2005,CTAS I - Resuscitation,1,Total,Trauma,Not Admitted,5709,166,2.77,0
2005-2006,2005,CTAS I - Resuscitation,1,Total,Unintentional Falls,Not Admitted,913,207,3.45,0
2005-2006,2005,CTAS I - Resuscitation,1,Transferred,Acute Myocardial Infarction,Not Admitted,198,142,2.37,0
2005-2006,2005,CTAS I - Resuscitation,1,Transferred,Any,Not Admitted,2127,165,2.75,0
2005-2006,2005,CTAS I - Resuscitation,1,Transferred,Asthma,Not Admitted,26,205,3.42,0
2005-2006,2005,CTAS I - Resuscitation,1,Transferred,Influenzal Pneumonia,Not Admitted,0,0,0.0,0
2005-2006,2005,CTAS I - Resuscitation,1,Transferred,Motor Vehicle Collisions,Not Admitted,387,126,2.1,0
2005-2006,2005,CTAS I - Resuscitation,1,Transferred,Pneumonia,Not Admitted,24,206,3.43,0
2005-2006,2005,CTAS I - Resuscitation,1,Transferred,Trauma,Not Admitted,727,133,2.22,0
2005-2006,2005,CTAS I - Resuscitation,1,Transferred,Unintentional Falls,Not Admitted,116,177,2.95,0
2005-2006,2005,CTAS I - Resuscitation,1,Unknown,Acute Myocardial Infarction,Not Admitted,0,0,0.0,0
2005-2006,2005,CTAS I - Resuscitation,1,Unknown,Any,Not Admitted,0,0,0.0,0
2005-2006,2005,CTAS I - Resuscitation,1,Unknown,Asthma,Not Admitted,0,0,0.0,0
2005-2006,2005,CTAS I - Resuscitation,1,Unknown,Influenzal Pneumonia,Not Admitted,0,0,0.0,0
2005-2006,2005,CTAS I - Resuscitation,1,Unknown,Motor Vehicle Collisions,Not Admitted,0,0,0.0,0
2005-2006,2005,CTAS I - Resuscitation,1,Unknown,Pneumonia,Not Admitted,0,0,0.0,0
2005-2006,2005,CTAS I - Resuscitation,1,Unknown,Trauma,Not Admitted,0,0,0.0,0
2005-2006,2005,CTAS I - Resuscitation,1,Unknown,Unintentional Falls,Not Admitted,0,0,0.0,0
2005-2006,2005,CTAS II - Emergent,2,Admitted,Acute Myocardial Infarction,Admitted,6673,193,3.22,1
2005-2006,2005,CTAS II - Emergent,2,Admitted,Any,Admitted,178232,289,4.82,1
2005-2006,2005,CTAS II - Emergent,2,Admitted,Asthma,Admitted,4210,263,4.38,1
2005-2006,2005,CTAS II - Emergent,2,Admitted,Influenzal Pneumonia,Admitted,0,512,8.53,1
2005-2006,2005,CTAS II - Emergent,2,Admitted,Motor Vehicle Collisions,Admitted,2742,247,4.12,1
2005-2006,2005,CTAS II - Emergent,2,Admitted,Pneumonia,Admitted,7891,295,4.92,1
2005-2006,2005,CTAS II - Emergent,2,Admitted,Trauma,Admitted,11717,247,4.12,1
2005-2006,2005,CTAS II - Emergent,2,Admitted,Unintentional Falls,Admitted,5501,268,4.47,1
2005-2006,2005,CTAS II - Emergent,2,Death,Acute Myocardial Infarction,Not Admitted,131,168,2.8,0
2005-2006,2005,CTAS II - Emergent,2,Death,Any,Not Admitted,845,198,3.3,0
2005-2006,2005,CTAS II - Emergent,2,Death,Asthma,Not Admitted,0,194,3.23,0
2005-2006,2005,CTAS II - Emergent,2,Death,Influenzal Pneumonia,Not Admitted,0,0,0.0,0
2005-2006,2005,CTAS II - Emergent,2,Death,Motor Vehicle Collisions,Not Admitted,10,39,0.65,0
2005-2006,2005,CTAS II - Emergent,2,Death,Pneumonia,Not Admitted,28,295,4.92,0
2005-2006,2005,CTAS II - Emergent,2,Death,Trauma,Not Admitted,31,157,2.62,0
2005-2006,2005,CTAS II - Emergent,2,Death,Unintentional Falls,Not Admitted,14,304,5.07,0
2005-2006,2005,CTAS II - Emergent,2,Discharged Home,Acute Myocardial Infarction,Not Admitted,138,228,3.8,0
2005-2006,2005,CTAS II - Emergent,2,Discharged Home,Any,Not Admitted,364503,225,3.75,0
2005-2006,2005,CTAS II - Emergent,2,Discharged Home,Asthma,Not Admitted,12489,177,2.95,0
2005-2006,2005,CTAS II - Emergent,2,Discharged Home,Influenzal Pneumonia,Not Admitted,0,175,2.92,0
2005-2006,2005,CTAS II - Emergent,2,Discharged Home,Motor Vehicle Collisions,Not Admitted,11787,182,3.03,0
2005-2006,2005,CTAS II - Emergent,2,Discharged Home,Pneumonia,Not Admitted,4632,225,3.75,0
2005-2006,2005,CTAS II - Emergent,2,Discharged Home,Trauma,Not Admitted,56120,167,2.78,0
2005-2006,2005,CTAS II - Emergent,2,Discharged Home,Unintentional Falls,Not Admitted,14854,196,3.27,0
2005-2006,2005,CTAS II - Emergent,2,Intra-Facility Transfer,Acute Myocardial Infarction,Not Admitted,12,82,1.37,0
2005-2006,2005,CTAS II - Emergent,2,Intra-Facility Transfer,Any,Not Admitted,2627,205,3.42,0
2005-2006,2005,CTAS II - Emergent,2,Intra-Facility Transfer,Asthma,Not Admitted,33,173,2.88,0
2005-2006,2005,CTAS II - Emergent,2,Intra-Facility Transfer,Influenzal Pneumonia,Not Admitted,0,0,0.0,0
2005-2006,2005,CTAS II - Emergent,2,Intra-Facility Transfer,Motor Vehicle Collisions,Not Admitted,66,233,3.88,0
2005-2006,2005,CTAS II - Emergent,2,Intra-Facility Transfer,Pneumonia,Not Admitted,16,198,3.3,0
2005-2006,2005,CTAS II - Emergent,2,Intra-Facility Transfer,Trauma,Not Admitted,592,176,2.93,0
2005-2006,2005,CTAS II - Emergent,2,Intra-Facility Transfer,Unintentional Falls,Not Admitted,125,178,2.97,0
2005-2006,2005,CTAS II - Emergent,2,Not Seen Or Left,Acute Myocardial Infarction,Not Admitted,17,409,6.82,0
2005-2006,2005,CTAS II - Emergent,2,Not Seen Or Left,Any,Not Admitted,11737,155,2.58,0
2005-2006,2005,CTAS II - Emergent,2,Not Seen Or Left,Asthma,Not Admitted,140,185,3.08,0
2005-2006,2005,CTAS II - Emergent,2,Not Seen Or Left,Influenzal Pneumonia,Not Admitted,0,0,0.0,0
2005-2006,2005,CTAS II - Emergent,2,Not Seen Or Left,Motor Vehicle Collisions,Not Admitted,145,152,2.53,0
2005-2006,2005,CTAS II - Emergent,2,Not Seen Or Left,Pneumonia,Not Admitted,21,303,5.05,0
2005-2006,2005,CTAS II - Emergent,2,Not Seen Or Left,Trauma,Not Admitted,931,141,2.35,0
2005-2006,2005,CTAS II - Emergent,2,Not Seen Or Left,Unintentional Falls,Not Admitted,225,160,2.67,0
2005-2006,2005,CTAS II - Emergent,2,Total,Acute Myocardial Infarction,Not Admitted,8236,187,3.12,0
2005-2006,2005,CTAS II - Emergent,2,Total,Any,Not Admitted,572199,241,4.02,0
2005-2006,2005,CTAS II - Emergent,2,Total,Asthma,Not Admitted,17110,194,3.23,0
2005-2006,2005,CTAS II - Emergent,2,Total,Influenzal Pneumonia,Not Admitted,0,225,3.75,0
2005-2006,2005,CTAS II - Emergent,2,Total,Motor Vehicle Collisions,Not Admitted,15768,192,3.2,0
2005-2006,2005,CTAS II - Emergent,2,Total,Pneumonia,Not Admitted,12858,266,4.43,0
2005-2006,2005,CTAS II - Emergent,2,Total,Trauma,Not Admitted,72582,178,2.97,0
2005-2006,2005,CTAS II - Emergent,2,Total,Unintentional Falls,Not Admitted,21651,212,3.53,0
2005-2006,2005,CTAS II - Emergent,2,Transferred,Acute Myocardial Infarction,Not Admitted,1265,162,2.7,0
2005-2006,2005,CTAS II - Emergent,2,Transferred,Any,Not Admitted,14255,216,3.6,0
2005-2006,2005,CTAS II - Emergent,2,Transferred,Asthma,Not Admitted,238,254,4.23,0
2005-2006,2005,CTAS II - Emergent,2,Transferred,Influenzal Pneumonia,Not Admitted,0,0,0.0,0
2005-2006,2005,CTAS II - Emergent,2,Transferred,Motor Vehicle Collisions,Not Admitted,1018,195,3.25,0
2005-2006,2005,CTAS II - Emergent,2,Transferred,Pneumonia,Not Admitted,270,244,4.07,0
2005-2006,2005,CTAS II - Emergent,2,Transferred,Trauma,Not Admitted,3191,183,3.05,0
2005-2006,2005,CTAS II - Emergent,2,Transferred,Unintentional Falls,Not Admitted,932,218,3.63,0
2005-2006,2005,CTAS II - Emergent,2,Unknown,Acute Myocardial Infarction,Not Admitted,0,0,0.0,0
2005-2006,2005,CTAS II - Emergent,2,Unknown,Any,Not Admitted,0,0,0.0,0
2005-2006,2005,CTAS II - Emergent,2,Unknown,Asthma,Not Admitted,0,0,0.0,0
2005-2006,2005,CTAS II - Emergent,2,Unknown,Influenzal Pneumonia,Not Admitted,0,0,0.0,0
2005-2006,2005,CTAS II - Emergent,2,Unknown,Motor Vehicle Collisions,Not Admitted,0,0,0.0,0
2005-2006,2005,CTAS II - Emergent,2,Unknown,Pneumonia,Not Admitted,0,0,0.0,0
2005-2006,2005,CTAS II - Emergent,2,Unknown,Trauma,Not Admitted,0,0,0.0,0
2005-2006,2005,CTAS II - Emergent,2,Unknown,Unintentional Falls,Not Admitted,0,0,0.0,0
2005-2006,2005,CTAS III - Urgent,3,Admitted,Acute Myocardial Infarction,Admitted,3287,289,4.82,1
2005-2006,2005,Less urgent,3,Admitted,Acute Myocardial Infarction,Admitted,292,280,4.67,1
2005-2006,2005,Non-urgent,3,Admitted,Acute Myocardial Infarction,Admitted,48,190,3.17,1
2005-2006,2005,Unknown,3,Admitted,Acute Myocardial Infarction,Admitted,0,0,0.0,1
2005-2006,2005,CTAS III - Urgent,3,Admitted,Any,Admitted,288960,317,5.28,1
2005-2006,2005,Less urgent,3,Admitted,Any,Admitted,56995,260,4.33,1
2005-2006,2005,Non-urgent,3,Admitted,Any,Admitted,7949,192,3.2,1
2005-2006,2005,Unknown,3,Admitted,Any,Admitted,0,0,0.0,1
2005-2006,2005,CTAS III - Urgent,3,Admitted,Asthma,Admitted,2801,300,5.0,1
2005-2006,2005,Less urgent,3,Admitted,Asthma,Admitted,224,216,3.6,1
2005-2006,2005,Non-urgent,3,Admitted,Asthma,Admitted,47,167,2.78,1
2005-2006,2005,Unknown,3,Admitted,Asthma,Admitted,0,0,0.0,1
2005-2006,2005,CTAS III - Urgent,3,Admitted,Influenzal Pneumonia,Admitted,5,407,6.78,1
2005-2006,2005,Less urgent,3,Admitted,Influenzal Pneumonia,Admitted,0,190,3.17,1
2005-2006,2005,Non-urgent,3,Admitted,Influenzal Pneumonia,Admitted,0,0,0.0,1
2005-2006,2005,Unknown,3,Admitted,Influenzal Pneumonia,Admitted,0,0,0.0,1
2005-2006,2005,CTAS III - Urgent,3,Admitted,Motor Vehicle Collisions,Admitted,2660,242,4.03,1
2005-2006,2005,Less urgent,3,Admitted,Motor Vehicle Collisions,Admitted,476,222,3.7,1
2005-2006,2005,Non-urgent,3,Admitted,Motor Vehicle Collisions,Admitted,96,190,3.17,1
2005-2006,2005,Unknown,3,Admitted,Motor Vehicle Collisions,Admitted,0,0,0.0,1
2005-2006,2005,CTAS III - Urgent,3,Admitted,Pneumonia,Admitted,11575,320,5.33,1
2005-2006,2005,Less urgent,3,Admitted,Pneumonia,Admitted,1734,241,4.02,1
2005-2006,2005,Non-urgent,3,Admitted,Pneumonia,Admitted,214,186,3.1,1
2005-2006,2005,Unknown,3,Admitted,Pneumonia,Admitted,0,0,0.0,1
2005-2006,2005,CTAS III - Urgent,3,Admitted,Trauma,Admitted,27536,270,4.5,1
2005-2006,2005,Less urgent,3,Admitted,Trauma,Admitted,7225,251,4.18,1
2005-2006,2005,Non-urgent,3,Admitted,Trauma,Admitted,811,167,2.78,1
2005-2006,2005,Unknown,3,Admitted,Trauma,Admitted,0,0,0.0,1
2005-2006,2005,CTAS III - Urgent,3,Admitted,Unintentional Falls,Admitted,19021,283,4.72,1
2005-2006,2005,Less urgent,3,Admitted,Unintentional Falls,Admitted,4681,265,4.42,1
2005-2006,2005,Non-urgent,3,Admitted,Unintentional Falls,Admitted,396,170,2.83,1
2005-2006,2005,Unknown,3,Admitted,Unintentional Falls,Admitted,0,0,0.0,1
2005-2006,2005,CTAS III - Urgent,3,Death,Acute Myocardial Infarction,Not Admitted,36,248,4.13,0
2005-2006,2005,Less urgent,3,Death,Acute Myocardial Infarction,Not Admitted,5,113,1.88,0
2005-2006,2005,Non-urgent,3,Death,Acute Myocardial Infarction,Not Admitted,10,28,0.47,0
2005-2006,2005,Unknown,3,Death,Acute Myocardial Infarction,Not Admitted,0,0,0.0,0
2005-2006,2005,CTAS III - Urgent,3,Death,Any,Not Admitted,387,277,4.62,0
2005-2006,2005,Less urgent,3,Death,Any,Not Admitted,101,123,2.05,0
2005-2006,2005,Non-urgent,3,Death,Any,Not Admitted,322,17,0.28,0
2005-2006,2005,Unknown,3,Death,Any,Not Admitted,0,0,0.0,0
2005-2006,2005,CTAS III - Urgent,3,Death,Asthma,Not Admitted,0,0,0.0,0
2005-2006,2005,Less urgent,3,Death,Asthma,Not Admitted,0,0,0.0,0
2005-2006,2005,Non-urgent,3,Death,Asthma,Not Admitted,0,0,0.0,0
2005-2006,2005,Unknown,3,Death,Asthma,Not Admitted,0,0,0.0,0
2005-2006,2005,CTAS III - Urgent,3,Death,Influenzal Pneumonia,Not Admitted,0,0,0.0,0
2005-2006,2005,Less urgent,3,Death,Influenzal Pneumonia,Not Admitted,0,0,0.0,0
2005-2006,2005,Non-urgent,3,Death,Influenzal Pneumonia,Not Admitted,0,0,0.0,0
2005-2006,2005,Unknown,3,Death,Influenzal Pneumonia,Not Admitted,0,0,0.0,0
2005-2006,2005,CTAS III - Urgent,3,Death,Motor Vehicle Collisions,Not Admitted,0,214,3.57,0
2005-2006,2005,Less urgent,3,Death,Motor Vehicle Collisions,Not Admitted,0,115,1.92,0
2005-2006,2005,Non-urgent,3,Death,Motor Vehicle Collisions,Not Admitted,16,12,0.2,0
2005-2006,2005,Unknown,3,Death,Motor Vehicle Collisions,Not Admitted,0,0,0.0,0
2005-2006,2005,CTAS III - Urgent,3,Death,Pneumonia,Not Admitted,21,314,5.23,0
2005-2006,2005,Less urgent,3,Death,Pneumonia,Not Admitted,0,543,9.05,0
2005-2006,2005,Non-urgent,3,Death,Pneumonia,Not Admitted,0,664,11.07,0
2005-2006,2005,Unknown,3,Death,Pneumonia,Not Admitted,0,0,0.0,0
2005-2006,2005,CTAS III - Urgent,3,Death,Trauma,Not Admitted,31,271,4.52,0
2005-2006,2005,Less urgent,3,Death,Trauma,Not Admitted,22,121,2.02,0
2005-2006,2005,Non-urgent,3,Death,Trauma,Not Admitted,27,21,0.35,0
2005-2006,2005,Unknown,3,Death,Trauma,Not Admitted,0,0,0.0,0
2005-2006,2005,CTAS III - Urgent,3,Death,Unintentional Falls,Not Admitted,20,422,7.03,0
2005-2006,2005,Less urgent,3,Death,Unintentional Falls,Not Admitted,6,139,2.32,0
2005-2006,2005,Non-urgent,3,Death,Unintentional Falls,Not Admitted,0,209,3.48,0
2005-2006,2005,Unknown,3,Death,Unintentional Falls,Not Admitted,0,0,0.0,0
2005-2006,2005,CTAS III - Urgent,3,Discharged Home,Acute Myocardial Infarction,Not Admitted,89,349,5.82,0
2005-2006,2005,Less urgent,3,Discharged Home,Acute Myocardial Infarction,Not Admitted,14,306,5.1,0
2005-2006,2005,Non-urgent,3,Discharged Home,Acute Myocardial Infarction,Not Admitted,12,274,4.57,0
2005-2006,2005,Unknown,3,Discharged Home,Acute Myocardial Infarction,Not Admitted,0,0,0.0,0
2005-2006,2005,CTAS III - Urgent,3,Discharged Home,Any,Not Admitted,1587836,175,2.92,0
2005-2006,2005,Less urgent,3,Discharged Home,Any,Not Admitted,1990425,103,1.72,0
2005-2006,2005,Non-urgent,3,Discharged Home,Any,Not Admitted,620886,68,1.13,0
2005-2006,2005,Unknown,3,Discharged Home,Any,Not Admitted,0,0,0.0,0
2005-2006,2005,CTAS III - Urgent,3,Discharged Home,Asthma,Not Admitted,33807,149,2.48,0
2005-2006,2005,Less urgent,3,Discharged Home,Asthma,Not Admitted,17926,97,1.62,0
2005-2006,2005,Non-urgent,3,Discharged Home,Asthma,Not Admitted,3561,66,1.1,0
2005-2006,2005,Unknown,3,Discharged Home,Asthma,Not Admitted,0,0,0.0,0
2005-2006,2005,CTAS III - Urgent,3,Discharged Home,Influenzal Pneumonia,Not Admitted,12,192,3.2,0
2005-2006,2005,Less urgent,3,Discharged Home,Influenzal Pneumonia,Not Admitted,20,84,1.4,0
2005-2006,2005,Non-urgent,3,Discharged Home,Influenzal Pneumonia,Not Admitted,9,75,1.25,0
2005-2006,2005,Unknown,3,Discharged Home,Influenzal Pneumonia,Not Admitted,0,0,0.0,0
2005-2006,2005,CTAS III - Urgent,3,Discharged Home,Motor Vehicle Collisions,Not Admitted,43083,150,2.5,0
2005-2006,2005,Less urgent,3,Discharged Home,Motor Vehicle Collisions,Not Admitted,48650,118,1.97,0
2005-2006,2005,Non-urgent,3,Discharged Home,Motor Vehicle Collisions,Not Admitted,6714,90,1.5,0
2005-2006,2005,Unknown,3,Discharged Home,Motor Vehicle Collisions,Not Admitted,0,0,0.0,0
2005-2006,2005,CTAS III - Urgent,3,Discharged Home,Pneumonia,Not Admitted,19263,195,3.25,0
2005-2006,2005,Less urgent,3,Discharged Home,Pneumonia,Not Admitted,12510,124,2.07,0
2005-2006,2005,Non-urgent,3,Discharged Home,Pneumonia,Not Admitted,2119,88,1.47,0
2005-2006,2005,Unknown,3,Discharged Home,Pneumonia,Not Admitted,0,0,0.0,0
2005-2006,2005,CTAS III - Urgent,3,Discharged Home,Trauma,Not Admitted,332118,138,2.3,0
2005-2006,2005,Less urgent,3,Discharged Home,Trauma,Not Admitted,689072,110,1.83,0
2005-2006,2005,Non-urgent,3,Discharged Home,Trauma,Not Admitted,129935,85,1.42,0
2005-2006,2005,Unknown,3,Discharged Home,Trauma,Not Admitted,0,0,0.0,0
2005-2006,2005,CTAS III - Urgent,3,Discharged Home,Unintentional Falls,Not Admitted,109140,159,2.65,0
2005-2006,2005,Less urgent,3,Discharged Home,Unintentional Falls,Not Admitted,185562,121,2.02,0
2005-2006,2005,Non-urgent,3,Discharged Home,Unintentional Falls,Not Admitted,27399,93,1.55,0
2005-2006,2005,Unknown,3,Discharged Home,Unintentional Falls,Not Admitted,0,0,0.0,0
2005-2006,2005,CTAS III - Urgent,3,Intra-Facility Transfer,Acute Myocardial Infarction,Not Admitted,0,220,3.67,0
2005-2006,2005,Less urgent,3,Intra-Facility Transfer,Acute Myocardial Infarction,Not Admitted,0,0,0.0,0
2005-2006,2005,Non-urgent,3,Intra-Facility Transfer,Acute Myocardial Infarction,Not Admitted,0,0,0.0,0
2005-2006,2005,Unknown,3,Intra-Facility Transfer,Acute Myocardial Infarction,Not Admitted,0,0,0.0,0
2005-2006,2005,CTAS III - Urgent,3,Intra-Facility Transfer,Any,Not Admitted,10149,213,3.55,0
2005-2006,2005,Less urgent,3,Intra-Facility Transfer,Any,Not Admitted,5320,149,2.48,0
2005-2006,2005,Non-urgent,3,Intra-Facility Transfer,Any,Not Admitted,1779,82,1.37,0
2005-2006,2005,Unknown,3,Intra-Facility Transfer,Any,Not Admitted,0,0,0.0,0
2005-2006,2005,CTAS III - Urgent,3,Intra-Facility Transfer,Asthma,Not Admitted,64,185,3.08,0
2005-2006,2005,Less urgent,3,Intra-Facility Transfer,Asthma,Not Admitted,14,244,4.07,0
2005-2006,2005,Non-urgent,3,Intra-Facility Transfer,Asthma,Not Admitted,0,11,0.18,0
2005-2006,2005,Unknown,3,Intra-Facility Transfer,Asthma,Not Admitted,0,0,0.0,0
2005-2006,2005,CTAS III - Urgent,3,Intra-Facility Transfer,Influenzal Pneumonia,Not Admitted,0,0,0.0,0
2005-2006,2005,Less urgent,3,Intra-Facility Transfer,Influenzal Pneumonia,Not Admitted,0,0,0.0,0
2005-2006,2005,Non-urgent,3,Intra-Facility Transfer,Influenzal Pneumonia,Not Admitted,0,0,0.0,0
2005-2006,2005,Unknown,3,Intra-Facility Transfer,Influenzal Pneumonia,Not Admitted,0,0,0.0,0
2005-2006,2005,CTAS III - Urgent,3,Intra-Facility Transfer,Motor Vehicle Collisions,Not Admitted,155,181,3.02,0
2005-2006,2005,Less urgent,3,Intra-Facility Transfer,Motor Vehicle Collisions,Not Admitted,101,135,2.25,0
2005-2006,2005,Non-urgent,3,Intra-Facility Transfer,Motor Vehicle Collisions,Not Admitted,29,105,1.75,0
2005-2006,2005,Unknown,3,Intra-Facility Transfer,Motor Vehicle Collisions,Not Admitted,0,0,0.0,0
2005-2006,2005,CTAS III - Urgent,3,Intra-Facility Transfer,Pneumonia,Not Admitted,41,165,2.75,0
2005-2006,2005,Less urgent,3,Intra-Facility Transfer,Pneumonia,Not Admitted,13,245,4.08,0
2005-2006,2005,Non-urgent,3,Intra-Facility Transfer,Pneumonia,Not Admitted,0,92,1.53,0
2005-2006,2005,Unknown,3,Intra-Facility Transfer,Pneumonia,Not Admitted,0,0,0.0,0
2005-2006,2005,CTAS III - Urgent,3,Intra-Facility Transfer,Trauma,Not Admitted,2097,177,2.95,0
2005-2006,2005,Less urgent,3,Intra-Facility Transfer,Trauma,Not Admitted,1614,139,2.32,0
2005-2006,2005,Non-urgent,3,Intra-Facility Transfer,Trauma,Not Admitted,454,88,1.47,0
2005-2006,2005,Unknown,3,Intra-Facility Transfer,Trauma,Not Admitted,0,0,0.0,0
2005-2006,2005,CTAS III - Urgent,3,Intra-Facility Transfer,Unintentional Falls,Not Admitted,655,183,3.05,0
2005-2006,2005,Less urgent,3,Intra-Facility Transfer,Unintentional Falls,Not Admitted,556,138,2.3,0
2005-2006,2005,Non-urgent,3,Intra-Facility Transfer,Unintentional Falls,Not Admitted,122,82,1.37,0
2005-2006,2005,Unknown,3,Intra-Facility Transfer,Unintentional Falls,Not Admitted,0,0,0.0,0
2005-2006,2005,CTAS III - Urgent,3,Not Seen Or Left,Acute Myocardial Infarction,Not Admitted,16,308,5.13,0
2005-2006,2005,Less urgent,3,Not Seen Or Left,Acute Myocardial Infarction,Not Admitted,5,213,3.55,0
2005-2006,2005,Non-urgent,3,Not Seen Or Left,Acute Myocardial Infarction,Not Admitted,0,0,0.0,0
2005-2006,2005,Unknown,3,Not Seen Or Left,Acute Myocardial Infarction,Not Admitted,0,0,0.0,0
2005-2006,2005,CTAS III - Urgent,3,Not Seen Or Left,Any,Not Admitted,86273,137,2.28,0
2005-2006,2005,Less urgent,3,Not Seen Or Left,Any,Not Admitted,96962,118,1.97,0
2005-2006,2005,Non-urgent,3,Not Seen Or Left,Any,Not Admitted,28639,86,1.43,0
2005-2006,2005,Unknown,3,Not Seen Or Left,Any,Not Admitted,1941,33,0.55,0
2005-2006,2005,CTAS III - Urgent,3,Not Seen Or Left,Asthma,Not Admitted,504,118,1.97,0
2005-2006,2005,Less urgent,3,Not Seen Or Left,Asthma,Not Admitted,189,102,1.7,0
2005-2006,2005,Non-urgent,3,Not Seen Or Left,Asthma,Not Admitted,24,53,0.88,0
2005-2006,2005,Unknown,3,Not Seen Or Left,Asthma,Not Admitted,0,59,0.98,0
2005-2006,2005,CTAS III - Urgent,3,Not Seen Or Left,Influenzal Pneumonia,Not Admitted,0,0,0.0,0
2005-2006,2005,Less urgent,3,Not Seen Or Left,Influenzal Pneumonia,Not Admitted,0,144,2.4,0
2005-2006,2005,Non-urgent,3,Not Seen Or Left,Influenzal Pneumonia,Not Admitted,0,0,0.0,0
2005-2006,2005,Unknown,3,Not Seen Or Left,Influenzal Pneumonia,Not Admitted,0,0,0.0,0
2005-2006,2005,CTAS III - Urgent,3,Not Seen Or Left,Motor Vehicle Collisions,Not Admitted,940,128,2.13,0
2005-2006,2005,Less urgent,3,Not Seen Or Left,Motor Vehicle Collisions,Not Admitted,1562,126,2.1,0
2005-2006,2005,Non-urgent,3,Not Seen Or Left,Motor Vehicle Collisions,Not Admitted,202,102,1.7,0
2005-2006,2005,Unknown,3,Not Seen Or Left,Motor Vehicle Collisions,Not Admitted,0,0,0.0,0
2005-2006,2005,CTAS III - Urgent,3,Not Seen Or Left,Pneumonia,Not Admitted,76,254,4.23,0
2005-2006,2005,Less urgent,3,Not Seen Or Left,Pneumonia,Not Admitted,36,200,3.33,0
2005-2006,2005,Non-urgent,3,Not Seen Or Left,Pneumonia,Not Admitted,8,65,1.08,0
2005-2006,2005,Unknown,3,Not Seen Or Left,Pneumonia,Not Admitted,0,0,0.0,0
2005-2006,2005,CTAS III - Urgent,3,Not Seen Or Left,Trauma,Not Admitted,9315,121,2.02,0
2005-2006,2005,Less urgent,3,Not Seen Or Left,Trauma,Not Admitted,23637,118,1.97,0
2005-2006,2005,Non-urgent,3,Not Seen Or Left,Trauma,Not Admitted,4798,96,1.6,0
2005-2006,2005,Unknown,3,Not Seen Or Left,Trauma,Not Admitted,219,27,0.45,0
2005-2006,2005,CTAS III - Urgent,3,Not Seen Or Left,Unintentional Falls,Not Admitted,2258,135,2.25,0
2005-2006,2005,Less urgent,3,Not Seen Or Left,Unintentional Falls,Not Admitted,4701,122,2.03,0
2005-2006,2005,Non-urgent,3,Not Seen Or Left,Unintentional Falls,Not Admitted,739,105,1.75,0
2005-2006,2005,Unknown,3,Not Seen Or Left,Unintentional Falls,Not Admitted,16,36,0.6,0
2005-2006,2005,CTAS III - Urgent,3,Total,Acute Myocardial Infarction,Not Admitted,3773,281,4.68,0
2005-2006,2005,Less urgent,3,Total,Acute Myocardial Infarction,Not Admitted,342,268,4.47,0
2005-2006,2005,Non-urgent,3,Total,Acute Myocardial Infarction,Not Admitted,75,179,2.98,0
2005-2006,2005,Unknown,3,Total,Acute Myocardial Infarction,Not Admitted,0,0,0.0,0
2005-2006,2005,CTAS III - Urgent,3,Total,Any,Not Admitted,1997725,189,3.15,0
2005-2006,2005,Less urgent,3,Total,Any,Not Admitted,2158772,106,1.77,0
2005-2006,2005,Non-urgent,3,Total,Any,Not Admitted,661316,70,1.17,0
2005-2006,2005,Unknown,3,Total,Any,Not Admitted,1941,33,0.55,0
2005-2006,2005,CTAS III - Urgent,3,Total,Asthma,Not Admitted,37378,155,2.58,0
2005-2006,2005,Less urgent,3,Total,Asthma,Not Admitted,18380,98,1.63,0
2005-2006,2005,Non-urgent,3,Total,Asthma,Not Admitted,3638,66,1.1,0
2005-2006,2005,Unknown,3,Total,Asthma,Not Admitted,0,59,0.98,0
2005-2006,2005,CTAS III - Urgent,3,Total,Influenzal Pneumonia,Not Admitted,17,215,3.58,0
2005-2006,2005,Less urgent,3,Total,Influenzal Pneumonia,Not Admitted,20,89,1.48,0
2005-2006,2005,Non-urgent,3,Total,Influenzal Pneumonia,Not Admitted,9,75,1.25,0
2005-2006,2005,Unknown,3,Total,Influenzal Pneumonia,Not Admitted,0,0,0.0,0
2005-2006,2005,CTAS III - Urgent,3,Total,Motor Vehicle Collisions,Not Admitted,47694,153,2.55,0
2005-2006,2005,Less urgent,3,Total,Motor Vehicle Collisions,Not Admitted,51001,119,1.98,0
2005-2006,2005,Non-urgent,3,Total,Motor Vehicle Collisions,Not Admitted,7096,90,1.5,0
2005-2006,2005,Unknown,3,Total,Motor Vehicle Collisions,Not Admitted,0,0,0.0,0
2005-2006,2005,CTAS III - Urgent,3,Total,Pneumonia,Not Admitted,31403,235,3.92,0
2005-2006,2005,Less urgent,3,Total,Pneumonia,Not Admitted,14387,134,2.23,0
2005-2006,2005,Non-urgent,3,Total,Pneumonia,Not Admitted,2353,94,1.57,0
2005-2006,2005,Unknown,3,Total,Pneumonia,Not Admitted,0,0,0.0,0
2005-2006,2005,CTAS III - Urgent,3,Total,Trauma,Not Admitted,376709,145,2.42,0
2005-2006,2005,Less urgent,3,Total,Trauma,Not Admitted,723929,111,1.85,0
2005-2006,2005,Non-urgent,3,Total,Trauma,Not Admitted,136437,85,1.42,0
2005-2006,2005,Unknown,3,Total,Trauma,Not Admitted,219,27,0.45,0
2005-2006,2005,CTAS III - Urgent,3,Total,Unintentional Falls,Not Admitted,133982,172,2.87,0
2005-2006,2005,Less urgent,3,Total,Unintentional Falls,Not Admitted,196669,123,2.05,0
2005-2006,2005,Non-urgent,3,Total,Unintentional Falls,Not Admitted,28816,94,1.57,0
2005-2006,2005,Unknown,3,Total,Unintentional Falls,Not Admitted,16,36,0.6,0
2005-2006,2005,CTAS III - Urgent,3,Transferred,Acute Myocardial Infarction,Not Admitted,345,195,3.25,0
2005-2006,2005,Less urgent,3,Transferred,Acute Myocardial Infarction,Not Admitted,26,214,3.57,0
2005-2006,2005,Non-urgent,3,Transferred,Acute Myocardial Infarction,Not Admitted,5,189,3.15,0
2005-2006,2005,Unknown,3,Transferred,Acute Myocardial Infarction,Not Admitted,0,0,0.0,0
2005-2006,2005,CTAS III - Urgent,3,Transferred,Any,Not Admitted,24120,240,4.0,0
2005-2006,2005,Less urgent,3,Transferred,Any,Not Admitted,8969,200,3.33,0
2005-2006,2005,Non-urgent,3,Transferred,Any,Not Admitted,1741,140,2.33,0
2005-2006,2005,Unknown,3,Transferred,Any,Not Admitted,0,0,0.0,0
2005-2006,2005,CTAS III - Urgent,3,Transferred,Asthma,Not Admitted,202,258,4.3,0
2005-2006,2005,Less urgent,3,Transferred,Asthma,Not Admitted,27,262,4.37,0
2005-2006,2005,Non-urgent,3,Transferred,Asthma,Not Admitted,6,106,1.77,0
2005-2006,2005,Unknown,3,Transferred,Asthma,Not Admitted,0,0,0.0,0
2005-2006,2005,CTAS III - Urgent,3,Transferred,Influenzal Pneumonia,Not Admitted,0,0,0.0,0
2005-2006,2005,Less urgent,3,Transferred,Influenzal Pneumonia,Not Admitted,0,0,0.0,0
2005-2006,2005,Non-urgent,3,Transferred,Influenzal Pneumonia,Not Admitted,0,0,0.0,0
2005-2006,2005,Unknown,3,Transferred,Influenzal Pneumonia,Not Admitted,0,0,0.0,0
2005-2006,2005,CTAS III - Urgent,3,Transferred,Motor Vehicle Collisions,Not Admitted,856,206,3.43,0
2005-2006,2005,Less urgent,3,Transferred,Motor Vehicle Collisions,Not Admitted,212,178,2.97,0
2005-2006,2005,Non-urgent,3,Transferred,Motor Vehicle Collisions,Not Admitted,39,153,2.55,0
2005-2006,2005,Unknown,3,Transferred,Motor Vehicle Collisions,Not Admitted,0,0,0.0,0
2005-2006,2005,CTAS III - Urgent,3,Transferred,Pneumonia,Not Admitted,427,291,4.85,0
2005-2006,2005,Less urgent,3,Transferred,Pneumonia,Not Admitted,94,250,4.17,0
2005-2006,2005,Non-urgent,3,Transferred,Pneumonia,Not Admitted,12,186,3.1,0
2005-2006,2005,Unknown,3,Transferred,Pneumonia,Not Admitted,0,0,0.0,0
2005-2006,2005,CTAS III - Urgent,3,Transferred,Trauma,Not Admitted,5612,206,3.43,0
2005-2006,2005,Less urgent,3,Transferred,Trauma,Not Admitted,2359,175,2.92,0
2005-2006,2005,Non-urgent,3,Transferred,Trauma,Not Admitted,412,130,2.17,0
2005-2006,2005,Unknown,3,Transferred,Trauma,Not Admitted,0,0,0.0,0
2005-2006,2005,CTAS III - Urgent,3,Transferred,Unintentional Falls,Not Admitted,2888,234,3.9,0
2005-2006,2005,Less urgent,3,Transferred,Unintentional Falls,Not Admitted,1163,194,3.23,0
2005-2006,2005,Non-urgent,3,Transferred,Unintentional Falls,Not Admitted,160,144,2.4,0
2005-2006,2005,Unknown,3,Transferred,Unintentional Falls,Not Admitted,0,0,0.0,0
2005-2006,2005,CTAS III - Urgent,3,Unknown,Acute Myocardial Infarction,Not Admitted,0,0,0.0,0
2005-2006,2005,Less urgent,3,Unknown,Acute Myocardial Infarction,Not Admitted,0,0,0.0,0
2005-2006,2005,Non-urgent,3,Unknown,Acute Myocardial Infarction,Not Admitted,0,0,0.0,0
2005-2006,2005,Unknown,3,Unknown,Acute Myocardial Infarction,Not Admitted,0,0,0.0,0
2005-2006,2005,CTAS III - Urgent,3,Unknown,Any,Not Admitted,0,0,0.0,0
2005-2006,2005,Less urgent,3,Unknown,Any,Not Admitted,0,0,0.0,0
2005-2006,2005,Non-urgent,3,Unknown,Any,Not Admitted,0,0,0.0,0
2005-2006,2005,Unknown,3,Unknown,Any,Not Admitted,0,0,0.0,0
2005-2006,2005,CTAS III - Urgent,3,Unknown,Asthma,Not Admitted,0,0,0.0,0
2005-2006,2005,Less urgent,3,Unknown,Asthma,Not Admitted,0,0,0.0,0
2005-2006,2005,Non-urgent,3,Unknown,Asthma,Not Admitted,0,0,0.0,0
2005-2006,2005,Unknown,3,Unknown,Asthma,Not Admitted,0,0,0.0,0
2005-2006,2005,CTAS III - Urgent,3,Unknown,Influenzal Pneumonia,Not Admitted,0,0,0.0,0
2005-2006,2005,Less urgent,3,Unknown,Influenzal Pneumonia,Not Admitted,0,0,0.0,0
2005-2006,2005,Non-urgent,3,Unknown,Influenzal Pneumonia,Not Admitted,0,0,0.0,0
2005-2006,2005,Unknown,3,Unknown,Influenzal Pneumonia,Not Admitted,0,0,0.0,0
2005-2006,2005,CTAS III - Urgent,3,Unknown,Motor Vehicle Collisions,Not Admitted,0,0,0.0,0
2005-2006,2005,Less urgent,3,Unknown,Motor Vehicle Collisions,Not Admitted,0,0,0.0,0
2005-2006,2005,Non-urgent,3,Unknown,Motor Vehicle Collisions,Not Admitted,0,0,0.0,0
2005-2006,2005,Unknown,3,Unknown,Motor Vehicle Collisions,Not Admitted,0,0,0.0,0
2005-2006,2005,CTAS III - Urgent,3,Unknown,Pneumonia,Not Admitted,0,0,0.0,0
2005-2006,2005,Less urgent,3,Unknown,Pneumonia,Not Admitted,0,0,0.0,0
2005-2006,2005,Non-urgent,3,Unknown,Pneumonia,Not Admitted,0,0,0.0,0
2005-2006,2005,Unknown,3,Unknown,Pneumonia,Not Admitted,0,0,0.0,0
2005-2006,2005,CTAS III - Urgent,3,Unknown,Trauma,Not Admitted,0,0,0.0,0
2005-2006,2005,Less urgent,3,Unknown,Trauma,Not Admitted,0,0,0.0,0
2005-2006,2005,Non-urgent,3,Unknown,Trauma,Not Admitted,0,0,0.0,0
2005-2006,2005,Unknown,3,Unknown,Trauma,Not Admitted,0,0,0.0,0
2005-2006,2005,CTAS III - Urgent,3,Unknown,Unintentional Falls,Not Admitted,0,0,0.0,0
2005-2006,2005,Less urgent,3,Unknown,Unintentional Falls,Not Admitted,0,0,0.0,0
2005-2006,2005,Non-urgent,3,Unknown,Unintentional Falls,Not Admitted,0,0,0.0,0
2005-2006,2005,Unknown,3,Unknown,Unintentional Falls,Not Admitted,0,0,0.0,0
2004-2005,2004,CTAS I - Resuscitation,1,Admitted,Acute Myocardial Infarction,Admitted,495,112,1.87,1
2004-2005,2004,CTAS I - Resuscitation,1,Admitted,Any,Admitted,12099,176,2.93,1
2004-2005,2004,CTAS I - Resuscitation,1,Admitted,Asthma,Admitted,212,205,3.42,1
2004-2005,2004,CTAS I - Resuscitation,1,Admitted,Influenzal Pneumonia,Admitted,0,0,0.0,1
2004-2005,2004,CTAS I - Resuscitation,1,Admitted,Motor Vehicle Collisions,Admitted,1474,170,2.83,1
2004-2005,2004,CTAS I - Resuscitation,1,Admitted,Pneumonia,Admitted,382,230,3.83,1
2004-2005,2004,CTAS I - Resuscitation,1,Admitted,Trauma,Admitted,2857,167,2.78,1
2004-2005,2004,CTAS I - Resuscitation,1,Admitted,Unintentional Falls,Admitted,531,195,3.25,1
2004-2005,2004,CTAS I - Resuscitation,1,Death,Acute Myocardial Infarction,Not Admitted,556,18,0.3,0
2004-2005,2004,CTAS I - Resuscitation,1,Death,Any,Not Admitted,5096,24,0.4,0
2004-2005,2004,CTAS I - Resuscitation,1,Death,Asthma,Not Admitted,0,16,0.27,0
2004-2005,2004,CTAS I - Resuscitation,1,Death,Influenzal Pneumonia,Not Admitted,0,0,0.0,0
2004-2005,2004,CTAS I - Resuscitation,1,Death,Motor Vehicle Collisions,Not Admitted,219,35,0.58,0
2004-2005,2004,CTAS I - Resuscitation,1,Death,Pneumonia,Not Admitted,28,132,2.2,0
2004-2005,2004,CTAS I - Resuscitation,1,Death,Trauma,Not Admitted,503,34,0.57,0
2004-2005,2004,CTAS I - Resuscitation,1,Death,Unintentional Falls,Not Admitted,59,88,1.47,0
2004-2005,2004,CTAS I - Resuscitation,1,Discharged Home,Acute Myocardial Infarction,Not Admitted,11,140,2.33,0
2004-2005,2004,CTAS I - Resuscitation,1,Discharged Home,Any,Not Admitted,4002,246,4.1,0
2004-2005,2004,CTAS I - Resuscitation,1,Discharged Home,Asthma,Not Admitted,159,158,2.63,0
2004-2005,2004,CTAS I - Resuscitation,1,Discharged Home,Influenzal Pneumonia,Not Admitted,0,0,0.0,0
2004-2005,2004,CTAS I - Resuscitation,1,Discharged Home,Motor Vehicle Collisions,Not Admitted,298,282,4.7,0
2004-2005,2004,CTAS I - Resuscitation,1,Discharged Home,Pneumonia,Not Admitted,28,287,4.78,0
2004-2005,2004,CTAS I - Resuscitation,1,Discharged Home,Trauma,Not Admitted,1022,236,3.93,0
2004-2005,2004,CTAS I - Resuscitation,1,Discharged Home,Unintentional Falls,Not Admitted,189,249,4.15,0
2004-2005,2004,CTAS I - Resuscitation,1,Intra-Facility Transfer,Acute Myocardial Infarction,Not Admitted,0,0,0.0,0
2004-2005,2004,CTAS I - Resuscitation,1,Intra-Facility Transfer,Any,Not Admitted,90,136,2.27,0
2004-2005,2004,CTAS I - Resuscitation,1,Intra-Facility Transfer,Asthma,Not Admitted,0,0,0.0,0
2004-2005,2004,CTAS I - Resuscitation,1,Intra-Facility Transfer,Influenzal Pneumonia,Not Admitted,0,0,0.0,0
2004-2005,2004,CTAS I - Resuscitation,1,Intra-Facility Transfer,Motor Vehicle Collisions,Not Admitted,12,134,2.23,0
2004-2005,2004,CTAS I - Resuscitation,1,Intra-Facility Transfer,Pneumonia,Not Admitted,0,175,2.92,0
2004-2005,2004,CTAS I - Resuscitation,1,Intra-Facility Transfer,Trauma,Not Admitted,31,138,2.3,0
2004-2005,2004,CTAS I - Resuscitation,1,Intra-Facility Transfer,Unintentional Falls,Not Admitted,0,186,3.1,0
2004-2005,2004,CTAS I - Resuscitation,1,Not Seen Or Left,Acute Myocardial Infarction,Not Admitted,0,0,0.0,0
2004-2005,2004,CTAS I - Resuscitation,1,Not Seen Or Left,Any,Not Admitted,106,176,2.93,0
2004-2005,2004,CTAS I - Resuscitation,1,Not Seen Or Left,Asthma,Not Admitted,6,176,2.93,0
2004-2005,2004,CTAS I - Resuscitation,1,Not Seen Or Left,Influenzal Pneumonia,Not Admitted,0,0,0.0,0
2004-2005,2004,CTAS I - Resuscitation,1,Not Seen Or Left,Motor Vehicle Collisions,Not Admitted,0,211,3.52,0
2004-2005,2004,CTAS I - Resuscitation,1,Not Seen Or Left,Pneumonia,Not Admitted,0,0,0.0,0
2004-2005,2004,CTAS I - Resuscitation,1,Not Seen Or Left,Trauma,Not Admitted,26,200,3.33,0
2004-2005,2004,CTAS I - Resuscitation,1,Not Seen Or Left,Unintentional Falls,Not Admitted,0,298,4.97,0
2004-2005,2004,CTAS I - Resuscitation,1,Total,Acute Myocardial Infarction,Not Admitted,1227,77,1.28,0
2004-2005,2004,CTAS I - Resuscitation,1,Total,Any,Not Admitted,23191,158,2.63,0
2004-2005,2004,CTAS I - Resuscitation,1,Total,Asthma,Not Admitted,391,188,3.13,0
2004-2005,2004,CTAS I - Resuscitation,1,Total,Influenzal Pneumonia,Not Admitted,0,0,0.0,0
2004-2005,2004,CTAS I - Resuscitation,1,Total,Motor Vehicle Collisions,Not Admitted,2316,166,2.77,0
2004-2005,2004,CTAS I - Resuscitation,1,Total,Pneumonia,Not Admitted,451,230,3.83,0
2004-2005,2004,CTAS I - Resuscitation,1,Total,Trauma,Not Admitted,5061,166,2.77,0
2004-2005,2004,CTAS I - Resuscitation,1,Total,Unintentional Falls,Not Admitted,896,198,3.3,0
2004-2005,2004,CTAS I - Resuscitation,1,Transferred,Acute Myocardial Infarction,Not Admitted,152,127,2.12,0
2004-2005,2004,CTAS I - Resuscitation,1,Transferred,Any,Not Admitted,1698,164,2.73,0
2004-2005,2004,CTAS I - Resuscitation,1,Transferred,Asthma,Not Admitted,14,206,3.43,0
2004-2005,2004,CTAS I - Resuscitation,1,Transferred,Influenzal Pneumonia,Not Admitted,0,0,0.0,0
2004-2005,2004,CTAS I - Resuscitation,1,Transferred,Motor Vehicle Collisions,Not Admitted,313,125,2.08,0
2004-2005,2004,CTAS I - Resuscitation,1,Transferred,Pneumonia,Not Admitted,13,262,4.37,0
2004-2005,2004,CTAS I - Resuscitation,1,Transferred,Trauma,Not Admitted,612,132,2.2,0
2004-2005,2004,CTAS I - Resuscitation,1,Transferred,Unintentional Falls,Not Admitted,117,166,2.77,0
2004-2005,2004,CTAS I - Resuscitation,1,Unknown,Acute Myocardial Infarction,Not Admitted,13,65,1.08,0
2004-2005,2004,CTAS I - Resuscitation,1,Unknown,Any,Not Admitted,100,83,1.38,0
2004-2005,2004,CTAS I - Resuscitation,1,Unknown,Asthma,Not Admitted,0,128,2.13,0
2004-2005,2004,CTAS I - Resuscitation,1,Unknown,Influenzal Pneumonia,Not Admitted,0,0,0.0,0
2004-2005,2004,CTAS I - Resuscitation,1,Unknown,Motor Vehicle Collisions,Not Admitted,0,136,2.27,0
2004-2005,2004,CTAS I - Resuscitation,1,Unknown,Pneumonia,Not Admitted,0,994,16.57,0
2004-2005,2004,CTAS I - Resuscitation,1,Unknown,Trauma,Not Admitted,10,100,1.67,0
2004-2005,2004,CTAS I - Resuscitation,1,Unknown,Unintentional Falls,Not Admitted,0,212,3.53,0
2004-2005,2004,CTAS II - Emergent,2,Admitted,Acute Myocardial Infarction,Admitted,6921,190,3.17,1
2004-2005,2004,CTAS II - Emergent,2,Admitted,Any,Admitted,167945,285,4.75,1
2004-2005,2004,CTAS II - Emergent,2,Admitted,Asthma,Admitted,3763,261,4.35,1
2004-2005,2004,CTAS II - Emergent,2,Admitted,Influenzal Pneumonia,Admitted,5,283,4.72,1
2004-2005,2004,CTAS II - Emergent,2,Admitted,Motor Vehicle Collisions,Admitted,2684,234,3.9,1
2004-2005,2004,CTAS II - Emergent,2,Admitted,Pneumonia,Admitted,7855,293,4.88,1
2004-2005,2004,CTAS II - Emergent,2,Admitted,Trauma,Admitted,10954,242,4.03,1
2004-2005,2004,CTAS II - Emergent,2,Admitted,Unintentional Falls,Admitted,5018,265,4.42,1
2004-2005,2004,CTAS II - Emergent,2,Death,Acute Myocardial Infarction,Not Admitted,140,122,2.03,0
2004-2005,2004,CTAS II - Emergent,2,Death,Any,Not Admitted,929,169,2.82,0
2004-2005,2004,CTAS II - Emergent,2,Death,Asthma,Not Admitted,0,0,0.0,0
2004-2005,2004,CTAS II - Emergent,2,Death,Influenzal Pneumonia,Not Admitted,0,143,2.38,0
2004-2005,2004,CTAS II - Emergent,2,Death,Motor Vehicle Collisions,Not Admitted,9,133,2.22,0
2004-2005,2004,CTAS II - Emergent,2,Death,Pneumonia,Not Admitted,48,402,6.7,0
2004-2005,2004,CTAS II - Emergent,2,Death,Trauma,Not Admitted,37,189,3.15,0
2004-2005,2004,CTAS II - Emergent,2,Death,Unintentional Falls,Not Admitted,16,250,4.17,0
2004-2005,2004,CTAS II - Emergent,2,Discharged Home,Acute Myocardial Infarction,Not Admitted,134,293,4.88,0
2004-2005,2004,CTAS II - Emergent,2,Discharged Home,Any,Not Admitted,315077,220,3.67,0
2004-2005,2004,CTAS II - Emergent,2,Discharged Home,Asthma,Not Admitted,10711,168,2.8,0
2004-2005,2004,CTAS II - Emergent,2,Discharged Home,Influenzal Pneumonia,Not Admitted,5,254,4.23,0
2004-2005,2004,CTAS II - Emergent,2,Discharged Home,Motor Vehicle Collisions,Not Admitted,10052,179,2.98,0
2004-2005,2004,CTAS II - Emergent,2,Discharged Home,Pneumonia,Not Admitted,4270,223,3.72,0
2004-2005,2004,CTAS II - Emergent,2,Discharged Home,Trauma,Not Admitted,47847,162,2.7,0
2004-2005,2004,CTAS II - Emergent,2,Discharged Home,Unintentional Falls,Not Admitted,12752,190,3.17,0
2004-2005,2004,CTAS II - Emergent,2,Intra-Facility Transfer,Acute Myocardial Infarction,Not Admitted,10,165,2.75,0
2004-2005,2004,CTAS II - Emergent,2,Intra-Facility Transfer,Any,Not Admitted,2526,199,3.32,0
2004-2005,2004,CTAS II - Emergent,2,Intra-Facility Transfer,Asthma,Not Admitted,14,210,3.5,0
2004-2005,2004,CTAS II - Emergent,2,Intra-Facility Transfer,Influenzal Pneumonia,Not Admitted,0,0,0.0,0
2004-2005,2004,CTAS II - Emergent,2,Intra-Facility Transfer,Motor Vehicle Collisions,Not Admitted,61,155,2.58,0
2004-2005,2004,CTAS II - Emergent,2,Intra-Facility Transfer,Pneumonia,Not Admitted,11,180,3.0,0
2004-2005,2004,CTAS II - Emergent,2,Intra-Facility Transfer,Trauma,Not Admitted,549,187,3.12,0
2004-2005,2004,CTAS II - Emergent,2,Intra-Facility Transfer,Unintentional Falls,Not Admitted,148,222,3.7,0
2004-2005,2004,CTAS II - Emergent,2,Not Seen Or Left,Acute Myocardial Infarction,Not Admitted,14,438,7.3,0
2004-2005,2004,CTAS II - Emergent,2,Not Seen Or Left,Any,Not Admitted,9287,155,2.58,0
2004-2005,2004,CTAS II - Emergent,2,Not Seen Or Left,Asthma,Not Admitted,132,170,2.83,0
2004-2005,2004,CTAS II - Emergent,2,Not Seen Or Left,Influenzal Pneumonia,Not Admitted,0,0,0.0,0
2004-2005,2004,CTAS II - Emergent,2,Not Seen Or Left,Motor Vehicle Collisions,Not Admitted,109,160,2.67,0
2004-2005,2004,CTAS II - Emergent,2,Not Seen Or Left,Pneumonia,Not Admitted,24,292,4.87,0
2004-2005,2004,CTAS II - Emergent,2,Not Seen Or Left,Trauma,Not Admitted,698,132,2.2,0
2004-2005,2004,CTAS II - Emergent,2,Not Seen Or Left,Unintentional Falls,Not Admitted,176,138,2.3,0
2004-2005,2004,CTAS II - Emergent,2,Total,Acute Myocardial Infarction,Not Admitted,8148,185,3.08,0
2004-2005,2004,CTAS II - Emergent,2,Total,Any,Not Admitted,509616,238,3.97,0
2004-2005,2004,CTAS II - Emergent,2,Total,Asthma,Not Admitted,14844,187,3.12,0
2004-2005,2004,CTAS II - Emergent,2,Total,Influenzal Pneumonia,Not Admitted,10,254,4.23,0
2004-2005,2004,CTAS II - Emergent,2,Total,Motor Vehicle Collisions,Not Admitted,13993,187,3.12,0
2004-2005,2004,CTAS II - Emergent,2,Total,Pneumonia,Not Admitted,12471,265,4.42,0
2004-2005,2004,CTAS II - Emergent,2,Total,Trauma,Not Admitted,63294,175,2.92,0
2004-2005,2004,CTAS II - Emergent,2,Total,Unintentional Falls,Not Admitted,19026,208,3.47,0
2004-2005,2004,CTAS II - Emergent,2,Transferred,Acute Myocardial Infarction,Not Admitted,872,155,2.58,0
2004-2005,2004,CTAS II - Emergent,2,Transferred,Any,Not Admitted,12282,215,3.58,0
2004-2005,2004,CTAS II - Emergent,2,Transferred,Asthma,Not Admitted,179,253,4.22,0
2004-2005,2004,CTAS II - Emergent,2,Transferred,Influenzal Pneumonia,Not Admitted,0,0,0.0,0
2004-2005,2004,CTAS II - Emergent,2,Transferred,Motor Vehicle Collisions,Not Admitted,1027,185,3.08,0
2004-2005,2004,CTAS II - Emergent,2,Transferred,Pneumonia,Not Admitted,226,280,4.67,0
2004-2005,2004,CTAS II - Emergent,2,Transferred,Trauma,Not Admitted,3036,179,2.98,0
2004-2005,2004,CTAS II - Emergent,2,Transferred,Unintentional Falls,Not Admitted,872,206,3.43,0
2004-2005,2004,CTAS II - Emergent,2,Unknown,Acute Myocardial Infarction,Not Admitted,57,133,2.22,0
2004-2005,2004,CTAS II - Emergent,2,Unknown,Any,Not Admitted,1570,128,2.13,0
2004-2005,2004,CTAS II - Emergent,2,Unknown,Asthma,Not Admitted,45,69,1.15,0
2004-2005,2004,CTAS II - Emergent,2,Unknown,Influenzal Pneumonia,Not Admitted,0,0,0.0,0
2004-2005,2004,CTAS II - Emergent,2,Unknown,Motor Vehicle Collisions,Not Admitted,51,154,2.57,0
2004-2005,2004,CTAS II - Emergent,2,Unknown,Pneumonia,Not Admitted,37,144,2.4,0
2004-2005,2004,CTAS II - Emergent,2,Unknown,Trauma,Not Admitted,173,118,1.97,0
2004-2005,2004,CTAS II - Emergent,2,Unknown,Unintentional Falls,Not Admitted,44,119,1.98,0
2004-2005,2004,CTAS III - Urgent,3,Admitted,Acute Myocardial Infarction,Admitted,3562,263,4.38,1
2004-2005,2004,Less urgent,3,Admitted,Acute Myocardial Infarction,Admitted,370,241,4.02,1
2004-2005,2004,Non-urgent,3,Admitted,Acute Myocardial Infarction,Admitted,70,206,3.43,1
2004-2005,2004,Unknown,3,Admitted,Acute Myocardial Infarction,Admitted,0,0,0.0,1
2004-2005,2004,CTAS III - Urgent,3,Admitted,Any,Admitted,294826,312,5.2,1
2004-2005,2004,Less urgent,3,Admitted,Any,Admitted,61746,259,4.32,1
2004-2005,2004,Non-urgent,3,Admitted,Any,Admitted,9178,206,3.43,1
2004-2005,2004,Unknown,3,Admitted,Any,Admitted,0,0,0.0,1
2004-2005,2004,CTAS III - Urgent,3,Admitted,Asthma,Admitted,3194,297,4.95,1
2004-2005,2004,Less urgent,3,Admitted,Asthma,Admitted,347,235,3.92,1
2004-2005,2004,Non-urgent,3,Admitted,Asthma,Admitted,38,211,3.52,1
2004-2005,2004,Unknown,3,Admitted,Asthma,Admitted,0,0,0.0,1
2004-2005,2004,CTAS III - Urgent,3,Admitted,Influenzal Pneumonia,Admitted,12,298,4.97,1
2004-2005,2004,Less urgent,3,Admitted,Influenzal Pneumonia,Admitted,0,173,2.88,1
2004-2005,2004,Non-urgent,3,Admitted,Influenzal Pneumonia,Admitted,0,0,0.0,1
2004-2005,2004,Unknown,3,Admitted,Influenzal Pneumonia,Admitted,0,0,0.0,1
2004-2005,2004,CTAS III - Urgent,3,Admitted,Motor Vehicle Collisions,Admitted,2883,241,4.02,1
2004-2005,2004,Less urgent,3,Admitted,Motor Vehicle Collisions,Admitted,575,230,3.83,1
2004-2005,2004,Non-urgent,3,Admitted,Motor Vehicle Collisions,Admitted,114,196,3.27,1
2004-2005,2004,Unknown,3,Admitted,Motor Vehicle Collisions,Admitted,0,0,0.0,1
2004-2005,2004,CTAS III - Urgent,3,Admitted,Pneumonia,Admitted,12681,320,5.33,1
2004-2005,2004,Less urgent,3,Admitted,Pneumonia,Admitted,2118,252,4.2,1
2004-2005,2004,Non-urgent,3,Admitted,Pneumonia,Admitted,259,212,3.53,1
2004-2005,2004,Unknown,3,Admitted,Pneumonia,Admitted,0,0,0.0,1
2004-2005,2004,CTAS III - Urgent,3,Admitted,Trauma,Admitted,28252,269,4.48,1
2004-2005,2004,Less urgent,3,Admitted,Trauma,Admitted,8015,250,4.17,1
2004-2005,2004,Non-urgent,3,Admitted,Trauma,Admitted,1022,188,3.13,1
2004-2005,2004,Unknown,3,Admitted,Trauma,Admitted,0,0,0.0,1
2004-2005,2004,CTAS III - Urgent,3,Admitted,Unintentional Falls,Admitted,19098,280,4.67,1
2004-2005,2004,Less urgent,3,Admitted,Unintentional Falls,Admitted,5316,263,4.38,1
2004-2005,2004,Non-urgent,3,Admitted,Unintentional Falls,Admitted,513,210,3.5,1
2004-2005,2004,Unknown,3,Admitted,Unintentional Falls,Admitted,0,0,0.0,1
2004-2005,2004,CTAS III - Urgent,3,Death,Acute Myocardial Infarction,Not Admitted,39,226,3.77,0
2004-2005,2004,Less urgent,3,Death,Acute Myocardial Infarction,Not Admitted,0,242,4.03,0
2004-2005,2004,Non-urgent,3,Death,Acute Myocardial Infarction,Not Admitted,17,40,0.67,0
2004-2005,2004,Unknown,3,Death,Acute Myocardial Infarction,Not Admitted,0,0,0.0,0
2004-2005,2004,CTAS III - Urgent,3,Death,Any,Not Admitted,393,245,4.08,0
2004-2005,2004,Less urgent,3,Death,Any,Not Admitted,69,122,2.03,0
2004-2005,2004,Non-urgent,3,Death,Any,Not Admitted,357,12,0.2,0
2004-2005,2004,Unknown,3,Death,Any,Not Admitted,0,0,0.0,0
2004-2005,2004,CTAS III - Urgent,3,Death,Asthma,Not Admitted,0,208,3.47,0
2004-2005,2004,Less urgent,3,Death,Asthma,Not Admitted,0,0,0.0,0
2004-2005,2004,Non-urgent,3,Death,Asthma,Not Admitted,0,0,0.0,0
2004-2005,2004,Unknown,3,Death,Asthma,Not Admitted,0,0,0.0,0
2004-2005,2004,CTAS III - Urgent,3,Death,Influenzal Pneumonia,Not Admitted,0,0,0.0,0
2004-2005,2004,Less urgent,3,Death,Influenzal Pneumonia,Not Admitted,0,0,0.0,0
2004-2005,2004,Non-urgent,3,Death,Influenzal Pneumonia,Not Admitted,0,0,0.0,0
2004-2005,2004,Unknown,3,Death,Influenzal Pneumonia,Not Admitted,0,0,0.0,0
2004-2005,2004,CTAS III - Urgent,3,Death,Motor Vehicle Collisions,Not Admitted,5,35,0.58,0
2004-2005,2004,Less urgent,3,Death,Motor Vehicle Collisions,Not Admitted,0,80,1.33,0
2004-2005,2004,Non-urgent,3,Death,Motor Vehicle Collisions,Not Admitted,17,6,0.1,0
2004-2005,2004,Unknown,3,Death,Motor Vehicle Collisions,Not Admitted,0,0,0.0,0
2004-2005,2004,CTAS III - Urgent,3,Death,Pneumonia,Not Admitted,21,366,6.1,0
2004-2005,2004,Less urgent,3,Death,Pneumonia,Not Admitted,0,270,4.5,0
2004-2005,2004,Non-urgent,3,Death,Pneumonia,Not Admitted,0,95,1.58,0
2004-2005,2004,Unknown,3,Death,Pneumonia,Not Admitted,0,0,0.0,0
2004-2005,2004,CTAS III - Urgent,3,Death,Trauma,Not Admitted,27,170,2.83,0
2004-2005,2004,Less urgent,3,Death,Trauma,Not Admitted,13,94,1.57,0
2004-2005,2004,Non-urgent,3,Death,Trauma,Not Admitted,28,12,0.2,0
2004-2005,2004,Unknown,3,Death,Trauma,Not Admitted,0,0,0.0,0
2004-2005,2004,CTAS III - Urgent,3,Death,Unintentional Falls,Not Admitted,18,216,3.6,0
2004-2005,2004,Less urgent,3,Death,Unintentional Falls,Not Admitted,0,134,2.23,0
2004-2005,2004,Non-urgent,3,Death,Unintentional Falls,Not Admitted,0,0,0.0,0
2004-2005,2004,Unknown,3,Death,Unintentional Falls,Not Admitted,0,0,0.0,0
2004-2005,2004,CTAS III - Urgent,3,Discharged Home,Acute Myocardial Infarction,Not Admitted,103,379,6.32,0
2004-2005,2004,Less urgent,3,Discharged Home,Acute Myocardial Infarction,Not Admitted,13,170,2.83,0
2004-2005,2004,Non-urgent,3,Discharged Home,Acute Myocardial Infarction,Not Admitted,0,79,1.32,0
2004-2005,2004,Unknown,3,Discharged Home,Acute Myocardial Infarction,Not Admitted,0,0,0.0,0
2004-2005,2004,CTAS III - Urgent,3,Discharged Home,Any,Not Admitted,1462480,175,2.92,0
2004-2005,2004,Less urgent,3,Discharged Home,Any,Not Admitted,1934638,102,1.7,0
2004-2005,2004,Non-urgent,3,Discharged Home,Any,Not Admitted,658643,67,1.12,0
2004-2005,2004,Unknown,3,Discharged Home,Any,Not Admitted,0,0,0.0,0
2004-2005,2004,CTAS III - Urgent,3,Discharged Home,Asthma,Not Admitted,33256,148,2.47,0
2004-2005,2004,Less urgent,3,Discharged Home,Asthma,Not Admitted,18237,98,1.63,0
2004-2005,2004,Non-urgent,3,Discharged Home,Asthma,Not Admitted,3950,63,1.05,0
2004-2005,2004,Unknown,3,Discharged Home,Asthma,Not Admitted,0,0,0.0,0
2004-2005,2004,CTAS III - Urgent,3,Discharged Home,Influenzal Pneumonia,Not Admitted,15,122,2.03,0
2004-2005,2004,Less urgent,3,Discharged Home,Influenzal Pneumonia,Not Admitted,46,100,1.67,0
2004-2005,2004,Non-urgent,3,Discharged Home,Influenzal Pneumonia,Not Admitted,6,64,1.07,0
2004-2005,2004,Unknown,3,Discharged Home,Influenzal Pneumonia,Not Admitted,0,0,0.0,0
2004-2005,2004,CTAS III - Urgent,3,Discharged Home,Motor Vehicle Collisions,Not Admitted,40546,147,2.45,0
2004-2005,2004,Less urgent,3,Discharged Home,Motor Vehicle Collisions,Not Admitted,49069,115,1.92,0
2004-2005,2004,Non-urgent,3,Discharged Home,Motor Vehicle Collisions,Not Admitted,7270,88,1.47,0
2004-2005,2004,Unknown,3,Discharged Home,Motor Vehicle Collisions,Not Admitted,0,0,0.0,0
2004-2005,2004,CTAS III - Urgent,3,Discharged Home,Pneumonia,Not Admitted,20426,199,3.32,0
2004-2005,2004,Less urgent,3,Discharged Home,Pneumonia,Not Admitted,13685,125,2.08,0
2004-2005,2004,Non-urgent,3,Discharged Home,Pneumonia,Not Admitted,2665,85,1.42,0
2004-2005,2004,Unknown,3,Discharged Home,Pneumonia,Not Admitted,0,0,0.0,0
2004-2005,2004,CTAS III - Urgent,3,Discharged Home,Trauma,Not Admitted,302965,137,2.28,0
2004-2005,2004,Less urgent,3,Discharged Home,Trauma,Not Admitted,682099,108,1.8,0
2004-2005,2004,Non-urgent,3,Discharged Home,Trauma,Not Admitted,142503,82,1.37,0
2004-2005,2004,Unknown,3,Discharged Home,Trauma,Not Admitted,0,0,0.0,0
2004-2005,2004,CTAS III - Urgent,3,Discharged Home,Unintentional Falls,Not Admitted,101448,158,2.63,0
2004-2005,2004,Less urgent,3,Discharged Home,Unintentional Falls,Not Admitted,186993,120,2.0,0
2004-2005,2004,Non-urgent,3,Discharged Home,Unintentional Falls,Not Admitted,31430,92,1.53,0
2004-2005,2004,Unknown,3,Discharged Home,Unintentional Falls,Not Admitted,0,0,0.0,0
2004-2005,2004,CTAS III - Urgent,3,Intra-Facility Transfer,Acute Myocardial Infarction,Not Admitted,5,151,2.52,0
2004-2005,2004,Less urgent,3,Intra-Facility Transfer,Acute Myocardial Infarction,Not Admitted,0,138,2.3,0
2004-2005,2004,Non-urgent,3,Intra-Facility Transfer,Acute Myocardial Infarction,Not Admitted,0,164,2.73,0
2004-2005,2004,Unknown,3,Intra-Facility Transfer,Acute Myocardial Infarction,Not Admitted,0,0,0.0,0
2004-2005,2004,CTAS III - Urgent,3,Intra-Facility Transfer,Any,Not Admitted,10387,212,3.53,0
2004-2005,2004,Less urgent,3,Intra-Facility Transfer,Any,Not Admitted,5961,151,2.52,0
2004-2005,2004,Non-urgent,3,Intra-Facility Transfer,Any,Not Admitted,2454,88,1.47,0
2004-2005,2004,Unknown,3,Intra-Facility Transfer,Any,Not Admitted,0,0,0.0,0
2004-2005,2004,CTAS III - Urgent,3,Intra-Facility Transfer,Asthma,Not Admitted,47,260,4.33,0
2004-2005,2004,Less urgent,3,Intra-Facility Transfer,Asthma,Not Admitted,17,175,2.92,0
2004-2005,2004,Non-urgent,3,Intra-Facility Transfer,Asthma,Not Admitted,0,4,0.07,0
2004-2005,2004,Unknown,3,Intra-Facility Transfer,Asthma,Not Admitted,0,0,0.0,0
2004-2005,2004,CTAS III - Urgent,3,Intra-Facility Transfer,Influenzal Pneumonia,Not Admitted,0,0,0.0,0
2004-2005,2004,Less urgent,3,Intra-Facility Transfer,Influenzal Pneumonia,Not Admitted,0,0,0.0,0
2004-2005,2004,Non-urgent,3,Intra-Facility Transfer,Influenzal Pneumonia,Not Admitted,0,0,0.0,0
2004-2005,2004,Unknown,3,Intra-Facility Transfer,Influenzal Pneumonia,Not Admitted,0,0,0.0,0
2004-2005,2004,CTAS III - Urgent,3,Intra-Facility Transfer,Motor Vehicle Collisions,Not Admitted,176,166,2.77,0
2004-2005,2004,Less urgent,3,Intra-Facility Transfer,Motor Vehicle Collisions,Not Admitted,93,139,2.32,0
2004-2005,2004,Non-urgent,3,Intra-Facility Transfer,Motor Vehicle Collisions,Not Admitted,49,104,1.73,0
2004-2005,2004,Unknown,3,Intra-Facility Transfer,Motor Vehicle Collisions,Not Admitted,0,0,0.0,0
2004-2005,2004,CTAS III - Urgent,3,Intra-Facility Transfer,Pneumonia,Not Admitted,33,294,4.9,0
2004-2005,2004,Less urgent,3,Intra-Facility Transfer,Pneumonia,Not Admitted,36,270,4.5,0
2004-2005,2004,Non-urgent,3,Intra-Facility Transfer,Pneumonia,Not Admitted,6,244,4.07,0
2004-2005,2004,Unknown,3,Intra-Facility Transfer,Pneumonia,Not Admitted,0,0,0.0,0
2004-2005,2004,CTAS III - Urgent,3,Intra-Facility Transfer,Trauma,Not Admitted,2206,163,2.72,0
2004-2005,2004,Less urgent,3,Intra-Facility Transfer,Trauma,Not Admitted,2021,135,2.25,0
2004-2005,2004,Non-urgent,3,Intra-Facility Transfer,Trauma,Not Admitted,712,92,1.53,0
2004-2005,2004,Unknown,3,Intra-Facility Transfer,Trauma,Not Admitted,0,0,0.0,0
2004-2005,2004,CTAS III - Urgent,3,Intra-Facility Transfer,Unintentional Falls,Not Admitted,844,160,2.67,0
2004-2005,2004,Less urgent,3,Intra-Facility Transfer,Unintentional Falls,Not Admitted,787,135,2.25,0
2004-2005,2004,Non-urgent,3,Intra-Facility Transfer,Unintentional Falls,Not Admitted,226,90,1.5,0
2004-2005,2004,Unknown,3,Intra-Facility Transfer,Unintentional Falls,Not Admitted,0,0,0.0,0
2004-2005,2004,CTAS III - Urgent,3,Not Seen Or Left,Acute Myocardial Infarction,Not Admitted,19,335,5.58,0
2004-2005,2004,Less urgent,3,Not Seen Or Left,Acute Myocardial Infarction,Not Admitted,0,315,5.25,0
2004-2005,2004,Non-urgent,3,Not Seen Or Left,Acute Myocardial Infarction,Not Admitted,0,0,0.0,0
2004-2005,2004,Unknown,3,Not Seen Or Left,Acute Myocardial Infarction,Not Admitted,0,0,0.0,0
2004-2005,2004,CTAS III - Urgent,3,Not Seen Or Left,Any,Not Admitted,74230,137,2.28,0
2004-2005,2004,Less urgent,3,Not Seen Or Left,Any,Not Admitted,90690,117,1.95,0
2004-2005,2004,Non-urgent,3,Not Seen Or Left,Any,Not Admitted,28829,83,1.38,0
2004-2005,2004,Unknown,3,Not Seen Or Left,Any,Not Admitted,1944,37,0.62,0
2004-2005,2004,CTAS III - Urgent,3,Not Seen Or Left,Asthma,Not Admitted,495,118,1.97,0
2004-2005,2004,Less urgent,3,Not Seen Or Left,Asthma,Not Admitted,189,104,1.73,0
2004-2005,2004,Non-urgent,3,Not Seen Or Left,Asthma,Not Admitted,43,69,1.15,0
2004-2005,2004,Unknown,3,Not Seen Or Left,Asthma,Not Admitted,0,74,1.23,0
2004-2005,2004,CTAS III - Urgent,3,Not Seen Or Left,Influenzal Pneumonia,Not Admitted,0,0,0.0,0
2004-2005,2004,Less urgent,3,Not Seen Or Left,Influenzal Pneumonia,Not Admitted,0,135,2.25,0
2004-2005,2004,Non-urgent,3,Not Seen Or Left,Influenzal Pneumonia,Not Admitted,0,0,0.0,0
2004-2005,2004,Unknown,3,Not Seen Or Left,Influenzal Pneumonia,Not Admitted,0,0,0.0,0
2004-2005,2004,CTAS III - Urgent,3,Not Seen Or Left,Motor Vehicle Collisions,Not Admitted,813,128,2.13,0
2004-2005,2004,Less urgent,3,Not Seen Or Left,Motor Vehicle Collisions,Not Admitted,1537,129,2.15,0
2004-2005,2004,Non-urgent,3,Not Seen Or Left,Motor Vehicle Collisions,Not Admitted,232,92,1.53,0
2004-2005,2004,Unknown,3,Not Seen Or Left,Motor Vehicle Collisions,Not Admitted,9,54,0.9,0
2004-2005,2004,CTAS III - Urgent,3,Not Seen Or Left,Pneumonia,Not Admitted,83,211,3.52,0
2004-2005,2004,Less urgent,3,Not Seen Or Left,Pneumonia,Not Admitted,52,166,2.77,0
2004-2005,2004,Non-urgent,3,Not Seen Or Left,Pneumonia,Not Admitted,8,161,2.68,0
2004-2005,2004,Unknown,3,Not Seen Or Left,Pneumonia,Not Admitted,0,79,1.32,0
2004-2005,2004,CTAS III - Urgent,3,Not Seen Or Left,Trauma,Not Admitted,7644,122,2.03,0
2004-2005,2004,Less urgent,3,Not Seen Or Left,Trauma,Not Admitted,22231,117,1.95,0
2004-2005,2004,Non-urgent,3,Not Seen Or Left,Trauma,Not Admitted,4887,93,1.55,0
2004-2005,2004,Unknown,3,Not Seen Or Left,Trauma,Not Admitted,253,31,0.52,0
2004-2005,2004,CTAS III - Urgent,3,Not Seen Or Left,Unintentional Falls,Not Admitted,1994,130,2.17,0
2004-2005,2004,Less urgent,3,Not Seen Or Left,Unintentional Falls,Not Admitted,4638,118,1.97,0
2004-2005,2004,Non-urgent,3,Not Seen Or Left,Unintentional Falls,Not Admitted,824,102,1.7,0
2004-2005,2004,Unknown,3,Not Seen Or Left,Unintentional Falls,Not Admitted,18,51,0.85,0
2004-2005,2004,CTAS III - Urgent,3,Total,Acute Myocardial Infarction,Not Admitted,4037,260,4.33,0
2004-2005,2004,Less urgent,3,Total,Acute Myocardial Infarction,Not Admitted,408,240,4.0,0
2004-2005,2004,Non-urgent,3,Total,Acute Myocardial Infarction,Not Admitted,93,174,2.9,0
2004-2005,2004,Unknown,3,Total,Acute Myocardial Infarction,Not Admitted,0,0,0.0,0
2004-2005,2004,CTAS III - Urgent,3,Total,Any,Not Admitted,1876641,189,3.15,0
2004-2005,2004,Less urgent,3,Total,Any,Not Admitted,2134102,105,1.75,0
2004-2005,2004,Non-urgent,3,Total,Any,Not Admitted,702519,68,1.13,0
2004-2005,2004,Unknown,3,Total,Any,Not Admitted,1944,37,0.62,0
2004-2005,2004,CTAS III - Urgent,3,Total,Asthma,Not Admitted,37463,155,2.58,0
2004-2005,2004,Less urgent,3,Total,Asthma,Not Admitted,19241,98,1.63,0
2004-2005,2004,Non-urgent,3,Total,Asthma,Not Admitted,4044,64,1.07,0
2004-2005,2004,Unknown,3,Total,Asthma,Not Admitted,0,74,1.23,0
2004-2005,2004,CTAS III - Urgent,3,Total,Influenzal Pneumonia,Not Admitted,27,207,3.45,0
2004-2005,2004,Less urgent,3,Total,Influenzal Pneumonia,Not Admitted,46,103,1.72,0
2004-2005,2004,Non-urgent,3,Total,Influenzal Pneumonia,Not Admitted,6,64,1.07,0
2004-2005,2004,Unknown,3,Total,Influenzal Pneumonia,Not Admitted,0,0,0.0,0
2004-2005,2004,CTAS III - Urgent,3,Total,Motor Vehicle Collisions,Not Admitted,45592,151,2.52,0
2004-2005,2004,Less urgent,3,Total,Motor Vehicle Collisions,Not Admitted,51887,116,1.93,0
2004-2005,2004,Non-urgent,3,Total,Motor Vehicle Collisions,Not Admitted,7731,90,1.5,0
2004-2005,2004,Unknown,3,Total,Motor Vehicle Collisions,Not Admitted,9,54,0.9,0
2004-2005,2004,CTAS III - Urgent,3,Total,Pneumonia,Not Admitted,33866,235,3.92,0
2004-2005,2004,Less urgent,3,Total,Pneumonia,Not Admitted,16295,134,2.23,0
2004-2005,2004,Non-urgent,3,Total,Pneumonia,Not Admitted,2948,92,1.53,0
2004-2005,2004,Unknown,3,Total,Pneumonia,Not Admitted,0,79,1.32,0
2004-2005,2004,CTAS III - Urgent,3,Total,Trauma,Not Admitted,349300,144,2.4,0
2004-2005,2004,Less urgent,3,Total,Trauma,Not Admitted,724099,109,1.82,0
2004-2005,2004,Non-urgent,3,Total,Trauma,Not Admitted,149658,83,1.38,0
2004-2005,2004,Unknown,3,Total,Trauma,Not Admitted,253,31,0.52,0
2004-2005,2004,CTAS III - Urgent,3,Total,Unintentional Falls,Not Admitted,127006,172,2.87,0
2004-2005,2004,Less urgent,3,Total,Unintentional Falls,Not Admitted,200769,122,2.03,0
2004-2005,2004,Non-urgent,3,Total,Unintentional Falls,Not Admitted,33180,93,1.55,0
2004-2005,2004,Unknown,3,Total,Unintentional Falls,Not Admitted,18,51,0.85,0
2004-2005,2004,CTAS III - Urgent,3,Transferred,Acute Myocardial Infarction,Not Admitted,286,220,3.67,0
2004-2005,2004,Less urgent,3,Transferred,Acute Myocardial Infarction,Not Admitted,19,300,5.0,0
2004-2005,2004,Non-urgent,3,Transferred,Acute Myocardial Infarction,Not Admitted,6,248,4.13,0
2004-2005,2004,Unknown,3,Transferred,Acute Myocardial Infarction,Not Admitted,0,0,0.0,0
2004-2005,2004,CTAS III - Urgent,3,Transferred,Any,Not Admitted,22664,240,4.0,0
2004-2005,2004,Less urgent,3,Transferred,Any,Not Admitted,8754,210,3.5,0
2004-2005,2004,Non-urgent,3,Transferred,Any,Not Admitted,1595,148,2.47,0
2004-2005,2004,Unknown,3,Transferred,Any,Not Admitted,0,0,0.0,0
2004-2005,2004,CTAS III - Urgent,3,Transferred,Asthma,Not Admitted,186,272,4.53,0
2004-2005,2004,Less urgent,3,Transferred,Asthma,Not Admitted,18,155,2.58,0
2004-2005,2004,Non-urgent,3,Transferred,Asthma,Not Admitted,5,165,2.75,0
2004-2005,2004,Unknown,3,Transferred,Asthma,Not Admitted,0,0,0.0,0
2004-2005,2004,CTAS III - Urgent,3,Transferred,Influenzal Pneumonia,Not Admitted,0,0,0.0,0
2004-2005,2004,Less urgent,3,Transferred,Influenzal Pneumonia,Not Admitted,0,0,0.0,0
2004-2005,2004,Non-urgent,3,Transferred,Influenzal Pneumonia,Not Admitted,0,0,0.0,0
2004-2005,2004,Unknown,3,Transferred,Influenzal Pneumonia,Not Admitted,0,0,0.0,0
2004-2005,2004,CTAS III - Urgent,3,Transferred,Motor Vehicle Collisions,Not Admitted,852,205,3.42,0
2004-2005,2004,Less urgent,3,Transferred,Motor Vehicle Collisions,Not Admitted,205,173,2.88,0
2004-2005,2004,Non-urgent,3,Transferred,Motor Vehicle Collisions,Not Admitted,49,130,2.17,0
2004-2005,2004,Unknown,3,Transferred,Motor Vehicle Collisions,Not Admitted,0,0,0.0,0
2004-2005,2004,CTAS III - Urgent,3,Transferred,Pneumonia,Not Admitted,396,282,4.7,0
2004-2005,2004,Less urgent,3,Transferred,Pneumonia,Not Admitted,103,238,3.97,0
2004-2005,2004,Non-urgent,3,Transferred,Pneumonia,Not Admitted,10,165,2.75,0
2004-2005,2004,Unknown,3,Transferred,Pneumonia,Not Admitted,0,0,0.0,0
2004-2005,2004,CTAS III - Urgent,3,Transferred,Trauma,Not Admitted,5413,203,3.38,0
2004-2005,2004,Less urgent,3,Transferred,Trauma,Not Admitted,2315,177,2.95,0
2004-2005,2004,Non-urgent,3,Transferred,Trauma,Not Admitted,367,135,2.25,0
2004-2005,2004,Unknown,3,Transferred,Trauma,Not Admitted,0,0,0.0,0
2004-2005,2004,CTAS III - Urgent,3,Transferred,Unintentional Falls,Not Admitted,2787,230,3.83,0
2004-2005,2004,Less urgent,3,Transferred,Unintentional Falls,Not Admitted,1192,200,3.33,0
2004-2005,2004,Non-urgent,3,Transferred,Unintentional Falls,Not Admitted,155,148,2.47,0
2004-2005,2004,Unknown,3,Transferred,Unintentional Falls,Not Admitted,0,0,0.0,0
2004-2005,2004,CTAS III - Urgent,3,Unknown,Acute Myocardial Infarction,Not Admitted,23,220,3.67,0
2004-2005,2004,Less urgent,3,Unknown,Acute Myocardial Infarction,Not Admitted,6,190,3.17,0
2004-2005,2004,Non-urgent,3,Unknown,Acute Myocardial Infarction,Not Admitted,0,0,0.0,0
2004-2005,2004,Unknown,3,Unknown,Acute Myocardial Infarction,Not Admitted,0,0,0.0,0
2004-2005,2004,CTAS III - Urgent,3,Unknown,Any,Not Admitted,11661,76,1.27,0
2004-2005,2004,Less urgent,3,Unknown,Any,Not Admitted,32244,56,0.93,0
2004-2005,2004,Non-urgent,3,Unknown,Any,Not Admitted,1463,42,0.7,0
2004-2005,2004,Unknown,3,Unknown,Any,Not Admitted,0,0,0.0,0
2004-2005,2004,CTAS III - Urgent,3,Unknown,Asthma,Not Admitted,285,65,1.08,0
2004-2005,2004,Less urgent,3,Unknown,Asthma,Not Admitted,433,61,1.02,0
2004-2005,2004,Non-urgent,3,Unknown,Asthma,Not Admitted,8,36,0.6,0
2004-2005,2004,Unknown,3,Unknown,Asthma,Not Admitted,0,0,0.0,0
2004-2005,2004,CTAS III - Urgent,3,Unknown,Influenzal Pneumonia,Not Admitted,0,0,0.0,0
2004-2005,2004,Less urgent,3,Unknown,Influenzal Pneumonia,Not Admitted,0,0,0.0,0
2004-2005,2004,Non-urgent,3,Unknown,Influenzal Pneumonia,Not Admitted,0,0,0.0,0
2004-2005,2004,Unknown,3,Unknown,Influenzal Pneumonia,Not Admitted,0,0,0.0,0
2004-2005,2004,CTAS III - Urgent,3,Unknown,Motor Vehicle Collisions,Not Admitted,317,77,1.28,0
2004-2005,2004,Less urgent,3,Unknown,Motor Vehicle Collisions,Not Admitted,408,61,1.02,0
2004-2005,2004,Non-urgent,3,Unknown,Motor Vehicle Collisions,Not Admitted,0,38,0.63,0
2004-2005,2004,Unknown,3,Unknown,Motor Vehicle Collisions,Not Admitted,0,0,0.0,0
2004-2005,2004,CTAS III - Urgent,3,Unknown,Pneumonia,Not Admitted,226,121,2.02,0
2004-2005,2004,Less urgent,3,Unknown,Pneumonia,Not Admitted,301,80,1.33,0
2004-2005,2004,Non-urgent,3,Unknown,Pneumonia,Not Admitted,0,144,2.4,0
2004-2005,2004,Unknown,3,Unknown,Pneumonia,Not Admitted,0,0,0.0,0
2004-2005,2004,CTAS III - Urgent,3,Unknown,Trauma,Not Admitted,2793,67,1.12,0
2004-2005,2004,Less urgent,3,Unknown,Trauma,Not Admitted,7405,59,0.98,0
2004-2005,2004,Non-urgent,3,Unknown,Trauma,Not Admitted,139,57,0.95,0
2004-2005,2004,Unknown,3,Unknown,Trauma,Not Admitted,0,0,0.0,0
2004-2005,2004,CTAS III - Urgent,3,Unknown,Unintentional Falls,Not Admitted,817,85,1.42,0
2004-2005,2004,Less urgent,3,Unknown,Unintentional Falls,Not Admitted,1843,70,1.17,0
2004-2005,2004,Non-urgent,3,Unknown,Unintentional Falls,Not Admitted,32,58,0.97,0
2004-2005,2004,Unknown,3,Unknown,Unintentional Falls,Not Admitted,0,0,0.0,0
2003-2004,2003,CTAS I - Resuscitation,1,Admitted,Acute Myocardial Infarction,Admitted,543,129,2.15,1
2003-2004,2003,CTAS I - Resuscitation,1,Admitted,Any,Admitted,11274,187,3.12,1
2003-2004,2003,CTAS I - Resuscitation,1,Admitted,Asthma,Admitted,197,194,3.23,1
2003-2004,2003,CTAS I - Resuscitation,1,Admitted,Influenzal Pneumonia,Admitted,0,0,0.0,1
2003-2004,2003,CTAS I - Resuscitation,1,Admitted,Motor Vehicle Collisions,Admitted,1493,169,2.82,1
2003-2004,2003,CTAS I - Resuscitation,1,Admitted,Pneumonia,Admitted,349,245,4.08,1
2003-2004,2003,CTAS I - Resuscitation,1,Admitted,Trauma,Admitted,2782,165,2.75,1
2003-2004,2003,CTAS I - Resuscitation,1,Admitted,Unintentional Falls,Admitted,460,180,3.0,1
2003-2004,2003,CTAS I - Resuscitation,1,Death,Acute Myocardial Infarction,Not Admitted,560,28,0.47,0
2003-2004,2003,CTAS I - Resuscitation,1,Death,Any,Not Admitted,5136,25,0.42,0
2003-2004,2003,CTAS I - Resuscitation,1,Death,Asthma,Not Admitted,6,94,1.57,0
2003-2004,2003,CTAS I - Resuscitation,1,Death,Influenzal Pneumonia,Not Admitted,0,0,0.0,0
2003-2004,2003,CTAS I - Resuscitation,1,Death,Motor Vehicle Collisions,Not Admitted,238,32,0.53,0
2003-2004,2003,CTAS I - Resuscitation,1,Death,Pneumonia,Not Admitted,31,105,1.75,0
2003-2004,2003,CTAS I - Resuscitation,1,Death,Trauma,Not Admitted,481,36,0.6,0
2003-2004,2003,CTAS I - Resuscitation,1,Death,Unintentional Falls,Not Admitted,47,163,2.72,0
2003-2004,2003,CTAS I - Resuscitation,1,Discharged Home,Acute Myocardial Infarction,Not Admitted,23,110,1.83,0
2003-2004,2003,CTAS I - Resuscitation,1,Discharged Home,Any,Not Admitted,4538,228,3.8,0
2003-2004,2003,CTAS I - Resuscitation,1,Discharged Home,Asthma,Not Admitted,156,160,2.67,0
2003-2004,2003,CTAS I - Resuscitation,1,Discharged Home,Influenzal Pneumonia,Not Admitted,0,0,0.0,0
2003-2004,2003,CTAS I - Resuscitation,1,Discharged Home,Motor Vehicle Collisions,Not Admitted,345,262,4.37,0
2003-2004,2003,CTAS I - Resuscitation,1,Discharged Home,Pneumonia,Not Admitted,33,238,3.97,0
2003-2004,2003,CTAS I - Resuscitation,1,Discharged Home,Trauma,Not Admitted,1120,230,3.83,0
2003-2004,2003,CTAS I - Resuscitation,1,Discharged Home,Unintentional Falls,Not Admitted,202,226,3.77,0
2003-2004,2003,CTAS I - Resuscitation,1,Intra-Facility Transfer,Acute Myocardial Infarction,Not Admitted,0,0,0.0,0
2003-2004,2003,CTAS I - Resuscitation,1,Intra-Facility Transfer,Any,Not Admitted,65,118,1.97,0
2003-2004,2003,CTAS I - Resuscitation,1,Intra-Facility Transfer,Asthma,Not Admitted,0,0,0.0,0
2003-2004,2003,CTAS I - Resuscitation,1,Intra-Facility Transfer,Influenzal Pneumonia,Not Admitted,0,0,0.0,0
2003-2004,2003,CTAS I - Resuscitation,1,Intra-Facility Transfer,Motor Vehicle Collisions,Not Admitted,7,177,2.95,0
2003-2004,2003,CTAS I - Resuscitation,1,Intra-Facility Transfer,Pneumonia,Not Admitted,0,115,1.92,0
2003-2004,2003,CTAS I - Resuscitation,1,Intra-Facility Transfer,Trauma,Not Admitted,25,171,2.85,0
2003-2004,2003,CTAS I - Resuscitation,1,Intra-Facility Transfer,Unintentional Falls,Not Admitted,0,0,0.0,0
2003-2004,2003,CTAS I - Resuscitation,1,Not Seen Or Left,Acute Myocardial Infarction,Not Admitted,0,164,2.73,0
2003-2004,2003,CTAS I - Resuscitation,1,Not Seen Or Left,Any,Not Admitted,100,150,2.5,0
2003-2004,2003,CTAS I - Resuscitation,1,Not Seen Or Left,Asthma,Not Admitted,9,183,3.05,0
2003-2004,2003,CTAS I - Resuscitation,1,Not Seen Or Left,Influenzal Pneumonia,Not Admitted,0,0,0.0,0
2003-2004,2003,CTAS I - Resuscitation,1,Not Seen Or Left,Motor Vehicle Collisions,Not Admitted,0,275,4.58,0
2003-2004,2003,CTAS I - Resuscitation,1,Not Seen Or Left,Pneumonia,Not Admitted,0,0,0.0,0
2003-2004,2003,CTAS I - Resuscitation,1,Not Seen Or Left,Trauma,Not Admitted,17,136,2.27,0
2003-2004,2003,CTAS I - Resuscitation,1,Not Seen Or Left,Unintentional Falls,Not Admitted,0,97,1.62,0
2003-2004,2003,CTAS I - Resuscitation,1,Total,Acute Myocardial Infarction,Not Admitted,1233,93,1.55,0
2003-2004,2003,CTAS I - Resuscitation,1,Total,Any,Not Admitted,22726,160,2.67,0
2003-2004,2003,CTAS I - Resuscitation,1,Total,Asthma,Not Admitted,377,180,3.0,0
2003-2004,2003,CTAS I - Resuscitation,1,Total,Influenzal Pneumonia,Not Admitted,0,0,0.0,0
2003-2004,2003,CTAS I - Resuscitation,1,Total,Motor Vehicle Collisions,Not Admitted,2384,165,2.75,0
2003-2004,2003,CTAS I - Resuscitation,1,Total,Pneumonia,Not Admitted,432,230,3.83,0
2003-2004,2003,CTAS I - Resuscitation,1,Total,Trauma,Not Admitted,5013,166,2.77,0
2003-2004,2003,CTAS I - Resuscitation,1,Total,Unintentional Falls,Not Admitted,809,190,3.17,0
2003-2004,2003,CTAS I - Resuscitation,1,Transferred,Acute Myocardial Infarction,Not Admitted,93,161,2.68,0
2003-2004,2003,CTAS I - Resuscitation,1,Transferred,Any,Not Admitted,1479,165,2.75,0
2003-2004,2003,CTAS I - Resuscitation,1,Transferred,Asthma,Not Admitted,9,226,3.77,0
2003-2004,2003,CTAS I - Resuscitation,1,Transferred,Influenzal Pneumonia,Not Admitted,0,0,0.0,0
2003-2004,2003,CTAS I - Resuscitation,1,Transferred,Motor Vehicle Collisions,Not Admitted,294,140,2.33,0
2003-2004,2003,CTAS I - Resuscitation,1,Transferred,Pneumonia,Not Admitted,19,255,4.25,0
2003-2004,2003,CTAS I - Resuscitation,1,Transferred,Trauma,Not Admitted,563,144,2.4,0
2003-2004,2003,CTAS I - Resuscitation,1,Transferred,Unintentional Falls,Not Admitted,100,158,2.63,0
2003-2004,2003,CTAS I - Resuscitation,1,Unknown,Acute Myocardial Infarction,Not Admitted,14,38,0.63,0
2003-2004,2003,CTAS I - Resuscitation,1,Unknown,Any,Not Admitted,134,100,1.67,0
2003-2004,2003,CTAS I - Resuscitation,1,Unknown,Asthma,Not Admitted,0,48,0.8,0
2003-2004,2003,CTAS I - Resuscitation,1,Unknown,Influenzal Pneumonia,Not Admitted,0,0,0.0,0
2003-2004,2003,CTAS I - Resuscitation,1,Unknown,Motor Vehicle Collisions,Not Admitted,7,99,1.65,0
2003-2004,2003,CTAS I - Resuscitation,1,Unknown,Pneumonia,Not Admitted,0,124,2.07,0
2003-2004,2003,CTAS I - Resuscitation,1,Unknown,Trauma,Not Admitted,25,96,1.6,0
2003-2004,2003,CTAS I - Resuscitation,1,Unknown,Unintentional Falls,Not Admitted,0,78,1.3,0
2003-2004,2003,CTAS II - Emergent,2,Admitted,Acute Myocardial Infarction,Admitted,6875,188,3.13,1
2003-2004,2003,CTAS II - Emergent,2,Admitted,Any,Admitted,139813,295,4.92,1
2003-2004,2003,CTAS II - Emergent,2,Admitted,Asthma,Admitted,3237,269,4.48,1
2003-2004,2003,CTAS II - Emergent,2,Admitted,Influenzal Pneumonia,Admitted,10,277,4.62,1
2003-2004,2003,CTAS II - Emergent,2,Admitted,Motor Vehicle Collisions,Admitted,2389,238,3.97,1
2003-2004,2003,CTAS II - Emergent,2,Admitted,Pneumonia,Admitted,6754,301,5.02,1
2003-2004,2003,CTAS II - Emergent,2,Admitted,Trauma,Admitted,8949,250,4.17,1
2003-2004,2003,CTAS II - Emergent,2,Admitted,Unintentional Falls,Admitted,3783,277,4.62,1
2003-2004,2003,CTAS II - Emergent,2,Death,Acute Myocardial Infarction,Not Admitted,135,173,2.88,0
2003-2004,2003,CTAS II - Emergent,2,Death,Any,Not Admitted,895,176,2.93,0
2003-2004,2003,CTAS II - Emergent,2,Death,Asthma,Not Admitted,0,0,0.0,0
2003-2004,2003,CTAS II - Emergent,2,Death,Influenzal Pneumonia,Not Admitted,0,0,0.0,0
2003-2004,2003,CTAS II - Emergent,2,Death,Motor Vehicle Collisions,Not Admitted,18,123,2.05,0
2003-2004,2003,CTAS II - Emergent,2,Death,Pneumonia,Not Admitted,31,254,4.23,0
2003-2004,2003,CTAS II - Emergent,2,Death,Trauma,Not Admitted,55,142,2.37,0
2003-2004,2003,CTAS II - Emergent,2,Death,Unintentional Falls,Not Admitted,22,210,3.5,0
2003-2004,2003,CTAS II - Emergent,2,Discharged Home,Acute Myocardial Infarction,Not Admitted,140,219,3.65,0
2003-2004,2003,CTAS II - Emergent,2,Discharged Home,Any,Not Admitted,232137,215,3.58,0
2003-2004,2003,CTAS II - Emergent,2,Discharged Home,Asthma,Not Admitted,8283,165,2.75,0
2003-2004,2003,CTAS II - Emergent,2,Discharged Home,Influenzal Pneumonia,Not Admitted,0,334,5.57,0
2003-2004,2003,CTAS II - Emergent,2,Discharged Home,Motor Vehicle Collisions,Not Admitted,7792,180,3.0,0
2003-2004,2003,CTAS II - Emergent,2,Discharged Home,Pneumonia,Not Admitted,3199,215,3.58,0
2003-2004,2003,CTAS II - Emergent,2,Discharged Home,Trauma,Not Admitted,35084,160,2.67,0
2003-2004,2003,CTAS II - Emergent,2,Discharged Home,Unintentional Falls,Not Admitted,8686,190,3.17,0
2003-2004,2003,CTAS II - Emergent,2,Intra-Facility Transfer,Acute Myocardial Infarction,Not Admitted,24,114,1.9,0
2003-2004,2003,CTAS II - Emergent,2,Intra-Facility Transfer,Any,Not Admitted,2303,200,3.33,0
2003-2004,2003,CTAS II - Emergent,2,Intra-Facility Transfer,Asthma,Not Admitted,20,170,2.83,0
2003-2004,2003,CTAS II - Emergent,2,Intra-Facility Transfer,Influenzal Pneumonia,Not Admitted,0,0,0.0,0
2003-2004,2003,CTAS II - Emergent,2,Intra-Facility Transfer,Motor Vehicle Collisions,Not Admitted,51,204,3.4,0
2003-2004,2003,CTAS II - Emergent,2,Intra-Facility Transfer,Pneumonia,Not Admitted,15,267,4.45,0
2003-2004,2003,CTAS II - Emergent,2,Intra-Facility Transfer,Trauma,Not Admitted,446,172,2.87,0
2003-2004,2003,CTAS II - Emergent,2,Intra-Facility Transfer,Unintentional Falls,Not Admitted,109,165,2.75,0
2003-2004,2003,CTAS II - Emergent,2,Not Seen Or Left,Acute Myocardial Infarction,Not Admitted,0,178,2.97,0
2003-2004,2003,CTAS II - Emergent,2,Not Seen Or Left,Any,Not Admitted,6203,155,2.58,0
2003-2004,2003,CTAS II - Emergent,2,Not Seen Or Left,Asthma,Not Admitted,93,152,2.53,0
2003-2004,2003,CTAS II - Emergent,2,Not Seen Or Left,Influenzal Pneumonia,Not Admitted,0,0,0.0,0
2003-2004,2003,CTAS II - Emergent,2,Not Seen Or Left,Motor Vehicle Collisions,Not Admitted,80,122,2.03,0
2003-2004,2003,CTAS II - Emergent,2,Not Seen Or Left,Pneumonia,Not Admitted,18,216,3.6,0
2003-2004,2003,CTAS II - Emergent,2,Not Seen Or Left,Trauma,Not Admitted,470,135,2.25,0
2003-2004,2003,CTAS II - Emergent,2,Not Seen Or Left,Unintentional Falls,Not Admitted,122,174,2.9,0
2003-2004,2003,CTAS II - Emergent,2,Total,Acute Myocardial Infarction,Not Admitted,7777,187,3.12,0
2003-2004,2003,CTAS II - Emergent,2,Total,Any,Not Admitted,392897,238,3.97,0
2003-2004,2003,CTAS II - Emergent,2,Total,Asthma,Not Admitted,11844,190,3.17,0
2003-2004,2003,CTAS II - Emergent,2,Total,Influenzal Pneumonia,Not Admitted,10,277,4.62,0
2003-2004,2003,CTAS II - Emergent,2,Total,Motor Vehicle Collisions,Not Admitted,11298,190,3.17,0
2003-2004,2003,CTAS II - Emergent,2,Total,Pneumonia,Not Admitted,10258,270,4.5,0
2003-2004,2003,CTAS II - Emergent,2,Total,Trauma,Not Admitted,47685,175,2.92,0
2003-2004,2003,CTAS II - Emergent,2,Total,Unintentional Falls,Not Admitted,13466,210,3.5,0
2003-2004,2003,CTAS II - Emergent,2,Transferred,Acute Myocardial Infarction,Not Admitted,555,174,2.9,0
2003-2004,2003,CTAS II - Emergent,2,Transferred,Any,Not Admitted,9568,213,3.55,0
2003-2004,2003,CTAS II - Emergent,2,Transferred,Asthma,Not Admitted,162,231,3.85,0
2003-2004,2003,CTAS II - Emergent,2,Transferred,Influenzal Pneumonia,Not Admitted,0,0,0.0,0
2003-2004,2003,CTAS II - Emergent,2,Transferred,Motor Vehicle Collisions,Not Admitted,909,181,3.02,0
2003-2004,2003,CTAS II - Emergent,2,Transferred,Pneumonia,Not Admitted,180,242,4.03,0
2003-2004,2003,CTAS II - Emergent,2,Transferred,Trauma,Not Admitted,2453,180,3.0,0
2003-2004,2003,CTAS II - Emergent,2,Transferred,Unintentional Falls,Not Admitted,668,215,3.58,0
2003-2004,2003,CTAS II - Emergent,2,Unknown,Acute Myocardial Infarction,Not Admitted,48,144,2.4,0
2003-2004,2003,CTAS II - Emergent,2,Unknown,Any,Not Admitted,1978,125,2.08,0
2003-2004,2003,CTAS II - Emergent,2,Unknown,Asthma,Not Admitted,49,94,1.57,0
2003-2004,2003,CTAS II - Emergent,2,Unknown,Influenzal Pneumonia,Not Admitted,0,0,0.0,0
2003-2004,2003,CTAS II - Emergent,2,Unknown,Motor Vehicle Collisions,Not Admitted,59,110,1.83,0
2003-2004,2003,CTAS II - Emergent,2,Unknown,Pneumonia,Not Admitted,61,173,2.88,0
2003-2004,2003,CTAS II - Emergent,2,Unknown,Trauma,Not Admitted,228,96,1.6,0
2003-2004,2003,CTAS II - Emergent,2,Unknown,Unintentional Falls,Not Admitted,76,112,1.87,0
2003-2004,2003,CTAS III - Urgent,3,Admitted,Acute Myocardial Infarction,Admitted,4476,272,4.53,1
2003-2004,2003,Less urgent,3,Admitted,Acute Myocardial Infarction,Admitted,374,274,4.57,1
2003-2004,2003,Non-urgent,3,Admitted,Acute Myocardial Infarction,Admitted,71,246,4.1,1
2003-2004,2003,Unknown,3,Admitted,Acute Myocardial Infarction,Admitted,0,0,0.0,1
2003-2004,2003,CTAS III - Urgent,3,Admitted,Any,Admitted,292045,314,5.23,1
2003-2004,2003,Less urgent,3,Admitted,Any,Admitted,65859,267,4.45,1
2003-2004,2003,Non-urgent,3,Admitted,Any,Admitted,9666,205,3.42,1
2003-2004,2003,Unknown,3,Admitted,Any,Admitted,0,0,0.0,1
2003-2004,2003,CTAS III - Urgent,3,Admitted,Asthma,Admitted,3482,282,4.7,1
2003-2004,2003,Less urgent,3,Admitted,Asthma,Admitted,387,239,3.98,1
2003-2004,2003,Non-urgent,3,Admitted,Asthma,Admitted,47,131,2.18,1
2003-2004,2003,Unknown,3,Admitted,Asthma,Admitted,0,0,0.0,1
2003-2004,2003,CTAS III - Urgent,3,Admitted,Influenzal Pneumonia,Admitted,18,315,5.25,1
2003-2004,2003,Less urgent,3,Admitted,Influenzal Pneumonia,Admitted,8,267,4.45,1
2003-2004,2003,Non-urgent,3,Admitted,Influenzal Pneumonia,Admitted,0,107,1.78,1
2003-2004,2003,Unknown,3,Admitted,Influenzal Pneumonia,Admitted,0,0,0.0,1
2003-2004,2003,CTAS III - Urgent,3,Admitted,Motor Vehicle Collisions,Admitted,2944,240,4.0,1
2003-2004,2003,Less urgent,3,Admitted,Motor Vehicle Collisions,Admitted,598,232,3.87,1
2003-2004,2003,Non-urgent,3,Admitted,Motor Vehicle Collisions,Admitted,135,156,2.6,1
2003-2004,2003,Unknown,3,Admitted,Motor Vehicle Collisions,Admitted,0,0,0.0,1
2003-2004,2003,CTAS III - Urgent,3,Admitted,Pneumonia,Admitted,13255,321,5.35,1
2003-2004,2003,Less urgent,3,Admitted,Pneumonia,Admitted,2193,265,4.42,1
2003-2004,2003,Non-urgent,3,Admitted,Pneumonia,Admitted,270,208,3.47,1
2003-2004,2003,Unknown,3,Admitted,Pneumonia,Admitted,0,0,0.0,1
2003-2004,2003,CTAS III - Urgent,3,Admitted,Trauma,Admitted,27838,269,4.48,1
2003-2004,2003,Less urgent,3,Admitted,Trauma,Admitted,8580,250,4.17,1
2003-2004,2003,Non-urgent,3,Admitted,Trauma,Admitted,1045,193,3.22,1
2003-2004,2003,Unknown,3,Admitted,Trauma,Admitted,0,0,0.0,1
2003-2004,2003,CTAS III - Urgent,3,Admitted,Unintentional Falls,Admitted,18560,280,4.67,1
2003-2004,2003,Less urgent,3,Admitted,Unintentional Falls,Admitted,5594,260,4.33,1
2003-2004,2003,Non-urgent,3,Admitted,Unintentional Falls,Admitted,542,208,3.47,1
2003-2004,2003,Unknown,3,Admitted,Unintentional Falls,Admitted,0,0,0.0,1
2003-2004,2003,CTAS III - Urgent,3,Death,Acute Myocardial Infarction,Not Admitted,44,215,3.58,0
2003-2004,2003,Less urgent,3,Death,Acute Myocardial Infarction,Not Admitted,7,143,2.38,0
2003-2004,2003,Non-urgent,3,Death,Acute Myocardial Infarction,Not Admitted,17,8,0.13,0
2003-2004,2003,Unknown,3,Death,Acute Myocardial Infarction,Not Admitted,0,0,0.0,0
2003-2004,2003,CTAS III - Urgent,3,Death,Any,Not Admitted,487,223,3.72,0
2003-2004,2003,Less urgent,3,Death,Any,Not Admitted,87,157,2.62,0
2003-2004,2003,Non-urgent,3,Death,Any,Not Admitted,377,15,0.25,0
2003-2004,2003,Unknown,3,Death,Any,Not Admitted,0,0,0.0,0
2003-2004,2003,CTAS III - Urgent,3,Death,Asthma,Not Admitted,0,144,2.4,0
2003-2004,2003,Less urgent,3,Death,Asthma,Not Admitted,0,85,1.42,0
2003-2004,2003,Non-urgent,3,Death,Asthma,Not Admitted,0,0,0.0,0
2003-2004,2003,Unknown,3,Death,Asthma,Not Admitted,0,0,0.0,0
2003-2004,2003,CTAS III - Urgent,3,Death,Influenzal Pneumonia,Not Admitted,0,0,0.0,0
2003-2004,2003,Less urgent,3,Death,Influenzal Pneumonia,Not Admitted,0,0,0.0,0
2003-2004,2003,Non-urgent,3,Death,Influenzal Pneumonia,Not Admitted,0,0,0.0,0
2003-2004,2003,Unknown,3,Death,Influenzal Pneumonia,Not Admitted,0,0,0.0,0
2003-2004,2003,CTAS III - Urgent,3,Death,Motor Vehicle Collisions,Not Admitted,6,136,2.27,0
2003-2004,2003,Less urgent,3,Death,Motor Vehicle Collisions,Not Admitted,0,70,1.17,0
2003-2004,2003,Non-urgent,3,Death,Motor Vehicle Collisions,Not Admitted,12,19,0.32,0
2003-2004,2003,Unknown,3,Death,Motor Vehicle Collisions,Not Admitted,0,0,0.0,0
2003-2004,2003,CTAS III - Urgent,3,Death,Pneumonia,Not Admitted,22,359,5.98,0
2003-2004,2003,Less urgent,3,Death,Pneumonia,Not Admitted,0,968,16.13,0
2003-2004,2003,Non-urgent,3,Death,Pneumonia,Not Admitted,0,163,2.72,0
2003-2004,2003,Unknown,3,Death,Pneumonia,Not Admitted,0,0,0.0,0
2003-2004,2003,CTAS III - Urgent,3,Death,Trauma,Not Admitted,32,198,3.3,0
2003-2004,2003,Less urgent,3,Death,Trauma,Not Admitted,17,154,2.57,0
2003-2004,2003,Non-urgent,3,Death,Trauma,Not Admitted,37,18,0.3,0
2003-2004,2003,Unknown,3,Death,Trauma,Not Admitted,0,0,0.0,0
2003-2004,2003,CTAS III - Urgent,3,Death,Unintentional Falls,Not Admitted,18,344,5.73,0
2003-2004,2003,Less urgent,3,Death,Unintentional Falls,Not Admitted,7,255,4.25,0
2003-2004,2003,Non-urgent,3,Death,Unintentional Falls,Not Admitted,0,38,0.63,0
2003-2004,2003,Unknown,3,Death,Unintentional Falls,Not Admitted,0,0,0.0,0
2003-2004,2003,CTAS III - Urgent,3,Discharged Home,Acute Myocardial Infarction,Not Admitted,122,354,5.9,0
2003-2004,2003,Less urgent,3,Discharged Home,Acute Myocardial Infarction,Not Admitted,18,206,3.43,0
2003-2004,2003,Non-urgent,3,Discharged Home,Acute Myocardial Infarction,Not Admitted,7,125,2.08,0
2003-2004,2003,Unknown,3,Discharged Home,Acute Myocardial Infarction,Not Admitted,0,0,0.0,0
2003-2004,2003,CTAS III - Urgent,3,Discharged Home,Any,Not Admitted,1293492,170,2.83,0
2003-2004,2003,Less urgent,3,Discharged Home,Any,Not Admitted,1894524,100,1.67,0
2003-2004,2003,Non-urgent,3,Discharged Home,Any,Not Admitted,661704,67,1.12,0
2003-2004,2003,Unknown,3,Discharged Home,Any,Not Admitted,0,0,0.0,0
2003-2004,2003,CTAS III - Urgent,3,Discharged Home,Asthma,Not Admitted,32785,142,2.37,0
2003-2004,2003,Less urgent,3,Discharged Home,Asthma,Not Admitted,19125,97,1.62,0
2003-2004,2003,Non-urgent,3,Discharged Home,Asthma,Not Admitted,4270,62,1.03,0
2003-2004,2003,Unknown,3,Discharged Home,Asthma,Not Admitted,0,0,0.0,0
2003-2004,2003,CTAS III - Urgent,3,Discharged Home,Influenzal Pneumonia,Not Admitted,36,176,2.93,0
2003-2004,2003,Less urgent,3,Discharged Home,Influenzal Pneumonia,Not Admitted,59,100,1.67,0
2003-2004,2003,Non-urgent,3,Discharged Home,Influenzal Pneumonia,Not Admitted,12,100,1.67,0
2003-2004,2003,Unknown,3,Discharged Home,Influenzal Pneumonia,Not Admitted,0,0,0.0,0
2003-2004,2003,CTAS III - Urgent,3,Discharged Home,Motor Vehicle Collisions,Not Admitted,37130,146,2.43,0
2003-2004,2003,Less urgent,3,Discharged Home,Motor Vehicle Collisions,Not Admitted,49090,112,1.87,0
2003-2004,2003,Non-urgent,3,Discharged Home,Motor Vehicle Collisions,Not Admitted,8356,88,1.47,0
2003-2004,2003,Unknown,3,Discharged Home,Motor Vehicle Collisions,Not Admitted,0,0,0.0,0
2003-2004,2003,CTAS III - Urgent,3,Discharged Home,Pneumonia,Not Admitted,18533,189,3.15,0
2003-2004,2003,Less urgent,3,Discharged Home,Pneumonia,Not Admitted,13312,129,2.15,0
2003-2004,2003,Non-urgent,3,Discharged Home,Pneumonia,Not Admitted,2500,87,1.45,0
2003-2004,2003,Unknown,3,Discharged Home,Pneumonia,Not Admitted,0,0,0.0,0
2003-2004,2003,CTAS III - Urgent,3,Discharged Home,Trauma,Not Admitted,259164,134,2.23,0
2003-2004,2003,Less urgent,3,Discharged Home,Trauma,Not Admitted,659980,104,1.73,0
2003-2004,2003,Non-urgent,3,Discharged Home,Trauma,Not Admitted,160368,82,1.37,0
2003-2004,2003,Unknown,3,Discharged Home,Trauma,Not Admitted,0,0,0.0,0
2003-2004,2003,CTAS III - Urgent,3,Discharged Home,Unintentional Falls,Not Admitted,84642,154,2.57,0
2003-2004,2003,Less urgent,3,Discharged Home,Unintentional Falls,Not Admitted,178687,115,1.92,0
2003-2004,2003,Non-urgent,3,Discharged Home,Unintentional Falls,Not Admitted,35305,90,1.5,0
2003-2004,2003,Unknown,3,Discharged Home,Unintentional Falls,Not Admitted,0,0,0.0,0
2003-2004,2003,CTAS III - Urgent,3,Intra-Facility Transfer,Acute Myocardial Infarction,Not Admitted,10,152,2.53,0
2003-2004,2003,Less urgent,3,Intra-Facility Transfer,Acute Myocardial Infarction,Not Admitted,0,156,2.6,0
2003-2004,2003,Non-urgent,3,Intra-Facility Transfer,Acute Myocardial Infarction,Not Admitted,0,0,0.0,0
2003-2004,2003,Unknown,3,Intra-Facility Transfer,Acute Myocardial Infarction,Not Admitted,0,0,0.0,0
2003-2004,2003,CTAS III - Urgent,3,Intra-Facility Transfer,Any,Not Admitted,11726,208,3.47,0
2003-2004,2003,Less urgent,3,Intra-Facility Transfer,Any,Not Admitted,6769,157,2.62,0
2003-2004,2003,Non-urgent,3,Intra-Facility Transfer,Any,Not Admitted,1977,97,1.62,0
2003-2004,2003,Unknown,3,Intra-Facility Transfer,Any,Not Admitted,0,0,0.0,0
2003-2004,2003,CTAS III - Urgent,3,Intra-Facility Transfer,Asthma,Not Admitted,42,188,3.13,0
2003-2004,2003,Less urgent,3,Intra-Facility Transfer,Asthma,Not Admitted,13,221,3.68,0
2003-2004,2003,Non-urgent,3,Intra-Facility Transfer,Asthma,Not Admitted,6,156,2.6,0
2003-2004,2003,Unknown,3,Intra-Facility Transfer,Asthma,Not Admitted,0,0,0.0,0
2003-2004,2003,CTAS III - Urgent,3,Intra-Facility Transfer,Influenzal Pneumonia,Not Admitted,0,0,0.0,0
2003-2004,2003,Less urgent,3,Intra-Facility Transfer,Influenzal Pneumonia,Not Admitted,0,0,0.0,0
2003-2004,2003,Non-urgent,3,Intra-Facility Transfer,Influenzal Pneumonia,Not Admitted,0,0,0.0,0
2003-2004,2003,Unknown,3,Intra-Facility Transfer,Influenzal Pneumonia,Not Admitted,0,0,0.0,0
2003-2004,2003,CTAS III - Urgent,3,Intra-Facility Transfer,Motor Vehicle Collisions,Not Admitted,165,191,3.18,0
2003-2004,2003,Less urgent,3,Intra-Facility Transfer,Motor Vehicle Collisions,Not Admitted,132,135,2.25,0
2003-2004,2003,Non-urgent,3,Intra-Facility Transfer,Motor Vehicle Collisions,Not Admitted,37,93,1.55,0
2003-2004,2003,Unknown,3,Intra-Facility Transfer,Motor Vehicle Collisions,Not Admitted,0,0,0.0,0
2003-2004,2003,CTAS III - Urgent,3,Intra-Facility Transfer,Pneumonia,Not Admitted,38,338,5.63,0
2003-2004,2003,Less urgent,3,Intra-Facility Transfer,Pneumonia,Not Admitted,23,240,4.0,0
2003-2004,2003,Non-urgent,3,Intra-Facility Transfer,Pneumonia,Not Admitted,0,242,4.03,0
2003-2004,2003,Unknown,3,Intra-Facility Transfer,Pneumonia,Not Admitted,0,0,0.0,0
2003-2004,2003,CTAS III - Urgent,3,Intra-Facility Transfer,Trauma,Not Admitted,2257,172,2.87,0
2003-2004,2003,Less urgent,3,Intra-Facility Transfer,Trauma,Not Admitted,2060,151,2.52,0
2003-2004,2003,Non-urgent,3,Intra-Facility Transfer,Trauma,Not Admitted,628,106,1.77,0
2003-2004,2003,Unknown,3,Intra-Facility Transfer,Trauma,Not Admitted,0,0,0.0,0
2003-2004,2003,CTAS III - Urgent,3,Intra-Facility Transfer,Unintentional Falls,Not Admitted,814,170,2.83,0
2003-2004,2003,Less urgent,3,Intra-Facility Transfer,Unintentional Falls,Not Admitted,615,132,2.2,0
2003-2004,2003,Non-urgent,3,Intra-Facility Transfer,Unintentional Falls,Not Admitted,192,108,1.8,0
2003-2004,2003,Unknown,3,Intra-Facility Transfer,Unintentional Falls,Not Admitted,0,0,0.0,0
2003-2004,2003,CTAS III - Urgent,3,Not Seen Or Left,Acute Myocardial Infarction,Not Admitted,8,281,4.68,0
2003-2004,2003,Less urgent,3,Not Seen Or Left,Acute Myocardial Infarction,Not Admitted,5,220,3.67,0
2003-2004,2003,Non-urgent,3,Not Seen Or Left,Acute Myocardial Infarction,Not Admitted,0,0,0.0,0
2003-2004,2003,Unknown,3,Not Seen Or Left,Acute Myocardial Infarction,Not Admitted,0,0,0.0,0
2003-2004,2003,CTAS III - Urgent,3,Not Seen Or Left,Any,Not Admitted,59448,128,2.13,0
2003-2004,2003,Less urgent,3,Not Seen Or Left,Any,Not Admitted,86689,110,1.83,0
2003-2004,2003,Non-urgent,3,Not Seen Or Left,Any,Not Admitted,31089,74,1.23,0
2003-2004,2003,Unknown,3,Not Seen Or Left,Any,Not Admitted,1231,34,0.57,0
2003-2004,2003,CTAS III - Urgent,3,Not Seen Or Left,Asthma,Not Admitted,495,116,1.93,0
2003-2004,2003,Less urgent,3,Not Seen Or Left,Asthma,Not Admitted,234,94,1.57,0
2003-2004,2003,Non-urgent,3,Not Seen Or Left,Asthma,Not Admitted,81,37,0.62,0
2003-2004,2003,Unknown,3,Not Seen Or Left,Asthma,Not Admitted,0,16,0.27,0
2003-2004,2003,CTAS III - Urgent,3,Not Seen Or Left,Influenzal Pneumonia,Not Admitted,0,235,3.92,0
2003-2004,2003,Less urgent,3,Not Seen Or Left,Influenzal Pneumonia,Not Admitted,0,0,0.0,0
2003-2004,2003,Non-urgent,3,Not Seen Or Left,Influenzal Pneumonia,Not Admitted,0,0,0.0,0
2003-2004,2003,Unknown,3,Not Seen Or Left,Influenzal Pneumonia,Not Admitted,0,0,0.0,0
2003-2004,2003,CTAS III - Urgent,3,Not Seen Or Left,Motor Vehicle Collisions,Not Admitted,661,123,2.05,0
2003-2004,2003,Less urgent,3,Not Seen Or Left,Motor Vehicle Collisions,Not Admitted,1517,116,1.93,0
2003-2004,2003,Non-urgent,3,Not Seen Or Left,Motor Vehicle Collisions,Not Admitted,241,110,1.83,0
2003-2004,2003,Unknown,3,Not Seen Or Left,Motor Vehicle Collisions,Not Admitted,7,40,0.67,0
2003-2004,2003,CTAS III - Urgent,3,Not Seen Or Left,Pneumonia,Not Admitted,72,220,3.67,0
2003-2004,2003,Less urgent,3,Not Seen Or Left,Pneumonia,Not Admitted,33,108,1.8,0
2003-2004,2003,Non-urgent,3,Not Seen Or Left,Pneumonia,Not Admitted,17,60,1.0,0
2003-2004,2003,Unknown,3,Not Seen Or Left,Pneumonia,Not Admitted,0,0,0.0,0
2003-2004,2003,CTAS III - Urgent,3,Not Seen Or Left,Trauma,Not Admitted,6040,115,1.92,0
2003-2004,2003,Less urgent,3,Not Seen Or Left,Trauma,Not Admitted,20220,109,1.82,0
2003-2004,2003,Non-urgent,3,Not Seen Or Left,Trauma,Not Admitted,5300,90,1.5,0
2003-2004,2003,Unknown,3,Not Seen Or Left,Trauma,Not Admitted,216,28,0.47,0
2003-2004,2003,CTAS III - Urgent,3,Not Seen Or Left,Unintentional Falls,Not Admitted,1445,120,2.0,0
2003-2004,2003,Less urgent,3,Not Seen Or Left,Unintentional Falls,Not Admitted,4103,111,1.85,0
2003-2004,2003,Non-urgent,3,Not Seen Or Left,Unintentional Falls,Not Admitted,774,95,1.58,0
2003-2004,2003,Unknown,3,Not Seen Or Left,Unintentional Falls,Not Admitted,22,26,0.43,0
2003-2004,2003,CTAS III - Urgent,3,Total,Acute Myocardial Infarction,Not Admitted,4916,270,4.5,0
2003-2004,2003,Less urgent,3,Total,Acute Myocardial Infarction,Not Admitted,425,268,4.47,0
2003-2004,2003,Non-urgent,3,Total,Acute Myocardial Infarction,Not Admitted,95,202,3.37,0
2003-2004,2003,Unknown,3,Total,Acute Myocardial Infarction,Not Admitted,0,0,0.0,0
2003-2004,2003,CTAS III - Urgent,3,Total,Any,Not Admitted,1690238,186,3.1,0
2003-2004,2003,Less urgent,3,Total,Any,Not Admitted,2091701,102,1.7,0
2003-2004,2003,Non-urgent,3,Total,Any,Not Admitted,707836,68,1.13,0
2003-2004,2003,Unknown,3,Total,Any,Not Admitted,1231,34,0.57,0
2003-2004,2003,CTAS III - Urgent,3,Total,Asthma,Not Admitted,37319,150,2.5,0
2003-2004,2003,Less urgent,3,Total,Asthma,Not Admitted,20118,98,1.63,0
2003-2004,2003,Non-urgent,3,Total,Asthma,Not Admitted,4412,62,1.03,0
2003-2004,2003,Unknown,3,Total,Asthma,Not Admitted,0,16,0.27,0
2003-2004,2003,CTAS III - Urgent,3,Total,Influenzal Pneumonia,Not Admitted,54,190,3.17,0
2003-2004,2003,Less urgent,3,Total,Influenzal Pneumonia,Not Admitted,67,106,1.77,0
2003-2004,2003,Non-urgent,3,Total,Influenzal Pneumonia,Not Admitted,12,107,1.78,0
2003-2004,2003,Unknown,3,Total,Influenzal Pneumonia,Not Admitted,0,0,0.0,0
2003-2004,2003,CTAS III - Urgent,3,Total,Motor Vehicle Collisions,Not Admitted,42070,151,2.52,0
2003-2004,2003,Less urgent,3,Total,Motor Vehicle Collisions,Not Admitted,51871,113,1.88,0
2003-2004,2003,Non-urgent,3,Total,Motor Vehicle Collisions,Not Admitted,8815,90,1.5,0
2003-2004,2003,Unknown,3,Total,Motor Vehicle Collisions,Not Admitted,7,40,0.67,0
2003-2004,2003,CTAS III - Urgent,3,Total,Pneumonia,Not Admitted,32552,235,3.92,0
2003-2004,2003,Less urgent,3,Total,Pneumonia,Not Admitted,15912,140,2.33,0
2003-2004,2003,Non-urgent,3,Total,Pneumonia,Not Admitted,2798,93,1.55,0
2003-2004,2003,Unknown,3,Total,Pneumonia,Not Admitted,0,0,0.0,0
2003-2004,2003,CTAS III - Urgent,3,Total,Trauma,Not Admitted,303430,142,2.37,0
2003-2004,2003,Less urgent,3,Total,Trauma,Not Admitted,699911,105,1.75,0
2003-2004,2003,Non-urgent,3,Total,Trauma,Not Admitted,167906,83,1.38,0
2003-2004,2003,Unknown,3,Total,Trauma,Not Admitted,216,28,0.47,0
2003-2004,2003,CTAS III - Urgent,3,Total,Unintentional Falls,Not Admitted,108925,170,2.83,0
2003-2004,2003,Less urgent,3,Total,Unintentional Falls,Not Admitted,191771,118,1.97,0
2003-2004,2003,Non-urgent,3,Total,Unintentional Falls,Not Admitted,36988,92,1.53,0
2003-2004,2003,Unknown,3,Total,Unintentional Falls,Not Admitted,22,26,0.43,0
2003-2004,2003,CTAS III - Urgent,3,Transferred,Acute Myocardial Infarction,Not Admitted,240,254,4.23,0
2003-2004,2003,Less urgent,3,Transferred,Acute Myocardial Infarction,Not Admitted,21,265,4.42,0
2003-2004,2003,Non-urgent,3,Transferred,Acute Myocardial Infarction,Not Admitted,0,912,15.2,0
2003-2004,2003,Unknown,3,Transferred,Acute Myocardial Infarction,Not Admitted,0,0,0.0,0
2003-2004,2003,CTAS III - Urgent,3,Transferred,Any,Not Admitted,20554,239,3.98,0
2003-2004,2003,Less urgent,3,Transferred,Any,Not Admitted,8841,192,3.2,0
2003-2004,2003,Non-urgent,3,Transferred,Any,Not Admitted,1943,113,1.88,0
2003-2004,2003,Unknown,3,Transferred,Any,Not Admitted,0,0,0.0,0
2003-2004,2003,CTAS III - Urgent,3,Transferred,Asthma,Not Admitted,182,274,4.57,0
2003-2004,2003,Less urgent,3,Transferred,Asthma,Not Admitted,44,170,2.83,0
2003-2004,2003,Non-urgent,3,Transferred,Asthma,Not Admitted,8,94,1.57,0
2003-2004,2003,Unknown,3,Transferred,Asthma,Not Admitted,0,0,0.0,0
2003-2004,2003,CTAS III - Urgent,3,Transferred,Influenzal Pneumonia,Not Admitted,0,0,0.0,0
2003-2004,2003,Less urgent,3,Transferred,Influenzal Pneumonia,Not Admitted,0,255,4.25,0
2003-2004,2003,Non-urgent,3,Transferred,Influenzal Pneumonia,Not Admitted,0,0,0.0,0
2003-2004,2003,Unknown,3,Transferred,Influenzal Pneumonia,Not Admitted,0,0,0.0,0
2003-2004,2003,CTAS III - Urgent,3,Transferred,Motor Vehicle Collisions,Not Admitted,881,205,3.42,0
2003-2004,2003,Less urgent,3,Transferred,Motor Vehicle Collisions,Not Admitted,226,168,2.8,0
2003-2004,2003,Non-urgent,3,Transferred,Motor Vehicle Collisions,Not Admitted,34,138,2.3,0
2003-2004,2003,Unknown,3,Transferred,Motor Vehicle Collisions,Not Admitted,0,0,0.0,0
2003-2004,2003,CTAS III - Urgent,3,Transferred,Pneumonia,Not Admitted,350,279,4.65,0
2003-2004,2003,Less urgent,3,Transferred,Pneumonia,Not Admitted,104,228,3.8,0
2003-2004,2003,Non-urgent,3,Transferred,Pneumonia,Not Admitted,11,155,2.58,0
2003-2004,2003,Unknown,3,Transferred,Pneumonia,Not Admitted,0,0,0.0,0
2003-2004,2003,CTAS III - Urgent,3,Transferred,Trauma,Not Admitted,5092,200,3.33,0
2003-2004,2003,Less urgent,3,Transferred,Trauma,Not Admitted,2394,162,2.7,0
2003-2004,2003,Non-urgent,3,Transferred,Trauma,Not Admitted,419,119,1.98,0
2003-2004,2003,Unknown,3,Transferred,Trauma,Not Admitted,0,0,0.0,0
2003-2004,2003,CTAS III - Urgent,3,Transferred,Unintentional Falls,Not Admitted,2551,225,3.75,0
2003-2004,2003,Less urgent,3,Transferred,Unintentional Falls,Not Admitted,1208,187,3.12,0
2003-2004,2003,Non-urgent,3,Transferred,Unintentional Falls,Not Admitted,157,142,2.37,0
2003-2004,2003,Unknown,3,Transferred,Unintentional Falls,Not Admitted,0,0,0.0,0
2003-2004,2003,CTAS III - Urgent,3,Unknown,Acute Myocardial Infarction,Not Admitted,16,214,3.57,0
2003-2004,2003,Less urgent,3,Unknown,Acute Myocardial Infarction,Not Admitted,0,207,3.45,0
2003-2004,2003,Non-urgent,3,Unknown,Acute Myocardial Infarction,Not Admitted,0,0,0.0,0
2003-2004,2003,Unknown,3,Unknown,Acute Myocardial Infarction,Not Admitted,0,0,0.0,0
2003-2004,2003,CTAS III - Urgent,3,Unknown,Any,Not Admitted,12486,75,1.25,0
2003-2004,2003,Less urgent,3,Unknown,Any,Not Admitted,28932,57,0.95,0
2003-2004,2003,Non-urgent,3,Unknown,Any,Not Admitted,1080,41,0.68,0
2003-2004,2003,Unknown,3,Unknown,Any,Not Admitted,0,0,0.0,0
2003-2004,2003,CTAS III - Urgent,3,Unknown,Asthma,Not Admitted,333,64,1.07,0
2003-2004,2003,Less urgent,3,Unknown,Asthma,Not Admitted,315,63,1.05,0
2003-2004,2003,Non-urgent,3,Unknown,Asthma,Not Admitted,0,29,0.48,0
2003-2004,2003,Unknown,3,Unknown,Asthma,Not Admitted,0,0,0.0,0
2003-2004,2003,CTAS III - Urgent,3,Unknown,Influenzal Pneumonia,Not Admitted,0,29,0.48,0
2003-2004,2003,Less urgent,3,Unknown,Influenzal Pneumonia,Not Admitted,0,0,0.0,0
2003-2004,2003,Non-urgent,3,Unknown,Influenzal Pneumonia,Not Admitted,0,0,0.0,0
2003-2004,2003,Unknown,3,Unknown,Influenzal Pneumonia,Not Admitted,0,0,0.0,0
2003-2004,2003,CTAS III - Urgent,3,Unknown,Motor Vehicle Collisions,Not Admitted,283,82,1.37,0
2003-2004,2003,Less urgent,3,Unknown,Motor Vehicle Collisions,Not Admitted,308,64,1.07,0
2003-2004,2003,Non-urgent,3,Unknown,Motor Vehicle Collisions,Not Admitted,0,42,0.7,0
2003-2004,2003,Unknown,3,Unknown,Motor Vehicle Collisions,Not Admitted,0,0,0.0,0
2003-2004,2003,CTAS III - Urgent,3,Unknown,Pneumonia,Not Admitted,282,103,1.72,0
2003-2004,2003,Less urgent,3,Unknown,Pneumonia,Not Admitted,247,78,1.3,0
2003-2004,2003,Non-urgent,3,Unknown,Pneumonia,Not Admitted,0,79,1.32,0
2003-2004,2003,Unknown,3,Unknown,Pneumonia,Not Admitted,0,0,0.0,0
2003-2004,2003,CTAS III - Urgent,3,Unknown,Trauma,Not Admitted,3007,67,1.12,0
2003-2004,2003,Less urgent,3,Unknown,Trauma,Not Admitted,6660,60,1.0,0
2003-2004,2003,Non-urgent,3,Unknown,Trauma,Not Admitted,109,41,0.68,0
2003-2004,2003,Unknown,3,Unknown,Trauma,Not Admitted,0,0,0.0,0
2003-2004,2003,CTAS III - Urgent,3,Unknown,Unintentional Falls,Not Admitted,895,85,1.42,0
2003-2004,2003,Less urgent,3,Unknown,Unintentional Falls,Not Admitted,1557,69,1.15,0
2003-2004,2003,Non-urgent,3,Unknown,Unintentional Falls,Not Admitted,18,42,0.7,0
2003-2004,2003,Unknown,3,Unknown,Unintentional Falls,Not Admitted,0,0,0.0,0
